profile_name,Age,Character Art,Embed Color,Identity,Known History,Origin,Other Names,Physical Description,Pronouns,Species,Theme
"""Fox"" 1",25,,,,,,,,,,
"""Fox"" 2",,https://i.imgur.com/kuFDuFY.png,,,,,,,,,
"""Fox"" 3",,,,Indebted Ghost Who Wants More,,,,,,,
"""Fox"" 4",,,,,"Little is known about ""Fox"" other than that they are under the employment of ETA. Taking care of enforcement or other protection operations for the company. If someone would have worked for SWORD a few year prior they might know of his previous alias. Besides for that, his history is largely covered up by ETA.",,,,,,
"""Fox"" 5",,,,,,Silver Rock - Haven - Terra,,,,,
"""Fox"" 6",,,,,,,,Fox stands roughly around 5'10 (177cm). He has vibrant blue hair that's been dyed from its normal colors. A pair of glasses rest neatly against his nose and a same color of blue fills his irises. Usually dressed in warmer clothing with a scarf around his neck. His jacket having the E.T.A logo along the arm and back. On his back is a long bag with a zipper along the top of it. Usually he has a small wrist-pad that assists him with Soulrunning or technology usage in general.,,,
"""Fox"" 7",,,,,,,,,He/Him,,
"""Fox"" 8",,,,,,,,,,Human w/ Animal Mods,
"""Fox"" 9",,,,,,,,,,,Freedom
"""Kage"" 1",19,,,,,,,,,,
"""Kage"" 2",,https://i.postimg.cc/c4fZycDT/Kage-banner-3.png,,,,,,,,,
"""Kage"" 3",,,,A Lonely Shadow Seeking Balance,,,,,,,
"""Kage"" 4",,,,,"- Born in the forests surrounding Sakai, after a failed Kitsune expedition from the south.
- Her parent, instead of leaving her to the elements choose to excommunicate themselves from Sakai
- Years later the child would return to Sakai, now changed and alone
- Taking up the name ""Kage"", she'd become a Disciple under the leader of Sakai, seeking to learn balance and perhaps one day reverse whatever have caused their body to change
- Despite never fully fitting in, she'd find companionship with several new pupils who see her for the warrior she is, and not the monster that others see
- Having reached a plateau in her cultivation, her master suggested her to leave for the deserts. To either overcome her trials, or to do what many before her has and slaughter Yokai.
- Seeking a better alternative for the people of Sakai, she'd try and overcome her trials, only to be left in a pool of her own blood. Not long after she was caught in an all too familiar storm, lifting her to the worldhelm.",,,,,,
"""Kage"" 5",,,,,,"Sakai, Teisei, Tian Yin",,,,,
"""Kage"" 6",,,,,,,,"After a ritual that pushed her to her limits, Kage now resembles more of a person and less of a walking nightmare. Standing at roughly five feet four, the young Half-Kitsune seems far healthier than when she first appeared on the Worldhelm. She now possesses an athletic physique befitting her station, no longer marred by the side-effects of her training. While her almost glowing cyan eyes remain alongside the foxfire burning within her body, her expressions are no longer muted, wearing her emotions far more freely.

Her wardrobe consists of her old bodysuit, now far more distinguishable from her pitch black skin, however she no longer hides herself behind an oversized poncho, opting instead to wear a sleeveless open vest. Her attire is dotted with white and grey geometrical shapes and symbols, in the past she marked herself as such as to not truly disappear in pitch black darkness, nowadays however it’s simply to remember the past.",,,
"""Kage"" 7",,,,,,,,,She/Her,,
"""Kage"" 8",,,,,,,,,,Half-Kitsune,
"""Kage"" 9",,,,,,,,,,,Guilt
"""Trillion"" 1","Actual: Timeless Demon
Appearance: 18+ years",,,,,,,,,,
"""Trillion"" 10",,,,,,,,,,,Pacifism
"""Trillion"" 2",,https://i.imgur.com/ekvEbyt.png,,,,,,,,,
"""Trillion"" 3",,,#339acc,,,,,,,,
"""Trillion"" 4",,,,Demon with a Heart of Gold,,,,,,,
"""Trillion"" 5",,,,,"The demon known as ""Trillion"" has been around for a time immeasurable by human standards. Once the leader of a great Circle, he has long since lost his people to the many horrors of the Third Layer of Idyll. No longer a Witch of the Circles, ""Trillion"" finds himself seeking a new way of surviving, as well as a new flock to shepherd. A sudden revelation has sparked an ideology of pacifism; if the great Kuzunoha has been corrupted by madness, then he will bring peace to her furious hunger through self-example. He now serves to guide others onto this same journey. And, if you ask nicely, he may just let you know his name.",,,,,,
"""Trillion"" 6",,,,,,"Aaruna, Third Layer of Idyll",,,,,
"""Trillion"" 7",,,,,,,,"""Trillion"" stands at a modest height of 5'9"", with a slim, athletic frame akin to that of a young adult. His youthful appearance is marked by his vibrant blue hair and glowing golden eyes; however, he is also easily distinguished by his demonic features that have manifested with his time as a revered Witch of Aaruna. Equally vibrant blue scales fleck across his face, neck, and limbs; and his slender fingers are complemented by long and sharp, black nails. Despite this, there is an overall welcoming warmth to his composure.",,,
"""Trillion"" 8",,,,,,,,,he/him,,
"""Trillion"" 9",,,,,,,,,,Demon,
"'Dr"" Maxwel Luuv 1",32,,,,,,,,,,
"'Dr"" Maxwel Luuv 2",,https://i.imgur.com/ZYPY1QX.png,,,,,,,,,
"'Dr"" Maxwel Luuv 3",,,,Bombastic Sciencetific Love Guru,,,,,,,
"'Dr"" Maxwel Luuv 4",,,,,"-Parabellum field researcher
-Pirate Radio host
-Squatting in a super condemned mcmansion",,,,,,
"'Dr"" Maxwel Luuv 5",,,,,,Mt Providence Squatter,,,,,
"'Dr"" Maxwel Luuv 6",,,,,,,,Flashily dressed scientist with pink/purple died hair constantly carrying gadgets,,,
"'Dr"" Maxwel Luuv 7",,,,,,,,,He/Him,,
"'Dr"" Maxwel Luuv 8",,,,,,,,,,Human (Scientist),
"'Dr"" Maxwel Luuv 9",,,,,,,,,,,Inspiration
(the last) Stroke (on the canvas 1,65,,,,,,,,,,
(the last) Stroke (on the canvas 10,,,,,,,,,,,Discovery
(the last) Stroke (on the canvas 2,,https://i.imgur.com/0694ZNl.jpeg,,,,,,,,,
(the last) Stroke (on the canvas 3,,,,A Dream painting Reality,,,,,,,
(the last) Stroke (on the canvas 4,,,,,"Two things are quickly noticeable about Stroke: They have a hunger for all experiences, even the bad ones, enjoying them quite thoroughly, for one. Two, they are an oddball. Stroke, or ""The last stroke on the canvas"" in full, seems to look at reality a bit differently. Using very odd metaphors, they see possibilities rather than facts.

Their history is traceable to the settlement of Snowmaw in Kor'Tarion, where Stroke was found near Spirit's Grove, nearly frozen to death but laughing in the cold snow. Stroke quickly picked up language and told about ""being here in this wonderful realm since my old job kicked me out"". 

Soon enough, Stroke turned out to be a Fae that was sort of trapped in the Mortal Realm. A peculiar talent they brought along was to be able to use their surroundings to 'paint' magic into existence.

For now, Stroke is using their abilites to travel the world and help. And experience all they can. Except webs. Webs suck.",,,,,,
(the last) Stroke (on the canvas 5,,,,,,Fae Lands in Kor'Tarion,,,,,
(the last) Stroke (on the canvas 6,,,,,,,Stroke,,,,
(the last) Stroke (on the canvas 7,,,,,,,,"Stroke is a middle-sized individual with their 1.7 m, having blue hair ""like the droplets of dew on a sunny day"" like they will tell you. They have a scrawny build, but can swing their staff-sized staff quite easily. In their face, they are spotting freckles beneath their violet eyes, the freckles sometimes looking like splashes of color.  

They also have a very peculiar way of speaking, using metaphors and personifications that seem odd but seem to hold meaning for them.",,,
(the last) Stroke (on the canvas 8,,,,,,,,,they/them (but she/her is also fine),,
(the last) Stroke (on the canvas 9,,,,,,,,,,Fae,
Abhila (Asva) 1,23,,,,,,,,,,
Abhila (Asva) 2,,https://imgur.com/ZgJ2K57.png,,,,,,,,,
Abhila (Asva) 3,,,,The Snake Who Deceives Himself,,,,,,,
Abhila (Asva) 4,,,,,"Born in a small village on the edges of the Tiger Lands. Asva growing up grew fascinated with music and how it can influence animals. He decided go around his village showing his talents off being able to use music and movements to have snakes mimic himself. After entertaing quite a few common folks. Though one day Asva had gotten an oppertiuny of a lifetime, show his talents with snakes to the Great House Ijya, which sadly ended up being his biggest mistake. When the moment comes he ends up to perform to the head of the house herself, though sadly she was not amuse when she saw Asva's performance not really understanding the snakes instead making them mimic his movenments. For this insult, Bhaviini ended up cursing Asva giving him a ""Snakes Tounge"" and banishing him from the House which also includes his home village. Without much left Asva was about to take the chance at the Tiger Lands before getting swept up to the Worldhelm.",,,,,,
Abhila (Asva) 5,,,,,,Bahata (Tiger Lands),,,,,
Abhila (Asva) 6,,,,,,,,"A new form as Asva is now a snake, taking a form of a spirit from the Viper Gardens.",,,
Abhila (Asva) 7,,,,,,,,,He/Him,,
Abhila (Asva) 8,,,,,,,,,,Snake,
Abhila (Asva) 9,,,,,,,,,,,Atonement
Adelphel Durand 1,Appears to be 20s?,,,,,,,,,,
Adelphel Durand 2,,https://i.pinimg.com/736x/4c/9f/c3/4c9fc3968dc532d8bc53a35101b72578.jpg,,,,,,,,,
Adelphel Durand 3,,,,A Glimmer of Approaching Dawn,,,,,,,
Adelphel Durand 4,,,,,"A armored man like that of a knight in appearance, they travel around Kor'Tarion to and fro just aiding people along the way. From things like protecting travelers from bandit muggings to aiding with work on a farm as a form of payment. They say they don't have a destination for their travel or don't remember exactly what journey they set off for, but they know it involved meeting or helping the people.",,,,,,
Adelphel Durand 5,,,,,,"Kor’Tarian, Aldar Wilds",,,,,
Adelphel Durand 6,,,,,,,,"A man standing at about 5'11, medium length dark brown hair and a darker olive skin tone with hazel hued eyes, they have an odd faint glow about them in both eyes and body. Holding a genuinely young and kind expression that easily shifts to earnest one in times of hardship and danger. Their hands are somewhat bruised and rough from work and battle. They are very well acquainted to physical labor of many kinds for long hours just to get by during travels and it shows.",,,
Adelphel Durand 7,,,,,,,,,He/Him,,
Adelphel Durand 8,,,,,,,,,,Human?,
Adelphel Durand 9,,,,,,,,,,,Hope
Aelina Van Deivoet 1,20,,,,,,,,,,
Aelina Van Deivoet 2,,https://i.imgur.com/uk2gbec.jpeg,,,,,,,,,
Aelina Van Deivoet 3,,,,Pressured Blade with a Storm Inside,,,,,,,
Aelina Van Deivoet 4,,,,,"Awlina is a third generation lost of the house of Van Deivote. A noble house in one of the underwater cities of Ripplith that has a connection to storms. They act alongside the wardens to protect the settlement from the dangers of deep. Aelina herself is the current heir to the house and would take over when her mother retires or dies. For now though, she has been sent to Gnosis Academy to be a part of the house of Treasures where she became the Regalia known as ᵀʰᵉ CloudBurst.

Those form the academy would know her for the scandal of her being rejected at the ceremony of binding. This leads to her declining grades and sudden crash of her self confidence that led her to remodel courses on the Worldhelm.",,,,,,
Aelina Van Deivoet 5,,,,,,"Ripplith, Kaiway",,,,,
Aelina Van Deivoet 6,,,,,,,,"Aelina is a medium height woman with straight purple hair that always seems well conditioned and cared for. She has two black horns on the top of her head and her violet eyes seem glimmer and shine with something like electricity. She is usually dressed in her school uniform but when she isn’t she wears a formal, almost regal, military like regalia. On her hands there are 9 rings, one on every finger except the ring finger of her left hand.",,,
Aelina Van Deivoet 7,,,,,,,,,She/her,,
Aelina Van Deivoet 8,,,,,,,,,,Demi-human Lost,
Aelina Van Deivoet 9,,,,,,,,,,,Abandonment
Aer Drasil 1,??,,,,,,,,,,
Aer Drasil 2,,https://i.imgur.com/eRU7y6E.png,,,,,,,,,
Aer Drasil 3,,,,Vengeful Valkyrie,,,,,,,
Aer Drasil 4,,,,,"Aer Drasil was a fearless huntress and protector in her mortal life, renowned for her unwavering resolve and mastery of the spear. She perished heroically in a grand battle, defending her people from a relentless foe. Upon awakening in Idyll, she found solace in Asga, a realm of contests and camaraderie. However, the sanctuary was corrupted when madness consumed Idyll, turning friendly duels into a cycle of endless bloodshed.  

Determined to preserve what remained of hope and justice, Aer took up her spear once more. Now she protects wayward souls and fighting to uphold light against the growing darkness. Driven by the memories of her mortal sacrifices and an unbreakable will, she stands as a beacon of defiance in a realm descending into chaos.",,,,,,
Aer Drasil 5,,,,,,"Asva, Idyll",,,,,
Aer Drasil 6,,,,,,,,"Aer stands tall at 6'0"", her posture ever straight, radiating poise and grace. Her long, curly brown hair cascades down past her waist, framing her commanding presence. She dons armor adorned in rich tones of brown, brass, and deep blue, exuding both strength and elegance. Black feathers accentuate her ensemble, lending her an air of formidable beauty and otherworldly majesty.",,,
Aer Drasil 7,,,,,,,,,She/Her,,
Aer Drasil 8,,,,,,,,,,Valkyrie,
Aer Drasil 9,,,,,,,,,,,Justice
Aerah 1,19,,,,,,,,,,
Aerah 10,,,,,,,,,,,Freedom
Aerah 2,,https://i.imgur.com/4z9OGmU.png,,,,,,,,,
Aerah 3,,,#6C0BA9,,,,,,,,
Aerah 4,,,,Siren Voiced Skater,,,,,,,
Aerah 5,,,,,"She would often get picked on growing up though because she would never speak to other kids. This was because she was told she was not allowed to by her parents, and she never understood why until she got older. In her preteens the bullying pushed her to a breaking point causing her to yell out and hospitalize several of her bullies, one of which succumbed to the injuries. The results of this pushed her family into debt, her mother eventually turning to try and gamble to get that ""one big score"" to pay everything off. That score never came however and the debt just grew. Someone in 777LC saw Aerah's potential between her skating abilities and though digging up dirt on her vocal ""gift"". The roped her into skating in their derby games that people bet on to work off the family debt.",,,,,,
Aerah 6,,,,,,Terra - Mount Providence,,,,,
Aerah 7,,,,,,,,"Aerah is a 19 year old girl who is 5' 7"". She has long black hair with a bit of green tones in it. She is typically walking around in a body suit and fancy skates to allow her quicker movement.",,,
Aerah 8,,,,,,,,,She/Her,,
Aerah 9,,,,,,,,,,Human,
Agata Nergath 1,24,,,,,,,,,,
Agata Nergath 2,,https://media.discordapp.net/attachments/1170110514588831815/1170507740423131196/cd2db8f64c1e4a7e5ec86cf4a79064d2.png?ex=663b6488&is=663a1308&hm=36b307a4bccc1e73335463c92eee541b023009e15275a26ce900d77f94c45e64&,,,,,,,,,
Agata Nergath 3,,,,Pilot on the Run,,,,,,,
Agata Nergath 4,,,,,"Agata is from the kingdom of Merrane, from a town on the outskirts of its influence known Hidela. She grew up near a military dump where they abandoned  old and broken machines  from the academy's test sites. . However, she did not approve of the way Merrane was using its magitech. Living on the border, she had seen what suffering the common people in Karlsgaurd and her own tone where facing. The last straw came when her cousins where killed in a raid on Ionian. It was then that she broke in to the forbidden decomishened mech side of the yard and took one of the older model suits for her own. The government went after to recover the mech and she took off, shaking them in a Realmstorm where she ended up in the strangest place.",,,,,,
Agata Nergath 5,,,,,,Daughter of Hidela,,,,,
Agata Nergath 6,,,,,,,,Agata is a young woman standing at about 5'10 in height. She has long blonde hair tied back in a pony tail most times. Her clothes usually are stained with oil and grease as the scent of machinery follows her around.,,,
Agata Nergath 7,,,,,,,,,She/Her,,
Agata Nergath 8,,,,,,,,,,Human,
Agata Nergath 9,,,,,,,,,,,Belonging
Aiden Kane 1,30,,,,,,,,,,
Aiden Kane 2,,https://images-wixmp-ed30a86b8c4ca887773594c2.wixmp.com/f/df9766d3-42e2-430e-b171-a8351f6b5394/d80k6f6-6ca494ee-e14f-4647-bcd9-398e6f71a1a0.jpg?token=eyJ0eXAiOiJKV1QiLCJhbGciOiJIUzI1NiJ9.eyJzdWIiOiJ1cm46YXBwOjdlMGQxODg5ODIyNjQzNzNhNWYwZDQxNWVhMGQyNmUwIiwiaXNzIjoidXJuOmFwcDo3ZTBkMTg4OTgyMjY0MzczYTVmMGQ0MTVlYTBkMjZlMCIsIm9iaiI6W1t7InBhdGgiOiJcL2ZcL2RmOTc2NmQzLTQyZTItNDMwZS1iMTcxLWE4MzUxZjZiNTM5NFwvZDgwazZmNi02Y2E0OTRlZS1lMTRmLTQ2NDctYmNkOS0zOThlNmY3MWExYTAuanBnIn1dXSwiYXVkIjpbInVybjpzZXJ2aWNlOmZpbGUuZG93bmxvYWQiXX0.mTANFktTCXOGbqMj3c1Mm8Z4WDMGqn2fiIC8BgUrseg,,,,,,,,,
Aiden Kane 3,,,,Knight of the Night,,,,,,,
Aiden Kane 4,,,,,A product of both the Moon and merged essences. He seeks to find the light in all darknesses.,,,,,,
Aiden Kane 5,,,,,,Tian-Yin,,,,,
Aiden Kane 6,,,,,,,,"Tall, nearly seven feet tall. His face is always hidden behind a wide brimmed straw hat. His fingers are long and slender and wrap around the handle of his Katana nearly twice.",,,
Aiden Kane 7,,,,,,,,,He Him,,
Aiden Kane 8,,,,,,,,,,Cecrean,
Aiden Kane 9,,,,,,,,,,,Hope
Akahime Fuyumi 1,35,,,,,,,,,,
Akahime Fuyumi 2,,https://i.imgur.com/GiPzQkL.png,,,,,,,,,
Akahime Fuyumi 3,,,,The Siren of Lost Souls,,,,,,,
Akahime Fuyumi 4,,,,,"- Serpentine yokai who guides lost souls through frozen Aldistir.

- Found the glowing Night Lantern at the Grasping Tree.

- Became a beacon for the lost- and threats.

- Trained to protect the souls she ferries.

- Hunts godblood corrupted beings to free them from torment.

- Thanks to the Worldhelm, she now travels between realms, continuing her sacred task.",,,,,,
Akahime Fuyumi 5,,,,,,Aldistir,,,,,
Akahime Fuyumi 6,,,,,,,,"Akahime, the Winter Serpent, is an ethereal being with a long, serpentine lower body that is is cloaked in obsidian-black scales, coiling with silent grace across the frozen wastes she calls home. Towering and poised, her upper half bears the countenance of a pale, silver-haired Ald—yet her piercing gaze and the faint, otherworldly glow in her pale eyes betray something far older and deeper.

She dons ornate, silver-on-black armor. Flowing silks trail from beneath the plate, catching ghostlight as she moves. In her hands, she wields the Night Lantern, a staff bound with chains and a crimson lantern that bleeds spectral mist. Its flickering light draws spirits near, some seeking peace—others, prey.",,,
Akahime Fuyumi 7,,,,,,,,,She/Her,,
Akahime Fuyumi 8,,,,,,,,,,Yokai (Snake/Lamia),
Akahime Fuyumi 9,,,,,,,,,,,Belonging
Akar Ceba 1,23,,,,,,,,,,
Akar Ceba 2,,https://cdn.discordapp.com/attachments/678389560182439961/1341128004897738772/007f164ad2beea9c3f6651e98ff0aa55.jpg?ex=67b78149&is=67b62fc9&hm=7fe4ea9e2850fcbab7f90e978d3277dd07a725ede0a9d1055f20e31db96fcc86&,,,,,,,,,
Akar Ceba 3,,,,Wandering Shepherd,,,,,,,
Akar Ceba 4,,,,,"Not much is known about this eccentric, wide eyed wanderer. There is a certain innocence and wonder about his eyes, that makes his home somewhat easy to guess: the peaceful hills of Paradise, free of war and trouble. Through some way or another, he has left that place of harmony and now, thrust into a world filled with unknown dangers and painful experiences. 

The only thing that reminds him of his home is his woolly companion, the sheep Nyima. With her he now travels the world, trying to find his way back home and doing his best to protect and care for all that he might find along the way.",,,,,,
Akar Ceba 5,,,,,,Idyll,,,,,
Akar Ceba 6,,,,,,,,"Akar wears a comfortable, white robe and a heavy, black robe over his left shoulder. The seams of both his tunic and his robe are adorned with soft sheep wool. Both his lower arms and ankles are covered in red threads. Akar wears many decorative charms and colourful decorations, including earrings and a talisman in the shape of a bell, which is tied to his collar. He almost never seen without his shepherd crook, which is also adorned with the same charms and bells he wears on his body.

His long, red hair is tied into a casual braid. The young shepherd has small goat horns, growing from just above his ears. Usually his face has a soft expression with a bright smile on his lips and shining, green eyes.",,,
Akar Ceba 7,,,,,,,,,he/him,,
Akar Ceba 8,,,,,,,,,,Human (?),
Akar Ceba 9,,,,,,,,,,,Kinship
Akiko 1,23,,,,,,,,,,
Akiko 2,,https://cdn.discordapp.com/attachments/411215103069913091/1326188809464971395/Rose.png?ex=677e8513&is=677d3393&hm=936e2549de8fe1ee942eb68209204560ff24ea6cece7fb4b025cd436c2725e7a&,,,,,,,,,
Akiko 3,,,,Shieldmaiden of the Missing Sun,,,,,,,
Akiko 4,,,,,"Akiko was born in the village of Ishiyama under the iron fist of the Oni. Like the rest of the human population, she was put to work as soon as she could hold tools and climb into the mines. With a natural Fire Qi affinity, however, her value was discovered and she was taken by the greedy Oni clan ruling over Ishiyama. Conscripted by a powerful red Oni, she ended up in the remains of the Temple of the Rising Sun as a living forge, melting metal and attempting to make powerful weapons.

In quiet moments, Akiko cleaned and cleared rubble away in the temple. This led to a discovery: a small room with dust, bones, and the remains of destroyed relics- one of which a black and gold sun shield cleaved in half.

As she knelt and grabbed the broken handle remaining on each, it was like her soul was set aflame, something stirring, awakening. The hopeless fog in her mind cleared. Akiko raised her head and lifted the relics, then raced out of the temple towards a newfound destiny.",,,,,,
Akiko 5,,,,,,"Teisei, Tian Yin, Shrine of the Rising Sun",,,,,
Akiko 6,,,,,,,,"Akiko is a muscular young woman standing at 5'8"" with long black hair and pale skin. Her eyes are a dull amber color, but a spark of light gleams within when she wields her black and gold shields that seem like two broken halves of one sun.",,,
Akiko 7,,,,,,,,,She/Her,,
Akiko 8,,,,,,,,,,Human,
Akiko 9,,,,,,,,,,,Vengeance
Al-Amir 1,100+,,,,,,,,,,
Al-Amir 2,,https://i.imgur.com/TRA2bTn.png,,,,,,,,,
Al-Amir 3,,,,A Dreadful Smile In The Corner of Your Eye,,,,,,,
Al-Amir 4,,,,,"A kind and gentle story teller, that’s all he was ever meant to be. In a past life before ascending to the fourth layer of Idyll, he was just that. A young man that often got lost in both reading and writing stories for both young and old, creating realms for others to escape to when they felt the real world was too much to endure, or perhaps they just wished to see it through a new perspective. When he eventually met an untimely end at a young age, his essence found rest in the realms of dreams and hopes. A place where he could dream and a place where he could continue his favorite pastime, tell stories. Sadly, that dream was all but wrenched from his hands when the nameless lord fell. Madness took hold and everything he created, everything he cherished turned on him.

What happened after felt like a fleeting dream, all that remains is the memory of a caravan, a group of people who still dare to hope and a promise that he will never dare break. Nor could he, even if he wanted.",,,,,,
Al-Amir 5,,,,,,"Idyll, sub-relm Elysia",,,,,
Al-Amir 6,,,,,,,,"Al-Amir's form, much like a dream that you’ve just woken up from, is rather immalleable. Shifting and changing, however, if you dare look at them long enough his form would settle on an 8 foot tall nightmare straight out of a children's book. One that you read to make sure your children stay out of the dark forest at night. His skin glows with an eerie shade of purple, in place of a head he brandishes a crescent moon, while his “face” lacks eyes, his mouth remains. A dreadful smile that never fades, and in the middle of his chest rests a single unblinking eye that could stare into one’s soul. His attire consists of multitudes of golden rings, bracelets and other accessories gracing his arms, fingers and neck. While his attire is but a simple loose and baggy pant and a pair of worn dark boots.",,,
Al-Amir 7,,,,,,,,,He/Him,,
Al-Amir 8,,,,,,,,,,Demon,
Al-Amir 9,,,,,,,,,,,Guilt
Alaska Vertigo 1,29(?),,,,,,,,,,
Alaska Vertigo 2,,https://cdn.discordapp.com/attachments/855109203785809921/1328167765504299171/aly-01-bigger.png?ex=678a555f&is=678903df&hm=63377e24ecc86476a5298b3f9e423d1c7a85f5d991aaf729d4130fa34312ed8a&,,,,,,,,,
Alaska Vertigo 3,,,,Fugitive LUA-Bound Digital Duplicate,,,,,,,
Alaska Vertigo 4,,,,,"A human born in the heart of Lorel.AI's slice of Terra, Alaska was taught to code at one of the company's official Employment Skills Cultivation Offices at a young age. She kept her head down and prioritised her work, and that got her a ""comfortable"" job within the company.

She remembers hearing about the employee backup initiative; something about preserving valuable knowledge in the event of unforeseen departures? She doesn't remember being signed up, but then again there's a lot she doesn't remember.

The next thing she remembers is waking up on the floor of an abandoned gas station in central in a metal body. wired up to expensive computing equipment and with a sea of corrupted memory files.

Discovering a bounty on her head, she went to ground, resorting to doing soul net work for disreputable individuals to pay for repairs.

When she was swept up in the affairs of the Goldhearted, she jumped at a chance for a place aboard the Worldhelm, away from Terra's authorities.",,,,,,
Alaska Vertigo 5,,,,,,"Rhine Delta, Terra",,,,,
Alaska Vertigo 6,,,,,,,,"Wrapped beneath a worn cloak, Aly occupies what was, at one point, clearly a streamlined, and admittedly compact, modern LUA chassis. Between wear and tear and mismatched repairs, her body is far from the sleek corporate factory standard it was at time of manufacturing, covered in scratches, rust, and all manner of more concerning marks. From behind a cracked screen, she looks back at the world with eyes that manage to appear tired, despite their lack of detail.",,,
Alaska Vertigo 7,,,,,,,,,She/They,,
Alaska Vertigo 8,,,,,,,,,,LUA,
Alaska Vertigo 9,,,,,,,,,,,Doubt
Albreich Surtova 1,23,,,,,,,,,,
Albreich Surtova 10,,,,,,,,,,,Ambition
Albreich Surtova 2,,https://i.imgur.com/RGgDd0k.png,,,,,,,,,
Albreich Surtova 3,,,,Knight in Training Turned Mercenary,,,,,,,
Albreich Surtova 4,,,,,"✦He was born to a family of knights in Brightshield and raised to become one in the future.

✦For many years he aspired to become a knight of great renown but as he became more familiar with their work he became disillusioned with the ideas of chivalry and whatnot that they touted so proudly.

✦Before he was to be knighted, he departed for Tradefair, From that day forth he would serve his own interests rather than the crown's.

✦He spent some time working as a freelance mercenary in Tradefair before he was picked up by the Golden Claw Mercenaries.

✦Though he refuses to acknowledge it, the fading embers of chivalry within his heart were rekindled after working under them for a couple years. Much to his surprise he's been recently chosen as a Goldenhearted.",,,,,,
Albreich Surtova 5,,,,,,Brightshield/Kor'Tarion,,,,,
Albreich Surtova 6,,,,,,,Lance,,,,
Albreich Surtova 7,,,,,,,,"Albreich stands at about 6'2"",

Though he trains his body regularly he only does as much as he needs to wield his weapon comfortably, preferring to forgo the bulging muscles for a body that allows more dexterous movements.

He carries himself with the confidence and poise of a man with twice his experience, after all the best way to win a fight is to stop it from happening in the first place.
(Will add more later, this is the thing I suck at most)",,,
Albreich Surtova 8,,,,,,,,,They/Them He/Him,,
Albreich Surtova 9,,,,,,,,,,Human,
Aldrich S. Escher 1,20,,,,,,,,,,
Aldrich S. Escher 2,,https://images-ext-1.discordapp.net/external/tbNfGmUfRtytAy7nr___lXdnjMCLju9ULS9PsUPZfyQ/https/static.zerochan.net/Pengruoxi.full.927000.jpg,,,,,,,,,
Aldrich S. Escher 3,,,,Gifted Mage looking for Answers,,,,,,,
Aldrich S. Escher 4,,,,,"Born in Tradefair to a family of merchants, Aldrich has always had an innate talent for Magic, which his family saw fit to encourage and finance.
That said, simply helping his family turn a profit didn't satisfy his curiosity for how the world functioned one bit. For that reason, he sought to set off and learn more, against the wishes of the merchants he called family.
It wasn't long after he began this solo journey that a Realmstorm spontaneously dragged him into the Worldhelm.
Naturally, he would now have many more opportunities to learn more.",,,,,,
Aldrich S. Escher 5,,,,,,Kor'Tarion - Tradefair,,,,,
Aldrich S. Escher 6,,,,,,,,"Slender and fragile-looking, but with a confident aura of power. Always carries his Tome, which doubles as his Journal, where he records his findings and experiment results.",,,
Aldrich S. Escher 7,,,,,,,,,He/Him,,
Aldrich S. Escher 8,,,,,,,,,,Human,
Aldrich S. Escher 9,,,,,,,,,,,Curiosity
Alejandra 1,Untracked,,,,,,,,,,
Alejandra 10,,,,,,,,,,,Awakening
Alejandra 2,,https://cdn.discordapp.com/attachments/764533229435879496/1352525002897100800/Hound_2_waifu2x_art_scan_noise1_scale.png?ex=67de5491&is=67dd0311&hm=535c4807320daf66b1041b13e91cde616aff8ebf248726b3b35f6959190350ba&,,,,,,,,,
Alejandra 3,,,,Shade of a Noble Soul,,,,,,,
Alejandra 4,,,,,"Known to the people of Nirve as Alejandra, they've spent a long time traveling with the caravans. It's unknown as to who this name belonged to, but it seems attached to the armor somehow.",,,,,,
Alejandra 5,,,,,,Idyll- The First Layer Barza,,,,,
Alejandra 6,,,,,,,Iron Vein,,,,
Alejandra 7,,,,,,,,"A set of armor made for an imposing figure, standing at 6'4 and weighing over 200lbs, Alejandra's body comprises of a suit of armor forged in the first layer of Idyll. 

They walk with an unnatural nature. As if dragging themselves around.",,,
Alejandra 8,,,,,,,,,They/Them,,
Alejandra 9,,,,,,,,,,Iron Vein,
Aleksy Nowak XV 1,19,,,,,,,,,,
Aleksy Nowak XV 2,,https://media.discordapp.net/attachments/661111727747760129/1204635349368840232/df40a59a843b27a0e49ad1204b296568.png?ex=663b9f58&is=663a4dd8&hm=6a5eef9744d8dd59522ed7073f7e1f6273fb3f23ee0639870dc2991fa1051bfc&,,,,,,,,,
Aleksy Nowak XV 3,,,,Respectable Bandit from an Ancient Bloodline,,,,,,,
Aleksy Nowak XV 4,,,,,"Descendant of the great Nowak the Golden, Aleksy XV is the heir to many things. His ancestor's name, his ancestor's treasure, and, most importantly, the leadership of his ancestor's men: the Dead Foxes. A storied group of bandits within Karlsgard that was rebirthed in the war, locals would have heard tell of the Dead Foxes harassing refugee camps and picking over battlefields. The most recent news, though, was them being wiped off the map by hellfire from Imperial mechs, perhaps the one good thing they've done. It's a mystery, then, how Aleksy ended up here. The Worldhelm chose him, though, so there must be something respectable to this bandit.",,,,,,
Aleksy Nowak XV 5,,,,,,"Karlsgard, Lhodos",,,,,
Aleksy Nowak XV 6,,,,,,,,"Standing a little over 6 foot with an athletic build, Aleksy carries himself with a special kind of pride not found in most. He's always adorned with some golden trinkets, bangles, earrings, whatever strikes his fancy, which pairs strangely with his rather meager choice of dress. Like a commoner playing royalty.",,,
Aleksy Nowak XV 7,,,,,,,,,He/Him,,
Aleksy Nowak XV 8,,,,,,,,,,Human,
Aleksy Nowak XV 9,,,,,,,,,,,Guilt
Alexei Volkov 1,21,,,,,,,,,,
Alexei Volkov 2,,https://i.imgur.com/x2lsAei.jpeg,,,,,,,,,
Alexei Volkov 3,,,,Son of the Dread Mages,,,,,,,
Alexei Volkov 4,,,,,"Not much would be known of Alexei by any of the Goldhearted, though those that do a little digging, or any of his fellow Gnosis Academy students, would know that he is the son of two rather prominent mages back in Dreadlan. Past this, as already mentioned, he is a student of Gnosis Academy, at which he has shown remarkable results in all fields theoretical. In practical though, any who have had the pleasure of working with him, have had mixed opinions of the man.",,,,,,
Alexei Volkov 5,,,,,,Dreadlan,,,,,
Alexei Volkov 6,,,,,,,,"Alexei is of average to thin stature and around 5'7'' tall. He's pale, his eyes eerily empty of any colour besides white and grey, and his black hair mirrors this scheme with long streaks of white already showing on the otherwise seemingly young man's black hair. Most notably, Alexei has a large scar that runs down his left cheek, neck and further down. Its not certain how large the scar is, as it eventually disappears under his Gnosis Academy uniform.",,,
Alexei Volkov 7,,,,,,,,,He/Him,,
Alexei Volkov 8,,,,,,,,,,Human,
Alexei Volkov 9,,,,,,,,,,,Ambition
Alwyn 1,26,,,,,,,,,,
Alwyn 10,,,,,,,,,,,Ambition
Alwyn 2,,https://i.imgur.com/b7mZGIT.png,,,,,,,,,
Alwyn 3,,,#D2042D,,,,,,,,
Alwyn 4,,,,Well-Respected Sky Pirate seeking treasure,,,,,,,
Alwyn 5,,,,,"A wanted Sky Pirate whom currently flies alone. Though he is wanted for Theft and Assault, there is no evidence that he has done so to any non-noble/rich people/group.",,,,,,
Alwyn 6,,,,,,Lhodos,,,,,
Alwyn 7,,,,,,,,"A relatively tall, well kept man with black hair wearing loose but well fitting clothes.",,,
Alwyn 8,,,,,,,,,He/Him,,
Alwyn 9,,,,,,,,,,Human,
Alyster Miff 1,26,,,,,,,,,,
Alyster Miff 2,,https://images-ext-1.discordapp.net/external/SDXfKizMei16XuXkWcXWfFwg4TH_zxTXFhVPoQfB3tY/https/imgur.com/NvJKWrd.png,,,,,,,,,
Alyster Miff 3,,,,Scavenging Mech-Rider Cook,,,,,,,
Alyster Miff 4,,,,,"Alyster always wanted to be a cook when he grew up. Living in Hedgeburg offered him a chance to learn how to cook (and he did well!)... that was, until a Mech from Merrane crashed nearby the village. He took it home and discovered that it was a MK.2 Legion, an older class of Mech from Merrane, but still very powerful. He had done some inventing alongside his old tutor, Maya, an excellent Tinkerer who taught him much. Slowly, he managed to get it back up and running. It was then christened Cook's Spice, and he went out to the forest to test it out on gathering some ingredients. Turns out, he accidently found himself a Goldhearted and chosen by the Worldhelm. His lust for adventure (and more ingredients!) now drives him forward to building a truly incredible restraunt with Mech-Made Meals.",,,,,,
Alyster Miff 5,,,,,,Hedgeburg (Lhodos),,,,,
Alyster Miff 6,,,,,,,,"At 6' and 185lbs, Alyster Miff is a pale skinned human with long, combed back brown hair and brown eyes. He wears a whitish-blue coat, a blue scarf, brown gloves, and brown leather boots and pants.",,,
Alyster Miff 7,,,,,,,,,He/Him,,
Alyster Miff 8,,,,,,,,,,Human,
Alyster Miff 9,,,,,,,,,,,Ambition
Amber O'Riley 1,44,,,,,,,,,,
Amber O'Riley 10,,,,,,,,,,,Motherhood
Amber O'Riley 2,,https://i.imgur.com/Ag8MCI8.png,,,,,,,,,
Amber O'Riley 3,,,#DAE8E2,,,,,,,,
Amber O'Riley 4,,,,Short-Tempered Genius Doctor,,,,,,,
Amber O'Riley 5,,,,,"Amber was born in Hedgeberg, and moved to Korala to study medicine.  While there she met her wife Cassandra and after a few years of working together in the medical field they married, and had a daughter.  Tensions grew as the war began, Cassandra wanting to stay in Korala where it was safe while Amber wanted to go into danger to help the people who'd need them the most.  They separated, with their daughter Jessica joining Amber in Pikeway until the forming of Ionian Village made Amber believe she could do more good for the refugees there, and opened up a clinic in that location.  After working in Ionian for a few years, Jessica, now a teenager ran away from home.  Amber, while searching for her daughter one day is caught in a realmstorm and brought to the Worldhelm.",,,,,,
Amber O'Riley 6,,,,,,"Ionian Village, Lhodos",,,,,
Amber O'Riley 7,,,,,,,,"Amber is a middle aged Felkin with thick black hair.  Her eyes shift between green and yellow depending on the light.  She wears round glasses, and a doctor's coat over basic clothes.  She's usually frowning and/or smoking",,,
Amber O'Riley 8,,,,,,,,,She/Her,,
Amber O'Riley 9,,,,,,,,,,Felkin,
"Ambrose ""Alder"" Silverpine 1",20,,,,,,,,,,
"Ambrose ""Alder"" Silverpine 2",,https://i.imgur.com/qlfqHa3.jpeg,,,,,,,,,
"Ambrose ""Alder"" Silverpine 3",,,,Hopeful Sapling,,,,,,,
"Ambrose ""Alder"" Silverpine 4",,,,,"- Lived with his nomadic people and family, the Deerfolk, following the guidance of the elementals via a Hearer, nurturing life along the way.
- Before becoming Goldhearted, he was suddenly, mysteriously, shunted out from his mother's domain, and hasn't been able to get back in or find his family.
- He has recently found his mother, Willow, learning that the Wyld Hunt has been responsible for hunting and tearing Fey, particularly those of the Spring Court, from their domains. He has also learned that his mother has had dealings with the Spring Court as well, but doesn't quite know how deep it runs.
- He still doesn't know that his mother managed to get Caladrius' favor to bestow upon Alder some of his power to protect him.
- Has yet to become fully aware of his aptitude as a Hearer for his people
- Yuzuru Eiji of Terra is his boyfriend. c:",,,,,,
"Ambrose ""Alder"" Silverpine 5",,,,,,"Kor'Tarion, Faerie Realm",,,,,
"Ambrose ""Alder"" Silverpine 6",,,,,,,,"Straight, tall, and lithe, covered in silver and white dappled fur, he stands at 5'11'' (not including the antlers) on deer-like hooves, peering at you with what look like distant reflections of stars in his blue(?) eyes. Over a simple linen shirt and pants, he wears a knitted white sweater and a night blue coat lined with white fur. He adorns himself with a pair of simple, hand-made necklaces, and a single earring on his left ear.",,,
"Ambrose ""Alder"" Silverpine 7",,,,,,,,,He/Him,,
"Ambrose ""Alder"" Silverpine 8",,,,,,,,,,Deerfolk,
"Ambrose ""Alder"" Silverpine 9",,,,,,,,,,,Preservation
Ambrose 1,24,,,,,,,,,,
Ambrose 2,,https://imgur.com/T8rFQ8r.png,,,,,,,,,
Ambrose 3,,,,The Wandmaker of Hudal,,,,,,,
Ambrose 4,,,,,"This Napoleonic scholar is one of the few people at Hudal Academy who completely lacks the ability to use Spells like a traditional mage. His talent instead lies in the production of magical equipment that can channel Mana for spellcasting. 

While he can't use Spells normally, his savant-like understanding of Wands has resulted in his ability to use his mana, but only for the purpose of producing blasts of magical energy from his armaments. 

He's set to graduate soon, but he is not well-liked among the teachers. They have posed to him a single challenge, and that is to produce SOMETHING remarkable for the academy that isn't some kind of magical ordinance.",,,,,,
Ambrose 5,,,,,,"Hudal Academy, Kor'Tarion",,,,,
Ambrose 6,,,,,,,,"Ambrose is a small person at only 4'5"", whose lithe body is hidden underneath a couple layers of baggy mage clothing and alchemist tools laid atop them. He carries a large backpack covered in meticulously maintained labels. Any educated person in Kor'Tarion would quickly realize that this guy's inventory is stocked with magical payload that could easily raze a small town, if not most of a large city. 

Dangling from a short rope attached to the wrist is a charred wand, with its core compartment and focus crystal empty, and waiting for its next configuration.",,,
Ambrose 7,,,,,,,,,He/Him,,
Ambrose 8,,,,,,,,,,Human,
Ambrose 9,,,,,,,,,,,Vindication
Amelia Green 1,27,,,,,,,,,,
Amelia Green 2,,https://i.imgur.com/02zl44c.png,,,,,,,,,
Amelia Green 3,,,,Upcoming Bumbling Reporter,,,,,,,
Amelia Green 4,,,,,"Amelia Green born in North Rock and had an uneventful life, coming from two hardworking, low-income parents. Taking a leap as a young adult, she took out some loans to begin her college education, reasoning that she could surely pay it off once she found a proper career after gaining a proper degree. After graduating, her friends treated her out to celebrate. Being as ecstatic as she was, she overindulged and died that night due to alcohol poisoning. 

This also soured many of her friendships once she returned as an Insolvent. 

Amelia now has spent the last 5 years trying to live a normal life, having found an entry-level journalist position for one of Galeforce's smaller newspaper subsidiaries and struggling to move up in the company.",,,,,,
Amelia Green 5,,,,,,"North Rock, Haven, Terra",,,,,
Amelia Green 6,,,,,,,,Amelia is a woman of average 5'4 stature with short pale yellow hair and bright red eyes. She often is dressed somewhat professionally and in light colors.,,,
Amelia Green 7,,,,,,,,,She/Her,,
Amelia Green 8,,,,,,,,,,Insolvent,
Amelia Green 9,,,,,,,,,,,Ambition
Amina Grace 1,46(Physically 26),,,,,,,,,,
Amina Grace 2,,https://i.imgur.com/S23fc7m.png,,,,,,,,,
Amina Grace 3,,,,Insolvent Diviner Cursed by Fate,,,,,,,
Amina Grace 4,,,,,"Amina is an Insolvent from Terra, who uses her unique aptitude for Cartomancy to harness magic and divine the future. While her activities on the Worldhelm are limited, owing to her recent arrival, she has made a minor name for herself in Terra, where she lends people her magical skills in secret, aiding those with uncertain futures to find the right paths for them.",,,,,,
Amina Grace 5,,,,,,"Haven, Terra",,,,,
Amina Grace 6,,,,,,,,"Amina is a tall woman with dark skin and pale red eyes. She lacks any warmth, both in her tone and in her temperature, and walks with a gait that is very slightly offputting, traits that can all be attributed to her nature as an Insolvent. She wears clothes one might associate with a witch or other sort of mystic, but augmented with modern cloths, buckles, and other accessories that each work to make her not fit in neatly with the average Terran, or the average denizen of another realm.",,,
Amina Grace 7,,,,,,,,,She/Her,,
Amina Grace 8,,,,,,,,,,Human(Insolvent),
Amina Grace 9,,,,,,,,,,,Truth
Anahi Tanglao 1,28,,,,,,,,,,
Anahi Tanglao 2,,https://images-ext-1.discordapp.net/external/keushvfr6NHQ4f4akDsYl4yayktB6Z9A_dpgF3ale2Y/https/64.media.tumblr.com/2969f7b43b2a66e8a3a46083daceea8d/9cffcdb8b793bc36-5b/s1280x1920/b1df4054be39ff886bf345a4b6ad19aa3dc511af.jpg,,,,,,,,,
Anahi Tanglao 3,,,,Wood Cultivator of the Ancients,,,,,,,
Anahi Tanglao 4,,,,,"Anahi grew up in Sampaguita Village as an only child amongst her loving parents. Her friends, parents, and her community were integral to her upbringing. When she turned 12, she discovered her affinity with Wood qi. Her mentor and childhood friend, Arjo Caringal, took her into the wilds where she meditated and trained (it was life or death man). When she returned, her village elder, Seer Patu, divined her future. She was to enter a storm heading towards their village. Not one to question her elders, she ventured forth, entering the realmstorm with bold confidence.",,,,,,
Anahi Tanglao 5,,,,,,Sampaguita Village [Sangang-Daan| Tian-Yin],,,,,
Anahi Tanglao 6,,,,,,,,"Anahi is a lithe, 5'11 human woman with ragged traveler's clothes. Her armor compliments her tan skin with dark fibers and green cloth. She carries a strong minty, aroma wherever she goes.",,,
Anahi Tanglao 7,,,,,,,,,She/Her (Any/All),,
Anahi Tanglao 8,,,,,,,,,,Human,
Anahi Tanglao 9,,,,,,,,,,,Growth
Anderth Rhastal 1,42 years old,,,,,,,,,,
Anderth Rhastal 2,,https://media.discordapp.net/attachments/271396222479106050/1237906313766506587/4bb4cb9d016b7a9b6d8be7df33642a40.jpg?ex=663d5998&is=663c0818&hm=904b41c8f225c9edbfeda5ce70e6718ac8ca491f5a72b5e91f96732fa780bf29&=&format=webp&width=&height=,,,,,,,,,
Anderth Rhastal 3,,,,Veteran Elemental Shard Miner,,,,,,,
Anderth Rhastal 4,,,,,"Anderth is a simple man. He wakes up. He goes to work. He works. He comes home. He sleeps. Repeat. That's been his routine for a good 60% of his life. Being a human in the Scalefire Empire, he has lived a life of poverty and prejudice. And yet, he simply accepts it, seemingly never wanting more. Perhaps he doesn't even know there's more to life. 

The last thing he remembers is the mineshaft he was in shaking, before it totally collapsed on him and his crew. His supervisor decided to save his own skin first, and left his crew for dead. Upon coming back to consciousness, he found himself on the Worldhelm, with no recollection of what happened in between.",,,,,,
Anderth Rhastal 5,,,,,,"Skamos, Nezmira",,,,,
Anderth Rhastal 6,,,,,,,,"Anderth is a buff, stocky man who stands at 6'3"". He wears a thin, patchwork shirt and a durable pair of trousers. His boots are so dirty it's hard to tell where they end and where his legs begin. He carries a beat-up pickaxe with a bunch of counting marks on it. He also wears a utility belt that has all the essentials for a miner. A lantern, oil, rope, a hunting knife, several maps, and various satchels and pockets. Anderth is usually wearing a scowl.",,,
Anderth Rhastal 7,,,,,,,,,He/Him,,
Anderth Rhastal 8,,,,,,,,,,Human,
Anderth Rhastal 9,,,,,,,,,,,Duty
Anise 1,33,,,,,,,,,,
Anise 2,,https://images-ext-1.discordapp.net/external/5HEGyNBXlouQp5jXO2zsZApZ9CzXzhLKw_i77t0reb4/https/i.pinimg.com/736x/99/6f/6e/996f6e9a9ed698564118b928a9b4fa75.jpg,,,,,,,,,
Anise 3,,,,Runaway Slave Seeking Justice,,,,,,,
Anise 4,,,,,"As far as she is aware, or at least, as far as she is willing to tell people, Anise has no past. The Nezzim found her as a child, and promptly branded her as being a 'mage' when her psychic abilities became apparent. They began to push Anise to her limits, attempting to hone her Esper abilities and forge her into a weapon on their behalf. Since then, that is the only life she has known for nearly 3 decades. Bodyguard work was her main forte, though her might and gravitokinesis found usefulness in manual labour, too.

The Realmstorm's arrival was a ticket out; newfound freedom, away from their demands, and their punishments. Now, Anise intends on directing her blade elsewhere - towards the throat of the Nezzim and their draconian empire.",,,,,,
Anise 5,,,,,,Nezmira,,,,,
Anise 6,,,,,,,,"Anise is a tall and imposing woman, standing at around 6'0"" and wielding a large but otherwise ordinary greatsword. Her hair is light brown and often kept in the style of a chignon, pinned in place by the binyeo she wears. Up-close, scale-shaped brands can be seen going up her neck and parts of her face, though they are mostly hidden by her shawl and hair. Anise dresses in loose-fitting garb, accustomed to the heat of Nezmira. Other identifying features include her golden-yellow eyes, and small pieces of debris float around her at times, as if Anise had her own small gravitational field.",,,
Anise 7,,,,,,,,,she/they,,
Anise 8,,,,,,,,,,Human,
Anise 9,,,,,,,,,,,Vengeance
Apollo Marinelli - ᵀʰᵉ Overture 1,19,,,,,,,,,,
Apollo Marinelli - ᵀʰᵉ Overture 2,,https://cdn.discordapp.com/attachments/792706882397405196/1337190015217959032/Untitled1344_20250206162115.png?ex=67a68abf&is=67a5393f&hm=eec634e06a9f12157e6c26b7bcb2584add5bb17a40a3f05e7db0f3648938bd7c&,,,,,,,,,
Apollo Marinelli - ᵀʰᵉ Overture 3,,,,Runaway Regalia Pursuing Prestige,,,,,,,
Apollo Marinelli - ᵀʰᵉ Overture 4,,,,,"Hailing from a well-off family from Heartdom. Apollo is the son of a prestigious Paladin and an influential spokesperson. He had always had expectations of him. But, because he was never able to fully reach an acceptable level, he was scorned. One day when he had enough, he ran away from home to enroll in Gnosis Academy, the same as his brother did with their parent's support. He tried at first to be a part of the House of Paladins, but with the reality of him not truly being suited for such. Apollo took a gamble and transferred to the House of Treasures. Entrusting his dreams and wishes to his closest friend and confidant at the academy, Perseus, entering a Rite of Binding with the large Dreadlan-born.

Now as a Regalia known as ""The Overture"". Apollo fights by Perseus' side,  helping to realise his dream of becoming the best Paladin to have ever existed.",,,,,,
Apollo Marinelli - ᵀʰᵉ Overture 5,,,,,,"Heartdom, Kaiway",,,,,
Apollo Marinelli - ᵀʰᵉ Overture 6,,,,,,,,"Standing at 5'7"" and carrying himself with dignity. Apollo is a Yellow-olive scale colored Nezzim with a dainty form. He sports two sets of horns, green eyes, and a pair of glasses, likely to help with reading all the books he tends to carry around. He can typically be seen wearing his Kaiway uniform. A fuschia-colored top with baggy upper-arm sleeves, a crimson scarf, and a pauldron, along with a courier bag containing all of his necessities. He moves with grace and fluidity, often carrying a smug expression on their face.",,,
Apollo Marinelli - ᵀʰᵉ Overture 7,,,,,,,,,He/Him,,
Apollo Marinelli - ᵀʰᵉ Overture 8,,,,,,,,,,Nezzim (Kaiway),
Apollo Marinelli - ᵀʰᵉ Overture 9,,,,,,,,,,,Belonging
"Arasaka ""Saki"" Sasaki 1",24,,,,,,,,,,
"Arasaka ""Saki"" Sasaki 2",,https://i.imgur.com/wKvvc2w.png,,,,,,,,,
"Arasaka ""Saki"" Sasaki 3",,,,Focused Triggerman,,,,,,,
"Arasaka ""Saki"" Sasaki 4",,,,,"Arisaka Sasaki is one of a pair of twins born to Sayumi Sasaki, a well respected member of 100G Security. She had average grades in all her schooling and chose not to go to university to better care for her younger sister Minebea. She works as a freerunning courier in the megacity of Haven to help their houshold afloat.

[HPD file Codename: Raven]

Possible affiliation with the Goldnails. Suspect in several armed robberies in relation to Goldnails activity. Uses a high powered rifle to suppressive fire  from a great distance. All attempts of pursuit are thwarted through rooftop and city pursuit. Be on watch for sniper scopes when responding to robberies]",,,,,,
"Arasaka ""Saki"" Sasaki 5",,,,,,"Haven, Terra",,,,,
"Arasaka ""Saki"" Sasaki 6",,,,,,,,Saki is a medium height at 4'11 very thin girl with long white hair. It often sticks up at odd angles either due to lack of care or to differentiate herself from her twin sister. Her normally blank expression hides eyes that seem to always be watching for trouble. She tends to wear heavier jackets that almost look too big for her and combat boots.,,,
"Arasaka ""Saki"" Sasaki 7",,,,,,,,,She/Her,,
"Arasaka ""Saki"" Sasaki 8",,,,,,,,,,Human,
"Arasaka ""Saki"" Sasaki 9",,,,,,,,,,,Family
Arashi 1,22,,,,,,,,,,
Arashi 2,,https://cdn.discordapp.com/attachments/1313269229830803546/1313269331806650459/sample_daddea1192681d42a96f0dbb51414eac.png?ex=67537960&is=675227e0&hm=3bcf2aaab16fc6dd736d9fa9b9bd921ac39a81663934ed91fabb58a0700fb409&,,,,,,,,,
Arashi 3,,,,Striking Storm Ninja,,,,,,,
Arashi 4,,,,,"A Kitsune from the Feywyrd; an eccentric Yokai that loves to play pranks, and make friends. Though raised by a guardian rather than her parents, she never let it keep her down. 

""I shall survive and live on, for all those who could not.""",,,,,,
Arashi 5,,,,,,"Aldistir, Feywyrd",,,,,
Arashi 6,,,,,,,,"Height: 150cm

Arashi is a short, silver haired Kitsune with a curious look to her. Usually dressed in a tight and elegant garb; though with colder climates has a full body cloak on for warmth!",,,
Arashi 7,,,,,,,,,She/Her,,
Arashi 8,,,,,,,,,,Yokai Kitsune,
Arashi 9,,,,,,,,,,,Survival
Argad 1,27,,,,,,,,,,
Argad 2,,https://images-ext-1.discordapp.net/external/5ngY81-AgJJMM786N82zyjJgpYsQ7FfeEIcHRmhluLc/https/i.pinimg.com/originals/bb/53/51/bb53513b35f91c3b79e22d8c49107cbb.jpg,,,,,,,,,
Argad 3,,,,"The Tower, a quiet and friendly warchild",,,,,,,
Argad 4,,,,,"Argad is a quiet man: not much is known about him. He sometimes mentions a difficult childhood and how Father Hegar Seive saved him.
She took him to the orphanage and raised him as the child he is now. They were good times when no life-threatening events occurred.
With a boring life for a young man accustomed to war, Argad left the orphanage and the second life that Hegar gave him, promising himself to honor that opportunity by giving others the same opportunity. Shortly after beginning his journey, he was able to enter the Worldhelm.",,,,,,
Argad 5,,,,,,Kor'Tarion. The White Feather House of Youth,,,,,
Argad 6,,,,,,,,"Argad is a tall person (6'5'') with a bulky muscular body (240lb). His hair, almost as black as obsidian, a meticulously groomed beard, and intense black eyes give him an even more intimidating appearance. If it weren't for the almost constant smile on his face, no one would approach him.",,,
Argad 7,,,,,,,,,He/Him,,
Argad 8,,,,,,,,,,Human,
Argad 9,,,,,,,,,,,Honor
Aria 1,22,,,,,,,,,,
Aria 2,,https://imgur.com/BjSe1xE.png,,,,,,,,,
Aria 3,,,,Crownless Free-Spirited Sword of Heaven,,,,,,,
Aria 4,,,,,"Born as a daughter to one of the Matriarchs of Tangbawan, she was unnaturally gifted physically and spiritually. As such her story ended up as similar to other daughters for reasonings that were not really known to her she was eventually given to the Kabiya and traveled with them at a very young age. She only served to learn and grow even more under individuals of similar circumstances and through training of people who knew more despite her carefree spirit.

These times abruptly came to an end when the group she was traveling with came under brutal assault by a powerful Yokai. The Yokai was slayed but at a great cost. However in that moment she would be introduced to her next mentor for many years to come. Even following them to a place in a sea of clouds.",,,,,,
Aria 5,,,,,,Tian Yin (The Kabiya),,,,,
Aria 6,,,,,,,,"A not so tall young lady with a head of short red hair, dressed in lightly protective ware that doesn't hinder the movement. Behind the very relaxed and unbothered expression on her pretty face is a hunger to push herself into new heights and grow stronger for it with her swordsmanship. Evident in the physique she sports, while not a bulky build, her arms visibly appear built from constant use wrapping around to her back and through out her body. A combination of a lithe type that tightly bound the muscles and raw strength into a unassuming form.",,,
Aria 7,,,,,,,,,She/Her,,
Aria 8,,,,,,,,,,Human,
Aria 9,,,,,,,,,,,Ambition
Arija Yamoshi 1,26,,,,,,,,,,
Arija Yamoshi 2,,https://i.imgur.com/Yb46KoE.png,,,,,,,,,
Arija Yamoshi 3,,,,Skyfall Scion,,,,,,,
Arija Yamoshi 4,,,,,"Arija is the eldest daughter of the Yamoshi Family in Tangbawani, raised from birth with both intellect and combat prowess. Her elementalism qi is unique, allowing her to adapt to multiple elements, unlike most practitioners who settle on a single one. In her early teens, she was chosen to join the Kabiya, an elite group dedicated to honor and protection, and was entrusted with the War King's Wrath, a powerful relic from her family's founder. Arija has served the Kabiya faithfully, striving for unity, protection, and joy for all people. With her new status as a Goldhearted, she views her unusual qi as a sign to pursue her path, no matter the challenges or realms she faces.",,,,,,
Arija Yamoshi 5,,,,,,Sangang-Daan,,,,,
Arija Yamoshi 6,,,,,,,,"Standing at 5'8"", Arija has an athletic build. She wears battle attire designed for agility on the battlefield. Her skin is fair, her eyes a striking sapphire blue, and her long brown hair is pulled into a wispy ponytail.",,,
Arija Yamoshi 7,,,,,,,,,She/Her,,
Arija Yamoshi 8,,,,,,,,,,Human Cultivator,
Arija Yamoshi 9,,,,,,,,,,,Justice
Aslatiel 1,20 fairy years,,,,,,,,,,
Aslatiel 10,,,,,,,,,,,Guilt
Aslatiel 2,,https://i.ibb.co/N6qGvs3b/image-2025-02-01-233527984.png,,,,,,,,,
Aslatiel 3,,,#8000ff,,,,,,,,
Aslatiel 4,,,,The Warrior Scholar,,,,,,,
Aslatiel 5,,,,,"An elf from the fairy realm of Kor'Tarion. He was a bright and promising student of the Hudal Academy but wasted it away when he acted on a dangerous and unsanctioned ritual. His ritual failed causing a horrible accident that scarred half his body and injured many other students. He was banished and many began calling him the ""Half-Dark Elf"". He wandered the humans lands in search of his home but couldn't. Then during the blood moon, he fought off the demons he could and aided in the defense of a helpless family. After his sacrifice he wandered into the woods, tireless, refusing rest as to not die but fell all the same. When he awoke, he found his new destiny: Goldhearted.",,,,,,
Aslatiel 6,,,,,,Kor'Tarion / Fairy Realm,,,,,
Aslatiel 7,,,,,,,,"5'8"" with pale blue skin, white hair, and purple eyes. Half of his body is covered in a shadow leaving only his eye and teeth visible like a gnawing scar. His clothes cover most of it which is a blue combat tunic with a big blue cloak with starts. He carries a sword at his hip and a blue shield with a white star either in his left hand or back. His neck has a two-toned collar and gold chain with a gem carved to look like a decorative star at it's center.",,,
Aslatiel 8,,,,,,,,,He/They,,
Aslatiel 9,,,,,,,,,,Elf / Fairy,
Aston Aldebrand 1,46,,,,,,,,,,
Aston Aldebrand 10,,,,,,,,,,,Doubt
Aston Aldebrand 2,,https://i.imgur.com/2djfK43.png,,,,,,,,,
Aston Aldebrand 3,,,#4D2717,,,,,,,,
Aston Aldebrand 4,,,,"Old Soldier, Cook in the Trenches",,,,,,,
Aston Aldebrand 5,,,,,"- Born in Little Ottington in the Kingdom of Karlsgard. One older brother living in the Tundra, one niece who moved to the Bastion.
- Joined the military when his tavernkeeper parents died around twenty years ago. Assigned as an army cook after training.
- Survived the destruction of his battalion during one of the first Angel attacks of the Merrani invasion. Spent months in recuperation afterwards.
- Eventually helped with feeding and housing of refugees and wounded, instead of returning to the frontlines.
- Taken by the Realmstorm to the Worldhelm some time after, where he then joined the Goldhearted's embassy to the Dragon's Den, and learnt the true stakes of the Lhodos war.",,,,,,
Aston Aldebrand 6,,,,,,"Little Ottington, Karlsgard, Lhodos",,,,,
Aston Aldebrand 7,,,,,,,,"Aston is tall (6'1""), grizzled, and rather well-muscled (220 lbs) - he walks with a noticeable limp, but is otherwise in great shape for his age and (last-known) occupation. 

Being retired from active service, he no longer wears his old uniform anymore (doing so would draw too much attention anyway), although he still prefers clothes in similar colors, which he wears underneath his old gear. A small brass pendant is hung around his neck.",,,
Aston Aldebrand 8,,,,,,,,,he/him,,
Aston Aldebrand 9,,,,,,,,,,Human,
Asuka Yumiko 1,22,,,,,,,,,,
Asuka Yumiko 2,,https://i.imgur.com/fsciLHB.png,,,,,,,,,
Asuka Yumiko 3,,,,Ronin Archer of the Wastes,,,,,,,
Asuka Yumiko 4,,,,,"Asuka grew up far away from civilisation, with her mother. While purely human, she grew up away from the culture of the Alder, and instead was raised with the trappings and culture of the Yokai with her mysterious mother, and absent father. That is, until fate caught up to this family away in the peaks. Having grown up, she left for a hunting trip, and returned to her home destroyed, with clear signs of the Yokai's doing. With nothing else to live for, she started to travel Aldistir, hunting down the most dangerous Yokai she could out of both grief and civic duty, hoping to find the ones who did it, and why they have done so.",,,,,,
Asuka Yumiko 5,,,,,,"Twin Peaks, Aldistir",,,,,
Asuka Yumiko 6,,,,,,,,"A woman standing at 5'8 with luxurious eastern clothing and a large bow. She stands with an aloof but scrutinizing look, judging all in her sharp eyes.",,,
Asuka Yumiko 7,,,,,,,,,She/Her,,
Asuka Yumiko 8,,,,,,,,,,Human,
Asuka Yumiko 9,,,,,,,,,,,Vengeance
Auro Benites 1,26,,,,,,,,,,
Auro Benites 2,,https://media.discordapp.net/attachments/1179628690158657537/1179883047433289788/Auro_Headshot.jpg?ex=663b38f7&is=6639e777&hm=86bfe19f1aac2394ff35fc2c1cf6a425ca2915d14264a7c26eff3697c014bf69&,,,,,,,,,
Auro Benites 3,,,,Freedom-fighting Martial Artist,,,,,,,
Auro Benites 4,,,,,He's from Windhaven. (The Origin is not public information).,,,,,,
Auro Benites 5,,,,,,Blue City (Nezmira),,,,,
Auro Benites 6,,,,,,,,"5'9"", lithe/muscular build.",,,
Auro Benites 7,,,,,,,,,He/Him,,
Auro Benites 8,,,,,,,,,,Human,
Auro Benites 9,,,,,,,,,,,Freedom
Axl Erenbrass 1,28,,,,,,,,,,
Axl Erenbrass 2,,https://i.imgur.com/AerU13P.png,,,,,,,,,
Axl Erenbrass 3,,,,Unbridled Destruction Walking,,,,,,,
Axl Erenbrass 4,,,,,"A sociable troublemaker by nature born in a scholar's paradise. While not the only one, the circumstances around his birth and subsequent natural quirks designated him as a gifted child. A mage among the magicless. However, when he was unable to meet expectations among his peers as a youth, ostracization, and shame followed closely behind. The experience warped him, and now he wanders to prove that he can be the greatest among them.",,,,,,
Axl Erenbrass 5,,,,,,"Korala, Lhodos",,,,,
Axl Erenbrass 6,,,,,,,,"Axl is an athletic man who stands tall at 6'2, has dark skin, pierced ears, and a dyed blonde undercut. He adorns himself in a showy black duster with a red inner lining that leaves his chest bare, knee-high boots with far too many straps, a red scarf to mask the lower portion of his face, and an overly large brimmed hat that hangs behind his duster. He is often seen wearing several potions that hang by his waist, as well as a pair of glasses that obscure his eyes.",,,
Axl Erenbrass 7,,,,,,,,,He/Him,,
Axl Erenbrass 8,,,,,,,,,,Human,
Axl Erenbrass 9,,,,,,,,,,,Ambition
Baaxee 1,18 in Goblin Years,,,,,,,,,,
Baaxee 2,,https://cdn.imgchest.com/files/myd5c6q99m4.jpg,,,,,,,,,
Baaxee 3,,,,Littlest Immovable Object,,,,,,,
Baaxee 4,,,,,"Not much is known of the goblin race, found in the forest and ruins of Kor'Tarion. They're not usually worthy of notice, be it by the forces of good, or evil. But Baaxee doesn't just want to be noticed. She wants to be relied on. She wants to be a protector. She wants to be a hero! A rare aspirant to something great, she would move out from the hidden lodgings of the green-skinned species without much of a plan. However, stealing fancy armor and the biggest, nicest shields she can find during a chance find in lost ruins is, while not exactly heroic by itself, certainly a good start! And she knows that, if she were to find her very own band of heroes, that would accept her and see her as the Guardian she knows herself to be, she won't allow harm to come to those who'd give a goblin a chance.",,,,,,
Baaxee 5,,,,,,Kor Tarion - The Gwaed Forest,,,,,
Baaxee 6,,,,,,,,"Baxee is a 3'5 goblin, with the standard green skin of her people and with messy hair tinted purple by forest berries. Her head is wide, and her sharp grinning mouth, wider still. The sclera of her eyes is yellow, and the iris a solid red. More often than not, she is clad in armor across her whole body, save her arms, though those are often, instead, protected by dome-like shields that can link together into a closed sphere.",,,
Baaxee 7,,,,,,,,,She/Her,,
Baaxee 8,,,,,,,,,,Goblin,
Baaxee 9,,,,,,,,,,,Reliability
Basim 1,27,,,,,,,,,,
Basim 2,,https://media.discordapp.net/attachments/351820925852712962/1180518977903022180/f7f36eaca54c7ff3943cecb1f55e5bb3.png?ex=663b8ef9&is=663a3d79&hm=115d708de50116eef0186c8f0e5b72fca7967b96a081494ec0e711de9a8cca9f&,,,,,,,,,
Basim 3,,,,Courageous Hunter for the Black Obelisk,,,,,,,
Basim 4,,,,,"Eight odd years ago, there was a body washing up the shores near the Black Obelisk, covered with both recent and older burns with a dull blade gripped tightly in his hands, almost like a death grip and might have been one if not for his luck. That person was Basim. The researchers within the Black Obelisk finding him on one of their expeditions into the desert and brought him back to their base to recover. After their recovery he has been working and learning under the researchers' guidance to help repay their perceived debt to the group. Now that he's here, well, might as well keep learning on behalf of the researchers and his own curiousity - hand in hand with the other goldhearted or otherwise.",,,,,,
Basim 5,,,,,,"The Black Obelisk, Nezmira",,,,,
Basim 6,,,,,,,,"A tall and bulky human male standing around 6'6 with their brown hair tied into a ponytail. Basim's form covered with several burn marks inflicted on him, the most notable of which being the one over the bandages that cover his eyes.",,,
Basim 7,,,,,,,,,He/Him,,
Basim 8,,,,,,,,,,Human,
Basim 9,,,,,,,,,,,Hope
Bear 1,23,,,,,,,,,,
Bear 2,,https://i.imgur.com/TEMIShx.png,,,,,,,,,
Bear 3,,,,Lone Survivor of a fallen resistance,,,,,,,
Bear 4,,,,,"Bear grew up in Windhaven as a young human boy working day after day as a laborer. At about 12 years old, an older kid put it into his head that life doesn't have to be about laboring day in and day out, so he and a few friends went to attended their first resistance meeting. For a few years, he continued his labor by day, and learned how to fight by night. By his 17th birthday, he had grown into a proper shield, learning how to move in heavy armor and protect his allies.
On his 17th birthday, his resistance cell was eradicated. Bear was home at a small celebration with his family. The day of the next meeting, Bear hadn't received his usual message and he hadn't seen his friends at the labor camp for a week. 
Since then, Bear has continued laboring in Windhaven, his Guilt about not being around to protect his friends gnawing at him in the back of his mind. When Windhaven went into lockdown and was subsequently freed, he pulled his shields out of storage and started his journey.",,,,,,
Bear 5,,,,,,Nezmira - Windhaven,,,,,
Bear 6,,,,,,,,"Himbo build: broad shoulders, wide chest, muscular, sturdy, and ""thicc."" He has a moderately tan complexion, like that of a perfectly baked loaf of bread. His hair is a deep burgundy and he keeps his full beard. Wearing short sleeves and more airy clothes reveals the surprising amount of body hair that earned him the name ""Bear,"" but he only wears so little while working out.",,,
Bear 7,,,,,,,,,He/Him,,
Bear 8,,,,,,,,,,Human,
Bear 9,,,,,,,,,,,Guilt
Beatrice Verdenhart 1,27,,,,,,,,,,
Beatrice Verdenhart 10,,,,,,,,,,,Ambition
Beatrice Verdenhart 2,,https://i.imgur.com/ZuEz7gQ.png,,,,,,,,,
Beatrice Verdenhart 3,,,#1fad45,,,,,,,,
Beatrice Verdenhart 4,,,,Questing Hedge-Knight,,,,,,,
Beatrice Verdenhart 5,,,,,"Having been raised by a powerful Mother Bear in the wilds, Beatrice was discovered by the town of Willowbough. Having known Beast Magic all her life, she was a natural candidate to become Willowbough's local guardian, a role she took with pride.
What captured her imagination from youth into adulthood, was the legends of the Green Knight's, and the ruined castle close to Willowbough. She absorbed every story she could learn of them, and with dreams of knighthood, vowed one day to rebuild the castle, and to become a true Knight.
After becoming Goldhearted, she took on the last name ""Verdenhart"" as a declaration to protect all life across every realm, one she holds to this day.",,,,,,
Beatrice Verdenhart 6,,,,,,"Willowbough, Kor'Tarion Village",,,,,
Beatrice Verdenhart 7,,,,,,,,"Standing tall at 6'1, she has fair features with a carefree expression, wearing her favourite piece of plaid over her steel armour.",,,
Beatrice Verdenhart 8,,,,,,,,,She/Her,,
Beatrice Verdenhart 9,,,,,,,,,,Human,
Bec 1,Unknown,,,,,,,,,,
Bec 2,,https://i.imgur.com/rxqSown.jpeg,,,,,,,,,
Bec 3,,,,Tenacious Twinblade,,,,,,,
Bec 4,,,,,"Bec has been in Idyll since before it turned into Hell. Frequented Asga, but primarily dwelled in Nirve, which is where she was when Idyll changed.

Continued living in Nirve, but would go up to Sum on supply runs. Doesn't talk much about it.

Had a brush with a guard in Nirve while recovering from a supply run. It ended with her being accused of assault and getting exiled to The Bastard's Den, where she has been wiling away time, surviving amidst the criminal scum, cutthroats, murderers and monsters that made their way from the other realms, through the city proper. Life in hell is just that. But it isn't always so bad. Bec keeps her head up and keeps going.",,,,,,
Bec 5,,,,,,"The Bastard's Den, Nirve - Idyll",,,,,
Bec 6,,,,,,,,Relatively short (5'3). Athletic and Sturdy Build. Dark Medium-Length Hair. Blue Eyes. Eyepatch Covering Right Eye. Scars along right side of face.,,,
Bec 7,,,,,,,,,She/Her,,
Bec 8,,,,,,,,,,Human,
Bec 9,,,,,,,,,,,Hope
Bellamie Ghoroznovich 1,39,,,,,,,,,,
Bellamie Ghoroznovich 2,,https://i.imgur.com/2ooS6a8.png,,,,,,,,,
Bellamie Ghoroznovich 3,,,,Lost Little Soldier Girl,,,,,,,
Bellamie Ghoroznovich 4,,,,,"Years ago, Bellamie was just a girl, living life on a farm on the outskirts of Little Ottington as the eldest of her mother's three children. It was an alright life, if... stressful due to the war. 

Bella was always capable around the farm, always repairing the machines and tools often through brute force of will and grit. But when she took apart a Merrane angel that had shown up on her land as a scrap heap... That's when she knew she could make a difference. That's when she knew she could make sure her family was safe.

With determination and love weighing heavy in her heart, Bellamie left for the larger cities... There, she joined a project. Joined more as a test subject than as a scientist, which was a little out of place. But what was even stranger about the girl was just how far she was willing to push the boundary, all for the cause of Karlsgard.

At the end of it, Bellamie was no farmer girl. She was a soldier, more steel than meat - more death than mortal.",,,,,,
Bellamie Ghoroznovich 5,,,,,,"Karlsgard, Lhodos",,,,,
Bellamie Ghoroznovich 6,,,,,,,,"Standing at 6'6 and several hundred pounds due to the metal under her skin and the heft of her gun arm, Bellamie is less an imposing figure, and more of an intimidating frame. Her silhouette is lopsided, her right arm much larger than the left due to the weaponry contained within. She still wears her old military jacket, and though it's old, it's been repaired and newly enchanted, giving it a near lunar shimmer in the right light, and a new confidence to boot.

But in her armor... Bellamie towers at 8'6"", with broad plates and a heavy steel gauntlet. Just to make appearances, she covers the large chassis in an equally massive war coat, decorated with pins and badges,",,,
Bellamie Ghoroznovich 7,,,,,,,,,She/Her,,
Bellamie Ghoroznovich 8,,,,,,,,,,Human - Cyborg,
Bellamie Ghoroznovich 9,,,,,,,,,,,Guilt
Benjamin Abram Moore-Fletcher 1,35,,,,,,,,,,
Benjamin Abram Moore-Fletcher 2,,https://i.imgur.com/d1ABbH9.jpeg,,,,,,,,,
Benjamin Abram Moore-Fletcher 3,,,,Bandit On The Right Foot This Time,,,,,,,
Benjamin Abram Moore-Fletcher 4,,,,,"Benjamin Abram Moore-Flatcher used to not be a good person. 

You could say he used to rob folks, even killin' them sometimes. But lookin' for repentance in a gunfight gone south was enough to get 'im to Idyll, and his brashness with blue lightning got him safely down to Nirve, where he tries to make some space that he would have ruined back in his living life.",,,,,,
Benjamin Abram Moore-Fletcher 5,,,,,,"Nirve, Idyll",,,,,
Benjamin Abram Moore-Fletcher 6,,,,,,,,"5'10, slightly pudgy cowboy with a light fuzz for a beard. Medium brown skin and god's strongest lineup, immortally preserved in death.",,,
Benjamin Abram Moore-Fletcher 7,,,,,,,,,he/him,,
Benjamin Abram Moore-Fletcher 8,,,,,,,,,,Human,
Benjamin Abram Moore-Fletcher 9,,,,,,,,,,,Belonging
Bjorn 1,29,,,,,,,,,,
Bjorn 2,,https://images-ext-1.discordapp.net/external/R4KVjFMhc1A4cp4-ZturTHAQASNFv2bCnQYQusPqSVI/https/i.imgur.com/dvXbbOT.jpeg,,,,,,,,,
Bjorn 3,,,,Banished Human Gravekeeper,,,,,,,
Bjorn 4,,,,,"Born in Dryholde, Bjorn lead a simple life as the son of a blacksmith. He would provide for his family and from a young age would help around at his father's smithery. As he grew older, he found himself drawn to the village's cemetery and on occasion would visit the elder whom watched over the grave. The years flew by and the elder passed away, but left the care of the graveyard in Bjorn's hands. As the years went by, Bjorn watched with great care and ensured each and every grave was treated with respect until one fateful night in which Bjorn stumbled upon a small font of magic in the form of a white shard. Unbeknownst to him, he became blessed with the powers of elemental magic, the ability to control the earth, fire, wind and more. He wasn't alone in this revelation though, and work quickly spread through town about how Bjorn had stumbled upon ""foul magic"" and was ushered out of the town, to never return. Not even his own father watched him leave. Now he finds himself wandering alone",,,,,,
Bjorn 5,,,,,,Kor'Tarion | Dryholde,,,,,
Bjorn 6,,,,,,,,"At exactly 6'0, Bjorn is a rather broad individual who has seen his fair days at an anvil and other forms of strenuous labor. While he current travels in a full set of armor including a helmet, underneath the attire lies a simple man with dirty-blonde hair and brown eyes. Behind his back lies a greatsword that rarely leaves his side, and the tips of his fingers crackle with a small jolt of electricity every so often.",,,
Bjorn 7,,,,,,,,,He/Him,,
Bjorn 8,,,,,,,,,,Human,
Bjorn 9,,,,,,,,,,,Ambition
Brandr Vol 1,Late 30s/Early 40s?,,,,,,,,,,
Brandr Vol 2,,https://cdn.discordapp.com/attachments/862470700123029504/1243153540889968741/image.png?ex=66507074&is=664f1ef4&hm=7123f8fcf748b978074cbe45f8df47c76f0ffbcfc73606c6857bf9bab8fb1748&,,,,,,,,,
Brandr Vol 3,,,,A Man Striving to be Better,,,,,,,
Brandr Vol 4,,,,,"Hailing from the wilds of Alidistir within a clan of Vanagandr, Brandr was once human. Like many others, he tried to survive with his kin within the tundra. However, one long-lasting blizzard left him stranded alone for days using a cave as refuge. While the snow gave him a source of water,  he was growing weak from starvation. Out of desperation he braved the blizzard for food only to find the body of a dead Yokai. Lacking many options he ate of its flesh and while it kept him full long enough for the storm to pass, it changed him forever. Be it the nature of the beast, or arcane consequences from Kuzunoha, Brandr was warped into a fiery Oni. He now harbors an insatiable hunger for both food and battle like a raging flame he can't quell. After remaining within the wilds of his home aiding those he could, he no longer felt himself fit to live alongside his people within Aldistir. Feeling the same tug many Goldhearted do to the Worldhelm,  hoping to do good with his new life and powers.",,,,,,
Brandr Vol 5,,,,,,"Aldistir, Kald Forest",,,,,
Brandr Vol 6,,,,,,,,"Though only 5'10'' in height, Brandr is a unit of a man sporting only pants as most shirts are impossible for him to wear. Having a broad, wide, and stocky build that stores within it a well of power from his large arms and heavyset build. It is a form that opts for strength and brawn, visible in even subtle movements as what could be mistaken for pudge holds muscles underneath. His fiery mane of hair flickers and moves like a living flame. As he himself loses energy, though it takes on a black charcoal look to it. His skin is a dark ashen coloration and resembles scales or cooled plates of magma. Cracks and lines along it run heat akin to lava running through veins. Sporting light tribal markings along with piercings, many can tell he hails from Aldistir as an Oni if they're familiar with that realm. Despite his fanged maw, horned helm, and burning ember like eyes, Brandr comes off as a gentle giant or someone constantly trying to be friendly when not in the throes of combat.",,,
Brandr Vol 7,,,,,,,,,He/Him,,
Brandr Vol 8,,,,,,,,,,Yokai (Fire Elemental Soul),
Brandr Vol 9,,,,,,,,,,,Hope
Brigitta ᵀʰᵉ Superstar 1,20,,,,,,,,,,
Brigitta ᵀʰᵉ Superstar 2,,https://i.postimg.cc/08wm52Xt/Untitled1374-20250310105425.png,,,,,,,,,
Brigitta ᵀʰᵉ Superstar 3,,,,Diva Broadcasting Rebellion,,,,,,,
Brigitta ᵀʰᵉ Superstar 4,,,,,"* Born in the ruins of Heartdom, to a loving family of Lhodosian origins, with a laborer father and a housewife mother
* Would use the echo when climbing atop the metal skeletons of ruined skyscrapers to carry her words and song
* Applied to Gnosis Academy, intent on furthering her stage and find a cause
* Underwent the Rite of Bonding due to wanting to amplify other people's message, too, and be an echo for everyone
* Heads the Gnosis Student Radio, and spreads both upbeat song and a message against all tyranny
* Sent to remedial class due to a general flaunting of rules, especially dress code",,,,,,
Brigitta ᵀʰᵉ Superstar 5,,,,,,"Heartdom, Kaiway",,,,,
Brigitta ᵀʰᵉ Superstar 6,,,,,,,,"Standing at a stunning 6'0, Brigitta sports a mane of sparkling, dark hair, with bangs that hide her eyes, but not her wide smile. It contrasts with her style of dress, favoring stage looks with bright, sunny colors, over-the-top choices like leotards and thigh-high gogo boots that have definitely had her yelled at by Gnosis faculty. Overall, it's hard to ignore, which is the point.",,,
Brigitta ᵀʰᵉ Superstar 7,,,,,,,,,She/Her,,
Brigitta ᵀʰᵉ Superstar 8,,,,,,,,,,Human,
Brigitta ᵀʰᵉ Superstar 9,,,,,,,,,,,Connection
Bronzeheart 1,28,,,,,,,,,,
Bronzeheart 2,,https://images-ext-1.discordapp.net/external/p5DdJNfesyjlg-wLbDPJttFQghc9HqsbfyW874UP31g/https/i.pinimg.com/564x/c1/3e/70/c13e704279523c60d77ea9917a64a851.jpg,,,,,,,,,
Bronzeheart 3,,,,The Impenetrable Wall,,,,,,,
Bronzeheart 4,,,,,"The circumstances of Bronzeheart's birth are unknown. She was found in the northern forests of Kor'Tarion by a group of vagabonds and was raised as one of their own, learning how to protect the people of the land from dangerous beasts and monsters. Following a less than peaceful altercation between their brigand, Bronzeheart left to travel on her own, swearing on her life that she would never let another innocent soul die.",,,,,,
Bronzeheart 5,,,,,,Kor'Tarion,,,,,
Bronzeheart 6,,,,,,,,"An elvish woman of average height and muscular build, typically clad in heavy armor. Her red hair is decorated with flowers and, in battle, a mask resembling winding branches.",,,
Bronzeheart 7,,,,,,,,,She/They,,
Bronzeheart 8,,,,,,,,,,Elf,
Bronzeheart 9,,,,,,,,,,,Justice
Brooks Howard 1,160+,,,,,,,,,,
Brooks Howard 2,,https://i.imgur.com/u6ZfstS.png,,,,,,,,,
Brooks Howard 3,,,,A Moral Drifter,,,,,,,
Brooks Howard 4,,,,,"To hear Brooks tell it, he’s a lazy scoundrel, a womanizer, and a liar. Only the last one is really true.

He's a quick-witted rogue with a knack for smooth-talking and survival. He made a name for himself as a mercenary and a negotiator for the desert’s merchants, using charm and guile to secure himself a living. For whatever reason, he willingly became an Insolvent a long time ago, and continues to wander to this day.",,,,,,
Brooks Howard 5,,,,,,"Liberty Desert, Terra",,,,,
Brooks Howard 6,,,,,,,,"A broad and slightly unkempt Insolvent standing at about 6'. He has dirty blonde hair, a beige coat over a dark green open shirt, dark cargo pants, and brown boots. He carries a well-kept modified greatsword, a belt with magitech tools, and a pistol.",,,
Brooks Howard 7,,,,,,,,,He/Him,,
Brooks Howard 8,,,,,,,,,,Insolvent,
Brooks Howard 9,,,,,,,,,,,Purpose
Brym Terablight 1,21,,,,,,,,,,
Brym Terablight 2,,https://media.discordapp.net/attachments/1196744996410380298/1207124704905924658/commission_S_T.jpg?ex=663b733c&is=663a21bc&hm=57b1948e691938134bf6adb28d20cac3f630797801ee2a6fbab743761ddbb70c&,,,,,,,,,
Brym Terablight 3,,,,Elemental Prodigy,,,,,,,
Brym Terablight 4,,,,,"The first clear memory is that of a brand being put upon him, everything before was a blur. Forced into the world of Nezzim rule early in life due to his magical talents. Going around, obeying every order given as if it's the sole purpose of existence, but it's always felt off. Freedom was but steps away, in the right direction. Up.",,,,,,
Brym Terablight 5,,,,,,"Skala, Nezmira",,,,,
Brym Terablight 6,,,,,,,,"Blonde hair, orange eyes with a skinny build. He wears  a robe adorned with little decorations, The left side of his head containing a complicated brand running across his neck.",,,
Brym Terablight 7,,,,,,,,,He/Him,,
Brym Terablight 8,,,,,,,,,,Human,
Brym Terablight 9,,,,,,,,,,,Autonomy
CHAOS SHARD 1,22,,,,,,,,,,
CHAOS SHARD 2,,https://media.discordapp.net/attachments/1092174633563869396/1314321186250948628/Untitled21_20240806122636.png?ex=6753587d&is=675206fd&hm=d7b37a2aec1d4e3935c88099e37382c492d3a54c0b308cfd1b77182de6a9ef39&,,,,,,,,,
CHAOS SHARD 3,,,,Everyday Helper,,,,,,,
CHAOS SHARD 4,,,,,"Elliot Hilde was a young study in the Palace City Michalis in the skies. He quickly learned the arts or icons & rituals his family were granted for their loyalty to the dragons. Elliot used this power to channel chants capable of summoning draconic fire or granting healing & succor unto those who need it. Often using his powers to help others he was found worthy & goldenhearted, and rose up to grant his words of healing light to those who may need them.",,,,,,
CHAOS SHARD 5,,,,,,Samsara,,,,,
CHAOS SHARD 6,,,,,,,,"6'3"" human man with a lean yet muscular build & fashionable clothes. Wields a magical staff, and bears a tattoo of a dragon across his back.",,,
CHAOS SHARD 7,,,,,,,,,He/Him,,
CHAOS SHARD 8,,,,,,,,,,Human,
CHAOS SHARD 9,,,,,,,,,,,Compassion
Caelan Blacklaw 1,37,,,,,,,,,,
Caelan Blacklaw 2,,https://cdn.discordapp.com/attachments/764533229435879496/1357746371989340320/Like_furries_follow_me-removebg-preview_waifu2x_art_scan_noise1_scale.png?ex=67f15358&is=67f001d8&hm=2cbd0767fea49c3f0a6251827281d9145ff5f32d0ba49b0c0f200c667f10a090&,,,,,,,,,
Caelan Blacklaw 3,,,,Corporate Supervisor seeking to reclaim a life lost,,,,,,,
Caelan Blacklaw 4,,,,,"Caelen comes from the family Blacklaw, a known lineage that has worked in Qilink since it's contracting days. A supervisor who's mission is to feed the theoretical fire of the Link Engine by gathering info in real time; mainly large events. Updating as time went on.

Graduating out of Haven Prep, he was thrown into the workforce in Qilink as per family tradition and being the eldest son. Working up the ladder to his supervisor position with pure on the job experience. A recent article recorded shows he was at the crash site of a shard during the **Skyfall** event.",,,,,,
Caelan Blacklaw 5,,,,,,Terra,,,,,
Caelan Blacklaw 6,,,,,,,,"Caelan is a wolf-augmented supervisor, grays and darker strands of fur decorate the scar ridden body. Standing at an average 5'10. Fitted to his frame, a suit lined with magic enhancing materials suited for an Esper from a reputable tailor.",,,
Caelan Blacklaw 7,,,,,,,,,He/Him,,
Caelan Blacklaw 8,,,,,,,,,,Human (Augmented),
Caelan Blacklaw 9,,,,,,,,,,,Yearning
Caelum Fulmin 1,24,,,,,,,,,,
Caelum Fulmin 2,,https://i.imgur.com/AHbR8om.png,,,,,,,,,
Caelum Fulmin 3,,,,Failure of Merrane,,,,,,,
Caelum Fulmin 4,,,,,"Caelum was a common civilian in The Veil, located in Karlsgard. He was known for being extremely helpful, going door to door and helping with chores, free of charge. However, on one fateful day,  a powerful soldier from Merrane, Fang, showed up and wreaked havoc. After desperately trying to escape, it proved futile, as he was captured by the soldier, and brought to Merrane. There, he was drugged and experimented on. Scientists rended his flesh, inserting highly advance technology into his skin. With the intention of making the poor boy into a walking weapon. Upon waking up days later, Caelum was informed of his new abilities, and was horrified. Desperate to return to his old life, he pleaded to Merrane. They promised he could become normal again, once they had won the war. Left with no other option, Caelum joined the front lines of Merrane. There, he spotted Fang again, after a brief conflict, He was convinced to make the most of his abilities. Him and Fang fled to Karlsgard.",,,,,,
Caelum Fulmin 5,,,,,,"Lhodos, Karlsguard",,,,,
Caelum Fulmin 6,,,,,,,,"A male Humanoid standing at 5'7, green eyes with a faint glow. Several black markings scattered across his body, birth marks. He wears a common grey shirt underneath his combat clothing. His combat clothing being a long black coat, dark grey slacks, and black gloves. He walks around barefoot, however due to Merrane experimenting on his body, combat boots are formed whenever his feet come into contact with certain molecules. His clothes differ immensely from what he would normally wear, as they were given to him by Merrane.",,,
Caelum Fulmin 7,,,,,,,,,He/Him,,
Caelum Fulmin 8,,,,,,,,,,Wilkin,
Caelum Fulmin 9,,,,,,,,,,,Perseverance
Caerwyn 1,18,,,,,,,,,,
Caerwyn 2,,https://media.discordapp.net/attachments/1170110980546637915/1204239456765345792/zb6oz4hhltec1.png?ex=663b8024&is=663a2ea4&hm=a62b77d0dcc54a338473222dfb057eb80aae94a1ee0cf05a56563954619722f4&,,,,,,,,,
Caerwyn 3,,,,The Last Healer of the Old Faith,,,,,,,
Caerwyn 4,,,,,"Caerwyn is a young woman hailing from the Charred Hills of Kor'Tarian. The details of her birth or childhood are largely unknown, other than that she was left with the Fire Monks due to the unnatural fire in her soul. At some unknown point, she disappeared off the map and eventually showed up once again in the Cult of Brimstone, in which she had joined a circle of healing mages. However, a supposed betrayal led to the circle of those who had been her makeshift family being executed, much to the lost young woman's rage. Before the waraxe met her own neck, she lunged forward, tearing it from the executioner's grasp and turning it against its wielder, and then his allies.

Her retaliation drew the attention of a nearby Balefire brood, and as she realized the dragon was approaching, she resigned herself to her fate. However, fate instead manifested as a Realmstorm falling around her, sweeping Caerwyn away.",,,,,,
Caerwyn 5,,,,,,"Kor'Tarian, Charred Hills",,,,,
Caerwyn 6,,,,,,,,"Caerwyn stands at 5'5"" with blue eyes and long blonde hair that always seems to be fluttering and coiling uncannily like flames, even in a windless land. She is always seen in black, ashen clothing and dark armor ridged with reds and oranges.",,,
Caerwyn 7,,,,,,,,,She/Her,,
Caerwyn 8,,,,,,,,,,Human,
Caerwyn 9,,,,,,,,,,,Anger
Cake 1,Unknown,,,,,,,,,,
Cake 2,,https://media.discordapp.net/attachments/1179610873271177236/1206454025738780712/a5dd98f209ce3dffc6015d10377f9069.png?ex=663ba59e&is=663a541e&hm=bce9290d7763cf5fba9f0ebfdb5b552f8b66efdea94f87f89e3166f7810830ad&,,,,,,,,,
Cake 3,,,,Cake Made with Love,,,,,,,
Cake 4,,,,,"Once, there was a baker in Kor'Tarion who made the greatest strawberry shortcake ever. Before the last slice could be eaten, the cake decided that it at least wanted to go on an adventure first.",,,,,,
Cake 5,,,,,,Kor'Tarion,,,,,
Cake 6,,,,,,,,"Cake is an animated strawberry shortcake with a diminutive height of only 3'0"", or 0.9 meters tall. It's a bit of a coward, and it seems constantly wary of its surroundings.",,,
Cake 7,,,,,,,,,He/It,,
Cake 8,,,,,,,,,,Animated Object,
Cake 9,,,,,,,,,,,Mortality
Calibre Harmony 1,20,,,,,,,,,,
Calibre Harmony 2,,https://i.imgur.com/SHLaMcM.jpeg,,,,,,,,,
Calibre Harmony 3,,,,Soul-linked Pilot of the G-Engine,,,,,,,
Calibre Harmony 4,,,,,"Calibre Harmony is a young member of the Karlsgard Peoples Liberation Alliance, a pilot of the towering Gallant Engine to which they're soul-linked. Hailing from Pikeway, Calibre has experienced the southward march of Merrane's conquest, taking up arms in defense of their country. Now becoming a Goldheart, they take their battle across worlds in hopes of drawing the Worldhelm's gaze back towards Lhodos.

The Gallant Engine is a machine designed and built by a group of Dupartist scientists and engineers, seeking to link mortal and machine by bridging the gap. The mechanics of the soul-link Calibre underwent are unknown, but the fragment of Lilith contained within has heightened their emotions beyond who they were before.",,,,,,
Calibre Harmony 5,,,,,,"Pikeway, Karlsgard Lhodos",,,,,
Calibre Harmony 6,,,,,,,,"5'7, Brown-skinned, Androgynous, Average form. Wears beaten-up Karlsgard military surplus, customized through years of wear. Their pilot suit is armored, and directly links them into the machine interface of the Gallant Engine.",,,
Calibre Harmony 7,,,,,,,,,Any/All,,
Calibre Harmony 8,,,,,,,,,,Human,
Calibre Harmony 9,,,,,,,,,,,Retribution
Carmelita 1,35,,,,,,,,,,
Carmelita 2,,https://images-ext-1.discordapp.net/external/nc02euqqZeo3iMuuojHh2Q8SSgj4FEqNjZtJ6i4FBwA/https/i.pinimg.com/564x/d6/41/10/d64110ba601f24616b2a6207fb19d06e.jpg,,,,,,,,,
Carmelita 3,,,,The Invoking Combat Engineer,,,,,,,
Carmelita 4,,,,,"Those who know her from Sangang-Daan know her for being a resourceful and quick learner. She speaks with grace and makes sure to present herself as best as possible to everyone, she of course sometimes slips up and swears and talks in the language she learned in Amihan.",,,,,,
Carmelita 5,,,,,,Tangbawan [Sangang-Daan | Tian-Yin],,,,,
Carmelita 6,,,,,,,,"Standing at 5'8 wearing a somewhat traditional traveler's outfit with her hair tied up with this red cloth, wearing this white croptop and red scarf and a long cloth with black pants and brown boots. She wields an Enchanted bow with runes related to the old culture of Amihan.",,,
Carmelita 7,,,,,,,,,She/Her,,
Carmelita 8,,,,,,,,,,Human,
Carmelita 9,,,,,,,,,,,Connections
Carmine 1,19 years old,,,,,,,,,,
Carmine 2,,https://i.imgur.com/fnp2c8D.jpeg,,,,,,,,,
Carmine 3,,,,Raised by War,,,,,,,
Carmine 4,,,,,"A child of Vale, Carmine lost both of her parents to the war in Lhodos. Spending years scavenging parts from former battlefields, she repaired a defunct Merrani mechsuit and prepared to make her escape. To anywhere she might know peace.",,,,,,
Carmine 5,,,,,,"Karlsgard Outskirts, Vale",,,,,
Carmine 6,,,,,,,,"A young woman of reasonably muscular and athletic build. Her hair is wild, fashioned into unkempt spikes with shaved sides. She wears light armor, with a re-breather hung around her neck. Beneath her gauntlets are a pair of pistols, designed to be accessible in an instant should she need to defend herself.",,,
Carmine 7,,,,,,,,,She/Her,,
Carmine 8,,,,,,,,,,Human,
Carmine 9,,,,,,,,,,,Anger
Carol Belle 1,23,,,,,,,,,,
Carol Belle 10,,,,,,,,,,,Unity
Carol Belle 2,,https://media.discordapp.net/attachments/1316980555124051998/1329662277497917530/EBhVTUfUcAImoVI.png?ex=67950b3e&is=6793b9be&hm=993cb1753ed9a409c60184d2ce9e8ba4a8c2d968e519ab7066701a19d3a12a22&=&format=webp&quality=lossless&width=&height=,,,,,,,,,
Carol Belle 3,,,#3e9738,,,,,,,,
Carol Belle 4,,,,The Burdened Investigative Innovator,,,,,,,
Carol Belle 5,,,,,"Carol lived with their family, and many others in a frontier village at the very edge of the Marrane border. In semi-secret their family engaged in trade and barter with the travelers, settlers, and militia of Karlsgard. During this time Carol became a shrewd, and discerning businessman, but was later sent back to Korala to receive a proper education.

Carol received formal certification in R&D, and Engineering, as well as compelled military service training.

Upon returning home Carol discovered that their village, and others close to the border had been pillaged and bombarded in a push by revolutionaries to reclaim land. Despite only mild losses, the Marrane retaliation was massive, and deadly.

Carol was so distressed by the violence that they defected from Marrane, and assisted Karlsgard villagers in their efforts of recovery and defense. Despite their desperation, Carols efforts were valiant, and in their darkest moment were chosen to be Goldhearted.",,,,,,
Carol Belle 6,,,,,,Lhodos,,,,,
Carol Belle 7,,,,,,,,"Carol is a relatively diminutive person, only standing to about 5'4"" tall. This, combined with their cherubic, androgynous features gives them a very unthreatening appearance that makes it difficult for people to take them seriously. They are of fair skin tone, often somewhat flush. They have mid-length brown hair, impressing somewhere between tastefully curly and mildly unkempt. Their eyes are blue like the sky, and just as open. They wear practical adventuring gear, leather jackets, and are strapped with an array of gadgets. Their tools, trinkets, and otherwise useful items are kept in a large shoulder-strapped bag.",,,
Carol Belle 8,,,,,,,,,He/They,,
Carol Belle 9,,,,,,,,,,Human,
Caspian Riviera 1,21,,,,,,,,,,
Caspian Riviera 2,,https://i.imgur.com/hesUwXh.jpeg,,,,,,,,,
Caspian Riviera 3,,,,The Honor-Bound Gallel Paladin,,,,,,,
Caspian Riviera 4,,,,,"Caspian Riviera's bits of his own history is only known to those that attend Gnosis Academy. He is a student in the Regal House of Paladins. Caspian is also an honor roll student who comes from the upper class, with his mother, Cecilia Riviera, being a graduate from the Regal House of Wardens and notable figure in the Galeo Empire in Ripplith.

Those from the Academy would also know about the recent scandal in the previous semester that revolved around him refusing the Rite of Binding to a certain regalia (Aelina). And thusly suffered a reputation loss as a result from peers.",,,,,,
Caspian Riviera 5,,,,,,"Ripplith, Kaiway",,,,,
Caspian Riviera 6,,,,,,,,"A young man with long, white hair. Standing tall at 6 foot. Fair skin and purple eyes, usually wearing a perpetual frown on his face. Wears the standard blue Gnosis Academy uniform, along with a hat.",,,
Caspian Riviera 7,,,,,,,,,He/Him,,
Caspian Riviera 8,,,,,,,,,,Human,
Caspian Riviera 9,,,,,,,,,,,Guilt
Caspian Wakes 1,28,,,,,,,,,,
Caspian Wakes 2,,https://images-ext-1.discordapp.net/external/387o-yuGLfFVO69bW1eN6TjB_vPj_JyT09pYuEnMNnI/https/i.pinimg.com/564x/d4/60/97/d460975b4a036defddef9c3739fa7e4c.jpg,,,,,,,,,
Caspian Wakes 3,,,,Forlorn Experiment,,,,,,,
Caspian Wakes 4,,,,,"Near the old coast of Kor'Tarion, rumor circulates about a sea creature that roamed the area from time to time. Slinking off into a nearby cave to feed or scaring small children on the beaches.

In reality, Caspian looks disappointing from up close. Not much for a sea monster, despite the local tales.",,,,,,
Caspian Wakes 5,,,,,,Kor'Tarion - Near the old coast,,,,,
Caspian Wakes 6,,,,,,,,"Caspian has an athletic build, and stands at 5ft 11in tall. Otherwise looking like an average man of his age, save for the sickly pale of his skin and the shock white of their hair.",,,
Caspian Wakes 7,,,,,,,,,He/They,,
Caspian Wakes 8,,,,,,,,,,Human,
Caspian Wakes 9,,,,,,,,,,,Purpose
Cassandra Maldonado 1,21,,,,,,,,,,
Cassandra Maldonado 10,,,,,,,,,,,Family
Cassandra Maldonado 2,,https://media.discordapp.net/attachments/1170110564819816468/1353154088224952401/cyberpunk-3.png?ex=67e09e73&is=67df4cf3&hm=1be60042f88432a2da76fcf7c6d9b064c9c6ad9359fa6f1b4e81f900a00fafa4&=&format=webp&quality=lossless&width=&height=,,,,,,,,,
Cassandra Maldonado 3,,,,Daunted Mercenary Putting on a Brave Face,,,,,,,
Cassandra Maldonado 4,,,,,"She used to work at her grandfather's auto repair shop as a mechanic before he passed away. After the death of her grandparents she took over for a time before she was forced to sell the property to pay off some of the debt left to her. 

She became a temp to try and maintain her younger siblings despite the risks.",,,,,,
Cassandra Maldonado 5,,,,,,El Barrio/Haven/Terra,,,,,
Cassandra Maldonado 6,,,,,,,Cass,,,,
Cassandra Maldonado 7,,,,,,,,"5'11""

Well toned body.

Often smells like grease and motor oil, occasionally covered in it.
(Will add more details later)",,,
Cassandra Maldonado 8,,,,,,,,,She/Her,,
Cassandra Maldonado 9,,,,,,,,,,Human,
Cassius Caldonis 1,27,,,,,,,,,,
Cassius Caldonis 2,,https://i.imgur.com/2FzO2Tf.png,,,,,,,,,
Cassius Caldonis 3,,,,Crow of the Lhodos Tundra,,,,,,,
Cassius Caldonis 4,,,,,"Moved to the observatory after a beast emerged from it, but was shortly stopped by a group of individuals. 

They've been picking over the rusted magitech and created some unique gear.",,,,,,
Cassius Caldonis 5,,,,,,The Observatory,,,,,
Cassius Caldonis 6,,,,,,,,"Bearing pale skin and hair, standing at just 5'10"" A single braid of hair over the shoulder amidst a rather messy head of it. They sport gear suited for colder climates.",,,
Cassius Caldonis 7,,,,,,,,,He/She,,
Cassius Caldonis 8,,,,,,,,,,Humans,
Cassius Caldonis 9,,,,,,,,,,,Persistance
Cecile 1,21,,,,,,,,,,
Cecile 2,,https://images-ext-1.discordapp.net/external/sbWcJg0XPkbHnZpWGneYyAWmSAG58amY2Mlb9yBSs1U/%3F1628854158/https/cdnb.artstation.com/p/assets/images/images/040/440/731/large/porforever-phuchong-chavapun-04-on-duty.jpg,,,,,,,,,
Cecile 3,,,,The Chameleon Thief,,,,,,,
Cecile 4,,,,,A short lithe chameleon girl with a penchant for taking things that don't belong to her. She has a reputation for being a no-good thief due to her kleptomania but has never stolen from other gold-hearted* (unsubstantiated). It is pretty common knowledge now that she and Yorick are a thing. She is currently working primarily on dealing with the ordeals in her home realm but occasionally shows up for other tasks if the headache is great enough.,,,,,,
Cecile 5,,,,,,"Nezmira, Skvala",,,,,
Cecile 6,,,,,,,,Standing at 163cm Cecile is a short chameleon-tailed girl with large crimson-red eyes and a disarming smile. Her streaks of scales along her body (usually covered by a tight catsuit) and unique prehensile tail show her unique Nezzim ancestry as an Ophidiya. She has a few other distinguishing features that are unique such as her monocular vision (the ability to control each eye independently) and her very very long tongue.,,,
Cecile 7,,,,,,,,,She / Her,,
Cecile 8,,,,,,,,,,Ophidiya,
Cecile 9,,,,,,,,,,,Avarice
Cecilia-Carmillia (Ci-Ci) 1,21,,,,,,,,,,
Cecilia-Carmillia (Ci-Ci) 2,,https://i.imgur.com/kihy1II.png,,,,,,,,,
Cecilia-Carmillia (Ci-Ci) 3,,,,Bubbly Tidebreaker Seeking Adventure,,,,,,,
Cecilia-Carmillia (Ci-Ci) 4,,,,,"- Cecillia was born in Ripplith as a man, Her family carried a gift from the Ocean Singers, a magical weapon that resonates with songs of the ocean. She at first couldn't lift it.

- Even before her transition, she was talented in the roles of a woman, taking the skillset far easier than the ones given to her as a man, this helped her realize that she was more comfortable presenting as a girl. She sought out a Seamother.

- After going through the ritual, she found a weight lifted off of her and was able to carry her family heirloom. Her family sent her to Gnosis Academy.

- She is quite the character, and so regularly had friction with stricter teachers due to her bubbly and excitable personality.

- She didn't get into too much trouble thanks to good grades. But that all changed when she heard about remedial classes and the opportunity to go to new places.

- Despite the look on her academic record, she tanked her grades to get into the remedial course. She is hungry for adventure.",,,,,,
Cecilia-Carmillia (Ci-Ci) 5,,,,,,"Ripplith, Kaiway",,,,,
Cecilia-Carmillia (Ci-Ci) 6,,,,,,,,"Ci-Ci is a bubbly 4'11 girl with a lean but powerful physique. Her skin is a pastel shade of pink and her eyes sparkling a curious ocean blue. Her hair is mostly pink, with some accents of red. No one is exactly certain why her eyes became hearts after her ritual with the Seamother, but she sure thinks it's cute. Ci-Ci is also followed by her quite sizable tail, which is a boon in the ocean. But on land it feels far more like a liability. Only enhancing the girl's clumsiness.

Other notable features is the large seashell shaped weapon that she carries either on her shoulder or on her back. As she walks, you can hear the light clanging sound of symbol-like metal inside the shell. It is an heirloom she wields proudly.",,,
Cecilia-Carmillia (Ci-Ci) 7,,,,,,,,,She/Her,,
Cecilia-Carmillia (Ci-Ci) 8,,,,,,,,,,Ripplith Merfolk,
Cecilia-Carmillia (Ci-Ci) 9,,,,,,,,,,,Joy
Charlies Erp 1,old,,,,,,,,,,
Charlies Erp 2,,https://images-ext-1.discordapp.net/external/QSruiFBSpGmeVMDZrhGjwR-E_VebeAujysRbj7_zv0U/%3F1654310962/https/cdnb.artstation.com/p/assets/images/images/050/212/913/large/bruna-b-campos-otgw-fera-collab-post.jpg,,,,,,,,,
Charlies Erp 3,,,,The Deadeye Archivist,,,,,,,
Charlies Erp 4,,,,,For the past Century there have been stories floating around Kor'tarion of lost books being found in nearby forests; open but barely touched. Fairy tales of kids who wonder alone at night that end up getting lost being led back home safely by the light of a lantern being held by a cryptid. Almost every account shares in common the moral of don't lie.,,,,,,
Charlies Erp 5,,,,,,Kor'tarion,,,,,
Charlies Erp 6,,,,,,,,"A faceless creature with long deer-like antlers and two eyespots. Vantablack like skin seemingly woven in with the colors of old pages. Looking at them feels like looking hundreds of compressed books bound together yet freely movely. No smile but their ""head"" compresses and shifts to changes shape to match silloute of someone who is. No words ever leave their person. Only the sounds of fluttering paper appear to escape them to convey thoughts.",,,
Charlies Erp 7,,,,,,,,,They/Them,,
Charlies Erp 8,,,,,,,,,,Cecrae,
Charlies Erp 9,,,,,,,,,,,Discovery
Circuit 1,???,,,,,,,,,,
Circuit 10,,,,,,,,,,,Passion
Circuit 2,,https://i.imgur.com/b5O1miG.png,,,,,,,,,
Circuit 3,,,#383f4a,,,,,,,,
Circuit 4,,,,(Wannabe) Full Metal Battlebot Gladiator!,,,,,,,
Circuit 5,,,,,"- Commissioned at the [request of a LUA couple](<https://discord.com/channels/1169852846083153941/1170110466299809873/1291077076010668072>) in Silver Rock, Haven.
- Really enjoyed watching boxing and gladiator style matches, ""growing up"".
- Wanted to become a prize fighter, but they could not make the cut for a SWORD sponsorship.
- Eventually saved up for an ETA license and started doing Temp jobs to make ends meet. Has cultivated the suit and gauntlets image to make themselves seem more professional!
- It was during one of these jobs where they (and some others) fell foul of the leader of the Olympians...and they made their escape through a Realmstorm to safety.
- They're still looking for that big break that will make them famous...and maybe this Worldhelm can help them in that regard!",,,,,,
Circuit 6,,,,,,"Silver Rock, Haven, Terra",,,,,
Circuit 7,,,,,,,,"Circuit's frame is compact (5'8""), but bulky (223 lbs). Their attire for jobs (unless requested) is a tailored suit with the sleeves rolled up to keep the arms (and gauntlets) free. Gotta stay professional!",,,
Circuit 8,,,,,,,,,they/them,,
Circuit 9,,,,,,,,,,LUA,
Claire de Blanc 1,25,,,,,,,,,,
Claire de Blanc 2,,https://media.discordapp.net/attachments/714227749077647450/1211767607640985611/GCBT5ASbYAAKkUj.jpg?ex=663b33c7&is=6639e247&hm=7dc4470a3cc4ae443e0bf9237af1229905f621d8119ea24cc14fe1a4ea6a709a&,,,,,,,,,
Claire de Blanc 3,,,,Former Ace Pilot of Merrane,,,,,,,
Claire de Blanc 4,,,,,"As a demihuman orphan in Caldera, Claire was considerably impoverished during part of her childhood. Only until she successfully enrolled into White Wing Academy out of a combination of luck and effort at age 12. She was considered rebellous and rude, but very talented in combat and quick among her peers. Spending 6 years studying and training to be an Angel, formally becoming one by age 18.

Then she spends the next four years in service, taking on very dangerous missions or following orders that one would consider heinous. Even losing friends' lives more than one occassion. Suffering mental tolls throughout her service, to the point leaving the military at around age 23.

The next several months go by like a blur for Claire. Living her life aimlessly as she takes up random side jobs to feel useful every now and them. That is until one day she encountered her first Realmstorm...",,,,,,
Claire de Blanc 5,,,,,,"Caldera, Merrane (Lhodos)",,,,,
Claire de Blanc 6,,,,,,,,"A young woman with long black hair, a lithe build and light-brown eyes. She has wolf-like ears on top of her head, and a black wolf tail she maintains often. Standing at 5'3""/160cm tall, weighing 130 pounds/58.9 kg. Claire typically wears comfortable clothes such as a hoodie, shorts, or something she finds cool.",,,
Claire de Blanc 7,,,,,,,,,She/Her,,
Claire de Blanc 8,,,,,,,,,,Wilkin (demihuman wolf),
Claire de Blanc 9,,,,,,,,,,,Guilt
Colin Subar 1,27,,,,,,,,,,
Colin Subar 2,,https://i.imgur.com/t2Gh9Cx.jpeg,,,,,,,,,
Colin Subar 3,,,,Adrift Investigator,,,,,,,
Colin Subar 4,,,,,"Colin is a human from the wartorn lands of Lhodos. Born to an unassuming couple in the small village of Hemsway in the Kingdom of Karlsgard, Colin quickly showed that he had a true gift for higher learning. His small village put together their funds and sent him off to the Academy, believing that while it was funded by the feared Empire, it was still free enough to be its own institution, and it would give Colin the education he needed. And they were right. Sort of.

Colin never gained any kind of connection to magic, which frustrated him to no end. Eventually, he was offered a chance at testing a new piece of magitech, which promised to grant magical abilities to those with the proper intellect. But it was all a ruse. He was used as an experiment subject, and though he walked out healthy and whole, he was forever changed.

He fled the Academy, and began his investigation into the true nature of the world, to reveal the evil laying dormant in the magic the Empire used so easily.",,,,,,
Colin Subar 5,,,,,,Hemsway Village in Karlsgard,,,,,
Colin Subar 6,,,,,,,,"Colin is a fairly pale man, tall at 6'8"", with short, dark brown hair, pale indigo eyes, and a sharp nose. He has two lines on his face, running from beneath his eyes down to his jawline. He tends to wear simple slacks with a button down, a necktie, and a dark topcoat, and he has a pair of glasses, though he seems like he can see just fine without them. Strangely enough, despite his fairly thin frame, he's heavy, like he's denser than he should be.",,,
Colin Subar 7,,,,,,,,,He/Him,,
Colin Subar 8,,,,,,,,,,Human,
Colin Subar 9,,,,,,,,,,,Skepticism
Cora 1,30,,,,,,,,,,
Cora 10,,,,,,,,,,,Humility
Cora 2,,https://i.imgur.com/1Lnv5Ey.png,,,,,,,,,
Cora 3,,,#ffd700,,,,,,,,
Cora 4,,,,Powerful Acedemic,,,,,,,
Cora 5,,,,,"Living in relative luxary, Cora was an up and coming student at an academy until an incident where her instructor forced her to explore the outside world to learn humility and worldly knowledge",,,,,,
Cora 6,,,,,,Realm of Kor'Tarion,,,,,
Cora 7,,,,,,,,"Taller and somewhat fit, with brown eyes dark hair and fancy clothing. Has a blue gem necklace and a flower crown",,,
Cora 8,,,,,,,,,She/they,,
Cora 9,,,,,,,,,,Human,
Cressida Octi 1,20,,,,,,,,,,
Cressida Octi 2,,https://media.discordapp.net/attachments/1170110564819816468/1216823600883961979/1707343366509.jpg?ex=663b2389&is=6639d209&hm=f074c6b9e5c37a5337bd5f37edb1c80a0a9e2749e03e45c29abaf2df0bdbef73&,,,,,,,,,
Cressida Octi 3,,,,Card Reading Counselor,,,,,,,
Cressida Octi 4,,,,,"Once a simple woman, she earned her humble income by reading cards to travelers and adventurers. When many came back to her asking for her to lift the curses she apparently put on them, she decided to seek wisdom from a spirit in a lake. Something in the ritual she performed went awry and now the two are entwined. Plagued by the doubt of being an hexer and a danger to the people of Tradefair, not even knowing if she's herself anymore, she started wandering the world in search for answers. Until one day she found a door in a tree, and curiosity got the best of her. Is she ready to be one of those to face adventure?",,,,,,
Cressida Octi 5,,,,,,Tradefair,,,,,
Cressida Octi 6,,,,,,,,"Her figure is long and thin, with sharp features so that more than one mistake her for a young man. White long and straigh hair encompass her face, and she's rarely seen wearing something different than a long robe and pointy hat. Her book of tarots always by her side hides a set of deadly magic cards.",,,
Cressida Octi 7,,,,,,,,,She/Her,,
Cressida Octi 8,,,,,,,,,,Human,
Cressida Octi 9,,,,,,,,,,,Doubt
Crimson 1,25,,,,,,,,,,
Crimson 2,,https://media.discordapp.net/attachments/399110128458006529/1230637105424633977/image.png?ex=663b4b5e&is=6639f9de&hm=56f8c48063de4ca202b15edbcccaca433d96eb2f62d110eb550667d85d21752d&,,,,,,,,,
Crimson 3,,,,Mobster of Bastion,,,,,,,
Crimson 4,,,,,"Daughter of a mob leader from Karlsgard.  A mute, taken an oath of silence.",,,,,,
Crimson 5,,,,,,"Bastion, Karlsgard, Lhodos",,,,,
Crimson 6,,,,,,,,"Height 6'5""
Weight 175 lbs",,,
Crimson 7,,,,,,,,,She/Her,,
Crimson 8,,,,,,,,,,Demi-Human?,
Crimson 9,,,,,,,,,,,Defiance
Cynthia 1,24?,,,,,,,,,,
Cynthia 10,,,,,,,,,,,Discovery
Cynthia 2,,https://i.imgur.com/p3pR5tE.png,,,,,,,,,
Cynthia 3,,,#008000,,,,,,,,
Cynthia 4,,,,The Free-spirited Woodland Dreamer,,,,,,,
Cynthia 5,,,,,"A lone Fae lived in solitude within the odd forests of the Fae realm. All that was on her mind was trying to live. Then, a man crossed paths with Fae, A scholar that shared with her his dreams. Over the years, the man would return with colleagues whenever they were passing by. They too shared their dreams with the Fae. But then, they stopped passing by. The Fae waited, longing to see them again, but it was for naught. So one day, when a crossing occured near them, the Fae left her home. The Fae now wanders the country side as a traveling healer, Wishing to find and make dreams of her own, and understand those that she had previously met.",,,,,,
Cynthia 6,,,,,,Kor'Tarion: The Faerie Realm,,,,,
Cynthia 7,,,,,,,,"A wolven Fae hailing from the abstract wood of the faerie realm. Cynthia has a predominantly black furcoat with orange and cyan marking throughout.
Feathers also stick out from a numerous places in her fur, taking on similar colorations. 
She can typically be seen wearing a lightly colored hemp woven cloak over a piece of cloth covering chest and some baggy leggings. She's adorned with multiple different accessories made from twine, wood, and other greenery. While she doesn't seem to be carrying any weaponry, she typically can be seen walking around with a curved wooden staff",,,
Cynthia 8,,,,,,,,,She/Her,,
Cynthia 9,,,,,,,,,,Fae,
Cyph 1,21,,,,,,,,,,
Cyph 10,,,,,,,,,,,Peace
Cyph 2,,https://i.imgur.com/5SykMQp.png,,,,,,,,,
Cyph 3,,,#FFFFFF,,,,,,,,
Cyph 4,,,,Freelance Enforcer Full of Confidence,,,,,,,
Cyph 5,,,,,"Cyph was formerly in a special 100G program of details she is not allowed to talk about. But due to how things in the program had been going it was discontinued freeing her from the obligation she had. However because of this program there were not many skills beyond acting as enforcer that she had, so they sponsored her for a TLEL. As long as she continues to uphold her agreements from the past contract and does good work they have agreed to keep her sponsored.",,,,,,
Cyph 6,,,,,,North Rock - Terra,,,,,
Cyph 7,,,,,,,,"Cyph is a woman who stands at 5' 5"" she has very long white hair and icey blue eyes. She seems to favor wearing an oversized jacket.",,,
Cyph 8,,,,,,,,,She/Her,,
Cyph 9,,,,,,,,,,Human,
Cypher Yuten 1,25,,,,,,,,,,
Cypher Yuten 2,,https://cdn.discordapp.com/attachments/764533229435879496/1293351277496897627/Cypher_Streets.png?ex=67070ebd&is=6705bd3d&hm=c03cb44f7eeffbb12b19a1a351aa7f3c747b3b191f752b20021d0ed9f127a4a0&,,,,,,,,,
Cypher Yuten 3,,,,Solo Developer turned DAemon Summoner,,,,,,,
Cypher Yuten 4,,,,,"A once solo game developer, having recently invited another to join the development team. 

Known to use a steel plated suite case to carry mysterious cards.",,,,,,
Cypher Yuten 5,,,,,,Terra- Silver Rock (South),,,,,
Cypher Yuten 6,,,,,,,,"A thin framed snow leopard, sporting eye catching hair. Attire from the upscale side of Silver Rock, showing a modicum of skill to live such a lifestyle.
     A plethora of both physical and mechanical augmentations decorate their body. Giving the likeness of a snow leopard

 Cypher clocks in at 5'10"" and weighing in at 192lbs.",,,
Cypher Yuten 7,,,,,,,,,He/Him,,
Cypher Yuten 8,,,,,,,,,,Human (Snow Leopard Augmentation),
Cypher Yuten 9,,,,,,,,,,,Innovation
Céline Brighttail 1,24,,,,,,,,,,
Céline Brighttail 10,,,,,,,,,,,Curiosity
Céline Brighttail 2,,https://cdn.discordapp.com/attachments/937504200215130212/1339554192456683601/E9CuLKWWUAAv8EO.jpg?ex=67af248f&is=67add30f&hm=5aa8a897fec7db2521730ad1b2edf42b3932d533b30e0637ffd00cd37b9acdef&,,,,,,,,,
Céline Brighttail 3,,,#30308B,,,,,,,,
Céline Brighttail 4,,,,Fae Scholar of the Arcane,,,,,,,
Céline Brighttail 5,,,,,"Born to an underground community of Ratfolk in the fae realm, Céline grew up in a world of rules and restrictions, longing for a chance to know the world outside. She'd dream of climbing up to the moon, and asking the stars why the world was as it was.

One day, the stars answered.

They guided her away from her familiar home, into the mortal realm, and to a distant, ancient temple. There she struck a bargain: she would be taught the secrets of the stars, and in return, she'd one day return there to restore the temple to its former glory.

With that, she bound Anyktera as her first Arcana, and set out in pursuit of the knowledge and power to make good on her promise. She eventually joined Hudal Academy, where she honed her magic until its ruin during Project Bloodmoon.

Her classes on hold, she took to wandering Kor'tarion, and eventually stumbled into a certain anomalous storm... And the rest, as they say, is history.",,,,,,
Céline Brighttail 6,,,,,,"Hudal Academy, Kor'Tarion",,,,,
Céline Brighttail 7,,,,,,,,"""Many have told me that, when it comes to magic, the sky is the limit. I disagree. The sky is merely my starting point."" 

 Céline is a rat-like fae with soft white fur, large rounded ears, and sharp violet eyes. She is most often seen wearing a set of deep blue scholar's robes along with a black mask and a matching hat. Standing just under 4ft tall-- which she insists is quite tall for her kind-- she sports a delicate frame, though her ears give a significant height boost to her silhouette.",,,
Céline Brighttail 8,,,,,,,,,She/Her,,
Céline Brighttail 9,,,,,,,,,,Fae (Ratfolk),
Dai Shuye 1,Upper 20s,,,,,,,,,,
Dai Shuye 10,,,,,,,,,,,Duty
Dai Shuye 2,,https://i.imgur.com/LHB5Kj0.jpeg,,,,,,,,,
Dai Shuye 3,,,#FBB92D,,,,,,,,
Dai Shuye 4,,,,Taoist Tennō of Teisei,,,,,,,
Dai Shuye 5,,,,,"Shuye was brought on the ship during a Goldhearted mission. She once denied her own status as a goldhearted. She has advertised her counselling services in the past, but shortly after avoided making too many public appearances.

Over time, she became royal seneschal to Gin, before coming Emperor in his stead. Now, she has both a feminine and masculine form, the latter of which goes by Dai Tenbin.",,,,,,
Dai Shuye 6,,,,,,"Amagi, Teisei, Tian Yin",,,,,
Dai Shuye 7,,,,,,,,"As a woman, a 5'5 lightly melanated woman who dresses in colorful kimonos that, to those familiar with the culture, suggests an imperial background. As a man, much the same, but a few inches taller.

Her eyes bear the pattern of the Taiji, with topaz being on top in her masculine form, and amethyst in her feminine form.",,,
Dai Shuye 8,,,,,,,,,Any,,
Dai Shuye 9,,,,,,,,,,Human,
Daisy Starbloom 1,22,,,,,,,,,,
Daisy Starbloom 10,,,,,,,,,,,Ambition
Daisy Starbloom 2,,https://i.imgur.com/sU47ADs.png,,,,,,,,,
Daisy Starbloom 3,,,,Green Maiden of the Woodlands,,,,,,,
Daisy Starbloom 4,,,,,"Unlike other Deerfolk families, Daisy grew up isolated from the world, living instead with a secluded coven of Forest Witches in the far north-eastern region of the Gwaed Forest. Raised as a young initiate under the Coven’s eclectic teachers, she was taught the art of herbalism, gardening, and sustainability. 

However, despite her enthusiasm and reverence for the earth, she struggled keeping pace with the other apprentices - seeming to lack an intuitive green thumb that her other sisters possessed. No matter her determination, she felt she was always one step behind, a flower struggling to bloom in the shade of trees. It wasn't until one of the Coven's renowned Hedge Witches stepped forward and nurtured Daisy as one of her own that her hidden potential began to flourish. 

And now, like a sapling with budding leaves, Daisy recently has taken the leap forward to leave the hearth of her coven, and truly figure out what her own green thumb looks like beyond the woodlands.",,,,,,
Daisy Starbloom 5,,,,,,"Gwaed Forest, Kor'tarion",,,,,
Daisy Starbloom 6,,,,,,,"Bloomwalker Daisy
Honeybee",,,,
Daisy Starbloom 7,,,,,,,,"Daisy is a 5'2"" half-deer girl with warm, dark-brown skin and white spots that dust across her cheeks and fawn ears. Her hazel green eyes seem to always carry an ever-curious, yet serene expression, looking almost lost in whatever occupies her thoughts at the time. An abundance of curly brown hair tumbles down her shoulders and back, partially entwining the small antlers atop her head, which bloom with small flowers that change alongside the seasons. Her everyday attire reflects her rustic upbringing, making up cottagecore dresses that are sometimes paired with a half-apron, even when she's not actively cooking. 

The sweet scent of honey, citrus blossoms, and fresh cinnamon seem to follow wherever she goes, as if the springtime warmth lingers in her presence.",,,
Daisy Starbloom 8,,,,,,,,,She/Her,,
Daisy Starbloom 9,,,,,,,,,,Demi-Human (Deerfolk),
"Daphila ""Daphy"" Tinkertop 1",33,,,,,,,,,,
"Daphila ""Daphy"" Tinkertop 10",,,,,,,,,,,Ambition
"Daphila ""Daphy"" Tinkertop 2",,https://i.imgur.com/a5P6hjH.jpeg,,,,,,,,,
"Daphila ""Daphy"" Tinkertop 3",,,9D00FF,,,,,,,,
"Daphila ""Daphy"" Tinkertop 4",,,,Hopeful Eccentric Toymaker,,,,,,,
"Daphila ""Daphy"" Tinkertop 5",,,,,"Daphila grew up in an isolated little community of Fae called Dazzleton. The Fae of Dazzleton are all adept illusionists, except Daphila, given magic never made much sense to the young Fae. Unable to help provide for the grand illusion that keeps the little town hidden from the rest of the world Daphila felt like an outsider among her own kind. In this solemn state she took to woodcarving, sewing, and even tinkering with clockwork, eventually being able to make a few toys for herself. They served as nice little distractions, letting her forget her predicament even for just a little while. She then started making them for other kids, seeing the smile on their faces made her realize what she wanted to do. So she packed up and left her hometown to travel across the world and spread the same joy she felt for a period of a few years, before the Worldhelm sought her out.",,,,,,
"Daphila ""Daphy"" Tinkertop 6",,,,,,"Dazzleton, Faerie Realm, Kor'Tarion",,,,,
"Daphila ""Daphy"" Tinkertop 7",,,,,,,,"Delphila stands at a staggering 3'2"". She has long sparkling purple hair and is usually carrying around a pack full of trinkets twice her size. Making jingles, and rattles everywhere she goes.",,,
"Daphila ""Daphy"" Tinkertop 8",,,,,,,,,She/Her,,
"Daphila ""Daphy"" Tinkertop 9",,,,,,,,,,Fae,
Dastan of the Swirling Sands 1,24,,,,,,,,,,
Dastan of the Swirling Sands 2,,https://i.imgur.com/3AtQnqw.png,,,,,,,,,
Dastan of the Swirling Sands 3,,,,Free-spirited Bandit of the Desert,,,,,,,
Dastan of the Swirling Sands 4,,,,,"Dastan was born to one of the free-spirited clans living away from imperial influence, deep within the northern sand dunes. Dastan has always been a dreamer, fascinated by the heroes of old, he left his homeland to seek his fortune in distant lands. To survive in the harsh desert and make a name for himself, he turned to banditry, targeting imperial convoys and wealthy travelers. Yet, despite his roguish lifestyle, Dastan held to a code of honor. He never raided those who could not afford it and ensured his victims had enough supplies to reach safety.

After a particularly dangerous raid on an imperial convoy hunted by Kiir, Dastan took a mysterious relic, a blood-red gemstone set in brass known as the Raging Sun. While he could feel there was something wrong with it Dastan couldn’t bring himself to part with it. After all perhaps this gem was the key to become a legend like those of old.",,,,,,
Dastan of the Swirling Sands 5,,,,,,"Northern Sand Dunes, Nezmira",,,,,
Dastan of the Swirling Sands 6,,,,,,,,"Dastan is a human, 5'11 ft tall with a well built body. He has tanned skin, shoulder length blue hair and golden eyes. Often wearing ornate clothing that as well as jewelry.",,,
Dastan of the Swirling Sands 7,,,,,,,,,He/Him,,
Dastan of the Swirling Sands 8,,,,,,,,,,Human,
Dastan of the Swirling Sands 9,,,,,,,,,,,Ambition
Dawn of Nezmira 1,20,,,,,,,,,,
Dawn of Nezmira 10,,,,,,,,,,,Forgiveness
Dawn of Nezmira 2,,https://i.imgur.com/PNNpZI0.png,,,,,,,,,
Dawn of Nezmira 3,,,#FFD700,,,,,,,,
Dawn of Nezmira 4,,,,Avatar of Twilight,,,,,,,
Dawn of Nezmira 5,,,,,"Dawn of Nezmira, she who was once named ""Zero"". Once she believed she had nothing, and now with the gift of the Dragonlord of the Dawn Atem she has a new purpose. Many of the Goldhearted would remember her for her odd behaviors and meek appearance. 

Now, Dawn stands proud of who she is and for what she believes in. Entrusted with the legacy of Dragonlord Atem she returned to the ship changed. Now ready to carry on the hopes, dreams and future for the people of Nezmira.",,,,,,
Dawn of Nezmira 6,,,,,,Nezmira - Northern Sand Dunes,,,,,
Dawn of Nezmira 7,,,,,,,,"Standing roughly at 5'8 (172 cm) she stands a few inches above average for her people. Before she was malnourished and barely alive. Now, Dawn stands proudly for her people. Gifted with the power of Dusk and Dawn she glows faintly with an golden light. One of her eyes a crimson red and the other a pale turquoise. Proudly she shows off her draconic features, adorning her horns with jewelry to show devotion to the Dragonlord of Dawn.",,,
Dawn of Nezmira 8,,,,,,,,,She/Her,,
Dawn of Nezmira 9,,,,,,,,,,Ophidiya,
Deacon Farum 1,22,,,,,,,,,,
Deacon Farum 2,,https://theboipoet.wordpress.com/wp-content/uploads/2015/04/taliesin.jpg,,,,,,,,,
Deacon Farum 3,,,,Voice of the fallen,,,,,,,
Deacon Farum 4,,,,,"Deacon grew up in the city of Midholde, son to a wealthy merchant. He never really liked the merchant life much, so he would often sneak out from home in order to spend time with those who traveled through the settlement. Deacon found love in the arts. Singing, acting, story telling, these things brought joy to him, which made him love talking to the travelers all the more. To hear the songs and stories of peoples across the land, it was his dream. He left for quite some time on a trip to see a potential business offer at the behest of his father. When he finally returned to Midholde, he saw its ruins, his family gone, he was by himself. With nothing to his name, he spent no time with grief and went on a journey, not just to fulfill his dream, but as a duty to make sure those who fall will have their stories and songs remembered forever.",,,,,,
Deacon Farum 5,,,,,,"Midholde, Kor'Tarion",,,,,
Deacon Farum 6,,,,,,,,"Dirty blonde hair, skin white, and eyes green like emeralds. Deacon stands at a height 5'7ft, his physique skinny and average in almost every way, save for the fact that his face is as beautiful as that of an angel. Upon his head is a reddish orange and gold cap adorned with the exotic feathers of orange and yellow birds. He wears baggy and poofy pants alongside a shirt of similar fashion, sporting colors of scarlet and a dark yellow. Around his shoulders and neck is an emerald green scarf of great length, long enough to almost seem like a cape at times. His shoes are rather goofy, but are made of good quality leather.",,,
Deacon Farum 7,,,,,,,,,He/Him/His,,
Deacon Farum 8,,,,,,,,,,Human,
Deacon Farum 9,,,,,,,,,,,Duty
Dealan-Dè 1,19,,,,,,,,,,
Dealan-Dè 2,,https://images-ext-1.discordapp.net/external/P-r7GwTxNkZO0cdBEHgVNg1BqpmJ5NVTfYBDMKJUBcM/%3F1592556586/https/cdnb.artstation.com/p/assets/images/images/027/792/183/large/minkyu-lee-1.jpg,,,,,,,,,
Dealan-Dè 3,,,,Butterfly Blade,,,,,,,
Dealan-Dè 4,,,,,"Dealan-Dè was originally a seamstress from the town of Dryholde, tasked with sewing clothing for the townsfolk.  Though she was a master artisan by no means, she was dedicated to her work, and cared greatly about it.

One night, whilst exploring a remote corner of the Gwaed, she saw an entrancing sight out of the corner of her eye; a fragment of silver stone, with a colony of butterflies perched atop it. She approached the location, and touched the stone, causing a cascade of emotions and thoughts to pour forth. Memories of tragedies from the past, strong feelings of relationships she had, be they of love or hate, and a portent of danger approaching on the horizon. Her desire for justice shaped the stone into a blade, and the butterflies instead perched on her. Unsure of what to make of things, but fearful of the future it foretold, she attempted to cut through the darkness surrounding her, and in its wake, found herself upon the Worldhelm, with no guidance from the newfound creatures.",,,,,,
Dealan-Dè 5,,,,,,Kor'Tarion,,,,,
Dealan-Dè 6,,,,,,,,"Dealan-Dè is a remarkabaly short girl, measuring up to 4'7 in height, and weighing 92 lbs. Her features are svelte and eye catching, with hair and eyes of a subtle lavender shade. 

As if to compliment her elegant and dainty appearance, she is followed at all times by a small gathering of butterflies, or at the very least, apparitions that take the appearance of butterflies. With no physical substance, and an appearance that vanishes once in someone's peripheral vision, the ethereal creatures lend to her unique silhouette, making her easy to spot in a crowd.

She clothes herself in flowy, breathable outfits, prioritizing range of motion over protection, making up for it with small bronze plating in some areas. On her hip, even in casual settings, is a beautiful sheathed sword, that she constantly rests her hand upon, as if to ensure it still remains in its proper place.",,,
Dealan-Dè 7,,,,,,,,,She/Her,,
Dealan-Dè 8,,,,,,,,,,Human,
Dealan-Dè 9,,,,,,,,,,,Justice
Dehua and Jiǔ Yǒu 1,23,,,,,,,,,,
Dehua and Jiǔ Yǒu 2,,https://i.imgur.com/HbyT0kq.png,,,,,,,,,
Dehua and Jiǔ Yǒu 3,,,,"Lost Cultivator, Seeking Mastery",,,,,,,
Dehua and Jiǔ Yǒu 4,,,,,"Dehua is a cultivator from Xuanwu City, in Wujing Guo. After joining her sect, the Golden Cicada, she learned the art of medicine, and eventually discovered her traveling companion, Jiǔ Yǒu, which set her on track to begin following the Dao of the Drunken Master.

Once the two had joined forces, Dehua's progress increased steadily, with her improvised cures and treatments growing more potent, if less predictable, until one day when her intensive treatment of a patient eventually whisked her away into a Realmstorm, and deposited her on the Worldhelm.",,,,,,
Dehua and Jiǔ Yǒu 5,,,,,,"Xuanwu City, Wujing Guo",,,,,
Dehua and Jiǔ Yǒu 6,,,,,,,,"Dehua is a diminutive Bishi'e woman, coming up to 4'10"" in height, when her heels and horns are out of the question. She's typically clad in black and gold, and covered in minor scrapes and scratches. Floating behind her at all times, is Jiǔ Yǒu, a drinking gourd with special properties, that seems endeared to Dehua, despite the object itself being unable to speak. It is thanks to this gourd that Dehua seems to always be moving as if she's slightly tipsy.",,,
Dehua and Jiǔ Yǒu 7,,,,,,,,,She/Her,,
Dehua and Jiǔ Yǒu 8,,,,,,,,,,Bishi'e,
Dehua and Jiǔ Yǒu 9,,,,,,,,,,,Charity
Desoka Targandr 1,25,,,,,,,,,,
Desoka Targandr 2,,https://i.pinimg.com/736x/cf/8b/ee/cf8beef1508b61d3a918a9293b2640e7.jpg,,,,,,,,,
Desoka Targandr 3,,,,Arctic Monster Hunter,,,,,,,
Desoka Targandr 4,,,,,"Born in the icy wilds of Aldistir to Star-Crossed Lovers, Desoka's life changed after he was abandoned at a young age outside the village of Camp Von Kibo. He has been honing his martial skill since childhood but has always had the innate power over the elements, After reaching adulthood, he decided to use his talents and become a monster hunter. Now known for his cold heart and sharp blade, his deeds only grew as he honed his skills facing the perilous beasts of the realm. After a deadly encounter with a draugr, Desoka finds himself upon the Worldhelm seeking a new purpose as he picks up his sword once again in the hopes of securing his new life and surviving whatever comes next.",,,,,,
Desoka Targandr 5,,,,,,"Silver Spire, Aldistir",,,,,
Desoka Targandr 6,,,,,,,,"A dark skinned young man, about 5'10 in a white combat tunic with a cloak and a large katana with a bronze grip. He has black hair and icy blue eyes, he typically has a mean look about him and always seems to be cold.",,,
Desoka Targandr 7,,,,,,,,,He/him,,
Desoka Targandr 8,,,,,,,,,,Human,
Desoka Targandr 9,,,,,,,,,,,Survival
Despina — ᵀʰᵉ Deliverance 1,19,,,,,,,,,,
Despina — ᵀʰᵉ Deliverance 10,,,,,,,,,,Humanoid (slightly sheepy),
Despina — ᵀʰᵉ Deliverance 11,,,,,,,,,,,Connection
Despina — ᵀʰᵉ Deliverance 2,,https://i.imgur.com/nTl1A72.jpeg,,,,,,,,,
Despina — ᵀʰᵉ Deliverance 3,,,#7A1C1C,,,,,,,,
Despina — ᵀʰᵉ Deliverance 4,,,,Orphaned Blade Seeking Strength,,,,,,,
Despina — ᵀʰᵉ Deliverance 5,,,,,"Despina Stripeless hasn't opened up much about her history at Gnosis Academy, but some things are pretty easy to tell about her. Just from the way she acts and carries herself, it's clear she's from Dreadlan, and her look as a Regalia all but screams it at a glance. People with a little familiarity could guess she grew up with Wild Souls, and probably ones living outside Gray Fox Castle. And from some of the things she's answered in questions or shown in practical magic, she knows a bit of the nastier magic Dreadlan's known for.

A student in her third year, Despina has already failed a few classes. She has talent and dedication, having already completed the Rite of Arms, but struggles with book learning. She also struggles with socializing, being clearly more used to the social dynamics of whatever wolfpack she grew up with. (Though she'd tell anyone who *asked* that they were striped hyenas.)",,,,,,
Despina — ᵀʰᵉ Deliverance 6,,,,,,"Kaiway, Wastes of Dreadlan",,,,,
Despina — ᵀʰᵉ Deliverance 7,,,,,,,"Despina Stripeless
ᵀʰᵉ Deliverance",,,,
Despina — ᵀʰᵉ Deliverance 8,,,,,,,,"*Despina:*
5'2"" (158 cm)
Curly red hair, shy of chin length
Brown eyes with rectangular pupils
Light brown skin
Spiraling sheep horns
Wooly red tail, fairly long (like an undocked sheep)
Dressed in a Gnosis Academy student's uniform: a pink-purple shirt with gold accents, sleeves flaring at the elbows, with a darker undershirt going to the wrists; a red sash bearing the insignia of the Regal House of Treasures; off-white pants; and oddly shaped boots on her hooves.

*ᵀʰᵉ Deliverance:*
A one-handed axe with a haft that looks to be made of a long femur, cracked at its bottom. It is wrapped with fabric with white and black stripes to make a handle.
The axe is largely dark black, shifting to dark grey as it starts narrowing to the cutting edge. Symbols are etched onto the blade that dully glow when she is using her token magic while in her core.",,,
Despina — ᵀʰᵉ Deliverance 9,,,,,,,,,She/Her,,
Devon d'Augustino 1,24,,,,,,,,,,
Devon d'Augustino 2,,https://i.imgur.com/SksJLJf.png,,,,,,,,,
Devon d'Augustino 3,,,,Indebted Singer on the Run,,,,,,,
Devon d'Augustino 4,,,,,https://docs.google.com/document/d/1q-b_0MDDqucyATSm6KUEtIhzr6c01JfLH1twuY7wFm8/edit,,,,,,
Devon d'Augustino 5,,,,,,"Terra, North Silver Rock",,,,,
Devon d'Augustino 6,,,,,,,,"Devon is a 5-foot, 5-inch king. His whole body has been modified to look like a tiger shark, complete with teeth, webs between his fingers, and a fairly long tail. He's got short black hair, coffee-colored irises and the back of his tan-and-sand body is lined with darker stripes all the way down his tail.",,,
Devon d'Augustino 7,,,,,,,,,He/Him/His,,
Devon d'Augustino 8,,,,,,,,,,Human Tiger Shark?,
Devon d'Augustino 9,,,,,,,,,,,Optimism
Dhata Chamomile 1,23,,,,,,,,,,
Dhata Chamomile 10,,,,,,,,,,,Ambition
Dhata Chamomile 2,,https://i.imgur.com/sF1CS0F.jpeg,,,,,,,,,
Dhata Chamomile 3,,,#859155,,,,,,,,
Dhata Chamomile 4,,,,A Psychic Scientist's Synthesis,,,,,,,
Dhata Chamomile 5,,,,,"Dhata Mithril had worked tirelessly to further one goal: to imbue everyone in Lhodos with psychic abilities. To her mind, it could end Merrane's tyranny for good, elevate humanity, and usher in a new era of unity, peace, and joy in Lhodos. She went so far as to make herself the test bed for this experimentation, becoming an Esper and gaining incredible power at the cost of instability and pain, all in pursuit of this utopia.

For a time, they lost all ambition, and then, all memory. But now, they are prepared to make good on their dreams. To bring the world into a new era. To bring peace, happiness, and hope. To be a hero.",,,,,,
Dhata Chamomile 6,,,,,,Academy of Korala,,,,,
Dhata Chamomile 7,,,,,,,,"Dhata stands at a little over 5'9"", with a rather reedy build. Their skin is dotted with scuffs and bandages from past training injuries. They carry themself with a calm, focused demeanor, their inner turmoil all but settled.",,,
Dhata Chamomile 8,,,,,,,,,any,,
Dhata Chamomile 9,,,,,,,,,,Human,
Diu Pham 1,20,,,,,,,,,,
Diu Pham 2,,https://i.imgur.com/0tZvPwj.jpg,,,,,,,,,
Diu Pham 3,,,,Eldest Sister Given A Second Chance,,,,,,,
Diu Pham 4,,,,,"Diu, who was once a promising cultivator, has spent most of her life acting as the sole caretaker for her two younger siblings after a spirit beast incident left her family fatherless and her mother despondent. It was a difficult life, but not without it was a warmth.

It was not fated to last, however, as after her sister was arranged for marriage, Diu learned that the suitor was planning on sacrificing her sister in a demonic cultivation ritual. She tried to prevent it with her brother, but the two were too late, and Diu was cut down in the encounter. The next time she opened her eyes, her brother was missing, and she found herself viciously maimed and barely clinging onto the thread of life. 

Her vision was rapidly darkening until a blurred figure appeared before her. Most of what was said became an elongated garble of words except for one thing. A promise at a second chance. What that second chance means is yet to be determined...",,,,,,
Diu Pham 5,,,,,,"Hơi Nóng Village, Tian Yin",,,,,
Diu Pham 6,,,,,,,,"A young woman who stands at 5'7. She keeps her hair tied neatly with a single large braid and wears a dress from her home, modified to be more practical for long-distance travel. A distinct spectral quality surrounds her like she's not entirely there.",,,
Diu Pham 7,,,,,,,,,She/Her,,
Diu Pham 8,,,,,,,,,,Human,
Diu Pham 9,,,,,,,,,,,Duty
Dolly Felton 1,?,,,,,,,,,,
Dolly Felton 10,,,,,,,,,,,Innocence
Dolly Felton 2,,https://i.imgur.com/MFDFm31.png,,,,,,,,,
Dolly Felton 3,,,#E6E6FA,,,,,,,,
Dolly Felton 4,,,,Doll Puppeteer,,,,,,,
Dolly Felton 5,,,,,"Dolly comes from the Fae Realm, starting her journey when a travelling artisan mistakenly came across her domain and provided her with laughs and accidentally leaving the tools necessary for tinkering and puppetry— she now looks for said woman whilst exploring the outside with curiosity and explicit interest.",,,,,,
Dolly Felton 6,,,,,,Fae Realm,,,,,
Dolly Felton 7,,,,,,,,"Dolly is a fae, whose physical body outside of her realm consists of a small, stout plushie doll. From the first look, it is not too apparent that the doll is magical, but it is where her spirit is stored, made from a very soft, durable fiber.",,,
Dolly Felton 8,,,,,,,,,She/Her,,
Dolly Felton 9,,,,,,,,,,Fae,
Donovan Goodwin 1,29 years old,,,,,,,,,,
Donovan Goodwin 2,,https://media.discordapp.net/attachments/257623687170097154/1175708904747962368/Donovan_Experimental_BG.png?ex=663b32be&is=6639e13e&hm=3c5555233fe4fb35779d3ae633d4d4aab52ac5c34f8e3cd5a1db54d022da242f&,,,,,,,,,
Donovan Goodwin 3,,,,Ceremonial Dancer With a Penchant for Fooling Around,,,,,,,
Donovan Goodwin 4,,,,,"When he was younger, Donovan was a wandering dancer who traveled across Kor'Tarion and put on beautiful performances only to vanish the next day. He didn't stay for long, only using them to earn enough zenit to make it to the next settlement.  
As he arrived to the small town of Dryholde and started setting up for his show, he was approached by a kindly middle-aged man who seemed to be the town's priest. He asked if Donovan had appropriate accommodations for the night. Donovan brushed him off, but he was persistent. He gave in and was brought to the town's orphanage. Despite being 19, he was treated with overwhelming kindness. Donovan fell in love with the sense of community the quaint town had and felt at home there. That night, he put on the most heartfelt dance in his career. Enchanted by the town, he decided to settle down there, becoming a frequent helper at that very orphanage. Spending time with the kids softened him up, and he's developed a love for pranks and jokes as a result",,,,,,
Donovan Goodwin 5,,,,,,Dryholde,,,,,
Donovan Goodwin 6,,,,,,,,"Donovan is a tall, stocky, slightly intimidating human man dressed in plain religious vestments. On his shoulder he carries a long, golden cloth he uses in tandem with his fans for his performances. Despite his grey hair, he is, in his words, ""29 years young"".",,,
Donovan Goodwin 7,,,,,,,,,He/Him,,
Donovan Goodwin 8,,,,,,,,,,Human,
Donovan Goodwin 9,,,,,,,,,,,Mercy
Doragon 1,25,,,,,,,,,,
Doragon 2,,https://i.imgur.com/xO0ds2T.png,,,,,,,,,
Doragon 3,,,,A tainted shapeshifter,,,,,,,
Doragon 4,,,,,"Doragon is an Ophidiya, born from a human servant and a Nezzim Master in the City of Scales.   Doragon was immediately hidden away or else risk the disgrace of the Nezzim parent’s bloodline.  However, soon it was discovered that Doragon had the ability to shape shift as either pure human or pure Nezzim.  Therefore, Doragon was brought back to “hide” in the Nezzim environment.  However, someone discovered their true natures and the tattling began.  Doragon, having so much love for their mother, left the City of Scales to avoid adding to a possible scandal.
Doragon forged ahead eventually finding their way to City of Sand Sailors where they have been fully excepted by the local citizens while they are in Nezzim form.  However, Doragon has not fully accepted themself and thus begins their inner journey.  They have trained in the ways of Fury which is fuel by their inner turmoil and hate for the Nezzim.  They also have found they have a way with the Elements garnered from the birth ancestr",,,,,,
Doragon 5,,,,,,The Realm of Nezmira from The City of Scales,,,,,
Doragon 6,,,,,,,,"6'5""  and 200 lbs pale skin being with silver scales lining the sides of their head, neck, arms, torso and legs.  Black wings expand from the back and silver horns protrude from their head.  They have white strait hair.  They wear a long combat tunic that looks like a trench coat and have high black boots.  Shirt and pants underneath their tunic.",,,
Doragon 7,,,,,,,,,They/Them,,
Doragon 8,,,,,,,,,,Ophidiya,
Doragon 9,,,,,,,,,,,Doubt
Dorian 1,21,,,,,,,,,,
Dorian 2,,https://images-ext-1.discordapp.net/external/HxxNCutlqlxGsX614DSo52AjXVq6x5Mn5SuQ6rqXVvk/https/blogger.googleusercontent.com/img/b/R29vZ2xl/AVvXsEidynws4iWu0Vllx7J7kyoxtSFAqD3VupDmAm__aHtalFNc2Rbd_MUhNGfLgb2FnmCPCTHkIlWhvgLMeU54r8dW6C3hpJRn4aDSC6PKQ466v0KKJtIFPD0Yw0UYPutv2E_KGvwQj2TbCNIiT8RK_k_vA-NPR5cq8lo16LCIoFs63sHcuhy3cVrvMPQzqw/s797/Monk.jpg,,,,,,,,,
Dorian 3,,,,Traveling Monk,,,,,,,
Dorian 4,,,,,"Dorian was sent by his family to a monastery in the mountains to learn the Fivefold Philosophy, a way to balance out the spirit against both the physical elements and the mental uncertainties that exist in the world. He devoted himself to studying the spear as a means of defense and also centering his mind. He strives to perfect his technique in both areas. Once he finished his training, he took a position at the Fire Shrine, helping protect the shards so research could continue on how their power could be used to reverse the damage that was done when the moon disintegrated.",,,,,,
Dorian 5,,,,,,Kor'Tarion,,,,,
Dorian 6,,,,,,,,"Dorian is an athletic human of slightly above average height from Kor'Tarion. He has black hair and brown eyes. Height 5'10"" Weight 160 lbs",,,
Dorian 7,,,,,,,,,He/him,,
Dorian 8,,,,,,,,,,Human,
Dorian 9,,,,,,,,,,,Ambition (become master of the spear)
Dr. Lawrence Faust 1,41 (Physically 24),,,,,,,,,,
Dr. Lawrence Faust 2,,https://i.imgur.com/9rfvBFQ.png,,,,,,,,,
Dr. Lawrence Faust 3,,,,Ever-Clocked-In Pharmacist Trying His Best,,,,,,,
Dr. Lawrence Faust 4,,,,,"Nearly twenty years ago, he took out a simple and manageable loan to open a pharmacy with a friend. However, not long after, just as the business was beginning to take a dip, the Baylore Company collapsed. His loan was now in the hands of ETA, and there was little he could do about it. In a stress-enduced bender one evening, Lawrence attempted to return home, intoxicated. Unaware, and delerious, Lawrence stepped out into traffic, and passed away. Since then, he's managed his pharmacy as a diligent, passionless worker, with glazed red eyes. ETA had returned him as an Insolvent, and he was now to work for the rest of days.",,,,,,
Dr. Lawrence Faust 5,,,,,,"Haven, Central",,,,,
Dr. Lawrence Faust 6,,,,,,,,"Lawrence is a shorter man (5'5''), with pale ashy skin, and faded crimson eyes. His hair is a light gray and he wears a similarly toned suit. He has minimal skin showing, and simple metal jewelry. He's cold to the touch, and has a generally foul aura about him, to those familiar with magic. The boy is undead.",,,
Dr. Lawrence Faust 7,,,,,,,,,He/Him,,
Dr. Lawrence Faust 8,,,,,,,,,,Insolvent (Human),
Dr. Lawrence Faust 9,,,,,,,,,,,Meaning
Dull Ahan 1,26/1,,,,,,,,,,
Dull Ahan 10,,,,,,,,,,,Justice
Dull Ahan 2,,https://i.imgur.com/TbJqCnF.jpeg,,,,,,,,,
Dull Ahan 3,,,8555b4,,,,,,,,
Dull Ahan 4,,,,Reanimated pumpkin knight,,,,,,,
Dull Ahan 5,,,,,"Once a regular man who wanted to defend his hometown from the constant undead threat, he decided to go to the source and take down a necromancer. That necromancer Killed the man and turned the man into a reanimated monster. despite this, he still wanted to do good despite the people of Kor'Tarian treating him as a mindless monster",,,,,,
Dull Ahan 6,,,,,,Kor'Tarian,,,,,
Dull Ahan 7,,,,,,,,6:3 pumpkin headed man with an eternal lite in his eyes and mouth (literally) and eternal sinister smile. He is dressed in raggedy clothing with a cape and coat over his armor. The armor has a massive almost magical gash over its chest and a heart stitch where his heart SHOULD be. he has grafts over his body and clear stitching where he was sealed together,,,
Dull Ahan 8,,,,,,,,,He/Him,,
Dull Ahan 9,,,,,,,,,,Necromancers Creation,
ELK 1,?,,,,,,,,,,
ELK 2,,https://fbi.cults3d.com/uploaders/16589214/illustration-file/89b2566f-51f6-448b-a97b-1b5551fe1238/image-champion-stag-knight.jpg,,,,,,,,,
ELK 3,,,,Wandering Fae Knight,,,,,,,
ELK 4,,,,,"The Fae Realms are a strange place - the fae crossings, only slightly less so. These places where the lands of men and fae meet are more... traversable than anywhere else in these alien lands - but make no mistake: these are still faerie lands. These woods are still dangerous to be in.

But there are rumors. Rumors of an armored figure, wielding weapons bearing no insignia. Rumors of a warrior that declares themselves ally of the innocent, protector of the meek. Rumors of a knight that ensures that even in a place as weird as the realms of the faerie, honor and chivalry still have hold.

This knight is real, and he does not know his name. He does not know his home. He does not know his origin. He knows only his oath, and the code he is sworn to. For strange years he has protected and served as arbiter of the places where men and fae meet... but now he leaves his appointed place, for a question has suddenly pierced his mind:

Who is he?",,,,,,
ELK 5,,,,,,"The Faerie Realm, Kor'Tarion",,,,,
ELK 6,,,,,,,,"A well built, 6' tall figure decked in full armor, distinguishable by the mighty anklers on his helm. His arms, though well-maintained, curiously lack any markings or emblems.",,,
ELK 7,,,,,,,,,He/Him,,
ELK 8,,,,,,,,,,Fae,
ELK 9,,,,,,,,,,,Memory
Ebb 1,???,,,,,,,,,,
Ebb 2,,https://i.imgur.com/8QkmV8Y.png,,,,,,,,,
Ebb 3,,,,Cosmic Envoy Seeking Their Fate,,,,,,,
Ebb 4,,,,,"Very little would be known of Ebb, other than that they are a Cecrae. Rumors of a creature that is like Ebb would've started up around fifteen or so years ago around the western shores of Kor'Tarion. A ghost like creature that would watch people gathering Sea Glass or as they fished. While it was never malicious in its actions, many said that seeing it was an omen while others claims it was a blessing.

Stories do not need to be good or bad. Happy or sad, these things do not matter. As long as your story is fulfilling it does not matter how it ends. I am merely a follower in your story, and when needed I will light your way.",,,,,,
Ebb 5,,,,,,Elder's Crag - Kor'Tarion,,,,,
Ebb 6,,,,,,,,"Ebb stands roughly around 4' (121cm), and is vaguely shaped as a normal person. Where there would be eyes are faint motes of light, similar to dim stars in the night. Their form matches the color of the space between the stars, a deep blueish black. Coming from the top of their head is a pair of antenna like pieces of 'hair'. Flowing down past their waist is seeming white colored hair, though it fades off into nothingness instead of normal ends of hair.",,,
Ebb 7,,,,,,,,,They/Them,,
Ebb 8,,,,,,,,,,Cecrae,
Ebb 9,,,,,,,,,,,Destiny
Echo 1,30,,,,,,,,,,
Echo 10,,,,,,,,,,,Harmony
Echo 2,,https://i.imgur.com/u1w4SPQ.jpeg,,,,,,,,,
Echo 3,,,,The Fox Who Found His Rhythm,,,,,,,
Echo 4,,,,,"Though granted sapience and power as a young kit, Echo holds no particular loyalties to any of the Aesir, including Kuzunoha. His early life was marked by the same strife as countless other residents of Aldistir, crafting barriers in his heart that have remained strong into adulthood. Having been born and raised on the outskirts of Camp Von Kibo, Echo was known to associate minimally with the Aldish and other yokai, preferring his solitude whenever possible. 

Since boarding the Worldhelm, Echo’s growing understanding of connections between his fellow Goldhearted has melted away that desire for isolation, and he finds himself swearing to become a dependable companion for all.",,,,,,
Echo 5,,,,,,"Outskirts near Camp Von Kibo, Aldistir",,,,,
Echo 6,,,,,,,Echoes Through the Canyon,,,,
Echo 7,,,,,,,,A large red fox standing about 3' at shoulder-height and 5' long from nose to bushy tail. Distinguishable as a yokai from the soft golden glow of his eyes and the way wind seems to play a soft tune around him wherever he goes.,,,
Echo 8,,,,,,,,,He/Him,,
Echo 9,,,,,,,,,,Fox Yokai,
Edmund Archer 1,22,,,,,,,,,,
Edmund Archer 2,,https://i.imgur.com/83HOEAU.png,,,,,,,,,
Edmund Archer 3,,,,Charming Con-Man,,,,,,,
Edmund Archer 4,,,,,"Edmund Archer grew up in the streets of Lastport. From a young age, Edmund learnt quickly about the evils of the elite. Edmund used his pretty looks and charisma to get pity taken on him, using that to rob the rich blind. 

As he grew into a young adult, Edmund learnt how to behaviour as a servant, a common disguise he'd use to hide his identity. He does his best to help out the poor, acting as a sort of robin hood.",,,,,,
Edmund Archer 5,,,,,,"Lastport, Kor'Tarion",,,,,
Edmund Archer 6,,,,,,,,"Edmund is a 5""4 man with long light blue hair with hazel eyes. He wears a butler's uniform.",,,
Edmund Archer 7,,,,,,,,,He/Him,,
Edmund Archer 8,,,,,,,,,,Human,
Edmund Archer 9,,,,,,,,,,,Ambition
Edward Lowell Jr. 1,26,,,,,,,,,,
Edward Lowell Jr. 10,,,,,,,,,,,Justice
Edward Lowell Jr. 2,,https://media.discordapp.net/attachments/737973699336208428/1356658786252886186/Edward_Lowell_Jr._Banner-1.png?ex=67ed5e74&is=67ec0cf4&hm=868b456469a84e6fd5c184e452959cc149bc129fcf005daf9cc0e8ac7560dbf8&,,,,,,,,,
Edward Lowell Jr. 3,,,#ffdf00,,,,,,,,
Edward Lowell Jr. 4,,,,Businessman of a Million Mysteries,,,,,,,
Edward Lowell Jr. 5,,,,,"Ed is the owner of a small business known as ""The Million Mystery"" company. There's only a handful of people working at most, but they do alot of pro bono work for solving closed police cases and even supernatural occurances. Not much else is publically known about this man unless actively dug for on his records. He reeks of silver spoon privilege though.",,,,,,
Edward Lowell Jr. 6,,,,,,"Haven, Terra (Billionaire Lane, South Rock)",,,,,
Edward Lowell Jr. 7,,,,,,,,"Ed is a 6'4"" decently muscular guy with blonde hair and blue eyes. His physique is often hidden in a nice, custom tailored suit that keeps him sharp. His cologne smells of a dark wood and old spice blend.",,,
Edward Lowell Jr. 8,,,,,,,,,He/Him,,
Edward Lowell Jr. 9,,,,,,,,,,Human,
Ekho 1,???,,,,,,,,,,
Ekho 2,,https://i.imgur.com/DinPySO.jpeg,,,,,,,,,
Ekho 3,,,,Wandering Warden in Full Bloom,,,,,,,
Ekho 4,,,,,"With whatever limited vocabulary they have, a few of the induced hallucinations this one managed to provide, it's been only clear enough that Ekho acted as a warding flower next to the Kiir hives, occasionally taking proteins from fallen creatures. Things have changed when they ended up nursing a young woman back to health, just enough to get her back to safety. On a particularly rough night during the sandstorm, while this one was hiding away in an old sack, that decision ended up making this one eligible for the spot on the ship.

...or so this one recalls.",,,,,,
Ekho 5,,,,,,"???, Nezmira",,,,,
Ekho 6,,,,,,,,"To the naked eye, Ekho resembles a green-skinned desert plant in the shape of a young woman, with black eyes and a stretched-out mouth, with a hair bun that allows this one to open their own head as one giant bulb.

Standing about five feet high, this one wears an old linen sack they were thrown in with, with a rope acting like a sash to hold some of their possessions, like water skins and seeds of ""little ones"". One may also spot this one with a wooden stake they use for movement, gardening and, occasionally, fending off hostile creatures.",,,
Ekho 7,,,,,,,,,this/one,,
Ekho 8,,,,,,,,,,Plant,
Ekho 9,,,,,,,,,,,Caution
Elaine Sejr 1,~~19~~ 20,,,,,,,,,,
Elaine Sejr 2,,https://i.imgur.com/tkBlFPV.png,,,,,,,,,
Elaine Sejr 3,,,,Stubborn Tech Savant,,,,,,,
Elaine Sejr 4,,,,,"Elaine grew up in Haven, though where specifically isn't widely known. She travels around in her Van she inherited from her good Uncle, and left her home thereafter without any goodbyes. 

Since then she has been doing on and off jobs for people. Eventually getting into a gig with 100G Security. Though spends most of her time playing games and only working when she has to by her superiors or has bills to pay.

On her van is a sticker for blood and plasma donations.",,,,,,
Elaine Sejr 5,,,,,,"Terra, Haven",,,,,
Elaine Sejr 6,,,,,,,,"Height: 160cm

Elaine is a blonde haired female presenting individual from Terra. Rather petite figure and a patch covering her right eye. Usually wears rather loose clothes and looks mostly unbothered by most things.",,,
Elaine Sejr 7,,,,,,,,,She/Her/They/Them,,
Elaine Sejr 8,,,,,,,,,,Human (slightly Augmented),
Elaine Sejr 9,,,,,,,,,,,Rebellion
Elara Alksnis 1,18,,,,,,,,,,
Elara Alksnis 10,,,,,,,,,,Wilkin,
Elara Alksnis 11,,,,,,,,,,,Ambition
Elara Alksnis 2,,https://images-ext-1.discordapp.net/external/B5hW9c7RbkxltAKumJD4d9shkf7TJn3ZSMt4lHV7dhc/https/i.imgur.com/TnmDpro.png,,,,,,,,,
Elara Alksnis 3,,,#c41617,,,,,,,,
Elara Alksnis 4,,,,Overly Curious Combat Engineer,,,,,,,
Elara Alksnis 5,,,,,"Orphaned as a child due to Caden Lockflint's direct actions, she was fooled and taken by him as an adoptive daughter and raised to be a Magitech engineer. But her latent magic made it so the Magitech crystals consistently exploded from her touch, causing her to fail at the Academy of Korala.

Caden then severed ties with Elara, forcing her into a mercenary life. He left her with some equipment and two cyborg animal companions for support, of which only Quill remains. She managed to survive through these two years thanks to a band of mercenaries that saw her sharpshooting skills and took care of her.

She became a Goldhearted a year ago, and remained close to other Lhodosian, both from Merrane and Karslgard. She initially hid her relation to Caden, but was accepted even after it was revealed.

Recently, she learned the truth about Caden, and, with the help of Tika and Kviss, she learned to control her Chimeric magic. She then abandoned the surname Lockflint for Tika's Alksnis.",,,,,,
Elara Alksnis 6,,,,,,Lhodos - Merrane,,,,,
Elara Alksnis 7,,,,,,,"Elara Walden, Elara Lockflint",,,,
Elara Alksnis 8,,,,,,,,"Young white-haired girl with wolf ears and often wagging tail. 155cm (5'1"") and 59kg (130lb).",,,
Elara Alksnis 9,,,,,,,,,She/Her,,
Eleanor Radcliffe 1,26,,,,,,,,,,
Eleanor Radcliffe 2,,https://cdn.discordapp.com/attachments/1008811191184937030/1243567645047914556/IMG_2989.jpg?ex=6651f21e&is=6650a09e&hm=41cc131c2c3dc12f46dfa66b3db5b878343aa9516e9f446620e29be96c34512b&,,,,,,,,,
Eleanor Radcliffe 3,,,,A cunning Inventor protecting the one she loves,,,,,,,
Eleanor Radcliffe 4,,,,,"Eleanor's life began in a peaceful village, under the watchful eye of her loving family and amidst her parents' experimental workshop. As war encroached, her idyllic life was shattered, forcing her to flee with her family and beloved Elysant. Together, they sought refuge in Bastion, a city that offered a chance to rebuild.

In Bastion, Eleanor and Elysant found strength in their bond, marrying and committing to their new community. Both joined the war effort, driven by a deep sense of duty. While Elysant protected others on the front lines, Eleanor used her skills to fix armors, create weapons, craft elixirs, and take out dangers with the experimental guns gifted by her parents.

Despite the danger, Eleanor's unwavering love for Elysant gave her strength, fueling her determination to survive and build a better world together. Each act of courage was a step toward ensuring they could share another day in each other's arms.",,,,,,
Eleanor Radcliffe 5,,,,,,"Lhodos , Kingdom of Karlsgard",,,,,
Eleanor Radcliffe 6,,,,,,,,"Eleanor has striking blue hair and vibrant green eyes. Her hair, cascading in waves, frames a face that alternates between a serene smile and a contemplative, almost pensive expression. She is mostly seen wearing elegant yet practical outfits. Her signature outfit being a a black cropped top with a high collar. Over her right arm, she has a beautifully designed armored sleeve with intricate gold detailing. The armor contrasts with the softer fabric of her white pants, which are loose and comfortable, tied with a blue sash that complements her overall color scheme. Black knee-high boots complete the look.",,,
Eleanor Radcliffe 7,,,,,,,,,She/Her,,
Eleanor Radcliffe 8,,,,,,,,,,Human,
Eleanor Radcliffe 9,,,,,,,,,,,Belonging
Elijah-2615 1,19,,,,,,,,,,
Elijah-2615 10,,,,,,,,,,,Duty
Elijah-2615 2,,https://i.imgur.com/b1AHvlV.png,,,,,,,,,
Elijah-2615 3,,,#3B6EA5,,,,,,,,
Elijah-2615 4,,,,A Fleshling of Metal and Magic,,,,,,,
Elijah-2615 5,,,,,"For those from his school, it is known that Eli is a quiet first year in the House of Paladins who comes from Steelbin. He often needs medical or physical accommodations, and is often missing from class.

For the attentive, it would also be known that he was briefly considered for the House of Regalia before joining the House of Paladins instead.",,,,,,
Elijah-2615 6,,,,,,Steelbin - Kaiway,,,,,
Elijah-2615 7,,,,,,,,"A lanky individual, a little over 6'1'' tall, with a face and body hidden inside an environmental isolation suit with a tabard, robes, and sigils atop, giving it the appearance of a strange mage's robes.

He carries a mechanized staff and a tome at his belt, as well as a wide variety of stimulants and medicine at his belt should his body begin to fail.",,,
Elijah-2615 8,,,,,,,,,He/him,,
Elijah-2615 9,,,,,,,,,,Human (Augmented),
Eluna 1,Secret,,,,,,,,,,
Eluna 10,,,,,,,,,,,Determination
Eluna 2,,https://i.imgur.com/tyznuee.png,,,,,,,,,
Eluna 3,,,#FFFFFF,,,,,,,,
Eluna 4,,,,Essence Burning Singer,,,,,,,
Eluna 5,,,,,"Despite her fangs there is no vampirism that some may think, neither herself or her village partakes in such practices or have a need to. Having spent a lot of time in an isolated fae village she hasn't interacted much with humans, beyond a few chance encounters in her moments of wanderlust. Very few of her interactions with humans have been outright hostile but many have been afraid of her. However, there have been a few instances that have given her hope music and song might manage to ease some of the discord between the fae and humans. Music and singing mean everything to the village she is from and as such she will not refuse to give an encore if asked and will never willingly leave a song unfinished.",,,,,,
Eluna 6,,,,,,"The Faerie Realm, Kor'Tarion",,,,,
Eluna 7,,,,,,,,"Eluna stands at 5'2"" with silver hair, pointed ears and fangs. Most notably though is the faint fire the seems to dance in her the irises of her eyes that grows brighter as she sings.",,,
Eluna 8,,,,,,,,,She/Her,,
Eluna 9,,,,,,,,,,Fae,
Elysant Radcliffe 1,27,,,,,,,,,,
Elysant Radcliffe 2,,https://i.pinimg.com/474x/af/e1/aa/afe1aac7c872f38e3dd1bd9a8203529f.jpg,,,,,,,,,
Elysant Radcliffe 3,,,,A Knight Ready to Give it Her All,,,,,,,
Elysant Radcliffe 4,,,,,"Born in a town that was quickly undone in the conflict of war, Elysant ran to Bastion with her love in hand. There they became refugees in a new home before they picked up the pieces they could to make a life for themselves. There she and her other half married and had joined the war efforts. There she found another way to help those around her. 

Elysant threw herself into danger, protecting those she cared for while doing all she could to make sure that she could return home to the one waiting for her.",,,,,,
Elysant Radcliffe 5,,,,,,"Kalsgard, Lhodos",,,,,
Elysant Radcliffe 6,,,,,,,,"A woman who stands at 5'9, she still has an aura of confidence as she rarely falters in her steps forward. Her expression positive as she takes challenges head-on. Beyond that, she often is dressed in armor that is standard for those in Kalsgard with a shield and hammer in hand. Her preference for those things is simpler than the machinery around her.",,,
Elysant Radcliffe 7,,,,,,,,,She/Her,,
Elysant Radcliffe 8,,,,,,,,,,Human,
Elysant Radcliffe 9,,,,,,,,,,,Preserverance
Ember Wake 1,36,,,,,,,,,,
Ember Wake 2,,https://i.imgur.com/eDtBf99.png,,,,,,,,,
Ember Wake 3,,,,Faded Stargazing Engineer,,,,,,,
Ember Wake 4,,,,,"- Came from a poor family
- Went into debt with ETA to get qualification through higher education
- Worked for Orrery for a long time, and finally got a chance to work in sub-orbital satellite maintenance through a work-visa for the Trans-Orbital Relocation Colum
- Skyfall destroyed many orbital structures, one of which he was working on
- He died, and was brought back as an Insolvent, and then got picked up by a realmstorm only days after",,,,,,
Ember Wake 5,,,,,,"Vinyard, Terra",,,,,
Ember Wake 6,,,,,,,,"Ember is a 6'5, bulky figure in maintenance gear suited for 0-G and Vacuum usage. His skin is a faded, darker grey with the classical glowing red eyes indicative of Insolvency for Terrans. His beard is trimmed but somewhat shaggy, as is his hair.",,,
Ember Wake 7,,,,,,,,,He/Him,,
Ember Wake 8,,,,,,,,,,"Human, Insolvent",
Ember Wake 9,,,,,,,,,,,Burden
Emi 1,22,,,,,,,,,,
Emi 10,,,,,,,,,,,Rebellion
Emi 2,,https://i.imgur.com/rRopAu2.jpeg,,,,,,,,,
Emi 3,,,FF160C,,,,,,,,
Emi 4,,,,Rocker,,,,,,,
Emi 5,,,,,"Emi is the first daughter of a well-to-do corporate family. Tired of the pressure and responsibility, she ran away from home when her uncle died, changed her name, and started a new life as a musician. She's been playing shows and trying to make a name for herself in Haven ever since.",,,,,,
Emi 6,,,,,,Terra,,,,,
Emi 7,,,,,,,,"Emi is a short, pretty woman with medium length blonde hair, bright blue eyes, and a slight build. Her hair seems to by styled differently every other day, and always has some streak of bright pastel. Her wardrobe seems to be constantly shifting as well, though short skirts with fun patterns, thigh highs, jackets and crop tops are more common than anything else.",,,
Emi 8,,,,,,,,,She/Her,,
Emi 9,,,,,,,,,,Human,
Emile Holdermann 1,21,,,,,,,,,,
Emile Holdermann 2,,https://i.imgur.com/4Hp3go7.png,,,,,,,,,
Emile Holdermann 3,,,,Unemployed Carbon Alloyed K9,,,,,,,
Emile Holdermann 4,,,,,"Coming from a family of policemen. It wasn't too surprising that Emile had an interest in following in their footsteps. Though a childhood largely comprised of being stuck to a hospital bed made that an impossibility. However, with the assistance of a charity organization and alleged years worth of savings from his parents, Emile was given near full-body cybernetics for a proper chance at life.

After having worked at the investigative branch of the Haven PD under his father for about a year. Emile has had his badge revoked after breaking into a large corpo facility to try and rescue an ally. With his occupation gone, and likely having drawn the ire of his family. Emile looks for direction in life, not having given up on the justice that brought him here.",,,,,,
Emile Holdermann 5,,,,,,Terra: Silver Rock (South Rock),,,,,
Emile Holdermann 6,,,,,,,,"Emile can often be observed to be in a relatively calm state, typically either daydreaming or collecting his thoughts. He stands at roughly 5'6"" tall, with his visage being mainly that of a canine with doberman-esque appearance and and eyes shimmering a pearlescent white. He is typically seen wearing either relatively casual streetwear or the uniform from his local law enforcement branch. A pretty striking point of interest though is the augmented mechanical left arm, with it's metallic construction readily visible.

When out on the field he can be seen with a blade attatched to his belt and vest. Leaving an impression of close combat being their preference.",,,
Emile Holdermann 7,,,,,,,,,He/Him,,
Emile Holdermann 8,,,,,,,,,,Human (Terra),
Emile Holdermann 9,,,,,,,,,,,Justice
Enlai 1,60,,,,,,,,,,
Enlai 10,,,,,,,,,,,Joy
Enlai 2,,https://i.imgur.com/Y5LNb8W.png,,,,,,,,,
Enlai 3,,,,Merry Farmhand Entering a Wide World,,,,,,,
Enlai 4,,,,,"- Resident of Bingchuan village where he earned a living as an ordinary farmer, gifted with a green thumb (or just plain good luck)
- Befriended a Jinshi martialist, Yang Xiang, who exchanges cups over discussing the Dao of the Drunken Master
- A yokai invaded the village and ruined their hard-earned crop, inciting Enlai to chase it furiously
- He unwittingly crossed a realmstorm onto the Worldhelm, and wishes to experience the joys of a broader world",,,,,,
Enlai 5,,,,,,"Bingchuan Village, Jijing Xiantiao, Wujing Guo, Tian Yin",,,,,
Enlai 6,,,,,,,恩来,,,,
Enlai 7,,,,,,,,"The Vanara stands just over 5 feet tall with a lean toned physique earned from laborious farmwork. Wears peasant clothing, a straw hat slung over his back and a stalk of grass in their mouth. Rarely seen without a smile on his face and a bottle in his hand.",,,
Enlai 8,,,,,,,,,He/him,,
Enlai 9,,,,,,,,,,Vanara,
Enoch 1,22,,,,,,,,,,
Enoch 2,,https://images-ext-1.discordapp.net/external/GjkiatvJjhilUs6pag778xW7fXrYdo1u2xPjiWdZtVM/https/static.zerochan.net/Tuda6.full.4024179.jpg,,,,,,,,,
Enoch 3,,,,Sword-Collecting Knight Revolutionary,,,,,,,
Enoch 4,,,,,"Enoch's life was fated to be marked with misfortune. As a child, he wandered the streets of Lastport, orphaned and starving, until he was taken in by a passing traveler known as Kannon Maruyama. 

This woman was in truth a communist revolutionary devoted to fight against the world's bourgeoisie, and a swordmaster who held the legendary cursed sword Kisshoten-Ichimonji. Under her wing, Enoch studied the sword and pen, and found a true family.

However, the Kisshoten-Ichimonji's curse built up over time, and Enoch realized that the next bout of unluck would deal grievous harm to his master. He stole the sword from Kannon's study in the hopes of transferring the curse to himself, as gratitude for the home she had given him. Unbeknownst to Enoch, Kannon had followed him, and he watched in horror as she died protecting him from the being that the sword's curse had summoned--the wielder of the Izanami-Ichimonji. 

Since then, Enoch has devoted his life to hunting swords.",,,,,,
Enoch 5,,,,,,Kor'Tarion,,,,,
Enoch 6,,,,,,,,"A tall, lithe male standing at about 5'9'', with locks of grey hair that fall to his shoulders. His dress lacks ostentation, instead emphasizing practicality and durability, such as a padded mercenary jacket or hidden half-plate armor. The two swords he most often carries are Meteor, his personal longsword with a dark meteoric-iron blade, and the Kisshoten-Ichimonji, a legendary cursed katana with a beautiful crimson scabbard. Sometimes, people swear they can see large furry ears on his head, but it's just an illusion of his hair.",,,
Enoch 7,,,,,,,,,he/him,,
Enoch 8,,,,,,,,,,Human,
Enoch 9,,,,,,,,,,,Ambition
Ephraim 1,29,,,,,,,,,,
Ephraim 2,,https://i.imgur.com/9Lywbf9.jpeg,,,,,,,,,
Ephraim 3,,,,A Mercenary Who Swallows his Sadness,,,,,,,
Ephraim 4,,,,,"A nightmare, fires roaring through the village. It wasn’t supposed to be like this. The cries were deafening, and there was no sign of orders to stop. Men were descending like wolves, releasing an anger that had lain beneath the surface. These were his fellows, his comrades. They were no longer human. Ephraim shields his eyes, wishing to be anywhere else.

He wakes in a sweat. The stray dog he brought home licks his face, and he is returned to the present. Dawn. He had work to do, the bounty board would be empty and then so would his stomach if he didn’t hurry. To think… If his old crew saw him chasing down criminals, they would have called him a traitor, a dog brought to heel by the Nezzim. 

He wasn’t sure they were wrong. Sometimes it was meaningful work. Many men he brought in were wolves themselves. But other times it felt like he was the boot being placed on someone’s neck.",,,,,,
Ephraim 5,,,,,,Nezmira,,,,,
Ephraim 6,,,,,,,,Ephraim is a mercenary with an easygoing attitude. He stands at 5'11'' and has hair the color of tarnished bronze.,,,
Ephraim 7,,,,,,,,,He/him,,
Ephraim 8,,,,,,,,,,Human,
Ephraim 9,,,,,,,,,,,Circumstance
Epsilon 1,27,,,,,,,,,,
Epsilon 2,,https://i.imgur.com/qUmhuIa.png,,,,,,,,,
Epsilon 3,,,,Cybernetically Charismatic Bartender,,,,,,,
Epsilon 4,,,,,"They have a Master's in chemistry for fuck's sake. Why is his boss holding their reins so tightly when it's clear he can pour and mix circles around everyone else. They even set himself up with that efficiency upgrader, just to get that bonus to make rent in the small apartment they share with his partner.

God. They wish that he could open his own shop. All of the regulars here and half of the others would follow them there.",,,,,,
Epsilon 5,,,,,,"Haven, Terra",,,,,
Epsilon 6,,,,,,,,"Epsilon Affogado, a tall guy with light brown skin, a hot enough body, and currently white techhair, enjoys bartending.",,,
Epsilon 7,,,,,,,,,he/they,,
Epsilon 8,,,,,,,,,,Human (cybernetic),
Epsilon 9,,,,,,,,,,,Aspiration
Erin Shephard 1,20,,,,,,,,,,
Erin Shephard 2,,https://i.imgur.com/4o6dZB7.png,,,,,,,,,
Erin Shephard 3,,,,Self-Sufficient Scrapyard Paladin,,,,,,,
Erin Shephard 4,,,,,"Erin, or known as Erin-31 by those in Steelbin, was born in the civilized zone of the reflection. There she was raised with her brother Anthony where they had a simple life with her parents being mechanics for Machina. 

Erin is far from the ideal paladin, having been able to join the academy due to her brother's recommendation to his patron. Whether or not it was a poor investment is still up in the air, though, as while her mechanical skills have improved, she continues to only barely pass on her grades. If only she applied herself more to school.",,,,,,
Erin Shephard 5,,,,,,"Steelbin, Kaiway",,,,,
Erin Shephard 6,,,,,,,,Erin is a 5' 10 young woman with tan skin and shaggy brown hair. She is often seen in her uniform though it has the wear and tear of being in it when she is both training and working. A mechanical board is often slung over her shoulder that has become a staple for many who see her.,,,
Erin Shephard 7,,,,,,,,,She/Her,,
Erin Shephard 8,,,,,,,,,,Human,
Erin Shephard 9,,,,,,,,,,,Ambition
Eris L'arca 1,22,,,,,,,,,,
Eris L'arca 2,,https://i.imgur.com/3GptfuG.jpeg,,,,,,,,,
Eris L'arca 3,,,,Wandering Fae Dancer,,,,,,,
Eris L'arca 4,,,,,"Eris grew up in a forest of Fae, spending her time performing dances with her family, spending every moment of every day in celebration. However, she woke up one day to find the party had mysteriously moved on elsewhere, leaving her in a fit of confusion and unrest. She desperately wandered through the chaos of the Fae Realms to find her family, eventually stumbling into a Fae Crossing, where she suddenly finds herself in a small but bustling town in the middle of Kor'Tarion's fields, constantly under attack by the darkness spilling from the realm. She meets a weaponmaster, who takes her in as their own. Impressed by her energy, they teach her how to fight to compliment her dance. After a time, the town is suddenly struck by a Realmstorm. Eris had no time to react, getting pulled into the storm and onto the floating ship of the Worldhelm, where she finds herself as lost once more. She sets off to become an adventurer to find her lost family, and bring hope and freedom to the realms.",,,,,,
Eris L'arca 5,,,,,,The Faerie Realm and Ruined Kingdom of Kor’Tarion,,,,,
Eris L'arca 6,,,,,,,,"Eris is a Faerie with many rabbit-like features standing at 4'1"". Small, but with plenty of presence. She has dark skin and short, puffy white hair with springy rabbit ears poking out from the top of her head and deep green eyes. Her favorite attire for dancing is a flowing green two-piece cloth that leaves plenty of room for her to breath during her performances. A small, round fluffy rabbit tail sits on her lower back. 
During her dances, she sprouts graceful white bird wings that seem to radiate with the colors of a peacock, leaving a torrent of feathers in their wake, like confetti during a celebration.",,,
Eris L'arca 7,,,,,,,,,She/Her,,
Eris L'arca 8,,,,,,,,,,Rabbit-like Faerie,
Eris L'arca 9,,,,,,,,,,,Hope
Ernest 1,60,,,,,,,,,,
Ernest 2,,https://i.imgur.com/jDJ77kt.jpeg,,,,,,,,,
Ernest 3,,,,"Old, Forlorn Soldier",,,,,,,
Ernest 4,,,,,"Ernest was a city guard in Hedgeberg for most of their life. Within the city walls they settled down, and with their spouse they started a family.
One day, when they returned from their night shift, they found their only child missing. Unbeknownst to Ernest, they were taken aboard the Worldhelm.
Once every attempt to find their child failed, sadness and helplessness started to kick in. They retired and grew distant from the other people in their life. Most of their days were spent polishing their old uniform, checking every surface of their motorcycle for bumps or dirt and mindlessly carving figures or tools out of wood.
Very recently, they noticed a surprising calling, a rare feeling of purpose. They were led to the Worldhelm, and embarked on it in a search for... something, anything.",,,,,,
Ernest 5,,,,,,"Hedgeberg, Lhodos",,,,,
Ernest 6,,,,,,,,"""An older human. Their face is ugly with age, but their lineaments still have a softness to them. Their white hair is usually messily tied back, and it is not uncommon to see them wear a beret or cap.
They are always dressed with modest clothing, kept to near perfection.
Their posture is usually weary and tense; could it simply be the weight of their years?
Strange, they only go by their first name.""",,,
Ernest 7,,,,,,,,,They/Them,,
Ernest 8,,,,,,,,,,Human,
Ernest 9,,,,,,,,,,,Belonging
Evelyn Mayer 1,26,,,,,,,,,,
Evelyn Mayer 2,,https://media.discordapp.net/attachments/351820925852712962/1203086972093210654/image.png?ex=663b434e&is=6639f1ce&hm=5da5ca5d4de3379bd10ed20083645514f7790770966d564836ce44c739a55536&,,,,,,,,,
Evelyn Mayer 3,,,,Free-Spirited Pirate Seeking Thrills,,,,,,,
Evelyn Mayer 4,,,,,Evelyn is a part of the Crow's Crew - a pirate ship that sailed both on water and through the air - that went along the Boundless Ocean. The main goal to pillage and otherwise steal from Merrani ships and selling to whoever else while seeking any treasure or otherwise that could be found in more extreme regions of Lhodos under the noses or in direct conflict with the various elementals that exist on Lhodos.,,,,,,
Evelyn Mayer 5,,,,,,"Lhodos, The Boundless Ocean",,,,,
Evelyn Mayer 6,,,,,,,,"Evelyn stands at 5'9"" with their messy blue hair only tied up with the ponytail behind then. A eyepatch over one of their eyes as they dress in an almost ostentatiously and aggressively in pirate fashion.",,,
Evelyn Mayer 7,,,,,,,,,They/Them,,
Evelyn Mayer 8,,,,,,,,,,Human,
Evelyn Mayer 9,,,,,,,,,,,Enjoyment
Ezra White 1,23,,,,,,,,,,
Ezra White 2,,https://media.discordapp.net/attachments/1191865670338613400/1191866600299700315/token_1_73.png?ex=663b5005&is=6639fe85&hm=024b2f2c3b43c2e58ad71468c0221469c9b2eed3ba001d87cb0c13c48068310f&,,,,,,,,,
Ezra White 3,,,,Soul Bound Freedom Fighter,,,,,,,
Ezra White 4,,,,,"A freedom fighter from Nezmira. He spent his youth hiding away from the world, his disabled caretaker taught him how to fight. When he came of age he began fighting against the oppression the people of Nezmira faced from the lizards. However on his last mission he was killed. But a young woman managed to connect their souls together. They live separate lives but beat the same heart.",,,,,,
Ezra White 5,,,,,,Svaros (Nezmira),,,,,
Ezra White 6,,,,,,,,"A cat-eared skinny young man. He dresses primarily in red, tattered clothes, jewelry hang from his body. As if he wants to be the centre of attention.",,,
Ezra White 7,,,,,,,,,He/Him,,
Ezra White 8,,,,,,,,,,Felianos,
Ezra White 9,,,,,,,,,,,Justice
Fable 1,???,,,,,,,,,,
Fable 2,,https://cdn.discordapp.com/attachments/636256402482135049/1320564023275688008/friend_w_hat-Portrait_45.png?ex=676a0e96&is=6768bd16&hm=ea2e698d6a0638cdf452ce90b781574dd52c205a6db012db6eaa33ce4eb7b338&,,,,,,,,,
Fable 3,,,,Diminutive Knight of Destiny,,,,,,,
Fable 4,,,,,"They awoke, cold and alone in the darkest corner of Kor'tarians woods. But not alone? Feelings, needs, duties? A guiding ghost of dozens of histories that is there and not. But they see the threads, in everything, and know that it is their duty to bind them.

But this world is so cruel, so bitter, and there are so few, certainly none alike them. Do they do as they are compelled? Or do they do as they feel they must? A world in peril needs heroes. They cannot be a hero, but perhaps they can be a heroes hero. If Destinies villains draw blades and blood, so too shall they in defense of the fated hero. Oh but so many have fallen this way despite their best efforts.

But here, a higher purpose? A greater opportunity? They will take it, and see where it takes them.",,,,,,
Fable 5,,,,,,"The Gwaed Forest, Kor'Tarion",,,,,
Fable 6,,,,,,,,"Fable is a tiny little thing, still standing as tall as they can at 4' total (but they float to about 5'7"", usually) A body, bleak as ink, is blotted with tufts of fluffy snow-white fur. Flanking each side of their head are two perky, long ears like a rabbits, and a crown of jagged horns like those of an upturned buck. A floofy white tail, like a wolves sways behind them, and their slender legs end in a pair of tiny paws. They are decorated with muted cloths of black, and blue, bits of armor and metal protecting important bits. A large, blue-green gem hangs off their neck on a thick loop.

In total shadow, their moony yellow eyes breach the dark, as do the ends of their horns, and the bases of their ears in an eerie white and violet glow.",,,
Fable 7,,,,,,,,,They/Them,,
Fable 8,,,,,,,,,,Cecrae,
Fable 9,,,,,,,,,,,Bravery
Fabri Caetspells 1,19,,,,,,,,,,
Fabri Caetspells 2,,https://i.imgur.com/2MzQkh7.jpeg,,,,,,,,,
Fabri Caetspells 3,,,,The Non magical magical girl,,,,,,,
Fabri Caetspells 4,,,,,"Coming from the famous ""Caetspells"" Family, she was raised as a point of controversy, because despite being part of said famous high lifes, she was a supposedly a mage. Despite being called and trained as a spellcaster her whole life, she simply could never get the hang of casting spells. it never clicked, but her brand was created and the public had there eyes on her, so she went to her inventor uncle, Dupal, to help. He created forms of micro spells that makes it look like she is actually casting spells! This and the brand her mother, Vindi, created the storms sweetheart! a new face to magic to make it more friendly and light hearted. Regardless, Fabri is going to try and be the best heroine she can be!

How much of fabri's upbringing had good intentions? 
Whos to say!",,,,,,
Fabri Caetspells 5,,,,,,"Southrock, Terra",,,,,
Fabri Caetspells 6,,,,,,,,"A smaller slightly wider woman with sparkly eyes and large poofy curly hair tied back with blue highlights in it. She is dressed as a lightning themed magical girl with slight Mechanical accessories, including her gloves that has her magispheres inside. She also has a cute little umbrella as her spellcasting implement",,,
Fabri Caetspells 7,,,,,,,,,She/Her,,
Fabri Caetspells 8,,,,,,,,,,Adorable human,
Fabri Caetspells 9,,,,,,,,,,,Acceptance
Fafnir 1,100+,,,,,,,,,,
Fafnir 2,,https://cdn.donmai.us/original/e9/08/__leona_and_sunstone_alchemy_stars_drawn_by_blazpu__e9085e1277102360b734535254595356.jpg,,,,,,,,,
Fafnir 3,,,,Self Annihilating Dragon Defying Nature,,,,,,,
Fafnir 4,,,,,"Once a Patron Angel of Asga made of Ivory with a beautiful and immaculate warrior’s form, now entirely changed into human’s form from the melding and twisting of blood, madness and dozens of bodies into one into the appearance of a mix of mankind and demonic creature with features like that of a dragon. In the Three Faced God’s ruination of Idyll they lost everything including their name. What now sticks is the name Fafnir, due do the extreme violence they radiate from their presence, features and uncomfortable heat the pours from their body. Seeking vengeance for the one who brought murder into their home and protecting the layer from those who were twisted by madness.",,,,,,
Fafnir 5,,,,,,"Idyll, The Fifth Layer Asga",,,,,
Fafnir 6,,,,,,,,"Tall with a head of red hair like blood and fire, eyes that smolder like the inside of a volcano. Red scales lineing different parts of her body in clusters from her scaled and clawed hands and around her neck. Two black horns coming from the top that curve and curl into sharpened points along with large black wings that sprout out from the back. She stands at 6'3 normally, constantly radiating warmth and at times under certain situations smells of blood.",,,
Fafnir 7,,,,,,,,,She/Her?,,
Fafnir 8,,,,,,,,,,Demon,
Fafnir 9,,,,,,,,,,,Vengeance
Fancy Mouse 1,27,,,,,,,,,,
Fancy Mouse 2,,https://images-ext-1.discordapp.net/external/GLm6iCrJweWfOfoW-BQhl6KjW35112uXR4D9ehlN6Rs/https/i.pinimg.com/564x/7f/07/fc/7f07fcb63d8cd1d35d8ff043a3c3f7b1.jpg,,,,,,,,,
Fancy Mouse 3,,,,Graveborn Knight-Errant,,,,,,,
Fancy Mouse 4,,,,,"An Orphan, Mikkel fights to have his parents returned to him, and justice dealt to all who deserve it.",,,,,,
Fancy Mouse 5,,,,,,"Lhodos, The Great Monastery",,,,,
Fancy Mouse 6,,,,,,,,"A man with decent looking features, but ones that would allow him to blend into a crowd. He has bright blue eyes and dirty golden hair. His skin is weathered, with decent scaring. Mikkel stands before you at 5'9, weighing a lean 210lb.",,,
Fancy Mouse 7,,,,,,,,,He/Him,,
Fancy Mouse 8,,,,,,,,,,Human,
Fancy Mouse 9,,,,,,,,,,,Justice
Fang 1,20,,,,,,,,,,
Fang 2,,https://media.discordapp.net/attachments/993669543471874120/1196310328242348083/IMG_0820_removebg.png?ex=663affd0&is=6639ae50&hm=6e6e6e5cbf291bdeb53ab39c73aa245c29dccfe26a8c74af98003682067bbe0d&,,,,,,,,,
Fang 3,,,,Sharply Dressed Fashionista,,,,,,,
Fang 4,,,,,"A bright, bubbly, and enthusiastic wilkin, Fang grew up as the adoptive son of a low-ranking member of the Merrani Angels. Trained from a young age towards a future at the WWA, Fang's ambitions, much to his father's chagrin, leaned more towards fashion than securing peace. Though one would be remiss to believe Fang's trainings with blades and minor magitech have garnered no results, as he utilizes the techniques learned both in combat and in pursuit of his work as a fashion designer. 
After finding himself drawn through a Realmstorm to the deck of the Worldhelm, Fang was enthralled with wide-eyed wonder at the idea of the intermingling of the fashions of multiple realms, and seeing what his muse could seek out amongst them all.
Fang's father, by contrast, upon being excitedly told the news on a return trip, sees Fang's status as a, pun intended, golden opportunity to spread the Edict of Savior beyond Lhodos' borders, and thus encouraged his wayward son on his journey.",,,,,,
Fang 5,,,,,,Merrane,,,,,
Fang 6,,,,,,,,"A quite effeminate young man with a lithe build, Fang stands at around 5'4"" and 102 lbs. A pair of canine ears poke above a head of light auburn hair, tied back in a 'stylishly unkempt' ponytail and pigtails combo. A matching tail often swishes eagerly below any number of cute outfits, many of which were tailored by Fang himself.
He often wears a pair of odd gloves: stylish, but with a dull humming of magitech woven through the fabric that allows him to manipulate the small blades he utilizes in both dressmaking and combat.

""I'm not a girl, I'm just FABULOUS <3""",,,
Fang 7,,,,,,,,,He/Him,,
Fang 8,,,,,,,,,,Wilkin,
Fang 9,,,,,,,,,,,Ambition
Fernia 1,26,,,,,,,,,,
Fernia 10,,,,,,,,,,,Perseverance
Fernia 2,,https://i.imgur.com/NzN3me1.jpeg,,,,,,,,,
Fernia 3,,,#18848E,,,,,,,,
Fernia 4,,,,Puppet to a Parasitic Plant,,,,,,,
Fernia 5,,,,,"Fernia was just a simple traveler and botanist who had gone out to the Irathwood to find some flora to study and perhaps gather some seeds from to sample. Little did she know that as she started pushing deeper into the woods that something had been stalking her. Eventually she came upon a strange flower she had not previously seen, and it was while studying this flower that whatever had been stalking her struck. She does not remember what had attacked her but when she woke she found the plant that she had been studying seemed to have moved from where it was growing onto and into her body. Its roots seeming to have stitched up the wounds. She could feel its roots beneath her skin, in a panic she tried to pull the plant from her body but when she did she was wracked with pain as it felt was was trying to pull her own veins out. She isn't sure what exactly the plant is but has learned it seems to be what is keeping her alive.",,,,,,
Fernia 6,,,,,,Kor' Tarion - Irathwood,,,,,
Fernia 7,,,,,,,,Pale skin and white hair due to the color being drained from them. Dresses modestly with most of her body covered and has an eye patch over her right eye. Seems to wear several flowers in her hair. But with close impaction or high observation skills can tell those flowers are actually growing from her body.,,,
Fernia 8,,,,,,,,,She/Her,,
Fernia 9,,,,,,,,,,Human,
Finnley 1,25,,,,,,,,,,
Finnley 2,,https://images-ext-1.discordapp.net/external/Li1OpxX-jJ3uTC1K6SMndtsVtt4jcMSBBvCdGQVI04Y/https/i.pinimg.com/564x/8d/91/a5/8d91a528c6b6b28787ab39a3c9e2de08.jpg,,,,,,,,,
Finnley 3,,,,World Wandering Bard,,,,,,,
Finnley 4,,,,,"Some people like to stay in one place , Make a home, But that's not for everyone some people like to roam and wander exploring what's out there, Finnley is one of those.... except he got lost and didn't realise till it was too late... WELL best not to dwell on that and keep moving forward in that case .",,,,,,
Finnley 5,,,,,,Kor'Tarion,,,,,
Finnley 6,,,,,,,,"An average height individual of slim build adorned in ""stylish"" attire ,and pale hair",,,
Finnley 7,,,,,,,,,He/Him,,
Finnley 8,,,,,,,,,,Human,
Finnley 9,,,,,,,,,,,Ambition
Fionne 1,24,,,,,,,,,,
Fionne 2,,https://images-ext-1.discordapp.net/external/10EzckBVCC4TGJcXkLpgMNDdlsbAmPGVE4553_QbqnI/https/i.imgur.com/WUUygjg.jpeg,,,,,,,,,
Fionne 3,,,,Proud and Naive Healer,,,,,,,
Fionne 4,,,,,"A young adult witch hailing from Draenog, Kor-Tarian. At a tender age, in a different time, she found herself lost in the woods, eventually stumbling into the Fairy Realm, where an old fairy took pity on her. For many years, she resided there, aging and honing her magical skills under the tutelage of the warmhearted fairy. She became proficient in the arts of magic and potion-making, dedicating herself to healing fairies and other enchanted creatures alike. However, as time passed, the overwhelming magic of the realm became too much for her, compelling her to return to the human world. Yet, upon her return, she found that much had changed in her absence.

Resettling in Draenog, she utilized her skills to aid those in need. Alongside her, the Construct Flying Broom Stratus accompanied her from the Fairy Realm—a parting gift from her savior.

Then, she stumbled upon the Worldhelm, deciding to join its journey in an attempt to reclaim the wondrous life she once had in the Fairy Realm.",,,,,,
Fionne 5,,,,,,"Draenog, Kor-Tarian",,,,,
Fionne 6,,,,,,,,"5'5"" | 120lb",,,
Fionne 7,,,,,,,,,She/Her,,
Fionne 8,,,,,,,,,,Human,
Fionne 9,,,,,,,,,,,Belonging
Flare 1,18,,,,,,,,,,
Flare 2,,https://images-ext-1.discordapp.net/external/s2CAjMtZMrkXRdFiC83fZL6_vaNdyel8Ln_HVrJyVPc/https/i.imgur.com/m1LDWXb.png,,,,,,,,,
Flare 3,,,,A man who will never grow old,,,,,,,
Flare 4,,,,,"Flare isn't shy about talking about his situation when asked. The magiseed embedded in his chest saved his life with its magic a long time ago and his body healed around it. 

Someday, this plant will constrict Flare's heart, killing him.",,,,,,
Flare 5,,,,,,"Dryholde, Kor'tarion",,,,,
Flare 6,,,,,,,,"Flare is 6'/183cm and 150lbs/68kg. He sports a head of ""Hair"" comprised of purple leaves. Though it does cause mild pain to pluck them out, he isn't terribly bothered by it, or by people who take interest in his unconventional physicality. 

Along with veins that show slightly through his pale/olive skin, keen observers will also notice a network of roots that spread through what little of his body Flare deigns to show. In combat, he rolls his sleeve upwards, revealing the magiseeds that are imbedded on his forearm. By channeling his magic, the seeds are temporarily ""activated"" and bloom to impart beneficial effects through their pollen. 

There is a single, larger magiseed imbedded in Flare's chest. The plant in question here is deep-rooted and has coiled itself around many of Flare's bones, making it slightly harder for him to move around.",,,
Flare 7,,,,,,,,,He/Them,,
Flare 8,,,,,,,,,,Human/Plant(?),
Flare 9,,,,,,,,,,,Life
Florian Valstrider 1,19,,,,,,,,,,
Florian Valstrider 2,,https://images-ext-1.discordapp.net/external/62ct4S29xTxv5O7ChsfAg8WQa10oE1JXqTKv1wKSRho/https/i.pinimg.com/originals/bb/7b/35/bb7b35eb6ce75776ccc4ef6c8eba896f.jpg,,,,,,,,,
Florian Valstrider 3,,,,Nature-Loving Runaway Angel Trainee,,,,,,,
Florian Valstrider 4,,,,,"Born the second child of a nature mage father (one of few in Forest Home), and his war hero mother, he and his sister (Isabella) studied the traditional ways of magic and magical beasts. But Isabella went to join White Wing Academy, wanting to combine traditional magic with the piloting of mechs. Far too soon they were told she died in combat.
He felt it right, then, to follow her path with her mech Andromeda. Spreading magitech seemed to be a way to a brighter future – clear from contrasting the smog of the South with Caldera’s beauty. At the Academy he felt far from home, and learning to pilot was hard.
Recordings from Isabella inside the mech helped him learn. However, when he reached the final one it was purely dark. But he could hear his sister cursing, a struggle, and then silence. He knew in an instant he couldn't stay. That something was terribly wrong. With Andromeda stored, and his thoughts swirling, he snuck to the woods as a storm picked up and the world began to spin.",,,,,,
Florian Valstrider 5,,,,,,"Forest Home, Merrane, Lhodos",,,,,
Florian Valstrider 6,,,,,,,,"Moderately tall, and wiry for a would-be soldier, Florian dresses in a variety of well-tailored paints and vests with a long formal coat. Soft leather boots, suited for hiking, are the only part of his outfit that would suggest he was anything different than the average Merrani young noble or academy student. Wearing glasses over green eyes, his intricate staff and a crystal amulet tucked under his vest are the only weapons and/or magitech visible.",,,
Florian Valstrider 7,,,,,,,,,he/him,,
Florian Valstrider 8,,,,,,,,,,Human,
Florian Valstrider 9,,,,,,,,,,,Belonging
Flynn Hyacinthus 1,24,,,,,,,,,,
Flynn Hyacinthus 10,,,,,,,,,,,Chivalry
Flynn Hyacinthus 2,,https://i.imgur.com/EEuXyvu.png,,,,,,,,,
Flynn Hyacinthus 3,,,#0D47A1,,,,,,,,
Flynn Hyacinthus 4,,,,Knight of the Goldhearted Court,,,,,,,
Flynn Hyacinthus 5,,,,,"Despite his appearance, Flynn was born to a poor family in Tradefair. His father, unknown to him, left Flynn's mother before he could ever remember. He did his best to help support his mother in any way possible, even at a young age. Taking odd jobs as a mercenary or whatever else he could find. Though now, his story has taken a drastic turn that he now realizes has been the best change in his life. He arrived in Worldhelm a year ago. During that time, he has made countless friends and found a family among these fellow Goldhearted. Now, with the aid of the Trueheart Coalition, he realizes that his dreams are even closer to a reality than he ever believed. With recent developments, he often spends more time in Tradefair working under his fiancée Victoria Voclain to further their goals of becoming nobles. After assisting Song-5 and other Goldhearted in the battle against Kor'Tarion's Utopian, Halycon. Flynn pledged himself to the Court of the Goldhearted.",,,,,,
Flynn Hyacinthus 6,,,,,,Kor-Tarion - Tradefair,,,,,
Flynn Hyacinthus 7,,,,,,,,"Flynn stands roughly around 5'5 (165cm), decorated in noble styled clothing and different jewelry. On top of his head is a pair of cat ears with tuffs of fluff coming out of them. A large, fluffy tail that often tucked beneath his cloak. His hair a natural blonde, being normally unkempt despite his best efforts. An aura of confidence and chivalry comes from him and his actions. A smile always present on his face.",,,
Flynn Hyacinthus 8,,,,,,,,,He/Him,,
Flynn Hyacinthus 9,,,,,,,,,,Fey-Touched (Cat Based),
Forest Smith 1,26,,,,,,,,,,
Forest Smith 2,,https://i.imgur.com/RfqSUL1.jpeg,,,,,,,,,
Forest Smith 3,,,,Workshop Temp trying their best,,,,,,,
Forest Smith 4,,,,,"Born into a family of civil engineers. It was only natural for Forest to pick up a similar interest. Having at first expressed mild interest in computers. He and his brother Austin got hooked on RWO. As they both got further into the game, the difference between them kept growing. While Forest was okay at the game, Austin was well on his way to becoming one of the top players. Knowing the potential money involved, and also because of his performance in education, their parents started primarily focusing on Austin and his career. Leaving Forest to the sidelines.

Forest's future didn't turn out as fantastical, as he had to rely on one of his few friends from RWO to vouch for him. This led to him finding employment at a small Tubal and Cain subsidiary called Sodalite Workshop. However, with money being tight, Forest has to work as a Temp in his free time in order to continue to live comfortably. He does not mind though, as he enjoys helping out the locals.",,,,,,
Forest Smith 5,,,,,,Terra: Silver Rock (South Rock),,,,,
Forest Smith 6,,,,,,,,"Standing at roughly 5'11"" in Height. Though, to some, they might be seen as shorter due to their terrible posture. Forest is one of a decent few who have partaken in extensive body modification, with his Image particularly looking like a spotted hyena. His hair is gray and his eyes are green, other than the right eye which has gone gray from blindness and injury. He is often seen to be wearing bland, cheap, yet comfortable attire. Be it large T's, sweatpants, or hoodies, all at most have two colors each if they aren't just black. Forest can also be seen with a large case and a backpack on his back.",,,
Forest Smith 7,,,,,,,,,He/Him,,
Forest Smith 8,,,,,,,,,,Human (Spotted Hyena augmentation),
Forest Smith 9,,,,,,,,,,,Belonging
Fox Kensington 1,27,,,,,,,,,,
Fox Kensington 2,,https://i.pinimg.com/736x/36/a1/bb/36a1bb53ded168e4f0a01067e07d6c5d.jpg,,,,,,,,,
Fox Kensington 3,,,,"Lieutenant Fox Kensington, Loyal Officer of the Merrane Empire",,,,,,,
Fox Kensington 4,,,,,"Born in Caldera, the Capital of the Merrane Empire, Fox Kensington comes from a long line of loyal Imperialists who served Emperor von Merrane's army since the earliest days of the war. The youngest of four children, Fox was conscripted into the Imperial Army at the age of 18. He first served as a footsoldier but was then later trained as a Cavalryman with the 8th Imperial Calvary Regiment at the age of 21. 

IAs his career progressed and the war grew more in scope, Fox rose from a lowly private to a fully fledged Lieutenant; having only lost two Automaton Steeds in his nine year Career. In his most recent operation against the KPLA, A weather anomaly occured and caused mass chaos on the battlefield. Soldiers on both sides of the front were considered either KIA or MIA in the aftermath of the storm's disappearence, including Lieutenant Kensington.

If only they knew the truth.",,,,,,
Fox Kensington 5,,,,,,"Caldera, Merrane, Lhodos",,,,,
Fox Kensington 6,,,,,,,,Fox Kensington is a young man in his mid to late 20s. He stands at a height of six feet and one inches tall with dirty blonde hair. espresso brown eyes with a 5 o’clock shadow growing across his androgynous face.,,,
Fox Kensington 7,,,,,,,,,He/Him,,
Fox Kensington 8,,,,,,,,,,Human,
Fox Kensington 9,,,,,,,,,,,Duty
Freddy The Chef 1,21,,,,,,,,,,
Freddy The Chef 2,,https://images-ext-1.discordapp.net/external/Ethu6fcjyX-ZsX_8PWiZvfaNlf_rhJO9713Wu7PZ2ow/https/cdn.donmai.us/original/98/4c/__percival_granblue_fantasy_and_1_more_drawn_by_kanapy__984cd1dd15c026aaa950ae10632fc1ee.png,,,,,,,,,
Freddy The Chef 3,,,,Proud Cook from Kal'Tarion,,,,,,,
Freddy The Chef 4,,,,,Freddy's story starts in a small village in Kal'Tarion. His family was descended from a moderately powerful fire mage who abandoned magic upon the moon falling. Eventually losing almost all their connection to the element of fire until Freddy was born with an affinity for it. With that fiery soul came a passion for cooking. His fascination began when he was 5 years old and has grown since. He would spend time going to the town library to learn more about cooking and happening upon a book for cooking monsters. Which only added to potential culinary ideas in his head. Spending the next few years looking up and trying to cook various things he eventually turned his sights to monsters when he felt his food needed more. He took up learning as much as he could about monsters and spent some time training before going out to kill some common and considered relatively weak monsters. This hubris got him a scar that he uses as a reminder. Now he travels to find monsters and rare ingredients.,,,,,,
Freddy The Chef 5,,,,,,Kal'Tarion,,,,,
Freddy The Chef 6,,,,,,,,"Height: 5'11""          Eyes: Red
Weight: 195 lbs     Hair: Light Red
Chest has a scar from his first battle against monsters. It is in the form of 3 claw marks.",,,
Freddy The Chef 7,,,,,,,,,He/Him,,
Freddy The Chef 8,,,,,,,,,,Human? (Fire Elemental Blood),
Freddy The Chef 9,,,,,,,,,,,Ambition
Fuyuki Omura 1,24,,,,,,,,,,
Fuyuki Omura 2,,https://images-ext-1.discordapp.net/external/jNvPAEtIWHj3Np65TcLvhaY8AvVjAL2eMMdIw2vwSqQ/https/i.pinimg.com/originals/84/92/5f/84925f5412998168692eb82b0262f7eb.jpg,,,,,,,,,
Fuyuki Omura 3,,,,Aspiring all-around!,,,,,,,
Fuyuki Omura 4,,,,,"When Fuyuki was still a child, his family had to move to Merrane for economic reasons.  In that completely new environment, however, he had several problems being with his peers and found himself isolated: the people he had met in that city were too different from Fuyuki and he couldn't understand them.  Eventually, as much as his spirit could stand, he fell into a period of depression wanting to end his life: one day he began running out of the house, heading far away and towards a cliff from which he threw himself, but this did not die thanks to a traveler who managed to save him.  The Wanderer then told him everything about his life experience.  From that story Omura decided to follow the goal that the savior also had: to be able to help all the people who need it.  Before leaving, the Wanderer will show him the dawn: with a vermilion sun and the sky with pink and orange ripples of the sky: ""See? Even if there will be night in your mind, somewhere there will always be a dawn""",,,,,,
Fuyuki Omura 5,,,,,,Lhodos(Merrane),,,,,
Fuyuki Omura 6,,,,,,,,"Fuyuki is a young man with slightly wavy, short, dark brown hair and narrow, dark brown eyes.  His bangs frame his face, while some are gathered in the center of his forehead.  He is 1.81m tall and weighs 67kg and especially likes to wear black, brown or white clothes",,,
Fuyuki Omura 7,,,,,,,,,He/him,,
Fuyuki Omura 8,,,,,,,,,,Human,
Fuyuki Omura 9,,,,,,,,,,,Ambition
Gabirel Moonfallen 1,35,,,,,,,,,,
Gabirel Moonfallen 2,,https://i.imgur.com/pVu6dW6.png,,,,,,,,,
Gabirel Moonfallen 3,,,,The Monstrous Liberator,,,,,,,
Gabirel Moonfallen 4,,,,,"Gabirel was born inside a cult, worshipping the now shattered moon. The cult believed the moonshards would bring them closer to their moon, making them more monstrous. At age 20, Gabirel was forced to be transformed, the cult using a moonshard to corrupt their body. With a new monstrous body, they escaped, fleeing deeper into the woods. 

Years passed, Gabirel become a traveling self-proclaimed monster who seeks to free people from their shackles and to pursue their passions. They do their best to guide others to freedom. They are now simply a priest without a god. Eventually, they found themself in a realmstorm and encountered the Worldhelm.",,,,,,
Gabirel Moonfallen 5,,,,,,"The Gwaed Forest, Kor'Tarion",,,,,
Gabirel Moonfallen 6,,,,,,,,"A six foot lean androgynous person, covered all over in white feathers with two large white wings on their back. They have clothing that covers part of their head and neck. Their chest is mostly exposed (they have a male body) and they have a skirt made out of their own feathers down to knee length. They have bird like claws instead of hands and feet.",,,
Gabirel Moonfallen 7,,,,,,,,,They/It,,
Gabirel Moonfallen 8,,,,,,,,,,Mutant Human,
Gabirel Moonfallen 9,,,,,,,,,,,Freedom
Gabu (Those We Left Behind) 1,73-ish(?),,,,,,,,,,
Gabu (Those We Left Behind) 2,,https://i.pinimg.com/736x/34/c7/f9/34c7f9d5e21c5b7688b464d48154fe37.jpg,,,,,,,,,
Gabu (Those We Left Behind) 3,,,,Demon Envious of Humanity,,,,,,,
Gabu (Those We Left Behind) 4,,,,,"The demon of Envy.

The current incarnation of the sin of envy had its essence tampered with by the Dream Weaver, reaching an approximation of humanity before becoming a Goldhearted.

For seventy-two long years, they did their best to be regarded as a friend of humanity, to change their nature to something else than the self-loathing mass of negative feelings they were.

To save a friend from her own poor decisions and prove that demons can be saved, they lost all this. They don't regret it, but that doesn't mean they don't hate what they came back to be, either.",,,,,,
Gabu (Those We Left Behind) 5,,,,,,The Mirland Ocean,,,,,
Gabu (Those We Left Behind) 6,,,,,,,,"A slender creature with a vague humanoid shape, with dark green rubbery skin, long messy hair, and bug, white, unblinking eyes. Pink markings reminding of demonic seals traverse their body.

They tend to stare silently at people, communicating through magically conjured pieces of written paper in fear of their voices. When they do speak, they do so in the voices of those the listener left behind in their life.

They aren't very expressive, but anyone getting too close may feel their self loathing in the air...",,,
Gabu (Those We Left Behind) 7,,,,,,,,,They/It,,
Gabu (Those We Left Behind) 8,,,,,,,,,,Demon,
Gabu (Those We Left Behind) 9,,,,,,,,,,,Envy
Gaius Decimus 1,26,,,,,,,,,,
Gaius Decimus 2,,https://i.imgur.com/BjhNgl0.jpeg,,,,,,,,,
Gaius Decimus 3,,,,Seeker searching for a new Dawn,,,,,,,
Gaius Decimus 4,,,,,"Originally born in Last Hold, Gaius came into contact with several key aspects of the Culture of the empire early on: Being oppressed due to being a human, the branding and exploitation of mages and the hunters, going out into the desert to cull the Kiir. All of this has influenced him to go out into the desert himself, to escape the constant oppression, but also to hide his nascent magical abilities from the Nezzim. He became a skilled hunter relatively fast, but much changed when he stumbled upon an old stone tablet, talking about Falak-khan in the Short Peaks. He had heard rumours of this god in the past, but was now completely fascinated with him.  Nowadays, he's wandering the dunes, trying to find a sign of this god to enkindle the spirits of his fellow oppressed  against the Nezzim. To this end, he's seeking out everybody who might know more about the ancient stories, but also talking to other people, especially hunters, to slowly spread the tales and a hope for a new dawn.",,,,,,
Gaius Decimus 5,,,,,,"Nezmira, Scalefire Empire, Last Hope",,,,,
Gaius Decimus 6,,,,,,,,"Gaius is of average high, but is obviously quite fit. His mid length hair is a wavy, dirty blonde and the most striking feature of his face are the odd-coloured eyes. One is brown and one is blue. He tends to wear rather light clothes under his armour and when he can he at least carries his weapon everywhere, but quite often he can be seen with his shield as well. 
While he often looks serious or even anguished, he has a light smile and a friendly demeanour once people talk to him, which can clash with his martial appearance.",,,
Gaius Decimus 7,,,,,,,,,he/him,,
Gaius Decimus 8,,,,,,,,,,Human,
Gaius Decimus 9,,,,,,,,,,,Rebellion
Gareth 1,30,,,,,,,,,,
Gareth 2,,https://i.imgur.com/mtgT3Xn.png,,,,,,,,,
Gareth 3,,,,Faithful Defender,,,,,,,
Gareth 4,,,,,"He has lived in Idyll for as long as he can remember. He was originally born on Terra, but the memory has faded such that he doesn't know what his life there was like. He doesn't even remember how long he'd been in Barza when he met Mya. She was exactly what he needed to face the layers of Idyll-- quick and decisive when he was uncertain, ruthless and cutting when he was gentle. They made a good team. They made their way down over the course of years, until Gareth could scarcely remember a time before he had Mya. Down they went, layer by layer, until they got stuck in the sands of Sum. And when she hardened too much, when she turned to stone... he couldn't lose that. 
For the last two years, Gareth has been painstakingly moving Mya's statue with him through the sand. He is determined to find a way to fix her and bring her with him when he finally escapes Idyll for good.",,,,,,
Gareth 5,,,,,,"Idyll, Sum",,,,,
Gareth 6,,,,,,,,"Gareth is tall and pale blonde, with tan skin and dark eyes. He dresses in light layers and carries everything  he owns in a bag strung over his shoulders.",,,
Gareth 7,,,,,,,,,He/him,,
Gareth 8,,,,,,,,,,Human,
Gareth 9,,,,,,,,,,,Devotion
Gaspar Pianissimo 1,"Unimportant (old)
38 at death",,,,,,,,,,
Gaspar Pianissimo 2,,https://i.pinimg.com/736x/3a/f3/85/3af385ed0b95d0fea2ac19940865cf9c.jpg,,,,,,,,,
Gaspar Pianissimo 3,,,,Inquisitive Heretical Maestro,,,,,,,
Gaspar Pianissimo 4,,,,,"Gaspar arrived to Paradise at some point. He doesn't remember when. Nor how. He just knows he's dead, and that once upon a time he probably was a famous violin player.

In his stay in Paradise, he learned to like the joys of Idyll, making friends and reveling in the excesses provided by the kind lord. 

And still, something always kept scratching at the back of his mind, the incessant thought that there must be something *more* than paradise. Something *more* than the perfect life Lord Caladrius offers.

Why aren't we supposed to go around the Coffins?

Gaspar decided to voice his doubts the only way he knew: through music. However, no matter how good an artist is, the Knights and Caladrius will crush any form of dissent. Gaspar was put under a curse from the Lord, so that if any dissenting words would ever leave his lips again, he'd be condemned to oblivion...",,,,,,
Gaspar Pianissimo 5,,,,,,"Paradise, Idyll",,,,,
Gaspar Pianissimo 6,,,,,,,,"A tall and lean man with dark skin, white hair, and pointed ears. He always dresses elegant with perfectly tailored clothes in pastel colors and golden accents, accompanied with delicate golden accessories. He always carries with him his violin, a gift received centuries ago from someone he deeemed important, but can't quite remember.

Bearing a curse from the Lord of Paradise, ghostly butterflies always follow him and dance to the sound of his music, always ready to silence him at the slightest sign of insubordination.",,,
Gaspar Pianissimo 7,,,,,,,,,He/Him,,
Gaspar Pianissimo 8,,,,,,,,,,Undead,
Gaspar Pianissimo 9,,,,,,,,,,,Doubt
Gianna Tomaris 1,21,,,,,,,,,,
Gianna Tomaris 2,,https://i.postimg.cc/Cxz9TpGt/Gianna-1.png,,,,,,,,,
Gianna Tomaris 3,,,,Magically Unstable Owner of a Maid Café,,,,,,,
Gianna Tomaris 4,,,,,"Gianna arrived to the Worldhelm at her life's lowest point, when she had just lost everything - her family, her home, her beloved inn - to the fire.

Once settled to the ship, she began working towards the objective to create a place where Goldhearted can feel safe and at ease, and maybe even get pampered a bit: thus, the Golden Hearth was born, thanks to the help of many people who believed and keep believing in the project.

The fountain doesn't call to her very often, so one would almost always easily find her at the Hearth... or hanging out at the Future's Anvil",,,,,,
Gianna Tomaris 5,,,,,,Lhodos (Yorme),,,,,
Gianna Tomaris 6,,,,,,,,"Gianna stands at 5'11'', carrying herself proudly and elegantly with a stylish walking cane she retains from a period of struggle. She can be usually seen in a maid's attire, complete with even an apron filled with pockets where she keeps all sorts of useful stuff. Lately, she picked up on dressing with more casual clothes, too. Whatever her outfit, she always wears her magical gauntlet, since it tends to react violently when separated from her.
Brown eyes, brown hair kept loose that seem to be burning at the tips",,,
Gianna Tomaris 7,,,,,,,,,She/Her,,
Gianna Tomaris 8,,,,,,,,,,Human,
Gianna Tomaris 9,,,,,,,,,,,Anger
Gin 1,25,,,,,,,,,,
Gin 2,,https://images-ext-1.discordapp.net/external/c6kDFyYU0hFKAGs53hxXqHdEmjDegFA-a8e_HVwx4Zk/https/imgur.com/1yBLBXy.png,,,,,,,,,
Gin 3,,,,Future Emperor of Teisei,,,,,,,
Gin 4,,,,,"Formerly a slave of the Oni who reside in the Shrine of Inexorable Tides, this past is far behind Gin at this point. 
Having received the acknowledgement of several entities including Musashi the Sword Saint, Nobunaga the Last Warlord of the War of Heaven, and Tsukuyomi, the goddess of the moon, Gin has been thrust into the role of becoming the future Emperor of Teisei. 
Whether he is ready, or willing, at this point, is no longer relevant. Destiny has forged his path and he will not deviate from it.",,,,,,
Gin 5,,,,,,"Tian Yin, Teisei, Shrine of Inexorable Tides",,,,,
Gin 6,,,,,,,,"A lithe swordsman with feminine features, Gin stands at roughly 5'3""/160cm. Cerulean hair cascades over sapphire eyes and porcelain skin.

Their neutral expression conveys mixed feelings. A stern countenance wrought by grief and obligation, but a soft look in their eyes that conveys deep empathy for the pain of others.",,,
Gin 7,,,,,,,,,He/Them,,
Gin 8,,,,,,,,,,Human,
Gin 9,,,,,,,,,,,Destiny
Godric ~~Ashmont~~ 1,25,,,,,,,,,,
Godric ~~Ashmont~~ 10,,,,,,,,,,,Pride
Godric ~~Ashmont~~ 2,,https://i.imgur.com/sUxgSvC.png,,,,,,,,,
Godric ~~Ashmont~~ 3,,,#fce9a7,,,,,,,,
Godric ~~Ashmont~~ 4,,,,Aspiring Hero Burdened by Ashes,,,,,,,
Godric ~~Ashmont~~ 5,,,,,"Godric Ashmont was the sole heir to the wealthy Ashmont merchant family at Brightshield. He became a talented mage despite disapproval from his family. After a certain incident, he renounced his surname and left them.

He became a mercenary in Tradefair for two years. But his ""knightly"" behavior and repeated failures to follow orders led to him being kicked out of three prominent guilds. He then resorted to menial labor or service jobs, but the Ashmont influence behind the curtains made sure he stayed jobless. While on his way to Hudal Academy, he was picked up by a Realmstorm.

He had much more success as a Goldhearted, acting boisterous and blabbering about being a hero. But repeated failures to protect those he cared about, as well as the nature of Tian Yin, have more than humbled him.",,,,,,
Godric ~~Ashmont~~ 6,,,,,,"Brightshield, Kor'Tarion",,,,,
Godric ~~Ashmont~~ 7,,,,,,,,"Godric stands at 183cm (6'0""), most often clad in a white and gold armor, complemented by a large ornate shield and a permanently sheathed sword at his side (it's actually a wand). Sometimes he's seen wearing a simple Lhodosian attire of a black shirt and pants.

He has been looking consistently exhausted, but still responds in the usual unnecessarily chivalrous manner. His armor has also been renovated, offering more protection but being visibly heavier.",,,
Godric ~~Ashmont~~ 8,,,,,,,,,He/Him,,
Godric ~~Ashmont~~ 9,,,,,,,,,,Human,
Graveyard 1,67,,,,,,,,,,
Graveyard 2,,https://i.imgur.com/CPnFxyn.jpg,,,,,,,,,
Graveyard 3,,,,The Patient Psychopomp,,,,,,,
Graveyard 4,,,,,"Brittle Winter Ground, The Graveyard Empty and Still, Welcoming the Warmth is a living person.

They must remind themselves of this fact from time to time. In their life of relative solitude, they either meditate alone, tend to the shrine and graveyard they live at or combat the occasional antagonist that approaches.

But they do not complain about such an honorable task, to watch over the Temple of Broken Blades. They were busier some decades before, but now it seems that their graveyard is emptier.

Oh well, they surmise. Soon, they will be given another task with great import. For now, they will make some more tea and meditate.",,,,,,
Graveyard 5,,,,,,"Teisei, Tian Yin [The Temple of Broken Blades]",,,,,
Graveyard 6,,,,,,,,"Light brown skin, a youthful and hale visage, empty yellow eyes, and wisdom that also forgets how much time has passed.",,,
Graveyard 7,,,,,,,,,they/them,,
Graveyard 8,,,,,,,,,,Human (Void Cultivator),
Graveyard 9,,,,,,,,,,,Duty
Grimalkin II 1,??,,,,,,,,,,
Grimalkin II 10,,,,,,,,,,,Innocence
Grimalkin II 2,,https://i.imgur.com/3eHqDMs.png,,,,,,,,,
Grimalkin II 3,,,#FF7600,,,,,,,,
Grimalkin II 4,,,,The Lost Son,,,,,,,
Grimalkin II 5,,,,,"Grimalkin II is the son of a feral creature with whom he shares his namesake. This creature happens to be his mother, and the two shared a strong familial bond; before suddenly, Grimalkin II awoke one day, alone and seemingly abandoned. No longer was he the creature that he once was either, as he now had a new bipedal form, and the ability to understand and use spoken language for the first time. He understood this to mean that he had been gifted by the goddess Kuzunoha; however, he could not understand what this meant for his mother nor her disappearance. His search was dramatically cut short wherein mere hours after his transformation, Grimalkin II found himself chosen by a strange vessel and whisked away to adventure.",,,,,,
Grimalkin II 6,,,,,,Forests of Aldistir,,,,,
Grimalkin II 7,,,,,,,,"Grimalkin II is reminescent of a calico cat (albeit much larger), with the apparant mannerisms of housecat. The similarities stop there however, as Grimalkin II now walks on his hind legs for most of his immediate travel, he dawns a colorful cloak as a form of attire, and his tail is split in two at the base. When in his beastial form, Grimalkin II returns to his quadrapedal stride, and his body grows in proportion to that of a true coeurl (9feet long, 600lbs).",,,
Grimalkin II 8,,,,,,,,,he/they,,
Grimalkin II 9,,,,,,,,,,Yokai,
Grün 1,28,,,,,,,,,,
Grün 2,,https://media.discordapp.net/attachments/672933845997453322/1185095423363387452/green_knight_by_ravenscar45_d4zuc1v-fullview.jpg?ex=663b119e&is=6639c01e&hm=a5061bda29c73e5bd44f6385d7de95e7e8ecde8ec1491495869269d7f4d29794&,,,,,,,,,
Grün 3,,,,Calm Woodsman with a Heart of Gold,,,,,,,
Grün 4,,,,,"From a lineage of woodsmen blessed by the trees for their service in protecting the woods, Ancestors were Lumberjacks. Word of tragedy and horrors in the world had reached him and so he went forth to aid any who would need of it.",,,,,,
Grün 5,,,,,,Kor'Tarion,,,,,
Grün 6,,,,,,,,A broad man who would seem entirely human if not for his body being green. He is adorned in a cloak of grass.,,,
Grün 7,,,,,,,,,He/Him,,
Grün 8,,,,,,,,,,Human(Wood-Blessed),
Grün 9,,,,,,,,,,,Hope
Guo Mùchén 1,70 (looks in their 30s),,,,,,,,,,
Guo Mùchén 10,,,,,,,,,,,Ambition
Guo Mùchén 2,,https://i.imgur.com/md0ibnz.png,,,,,,,,,
Guo Mùchén 3,,,,Bloodied Guardian Seeking Heaven,,,,,,,
Guo Mùchén 4,,,,,"A humble and quiet guardian of the hidden village within Jijing Xiantiao. Someone who for a while now has kept to themselves and only focused on guarding their home, not much is known about the man. Due to being a Jinshi, avid user of Body Cultivation, though his own personal Cultivation stems from Blood Cultivation.",,,,,,
Guo Mùchén 5,,,,,,"Tian Yin, Wujing Guo, Jijing Xiantiao, Bingchuan",,,,,
Guo Mùchén 6,,,,,,,"Guo
Mù
Chén",,,,
Guo Mùchén 7,,,,,,,,"A dark skinned and tall man, bearing clothing of Tian Yin, specifically that of Wujing Guo. Loose and open robes along with more martially inclined clothing. Underneath these robes a more tight black outfit that hugs his body. Lion like ears sprouting from his head and a lion's tail flicking behind him. His eyes bear with them an animalistic look, his expression is usually calm or a tame smile. His body denotes one who relies on strength, having more of a ""strong man's"" build rather than one aesthetically please. Heavy and dense muscles lining his body from top to bottom. On top of his clothing he wears what looks like hand-made jewelry. 

When he is fighting, on occasion scarlet red blood can be seen as he uses his very own blood as a form of cultivation. The energy itself being derived from both Wood & Water Qi, a crimson hue that matches his hair.",,,
Guo Mùchén 8,,,,,,,,,He/Him,,
Guo Mùchén 9,,,,,,,,,,Shibing-Jinshi,
Guy Rossi 1,35,,,,,,,,,,
Guy Rossi 2,,https://i.ibb.co/DkKVpMp/Guy2.png,,,,,,,,,
Guy Rossi 3,,,,Blue Collar Worker With a Shady Past Behind,,,,,,,
Guy Rossi 4,,,,,"Fifteen years ago, a poor septid fell into debt. Out of options and not wanting to get on ET Acquisitions' bad side - being employed by one of their various child companies as a construction worker and fearing losing his little paying but secure job. Thus, Guy Involved himself with Golden Nail for a hot moment. They did something to him - he's not really sure what, he only knows that for the following five years his memories are absolutely screwed. Then, his bond with the Golden nail just... stopped. He has no recollection of what agreement was struck, he just knows his debt is somehow paid and one of his nails keeps growing golden. But that's not important.
He went back to his regular life. He married the woman he loved, and has a child he'd die for. Even with their two abysmal incomes, they are happy. To a measure. Sometimes, he still wonders where did those five years go, and why his memory is starting to get faulty once again...

... he's just a lil guy who wants to live in peace.",,,,,,
Guy Rossi 5,,,,,,"Silver Rock, Haven, Terra",,,,,
Guy Rossi 6,,,,,,,,"A regular-sized Septid with an almost clynical case of baby face. Sporting medium-lenght teal hair and big orange eyes, Guy constantly looks tired or one step away from giving up on everything. Smells aggressively like caramel.
He tries his best to dress smart, but most of his wardrobe is comprised of the most adult-septid-appropriate children clothes he can afford with his abysmal salary - meaning his only two good shirts were tailor made, and they costed an arm and a leg.
Has an unexpectedly deep voice, and a violent case of short man syndrome he really can't unleash onto anyone because of his low status - he's just a construction worker, after all.
... His left ring finger's nail is always painted gold for some reason...",,,
Guy Rossi 7,,,,,,,,,He/Him,,
Guy Rossi 8,,,,,,,,,,Septid,
Guy Rossi 9,,,,,,,,,,,Tranquillity
Gwyneth 1,22,,,,,,,,,,
Gwyneth 2,,https://cdn.donmai.us/original/38/db/38db2302f1256a10ed8495cfb623f592.jpg,,,,,,,,,
Gwyneth 3,,,,Fighting for a better tomorrow.,,,,,,,
Gwyneth 4,,,,,"Gwyneth was fished up out of the ocean by a fishers near Traeth Village. She still does not know her real parents. Her parents were the ones that taught her to find the beauty in others, the kindness in strangers, and the responsibility it means to keep everybody safe.

Growing up, it was evident she was a little different from other villagers: taller, stronger, much more hungry than a normal person. It wouldn't stop her from taking up the axe and the armor to protect Traeth from the many threats that lurked along its edges. She was one of the many commonfolk inspired by the acts of heroism spreading through the realm, deciding to leave her village to spread her desire to protect and help beyond the little bubble of Traeth.",,,,,,
Gwyneth 5,,,,,,"Traeth Village, Kor'tarion",,,,,
Gwyneth 6,,,,,,,,"Taller than most. Carrying a larger axe than most. Eats more than most. What isn't clad in armor is her face. She wants to assure others that she isn't a threat.

Smiles often. Laughs even more.",,,
Gwyneth 7,,,,,,,,,She/Her,,
Gwyneth 8,,,,,,,,,,Human,
Gwyneth 9,,,,,,,,,,,Hope
Gyalwa Jigme 1,30,,,,,,,,,,
Gyalwa Jigme 10,,,,,,,,,,Human,
Gyalwa Jigme 11,,,,,,,,,,,Ambition
Gyalwa Jigme 2,,https://i.postimg.cc/yx4F60pH/gyalwa.png,,,,,,,,,
Gyalwa Jigme 3,,,ff8200,,,,,,,,
Gyalwa Jigme 4,,,,Realm-Crossing Soulrunning Cultivator,,,,,,,
Gyalwa Jigme 5,,,,,"Usually seen around the Temple of Strife, Gyalwa is a constant headache for the void monks residing there. Originally one of Lama Dampa’s personal disciples, she made it clear very early that she did not resonate with the philosophy of self-annihilating “altruism” the monks preached, and decided to cultivate following her own Dao.

Her way is one of sleep, rest and flowing, with every single one of her actions - both in cultivation and in life - heavily influenced by the circadian rhythms of the world and her admittedly impossible ambition to be the one who will ultimately bring Xiang Shinan down.

She may appear lazy, brash and childish, a babbling buffoon absorbed in her own world, and yet, one would instantly recognize her as a genius Qi manipulator, with a strong disposition for Heavenly Qi and impressive control over her own Qi flow.",,,,,,
Gyalwa Jigme 6,,,,,,"Tian Yin, Leytik, Temple of Strife",,,,,
Gyalwa Jigme 7,,,,,,,Fractal (Terra TEMP alias); Khenmo Jigme,,,,
Gyalwa Jigme 8,,,,,,,,"A woman with a tan complexion, orange hair, and orange eyes. Usually wears comfortable clothes, and has recently picked up Terra's fashion for everyday life on the ship.
She displays quite the attitude, when she's not slacking off in the weirdest places, usually very inconvenient spots like a doorstep or the middle of the road.
As of her recent breakthrough, her eyes constantly glow golden, and her skin in inscribed with the teaching of the Golden and Harmonic Spiral Cultivation",,,
Gyalwa Jigme 9,,,,,,,,,She/Her/any,,
Haoran 1,22,,,,,,,,,,
Haoran 2,,https://i.imgur.com/imf0PhA.jpeg,,,,,,,,,
Haoran 3,,,,Sacrifice-Turned-Warrior,,,,,,,
Haoran 4,,,,,"Haoran is a natural Metal Qi cultivator, as well as a fairly good dancer. He is a novice of the spear after events in his life led him to the Worldhelm.",,,,,,
Haoran 5,,,,,,"Tian Yin - Wujing Guo, Secret Fern Village",,,,,
Haoran 6,,,,,,,,"With a body mostly covered in shimmering scales the color of sapphires, he possesses luxurious white hair which winds down his back and along the thin tail behind him. Additional lengthy tufts at his elbows and knees lend a gentle countenance to him, reflected with his equine-esque face, plated ridges along the bridge of his nose leading to a single antler-horn arcing gracefully from the middle of his forehead.",,,
Haoran 7,,,,,,,,,He/Him/His,,
Haoran 8,,,,,,,,,,Bishi'e,
Haoran 9,,,,,,,,,,,Patience
Heinrich 1,27,,,,,,,,,,
Heinrich 2,,https://scontent-waw2-2.xx.fbcdn.net/v/t1.6435-9/104099401_1117112518660253_8952414009368148850_n.jpg?_nc_cat=107&ccb=1-7&_nc_sid=127cfc&_nc_ohc=7C9HzTdi1VcQ7kNvgGTj39W&_nc_zt=23&_nc_ht=scontent-waw2-2.xx&_nc_gid=Am8Qvti8xvT3u5J2pWSnmuK&oh=00_AYBplM2aiY4gdFBYjdDhx1PBZsjGyOPh9SL5wxxsJ7FMjA&oe=6766E8AB,,,,,,,,,
Heinrich 3,,,,Escaped Experimental Living Weapon,,,,,,,
Heinrich 4,,,,,"Heinrich was born into Empire of Merrane, and as a child he believed, as most, in the justice of his homeland. He, too, wanted to fight for the people. As he grew older, the thought become more mature, but never really left. When the chance came, he signed up to join the army.

To this day, he's not really sure why that happened. Was the whole Empire involved in such things? Or was it individual, illegal cell that he had the misfortune of encountering? Whatever the case, he was found to have certain ""potential"", and next thing he knew, the Empire he so trusted was performing on him inhuman experiments. The goal was to somehow fuse a human with an elemental into some being of power for use in the war effort.

Though others died, the experiment succeeded with him, and he was brought to the frontlines. He already distrusted the Empire, but before that, he thought it was just ""whatever necessary to win"" kind of deal. Then he saw the reality of the war, anger filled him, and he escaped.",,,,,,
Heinrich 5,,,,,,Empire of Merrane (Lhodos),,,,,
Heinrich 6,,,,,,,,"183 cm tall, average build

Usually seen in silver armor with blue accents covering his whole body, especially the helmet. Even without it he usually wears clothes with long sleeves and high collars.

His body is covered with ugly scars that glow and buzz with elemental energies, which is why he prefers to keep himself hidden beneath armor. His hair is green, short and unkept, his pale skin has strange green tinge to it that makes him appear sickly, his face seems to have settled into a permanent frown, and his nose looks like it got broken and healed improperly. His eyes too glow with elemental energies, changing colors with his surroundings, and his Heterochromia is the only part of his looks that he actually likes.",,,
Heinrich 7,,,,,,,,,He/Him,,
Heinrich 8,,,,,,,,,,Human,
Heinrich 9,,,,,,,,,,,Anger
"Helios, The First 1",29,,,,,,,,,,
"Helios, The First 10",,,,,,,,,,,Justice
"Helios, The First 2",,https://i.imgur.com/H07PWWu.png,,,,,,,,,
"Helios, The First 3",,,#FFFFFF,,,,,,,,
"Helios, The First 4",,,,Aspiring Hero,,,,,,,
"Helios, The First 5",,,,,"Helios is a human soldier from the Islands of Samsara. Trained in the lost art of dragon fighting, he seeks adventure to issue in peace across the realm. He was granted the moniker of ""The First"" by his comrades, being the first of his name as well as the first in many generations to rekindle the art of the ancient Dragoons.",,,,,,
"Helios, The First 6",,,,,,Islands of Samsara,,,,,
"Helios, The First 7",,,,,,,,"Helios has been described as a stoic, but gentle person with a fierce aura of determination and purpose. He stands relatively taller than most of his kin at 6 feet, 6 inches tall (198cm), and sports a short cut to his shock white hair. His eyes are a piercing gold compared to his complexion and armor. He also has a notable scar across his left cheek and lips.",,,
"Helios, The First 8",,,,,,,,,he/him,,
"Helios, The First 9",,,,,,,,,,Human,
Hemlocke Perditos 1,34,,,,,,,,,,
Hemlocke Perditos 10,,,,,,,,,,,Discovery
Hemlocke Perditos 2,,https://i.imgur.com/YfMFqod.jpeg,,,,,,,,,
Hemlocke Perditos 3,,,#084A85,,,,,,,,
Hemlocke Perditos 4,,,,Traveling Apothecary searching for a Breakthrough,,,,,,,
Hemlocke Perditos 5,,,,,"« ...Born in the Perditos family, in a small town in Lhodos, my boy Hemlocke was subject to a strict education and high standards since his childhood. Bringing respect to the Family Name has always been his highest aspiration. 
You see, all of Perditos family tree's names have been inspired to flowers. *Poisonous* flowers. The reason behind this ""tradition"" of theirs has been lost to time, unfortunately... but I think it's due to their w... [ this part is illegible ]
 
...When his hometown became a battlefield, his family nowhere to be found, he had no choice but escape to the north. I found him on the streets and offered him rest in my caravan. He helped me in my daily duties for years, even learned the job. When we ended up stayin' in Korila, he was allowed in the academy. Hells, even graduated. 
I'm sure he's doing alright... He's got the will, and he's got the brains. May his future shine bright. »
– An Old Man's note.",,,,,,
Hemlocke Perditos 6,,,,,,Lhodos,,,,,
Hemlocke Perditos 7,,,,,,,,"Hemlocke is 186cm (6'1) tall. He's not particularly brawny, as physical exercise would take him precious time otherwise spent in deep thought. 

He features dark hair, except for a single white strand of hair... seems to be a ""family trait"", according to him.
When he leaves his lab, he always brings some tools, trinkets and little bottles filled with ingredients along. And don't forget about the notebook! There's always something new to discover, even in Lhodos!",,,
Hemlocke Perditos 8,,,,,,,,,he / him,,
Hemlocke Perditos 9,,,,,,,,,,Human,
Hikmah 1,24,,,,,,,,,,
Hikmah 2,,https://images-ext-1.discordapp.net/external/uDPi3lZ8DK78kM-nA5od4_244zrCps3KHOixbO0pr5M/https/i.imgur.com/dELfvw0.jpeg,,,,,,,,,
Hikmah 3,,,,Demihuman Student Inventor,,,,,,,
Hikmah 4,,,,,"Originally from Windhaven, she spent most of her time studying.  She was enrolled in a school that dedicated it's resources to documenting the history is Nezmira.  Along the way, she learn to fight using elemental infusion to exploit the weaknesses she learned in her studies.  During one of her outings to study a ruin, she was picked up by a realmstorm.  (Leaving vague, will update later)",,,,,,
Hikmah 5,,,,,,"Windhaven, Nezmira",,,,,
Hikmah 6,,,,,,,,"Height: 5'3 not counting ears, Weight: 71 lbs",,,
Hikmah 7,,,,,,,,,"She/her, they/them",,
Hikmah 8,,,,,,,,,,Hiear,
Hikmah 9,,,,,,,,,,,Hope
Hiya Salamin 1,20,,,,,,,,,,
Hiya Salamin 2,,https://imgur.com/3u1RXxh.png,,,,,,,,,
Hiya Salamin 3,,,,Spiritual Glassblower of the Volcanic Peaks,,,,,,,
Hiya Salamin 4,,,,,"Coming from a long line of Glass Cultivators centered around the volcanic peaks of Pagapalay Village. Hiya despite being born a male in a matriarchal society was born into a hopeful position. But, as she practiced her lineage’s cultivation, she struggled to cope with her feelings of self-doubt to the dismay of those who practiced before her. Eventually, she learned to channel her cultivation into a glittery avatar of glass resembling one of the auspicious beasts. For a while, she was satisfied with that progress. It wasn't until her little insulated world was nearly shattered by a catastrophic event stopped by the gold-hearted that she finally dared to step away from her mundane existence to investigate the volcano. Fortune would have it that one decision would lead to her being gobbled up into a realmstorm, displaced from her home, and joining the World-Helm with the hope of finding acceptance and purpose.",,,,,,
Hiya Salamin 5,,,,,,"Pagapalay Village, Sangang-Daan, Tian-Yin",,,,,
Hiya Salamin 6,,,,,,,,"Hiya Salamin is a boyish Bakla standing at a meek 5'4. She has a small frame with lightly discolored hands from the labor of glassblowing. She prefers comfortable clothes that do well to insulate her skin to the sweltering heat. She has two orange irises and black hair.

She does battle using a glass construct she calls Pagninilay, that resembles one of the four auspicious beasts, the beast of summer. It has red stained glass feathers and crystal clear complexion.",,,
Hiya Salamin 7,,,,,,,,,She/Her,,
Hiya Salamin 8,,,,,,,,,,Human,
Hiya Salamin 9,,,,,,,,,,,Acceptance
Horoko 1,25??,,,,,,,,,,
Horoko 2,,https://i.pinimg.com/736x/37/fe/0a/37fe0acaf3d213d0d155080f6d688b63.jpg,,,,,,,,,
Horoko 3,,,,Graceful Blade,,,,,,,
Horoko 4,,,,,"* Appeared out of the forest when she was probably 4 years old.

* Her adoptive parents disappeared when she was young.

* It is known she spent some time in the forests around Hanae, and that when she returned from the forest she had displayed a great deal of talent as a swordswoman. What happened between? Who can say?",,,,,,
Horoko 5,,,,,,"Realm of Tian Yin, Subrealm of Tei Sei, Village of Hanae",,,,,
Horoko 6,,,,,,,,"Horoko isn't outwardly a terribly intimidating presence. She is calm and quiet, often seen smiling when not in the middle of a battle. She wears a simple blue kimono and hakama, and carries a rather nondescript katana at her left hip. She'd almost be easy to miss if not for the striking white hair and icey blue eyes that make even her smile just a little disconcerting. Still, she seems harmless enough, and her light, cheerful voice always speaks words of encouragement and cheer.

Since regaining her eye, she has showing something of a tendency to be more... reserved. And recently, she has even seemed a bit melancholy. Save when around her girlfriend.",,,
Horoko 7,,,,,,,,,She/Her,,
Horoko 8,,,,,,,,,,Human...?,
Horoko 9,,,,,,,,,,,Hope
"Howi ""Atlas"" 1",24,,,,,,,,,,
"Howi ""Atlas"" 2",,https://cdn.discordapp.com/attachments/1076838064846012438/1327032597770928180/FAbula_Ultimate_Atlas_Yak_2.png?ex=678196ea&is=6780456a&hm=63e29e6ecd04610a8dd462d54fa87bf6b4b4471750452c2cc5a0bb2eca8d5064&,,,,,,,,,
"Howi ""Atlas"" 3",,,,Tough Warrior with a Heart of Gold,,,,,,,
"Howi ""Atlas"" 4",,,,,To be discovered and learned(And Totally not made up on the spot),,,,,,
"Howi ""Atlas"" 5",,,,,,"Temple of Fortitude,Leytik,Tian-Yin",,,,,
"Howi ""Atlas"" 6",,,,,,,,Standing at 10'5  wearing what most would consider rags or basic leather armor eitched with runes and markers. Brown fur with spots of reds mostly around the head with a small puff of jet black hair at the top.,,,
"Howi ""Atlas"" 7",,,,,,,,,HE/HIM/HIS/BOI,,
"Howi ""Atlas"" 8",,,,,,,,,,Yakshi,
"Howi ""Atlas"" 9",,,,,,,,,,,Mercy
Hua Ying 1,25,,,,,,,,,,
Hua Ying 2,,https://media.discordapp.net/attachments/1109284101426528306/1347739650327969853/301d797009cb532785b51aef987d2677.jpg?ex=67d0379c&is=67cee61c&hm=2cd69369fa6804cb98363dd29cde9355cbfb1132d6b585d5fb56dc7138a43061&=&format=webp&width=&height=,,,,,,,,,
Hua Ying 3,,,,Discarded Apprentice Looking for Answers,,,,,,,
Hua Ying 4,,,,,"All that Hua Ying can recall about her mother is that she was rather young when she was entrusted to her adoptive father after her mother's passing. He was strict but kind both as a father and an instructor in the art of cultivation, always striving diligently towards the peak that his ancestors had once reached.

With each passing year she and her father would grow more withdrawn from the village as his training grew in intensity and their perilous trips outside the village grew ever frequent. Something had changed about the kind man from her childhood but she was unsure when it had happened or to what extent. Only one of those questions would be answered when she was brought to the brink of death and left to die by the one she cherished most. 

She knows not why she was chosen by the Worldhelm but after years of wallowing in doubt and grief she decided that she would get her answers, no matter the cost.",,,,,,
Hua Ying 5,,,,,,Bingchuan Village/Wujian Guo/ Tian Yin,,,,,
Hua Ying 6,,,,,,,,"Hua Ying stands at a respectable 5'5"" (horns and okobo included), paired with her slender and androgynous build people foolishly assume her to be younger than she actually is, much to her ire.  For the sake of her pride she goes to great lengths to combat these assumptions, painstakingly curating every aspect of her appearance and the way she is perceived by others, making a point to always carry herself in a dignified and sophisticated manner.   

In these efforts she takes special care of her hair horns and tail, despite the latter's constant betrayal of her emotions at inopportune situations. 

Unlike the clothes she favors her body is largely monochromatic with sparse accents of color at the ends of her tail, hair, horns and ears. Along with a striking golden eye that's left uncovered by her mane.",,,
Hua Ying 7,,,,,,,,,She/Her,,
Hua Ying 8,,,,,,,,,,Shibing(Bishi'e),
Hua Ying 9,,,,,,,,,,,Doubt
Hue 1,??,,,,,,,,,,
Hue 2,,https://i.pinimg.com/control/564x/24/b2/55/24b255c4acedb3f4878667782d4717d2.jpg,,,,,,,,,
Hue 3,,,,Something Else Looking For Something New,,,,,,,
Hue 4,,,,,"A fae born into a world of color, they learned to love the new and exciting. From the orange of the sunsets and blue of the seas. And what was one to do with what they loved but create something new from it? So they did as such, using themselves to pull color from and create their own masterpieces.

Now they are sure to share their works from making new faces to play amongst the mortals or to leaving smidges of their artwork behind, both literally and metaphorically. Who knows what will happen though, they simply follow their artistic flow.",,,,,,
Hue 5,,,,,,"Feyrealm, Kor'tarion",,,,,
Hue 6,,,,,,,,"A humanoid-looking 6'8 creature, their body itself has little to no color. Their hair though often times swirls with different hues and shades of color that they pull from for their art. The only thing that seems human being stray articles of clothing they have picked up over the years simply because ""they looked nice.""",,,
Hue 7,,,,,,,,,Any/All,,
Hue 8,,,,,,,,,,Fae,
Hue 9,,,,,,,,,,,Excitement
Huong Jin 1,24,,,,,,,,,,
Huong Jin 10,,,,,,,,,,Elf,
Huong Jin 11,,,,,,,,,,,Ambition
Huong Jin 2,,https://i.imgur.com/PMgaRfY.png,,,,,,,,,
Huong Jin 3,,,#cc3333,,,,,,,,
Huong Jin 4,,,,Method in Madness,,,,,,,
Huong Jin 5,,,,,"Ever since joining the Worldhelm, they haven't shared much of their previous experience, aside from the select few. With background in alchemy and engineering, they've become a core member and a founder of The Future's Anvil, along with Myffa Sirrokh and Enoch. They've also been seen alongside the proprietress and the head maid of The Golden Hearth when off-duty, hanging out in her maid cafe after working hours.

After the defeat of Halcyon, they've pledged allegiance to the Queen of Hearts, turning from an elfkin of Lhodos to a fully fledged Goldhearted faerie. Surprisingly enough, very little has changed about them.",,,,,,
Huong Jin 6,,,,,,Free City of Hedgeburg,,,,,
Huong Jin 7,,,,,,,Diesel,,,,
Huong Jin 8,,,,,,,,"Standing at 5'10"" and weighing 145 lbs, Huong Jin boasts a slender but defined figure with feminine features, which they proudly boast through the crimson flak jacket, simple brown pants with a belt that stores their infusion ampules, and some leather boots made for kicking. They sport medium-length black hair, ruby red eyes and pointy ears.",,,
Huong Jin 9,,,,,,,,,they/them,,
Hydrangea 1,52,,,,,,,,,,
Hydrangea 10,,,,,,,,,,,Hope
Hydrangea 2,,https://cdn.discordapp.com/attachments/773756607519653890/1288226687145738372/Character_art_Square.png?ex=66f46a18&is=66f31898&hm=8dd1b0e0ccb9f7b9d607093073086f811c68fd93a841d5ea77bd29e07f648277&,,,,,,,,,
Hydrangea 3,,,(#008000),,,,,,,,
Hydrangea 4,,,,The Forgotten Spirit of Dryholde,,,,,,,
Hydrangea 5,,,,,"Hydrangea was originally a simple spirit of a tree in the village of Dryholde. She enjoyed watching the lives of the citizen around her for many years. Until a portal opened up in the village, spilling forth demons that killed the town. Filled with sadness after watching this unfold, she used all her power to grow a humanoid body for themselves with the intent to avenge the town. However, just as she was about to start her mission, she was taken by a realm storm.",,,,,,
Hydrangea 6,,,,,,Dryholde,,,,,
Hydrangea 7,,,,,,,,"Normally seen in wooden armor, Hydrangea is a 5'8"" collection of plants in the shape of an average human woman. Most of her leaves are a bright green in colour that get lighter in the face, with a large flower on her head that changes based on which magiseed she is using. She has short ""hair"" black eyes and a mouth with noticeable fangs. She is normally seen with a hopeful smile across her face.",,,
Hydrangea 8,,,,,,,,,She/They,,
Hydrangea 9,,,,,,,,,,Sentient plant,
Iara Amrade 1,27 y,,,,,,,,,,
Iara Amrade 10,,,,,,,,,,,Belonging
Iara Amrade 2,,https://i.imgur.com/RoTQzOB.png,,,,,,,,,
Iara Amrade 3,,,#bfd0d4,,,,,,,,
Iara Amrade 4,,,,Medic of a Fallen Home,,,,,,,
Iara Amrade 5,,,,,"A Refugee of Dryholde. She's been to worldhelm for a month or so and just got used to life there. She doesn't talk much about her past beyond that, but she'll be glad to treat any wound from any person.",,,,,,
Iara Amrade 6,,,,,,"Dryholde, Kor'Tarion",,,,,
Iara Amrade 7,,,,,,,,"Slim, Tall (1,85m), with a faint blue for hair color and silver for eye color. Thick eyebrows and a face that portrays a distant look.",,,
Iara Amrade 8,,,,,,,,,She/Her,,
Iara Amrade 9,,,,,,,,,,Elf,
Icarus Vittore 1,24,,,,,,,,,,
Icarus Vittore 10,,,,,,,,,,Human,
Icarus Vittore 11,,,,,,,,,,,Mercy
Icarus Vittore 2,,https://i.imgur.com/bzouLiI.png,,,,,,,,,
Icarus Vittore 3,,,#FFFFFF,,,,,,,,
Icarus Vittore 4,,,,Arrogant Mercenary Seeking Redemption,,,,,,,
Icarus Vittore 5,,,,,"Considered to be a failed experiment by a scientific collaboration between NTTech and DHK Heavy Industries, Icarus was cast out of the facility he was born in and left to die in the Terran wilderness, alone. His body was meant to be a perfect fusion of human and a currently unknown avian creature capable of powerful telekinetic abilities. However, such was not the case as Icarus only presented with fragile and hollow bones, and nothing more. His determination to survive proved to be his salvation as he grew stronger with age, and was able to turn his deficiencies into gifts. Quick and light on his feet, with a penchant for silence, Icarus found himself winning against all odds; and eventually his deadly skillset found him at the doorstep of the Vignettes. With a gun in his hand, Icarus proved to be a force to be reckoned with, and his kill count rose to obscene numbers.",,,,,,
Icarus Vittore 6,,,,,,"Silver Canyon, Terra",,,,,
Icarus Vittore 7,,,,,,,I.V.,,,,
Icarus Vittore 8,,,,,,,,"Icarus is a very slender, young man with a permanent grimace towards the world. He moves with a graceful precision, and his fierce golden eyes convey a sense that he is always intently focusing on something about to happen. He has light skin, and even lighter, platinum blonde hair. When fully clothed in his traditional Terran streetwear, one would not be remiss to assume him to be a perfectly normal human being. However, when exposed, one can see transluscent feathers erupting from the skin on his forearms and calves. These are a mark of his experimentation, and he hides them at all costs, ashamed that they remind him of failure.",,,
Icarus Vittore 9,,,,,,,,,He/Him,,
Ineza Brightscale 1,19,,,,,,,,,,
Ineza Brightscale 2,,https://i.imgur.com/IXzsphS.png,,,,,,,,,
Ineza Brightscale 3,,,,"Nezzim Merchant Delivering Potions, Poultices, and Freedom",,,,,,,
Ineza Brightscale 4,,,,,"For as long as she can remember, Ineza has been learning the art of the deal from her mother. From haggling with sandsailors, to crafting potions and poultices, tonics and tinctures, to upsell, upsell, UPSELL! For years now, she's worked alongside her mother, learning and aiding in the family business.
It wasn't until she was 15 that she was clued into the family's OTHER trade: people. More specifically, utilizing a bevy of contacts and favors owed, alongside the cover of legitimate business dealings, her mother acts as part of a group that aids mages in escaping beyond the iron grip of imperial doctrine. While it undoubtedly came as a shock at first, she quickly strove to aid in what ways she could.
At present, Ineza primarily operates on the surface running the more mobile parts of the family business, along with discrete message exchanges with underground contacts, primarily in Windhaven. But soon, a different wind will wisk her away, far beyond the white sands of her home…",,,,,,
Ineza Brightscale 5,,,,,,The City of Scales (Nezmira),,,,,
Ineza Brightscale 6,,,,,,,,"At a mere 4’7”, the oversized merchant backpack Ineza carries around with her only serves to help make her look even smaller. Sporting bright red scales and the piercing eyes of a saleswoman always ready to make a deal, her practiced grin is about equally likely to bring comfort as it is mild suspicion.",,,
Ineza Brightscale 7,,,,,,,,,She/Her,,
Ineza Brightscale 8,,,,,,,,,,Nezzim,
Ineza Brightscale 9,,,,,,,,,,,Justice
Ioes 1,19,,,,,,,,,,
Ioes 2,,https://cdn.discordapp.com/attachments/1163695638739955742/1354149554043359243/IMG_0497.png?ex=67e4e64c&is=67e394cc&hm=c16810236115c0b0234ed3124ed93c05778f3b416f0348dee7f320e57eb3aa5b&,,,,,,,,,
Ioes 3,,,,Railgun Otaku,,,,,,,
Ioes 4,,,,,"Born and raised in a small town in Terra his life was immediately ruined by his parents overbearing nature which caused him to resent and despise them with no access to any entertainment. One way or another he eventually found out about twinworld and was enamored with its style and mechanics. He decided one day that this was the life for him so he left home and decided to work for sword to both earn a living, get a T.E.M.P. License and save enough money to be able to play triworld. Casually walking the streets looking like a warrior Ioes is nothing more than a huge nerd for a game he’s really really into, so into in fact that even his cosplay is considered military grade.",,,,,,
Ioes 5,,,,,,"Terra, The City of Nest",,,,,
Ioes 6,,,,,,,,A Terran with brown hair with a black and blue aesthetic wearing armor similar to what an android would look like. Often carrying around a railgun under his big cloak. His armor seems flexible to where even his helmet asks more as a mask with how it comes on and off with a simple press of a button.,,,
Ioes 7,,,,,,,,,They/Them,,
Ioes 8,,,,,,,,,,Human,
Ioes 9,,,,,,,,,,,Obsession
Iori Hirose 1,44,,,,,,,,,,
Iori Hirose 2,,https://i.imgur.com/mKxFwH5.jpeg,,,,,,,,,
Iori Hirose 3,,,,Storm Chosen Rōnin,,,,,,,
Iori Hirose 4,,,,,"Born into the Hirose Clan, Iori was destined for a life of silk and servitude, but her father defied tradition, to forge her into a warrior. In Sakai, even daughters bore steel, and she was no fragile flower. She was a rose with thorns, both beautiful and deadly. When the Oni came, the capital fell, the emperor was slain, and the samurai, refusing to kneel, waged one final battle. Beneath a rain-darkened sky, they were defeated. Ready to die, Iori was instead forced to flee by her father, carrying the shame of survival.  

Beneath the raging storm, she cursed the gods, demanding a reason for her survival. And one answered. Lightning struck, searing through her, leaving power thrumming in her veins. When she awoke, she was changed. Now she is a Rōnin. A wandering blade with no master, no home, and a single vow. Never again would she bow to an emperor, never again serve a noble. Her sword would be sworn only to a cause worth dying for.",,,,,,
Iori Hirose 5,,,,,,"Sakai, Teisei, Tian Yin",,,,,
Iori Hirose 6,,,,,,,,"She stands at 5'8, carrying herself with unwavering pride, her stance firm and assured. Once a deep, natural black, her hair now bears a striking lavender hue. A permanent mark of her ordeal. She wears a modified off-the-shoulder yukata, tailored for combat, blending elegance with practicality. A simple black eyepatch conceals her ruined eye, a silent testament to the day the beneath the rain.",,,
Iori Hirose 7,,,,,,,,,She/Her,,
Iori Hirose 8,,,,,,,,,,Human,
Iori Hirose 9,,,,,,,,,,,Rebellion
"Iris Blue, The Bleeding Heart 1",23,,,,,,,,,,
"Iris Blue, The Bleeding Heart 10",,,,,,,,,,,Pain
"Iris Blue, The Bleeding Heart 2",,https://i.imgur.com/0VQLwKP.jpeg,,,,,,,,,
"Iris Blue, The Bleeding Heart 3",,,2f02d5,,,,,,,,
"Iris Blue, The Bleeding Heart 4",,,,Former Jailor with Sentient Thorns,,,,,,,
"Iris Blue, The Bleeding Heart 5",,,,,"being mages in Kor'Torian, Iris's parents wanted a simple life, which caused them to make a deal with fae. They traded the ability to live normal lives ""by taking away there magic"" for the eternal service of there daughter. they traded with a smaller sect of the autumn court known as the vine puppets, a collection of plant like fae chaotic hivemind that are linked together by vines in there back.
Iris has spent a majority of her life as a slave to these fae, including hunting down more innocent people to become slaves to the court. She became a kor'tarion myth known as the ""the bleeding heart"" and hating it. She was bound by semisentiant vines rapped around her arms and neck. During her imprisonment, a band of Goldhearted seized the place in a search and rescue mission. in the confusion, she broke parts of the vines off of her and snuck onto there ship, which only did spit her out because it recognized her as someone who could be goldhearted, despite Iris not thinking she is one",,,,,,
"Iris Blue, The Bleeding Heart 6",,,,,,"Snowmaw, Kor'Tarian",,,,,
"Iris Blue, The Bleeding Heart 7",,,,,,,,"Iris is a 6:3 thin rail of a woman with the look of failure that can be easily spotted under the bags under her eyes. She has long black curly hair that looks unkempt and is over one of her eyes. she is wearing black leathers with a hunters skirt over her legs and riding boots, both with old insignia scratched out.  around her wrists and her neck is a large thorned vine that moves on its own. the ones around the wrists curl up to the elbows and the ones around her neck dangle down like a danger scarf with a blue bleeding heart flower that hangs lie a tie in front of her",,,
"Iris Blue, The Bleeding Heart 8",,,,,,,,,She/Her/Ah!,,
"Iris Blue, The Bleeding Heart 9",,,,,,,,,,Changeling/Fae infused human,
Irius Barnes 1,26,,,,,,,,,,
Irius Barnes 2,,https://file.garden/Z1ILD5iaszdIzK-Q/token_4.png,,,,,,,,,
Irius Barnes 3,,,,Seemingly Indifferent Farmhand,,,,,,,
Irius Barnes 4,,,,,"Irius originally hailed from the slums of Nest with some history of hardship, working his way up to the Solar Fields as one of many of the hard-working individuals among there; Irius learned to develop some consistent skills and preparedness, managing to put these skills to use for their past odd jobs and work his way from the gutters of the slums to a housing unit much like any other working farmhand. Through the fruits of the tough farm-work and odd jobs he’d be subjected to, he has helped many with their troubles through his life, even if it can get repetitive.

Now; Irius is doing his best to fit into a role and world that he finds unusual among the Worldhelm. Helping others is one thing. Saving them is another.",,,,,,
Irius Barnes 5,,,,,,"Nest (Helios), Terra",,,,,
Irius Barnes 6,,,,,,,,"Irius stands as a 5'8"" male with brown hair and green eyes, a body fit for a physically inclined farmer and generally fair complexion despite his profession. He almost never leaves home without his weathered straw hat and various packed essentials he carries from his time in Terra. He typically wears lighter colors; most commonly his sand-colored overshirt, paired with typically a sky blue t-shirt or whatever other color he decides to wear that day.",,,
Irius Barnes 7,,,,,,,,,He/Him,,
Irius Barnes 8,,,,,,,,,,Human,
Irius Barnes 9,,,,,,,,,,,Discovery
Isagani 1,31,,,,,,,,,,
Isagani 10,,,,,,,,,,,Ambition
Isagani 2,,https://i.imgur.com/UVomk3G.png,,,,,,,,,
Isagani 3,,,#741B47,,,,,,,,
Isagani 4,,,,Beast of the Kabiya,,,,,,,
Isagani 5,,,,,"-Born in Tangbawan to the sister of a Matriarch, making her the Matriarch's niece.

-As a child, she was older and more skilled at cultivation than her cousin, the Matriarch's daughter. So, the Matriarch wants her out of the picture in order to secure succession.

-At 12, she is taken from her family and given to the Kabiya. She's old enough to understand why this is happening and is bitter about it.

-Lives among the Kabiya, learning how to survive the dangerous wilderness. Focuses on cultivation and self-reliance rather than trusting people.",,,,,,
Isagani 6,,,,,,"Sangang-Daan, Tian Yin",,,,,
Isagani 7,,,,,,,,"A muscular woman standing at 6' even. She has multiple piercings, tattoos, and scars, and its often indistinct which is which. 

She wears simple clothing, usually favoring styles that fit lightly or that leave her arms bare. She moves with an easygoing confidence, though it is harder to read her expressions on account of her yellow, catlike eyes.",,,
Isagani 8,,,,,,,,,She/her,,
Isagani 9,,,,,,,,,,Human,
Iseult Medicus 1,25,,,,,,,,,,
Iseult Medicus 10,,,,,,,,,,,Duty
Iseult Medicus 2,,https://cdn.discordapp.com/attachments/878694364778471464/1241415601788813363/warrior_of_light_final_fantasy_and_1_more_drawn_by_bushi_shui_zi_ba__sample-71962ca28ef1e2295d9c592dd7151db8.png?ex=664a1ddf&is=6648cc5f&hm=4a7fe4cbd84e01632fae10ed4462a5bb51141cfdb040e4a689a47cb1f34aac9a&,,,,,,,,,
Iseult Medicus 3,,,#C0C0C0,,,,,,,,
Iseult Medicus 4,,,,Protector of a Dying People,,,,,,,
Iseult Medicus 5,,,,,"Despite the near extinction of his people, Iseult holds firmly to a promise they made made long ago: der Orden der Sieben Leben, or the Order of Seven Lives. His life is that of the healer, Medicus, and as such he is expected to heal, protect, and preserve the people of Vale and, as it seem, beyond. The Silvery Waters must have lead him here for some reason, after all. 

The work of a healer is never finished...",,,,,,
Iseult Medicus 6,,,,,,"Vale, Karlsgard, Lhodos",,,,,
Iseult Medicus 7,,,,,,,,"5'9"" | 140 lbs. | Silver-y Blue Eyes",,,
Iseult Medicus 8,,,,,,,,,He/Him,,
Iseult Medicus 9,,,,,,,,,,Demi-human (Cat),
Ishaan & Ignacio Vol Sieve 1,"Ishaan: 24
Ignacio: 15",,,,,,,,,,
Ishaan & Ignacio Vol Sieve 2,,https://cdn.imgchest.com/files/yd5ce95dqe4.png,,,,,,,,,
Ishaan & Ignacio Vol Sieve 3,,,,The Dependable Griffin Knight-Courier(s) of the Woods,,,,,,,
Ishaan & Ignacio Vol Sieve 4,,,,,"- Earliest memory is surviving in the slums as a child.
- Rescued a poached griffin while stowing away in a merchant caravan.
- Raised by the Witch of the Jarwood alongside the griffin, Ignacio.
- Reintegrated into Tradefair under the Helping Hands guild, gaining renown as fearless couriers tackling extreme conditions.
- Earned heroic recognition for aiding Hafod (Midday Sun) and Doana Village (development & Night of the Red Sky defense).
- Knighted in Brightshield on ‘Knight’s Day’ during King Marcello’s coronation.
- Marked by battle scars from Sakura the Skald, slew the Sinner, and embraced the Vol Sieve family.
- During a battle for the fate of Kor'Tarion, as Ishaan rose back from defeat, Ignacio evolved into a more divine form",,,,,,
Ishaan & Ignacio Vol Sieve 5,,,,,,Tradefair,,,,,
Ishaan & Ignacio Vol Sieve 6,,,,,,,,"Ishaan is a tan-skinned man with red hair tied in a ponytail, standing at 177cm (5'10"").  He has a bit of fuzz of a goatee.  He's adorn in a blue long coat with a sash around his waist, and beige pants with traveling boots.

Ignacio stands at 390cm (13') as a griffin of the twilight. His upper body is similar to an eagle with black, shimmering feathers while the hindside is that of a lion. Despite the black feathers, there is a hint of radiance from the griffin.",,,
Ishaan & Ignacio Vol Sieve 7,,,,,,,,,"Ishaan: He/Him
Ignacio: He/Him",,
Ishaan & Ignacio Vol Sieve 8,,,,,,,,,,"Ishaan: Human
Ignacio: Griffin",
Ishaan & Ignacio Vol Sieve 9,,,,,,,,,,,Hope
Isobel Ashwynd 1,23,,,,,,,,,,
Isobel Ashwynd 2,,https://i.imgur.com/I5hw73D.jpeg,,,,,,,,,
Isobel Ashwynd 3,,,,The missing heir of the Ashwynd family turned experiment,,,,,,,
Isobel Ashwynd 4,,,,,"Isobel, a wolf of the Ashwynd family, the heir to the legacy, or at least she was, she went missing. But now she's been claimed by the worldhelm, and has returned, but changed, monstrous. Can she fins a cure or a way to channel these abilities to be worthy of going home? Will she find a new family in the mean time?",,,,,,
Isobel Ashwynd 5,,,,,,"Old Melin, Kor'Tarion",,,,,
Isobel Ashwynd 6,,,,,,,,"Tall, and with a body that shows clear signs of a physical life, one spent fighting.  Those that knew her before would notice her slightly more angular features, and how her naturally tanned skin has grown ashy and pale from extended lack of sunlight.",,,
Isobel Ashwynd 7,,,,,,,,,She/Her,,
Isobel Ashwynd 8,,,,,,,,,,Human (Mutant),
Isobel Ashwynd 9,,,,,,,,,,,Belonging
Isolde Forvelkanta 1,19,,,,,,,,,,
Isolde Forvelkanta 10,,,,,,,,,,,Connection
Isolde Forvelkanta 2,,https://i.imgur.com/AcyPYKk.jpeg,,,,,,,,,
Isolde Forvelkanta 3,,,#ADEBB3,,,,,,,,
Isolde Forvelkanta 4,,,,A Name the Wind Borrowed,,,,,,,
Isolde Forvelkanta 5,,,,,"Like her classmates, Isolde is unlikely to be known by anyone on the Worldhelm. Students at Gnosis Academy, however, may feel as though they’ve crossed paths with her before—perhaps in a hallway, during a training exercise, or in the quiet moments between battles—but when pressed, few can say for sure. Her name is occasionally found on the roster.

If one were to search for traces of her, one might find a neatly tended garden in an otherwise forgotten corner of the academy grounds, plants thriving despite no one recalling who planted them. Some students may remember being guided back to their dorms after a long night of studying, only to realize they don’t know who helped them. There are no records of her accomplishments, yet her presence lingers in the small, unnoticed kindnesses scattered throughout Gnosis Academy.

Recently, she has been trying to make better attempts to keep herself rooted in the minds of others. Whether that'll be successful has yet to be seen.",,,,,,
Isolde Forvelkanta 6,,,,,,"Heartdom, Kaiway",,,,,
Isolde Forvelkanta 7,,,,,,,,"A young woman often seen with a warm smile and a relaxed posture. She has short, wavy platinum hair that has been seemingly dyed mint-green at the ends and bright green eyes. Her outfit consists of a long-sleeved uniform sweater with the Regal House of Warden's emblem on the chest, layered over a dark high-collared shirt and vest. Like many other Kaiway students, an armored pauldron rests on her left shoulder. She also wears a dark brown skirt over tights and lace-up boots.",,,
Isolde Forvelkanta 8,,,,,,,,,She/Her,,
Isolde Forvelkanta 9,,,,,,,,,,Human (?),
Ixtab K'awixi 1,32,,,,,,,,,,
Ixtab K'awixi 2,,https://media.discordapp.net/attachments/737973699336208428/1219036433491165314/Ixtab_1-removebg-preview.png?ex=663b4766&is=6639f5e6&hm=db1c690db60b916f2d6511bd94c34058b718f05552e03620a15732b2e81c76e9&,,,,,,,,,
Ixtab K'awixi 3,,,,The Vassal of Rajul-Kha,,,,,,,
Ixtab K'awixi 4,,,,,"Ixtab grew up in a big, loving, yet inherently racist family. Society in the Scalefire Empire was normalized for her, but she was more than happy to take her leave once an adult. Years dungeon delving and tomb raiding lead her to discover the ancient temple dedicated to the great Rajul-Kha, Son of the Sun Serpent.

Her delve was arduous, a once beautiful temple desecrated with kiir, fighting until she and her group reached the center where he was sealed. While Ixtab was reading the runes on the walls, her group greeded for his treasure with haste, Rajul-Kha awaking from his slumber, slaughtering all but her. The young serpent spared her life in exchange for being her vassal on this world, binding his soul into her right arm. 

Nowadays, Ixtab has grown into liking of her ""partnership."" Liberating slaves and stirring rebellion within the empire with a drop of a coin was hella FUN man! Her antics were about to catch up with her, but then a realmstorm sweeped over her to save the day! :D",,,,,,
Ixtab K'awixi 5,,,,,,"Skamos, Nezmira",,,,,
Ixtab K'awixi 6,,,,,,,,"6'7"" | 171 lbs | Red Eyes",,,
Ixtab K'awixi 7,,,,,,,,,She/Her 🏳️‍⚧️,,
Ixtab K'awixi 8,,,,,,,,,,Nezzim,
Ixtab K'awixi 9,,,,,,,,,,,Generosity
Izanami Shoshio 1,20s,,,,,,,,,,
Izanami Shoshio 2,,https://i.imgur.com/jJWzIOM.png,,,,,,,,,
Izanami Shoshio 3,,,,Slayer of Horrors,,,,,,,
Izanami Shoshio 4,,,,,"Izanami Shoshio was born into a proud warrior clan in the Blood Grotto of Aldistir, a brutal land shaped by the constant battles of the Aesir. Her clan, like many others, fought daily for survival against the harsh environment and the twisted creatures corrupted by Godblood. From a young age, Izanami was trained to wield her family’s heirloom greatsword, learning the ways of battle.

Tragedy struck when a dark presence attacked her clan, leaving her unconscious during the battle. While she lay hidden by luck, the cursed Godblood rain fell upon the battlefield, reanimating her family, friends, and clanmates as mindless Draugr. Upon awakening, Izanami was forced to fight and kill the people she once loved, each cut of her sword corrupting the weapon further. By the end, the blade had transformed into the cursed ""Soul Maw,"" a weapon that devours the souls of those it slays.

Now, as the last survivor of her clan, Izanami wanders Aldistir as the ""Slayer of Horrors"".",,,,,,
Izanami Shoshio 5,,,,,,"Hearthills, Aldistir",,,,,
Izanami Shoshio 6,,,,,,,,"A woman with long, red hair and an athletic build, she is dressed in the traditional garments of her homeland. Her hazel eyes hold a sharp, determined gaze, and she wears sturdy battle gloves to wield the cursed blade, Soul Maw.",,,
Izanami Shoshio 7,,,,,,,,,She/Her,,
Izanami Shoshio 8,,,,,,,,,,Ald?,
Izanami Shoshio 9,,,,,,,,,,,Wrath
J'yuto 1,28,,,,,,,,,,
J'yuto 2,,https://i.imgur.com/5j2zQXl.png,,,,,,,,,
J'yuto 3,,,,Boundless Wellspring of Hope,,,,,,,
J'yuto 4,,,,,"The son of one of the houses of the City of Scales, having been banished for fraternizing with a human house slave. 

He now works to bring salvation to Nezmira from those who would rob the masses at a chance of becoming better.",,,,,,
J'yuto 5,,,,,,Nezmira-Lasthold,,,,,
J'yuto 6,,,,,,,,"A Nezzim of blue and white scales, standing 6 foot even, light blue eyes and legs that end inf three clawed feet. A long tail accents their backside",,,
J'yuto 7,,,,,,,,,He/Him,,
J'yuto 8,,,,,,,,,,Nezzim,
J'yuto 9,,,,,,,,,,,Hope
Jacomo Seidita 1,22,,,,,,,,,,
Jacomo Seidita 10,,,,,,,,,,Human,
Jacomo Seidita 11,,,,,,,,,,,Mischief
Jacomo Seidita 2,,https://i.imgur.com/uJsooJl.png,,,,,,,,,
Jacomo Seidita 3,,,#FF0000,,,,,,,,
Jacomo Seidita 4,,,,Eccentric Thief of Hearts,,,,,,,
Jacomo Seidita 5,,,,,"- Hidela Academy drop out, and overall hooligan.
- Penchant for flirting and pranks
- Attempted a very high level ritual which failed
- Ripped from space and time; saved by Antikythera
- Currently fading from existence",,,,,,
Jacomo Seidita 6,,,,,,"""Smokeside"" - Hidela, Lhodos",,,,,
Jacomo Seidita 7,,,,,,,"The Jack of Hearts
The Devil
Jackie Six-Fingers",,,,
Jacomo Seidita 8,,,,,,,,"Jacomo is moderately tall at 6'0"", but is exceedingly thin. In fact, his presence often goes unnoticed despite his statue; something that he often uses to his advantage. His hair is a raven shade of black, and his eyes are a dull crimson hue. He dresses in dark robes, which conceal the many surprises he has up his sleeve.",,,
Jacomo Seidita 9,,,,,,,,,He/Him,,
James Braughton 1,29,,,,,,,,,,
James Braughton 2,,https://cdn.discordapp.com/attachments/1168978976828575874/1346207447702044712/IMG_0425.png?ex=67c758e2&is=67c60762&hm=5ddf2486ddc0a08b6663a9e58456938f800076335e483141b53a0dd4f8f50ef1&,,,,,,,,,
James Braughton 3,,,,Enigmatic Protector,,,,,,,
James Braughton 4,,,,,"Little is known about them since they seem pretty hesitant to tell anyone anything before they arrived at the Worldhelm. They don’t even seem comfortable talking about where they’re from, always avoiding the question or trying to find some form of diversion. Clearly they’re hiding something, whatever it is however it’s easy to tell it’s of shame rather than fear or malice.",,,,,,
James Braughton 5,,,,,,"The Realm of Aldistir, Camp Von Kibo",,,,,
James Braughton 6,,,,,,,,A somewhat fair skinned man standing at a tall 6’ 2” often seen wearing a full set of armor that covered every inch of their body. Their facial appearance is unknown as they never take their helmet off in public however they do often spend time relaxing in causal wear that excludes the rest of their armor. Any time their body leaves the armor it’s hard to tell how many battles they’ve been through due to the egregious amount of scars on them.,,,
James Braughton 7,,,,,,,,,He/Him,,
James Braughton 8,,,,,,,,,,Human,
James Braughton 9,,,,,,,,,,,Compassion
Jane Winter 1,23,,,,,,,,,,
Jane Winter 2,,https://media.discordapp.net/attachments/1159993911104778300/1171524880345333820/tb-lio-haunting-huntress.png?ex=663b2351&is=6639d1d1&hm=1f6cd2aa8741889e4a216dc2e5da7245a577d105bdd35bb9e9efedfdec842d69&,,,,,,,,,
Jane Winter 3,,,,Schizophrenic Sniper with a Pet Rock,,,,,,,
Jane Winter 4,,,,,"Jane Winter, known as ""The Shadow"" by those that they end up working on. While folks may not know their true identity, those in the city of Bastion with something to hide or enemies to fear fear the nickname. They say you’ll never know when they’ll strike. The person they have as their target is already down, or at least threatened, by the time you realise you are being watched. No one knows who this person is or anything about them, and most don’t want to know should you become their next target.",,,,,,
Jane Winter 5,,,,,,Karlsgard,,,,,
Jane Winter 6,,,,,,,,"Height - 5’7        Eyes - Lapis Blue 
Weight - 130lbs  Hair - Dark Grey",,,
Jane Winter 7,,,,,,,,,They/Them,,
Jane Winter 8,,,,,,,,,,Human,
Jane Winter 9,,,,,,,,,,,Doubt
Jiafei Lanying 1,21,,,,,,,,,,
Jiafei Lanying 2,,https://i.imgur.com/3tFWnfv.png,,,,,,,,,
Jiafei Lanying 3,,,,Wasted Prodigy of the Mist Village,,,,,,,
Jiafei Lanying 4,,,,,"The only member of this generation of his family of guardians who had protected the Jijing Xiantiao for as long as they've been around. While normally they have many children, which all train to be powerful warriors, the hard times of the recent century have limited offspring. Only Jiafei has managed to survive to adulthood. Despite this, he fails to live up to his families warrior reputation, and has been cast aside by the common people as the end of his lineage. The Lanying family has lost it's prestige.",,,,,,
Jiafei Lanying 5,,,,,,"Bingchuan, Wujing Guo",,,,,
Jiafei Lanying 6,,,,,,,,"Jiafei is a just under six foot tall thinly built man. He has a mane of thick white hair that frames his face, and falls far down his back to nearly his knees. His two lion ears flick side to side passively at each noise or voice.",,,
Jiafei Lanying 7,,,,,,,,,He/Him,,
Jiafei Lanying 8,,,,,,,,,,Jinshi (Shibing),
Jiafei Lanying 9,,,,,,,,,,,Potential
Jodi Finch 1,27,,,,,,,,,,
Jodi Finch 2,,https://i.imgur.com/XxMvANk.png,,,,,,,,,
Jodi Finch 3,,,,Dreary-eyed Arms Engineer,,,,,,,
Jodi Finch 4,,,,,"Worked for T&C weapons development in Terra. Effectively gone rogue while still on the books, due to their esper breakthrough. Now on the Worldhelm.",,,,,,
Jodi Finch 5,,,,,,"North Rock, Terra",,,,,
Jodi Finch 6,,,,,,,,"Jodi's curly short black hair frames a pale and unemotional countenance. She wears engineering overalls with Tubal & Cain's logo, has tools and spanners on her waistbelt and in her downtime often has a mug of coffee to hand.
She lives in a battered old helicopter, which doubles as her workshop.",,,
Jodi Finch 7,,,,,,,,,She/any,,
Jodi Finch 8,,,,,,,,,,Human,
Jodi Finch 9,,,,,,,,,,,Doubt
Jodie 1,25,,,,,,,,,,
Jodie 2,,https://images-ext-1.discordapp.net/external/2FBoll8_qE3q4YuPwIL-DPJRqK7DP9_RV_X4VqvgP14/https/i.imgur.com/pWb4TdC.png,,,,,,,,,
Jodie 3,,,,Quick-witted Snarky Ninja,,,,,,,
Jodie 4,,,,,"Born to nothing and inheriting nothing, Jodie learned the hard way that anything gained in this life must be earned, and she earned it through theft! She'd often steal food, water, necessities and whatnot for the lowly and downtrodden of the city, and occasionally stole the nice piece of jewellery or nice clothes from an unsuspecting rich person. Anything to get by.",,,,,,
Jodie 5,,,,,,"Lastport, Kor'Tarion",,,,,
Jodie 6,,,,,,,,"A tiny woman, she stands at 4'11 and has a very lithe, lean body that contorts well. There aren't any major blemishes in her skin, although she does carry a few scars beneath her cloak from close calls. She has bright orange hair and always has a stupid smirk on her face",,,
Jodie 7,,,,,,,,,She/Her,,
Jodie 8,,,,,,,,,,Human,
Jodie 9,,,,,,,,,,,Greed
Johann Ackroyd 1,32,,,,,,,,,,
Johann Ackroyd 2,,https://i.imgur.com/AgITPyP.png,,,,,,,,,
Johann Ackroyd 3,,,,"Part-time detective, part-time thief",,,,,,,
Johann Ackroyd 4,,,,,"An ex-detective from the realm of Kor'Tarion with a strong sense of justice and an abhorrence for murder, he learned the hard way that with enough zenith even human life can be bought. Using his experience with crime, he takes up the sword during the night to commit  perfect robberies against people his daytime self cannot touch.",,,,,,
Johann Ackroyd 5,,,,,,Kor'Tarion,,,,,
Johann Ackroyd 6,,,,,,,,A lanky man with long red hair pulled into a short braid with a rapier and parry dagger sheathed over a long coat.,,,
Johann Ackroyd 7,,,,,,,,,He/Him,,
Johann Ackroyd 8,,,,,,,,,,Human,
Johann Ackroyd 9,,,,,,,,,,,Justice
Johanna Atherton Verstappen 1,???,,,,,,,,,,
Johanna Atherton Verstappen 10,,,,,,,,,,,Perseverance
Johanna Atherton Verstappen 2,,https://i.imgur.com/af1Vv58.jpeg,,,,,,,,,
Johanna Atherton Verstappen 3,,,#FF0000,,,,,,,,
Johanna Atherton Verstappen 4,,,,Steadfast Lantern-Bearer of the Rebellious Angel,,,,,,,
Johanna Atherton Verstappen 5,,,,,"Before the fall of Idyll, Verstappen was known for her gentle nature and healing touch, offering solace to both body and spirit. In the afterlife, she lived in peace among Hinno's snowy hills, guiding lost souls who drifted her way. But when corruption twisted her tranquil home into a frozen wasteland, Verstappen took up steel to protect those around her. Her courage and unwavering compassion caught the attention of Lilith, who offered her a choice: eternal rest in Nirve or the mantle of an angel to fight the encroaching horrors. She accepted, now dedicating herself to guarding the caravans venturing into corrupted lands.

Since arriving at the Worldhelm, however, her life has changed significantly. After months of trials and tribulations and the aid of many Goldhearted, she has regained a part of herself that she thought was gone: hope.",,,,,,
Johanna Atherton Verstappen 6,,,,,,"Nirve, Idyll",,,,,
Johanna Atherton Verstappen 7,,,,,,,,"Verstappen is a tall woman with an imposing, almost oppressive presence. Despite that, she often wears a kind expression to those that don't draw her ire. Her long blonde hair is kept practical, usually tied in a high bun to not interfere with her duties. Despite the wear and tear on them both, her ornate plate armor and weapon are immaculately well maintained, serving both a practical purpose and faithful devotion to her lord. There are a striking pair of black wings on underneath her cape, though they are not majestic and regal in any way. They’re scarred and covered in burn marks, though she does not shy away from showing them.",,,
Johanna Atherton Verstappen 8,,,,,,,,,She/Her,,
Johanna Atherton Verstappen 9,,,,,,,,,,Human (Angel),
Kaiten-Shi 1,28,,,,,,,,,,
Kaiten-Shi 2,,https://images-ext-1.discordapp.net/external/Nq3fKrpVd2RM2mhgfuOGCD_3gJjs5CmBzs2NTUmrKNU/https/i.imgur.com/1bSdYAh.jpeg,,,,,,,,,
Kaiten-Shi 3,,,,The Jaded Field Medic,,,,,,,
Kaiten-Shi 4,,,,,"Kaiten-Shi was born as the son to Dryholde's local apothecary and passing ""witch's"" fling. His name was given in the culture favoring his mother rather than local tradition. His mother gave him up to his father after needing to complete some manner of duty thrust upon in her homeland. He spent most of his youth engrossed in alchemical experimentation with his father: learning how to make antidotes and antitoxins from the local flora, shaving elemental crystal into smaller pieces to mix into powders and so forth. 
It wasn't until he turned 20 that he started wandering the lands of Kor'Tarion to strike out on his own. He spent a few years going from place to place: Eventually settling in Lastport peddling medicines and visiting Hudal Academy to listen to public lectures on new alchemical discoveries. He even had a small stint (2 years) working as a field medic to a mercenary group....until a surprise attack by criminal group wiped them out...
Now, the Worldhelm has called Kai to action..",,,,,,
Kaiten-Shi 5,,,,,,Kor'Tarion-Dryholde,,,,,
Kaiten-Shi 6,,,,,,,,"Height: 5ft 10 inches, 
Features: Of vague eastern descent, with dark hair and green eyes. 
Weight: weighs about 175lbs.",,,
Kaiten-Shi 7,,,,,,,,,He/Him,,
Kaiten-Shi 8,,,,,,,,,,Human,
Kaiten-Shi 9,,,,,,,,,,,Belonging
Kana Hyderlan 1,22,,,,,,,,,,
Kana Hyderlan 2,,https://media.discordapp.net/attachments/1051075943147507852/1176476261674135582/kanade_3.png?ex=663b5a66&is=663a08e6&hm=6c92cf1ae5b27a36f191d8964c8219dd98387a1d558c8bd81158b6ab28ce889d&,,,,,,,,,
Kana Hyderlan 3,,,,Exiled tribal warrior turned Protector,,,,,,,
Kana Hyderlan 4,,,,,"A human girl raised in the Azatar tribe of warriors, Kana was looked down on for her heritage, only elevated somewhat by her aptitude for magic. What made things worse was her defiance of the Azatar's principles of pursuing power at all costs and never displaying mercy.

During a raid on a village of rebels, Kana came face-to-face with one of the Azatar's targets - another human girl named Yuki, who had lost everything to the warrior tribe attacking her hometown. Kana did not kill her, instead vowing to protect her and help her recover. Even as her own tribe called her out on her ""treachery"" and exiled her at bladepoint, she never left Yuki's side.

In search of a safe haven, Kana has wandered onto the Worldhelm by herself.",,,,,,
Kana Hyderlan 5,,,,,,Realm of Nezmira,,,,,
Kana Hyderlan 6,,,,,,,,"A short, pale human girl standing at 5'7"". Her horns are the result of her magic reacting volatilely to her brand, and her clothes cover the tattoos of her former tribe.",,,
Kana Hyderlan 7,,,,,,,,,she/her,,
Kana Hyderlan 8,,,,,,,,,,Human,
Kana Hyderlan 9,,,,,,,,,,,Duty
Katya Yakhina 1,25,,,,,,,,,,
Katya Yakhina 10,,,,,,,,,,,Hope
Katya Yakhina 2,,https://i.imgur.com/ffa2cyo.jpg,,,,,,,,,
Katya Yakhina 3,,,3F5727,,,,,,,,
Katya Yakhina 4,,,,Dogged Trader & Fixer-Upper,,,,,,,
Katya Yakhina 5,,,,,"Yekaterina Yakhina—Katya to her friends and most everyone too—is a Septid from Central. One of her moms had a history with NT-Tech working in the Old World but for some reason or other ended up in Central. Her other mother just saw *Gas Station, Shithole Desert* as a step up from a Septid slum.

Katya loved her dying little podunk and the others like it, and wanted to do what she could to spark some life back into it. Being Terran about this, she made a living with it: Going around, selling stuff she salvaged and brought from where it wasn't needed, doing odd jobs and most of all making things. Especially with plants and basic medicine.

Raised as a big believer in NTT, Katya still loves nature. Through some unburnt connections she even got a TEMP license from the company. Came in handy when she took in an exotic rattlesnake somebody had dumped for getting too big to be cute. (And too big for a rattlesnake in general.) They ended up inseparable. She named her Kelly.",,,,,,
Katya Yakhina 6,,,,,,"Terra, Central",,,,,
Katya Yakhina 7,,,,,,,,"* 3'8"" (112 cm) tall

* Orange eyes with distinctive 'bar' pupils

* Long, shaggy grey hair

* Pale greyish skin, getting progressively greener in her extremities

* Dresses in practical, worn clothing, fairly covered up; fit for the desert. Has a big, wide-brimmed hat. Looks *so* much like a witch.",,,
Katya Yakhina 8,,,,,,,,,She/Her,,
Katya Yakhina 9,,,,,,,,,,Septid (Human),
Kazuko Imaya 1,24,,,,,,,,,,
Kazuko Imaya 2,,https://i.pinimg.com/736x/d6/f0/7c/d6f07c6d0417d2c6cfbac120308da1e7.jpg,,,,,,,,,
Kazuko Imaya 3,,,,Rock Diva fighting the Corps,,,,,,,
Kazuko Imaya 4,,,,,"Lead Singer and front girl of the Rock Band T3chbr3ak, Kazuko has gained a moderate amount of underground fame among circles who one might generously call ""anti-corp."" She's the sort of gal who hasn't had a home address in at least a year. 

At some point, she had good ole corpo parents. At some point, those parents died when they couldn't pay back to the sharks. And ole Kazuko here to fend for herself. What's a girl to do but Rage against the Dying of the Light?",,,,,,
Kazuko Imaya 5,,,,,,"Haven, Terra",,,,,
Kazuko Imaya 6,,,,,,,,"Kazuko Imaya certainly dresses the part of a punk. Leather jackets? Check. Spikes? Check. Pants that don't have extraneous holes? What are you, a cop?

She is tall at 5'9 and rather curvy. Her long hair is often in a ponytail, though some times she'll let it flow down to her waist. She's attractive, she's spunky. And she's down to rouse people into a fucking fight.",,,
Kazuko Imaya 7,,,,,,,,,She/Her,,
Kazuko Imaya 8,,,,,,,,,,Human,
Kazuko Imaya 9,,,,,,,,,,,Defiance
Keiji Saito 1,29,,,,,,,,,,
Keiji Saito 2,,https://i.imgur.com/WnSV1cw.png,,,,,,,,,
Keiji Saito 3,,,,Kindness In a Kindless City,,,,,,,
Keiji Saito 4,,,,,"Keiji S. grew up in North Rock, Haven’s roughest district, where survival often meant rebellion. As a teen, he joined a gang, lashing out at corporations he blamed for his community's struggles. His considerable strength made him a force to reckon with, but his world shattered when his mother was killed in gang violence. Devastated, Keiji abandoned the gang life, vowing to use his power for good instead of destruction.

Now in his late 20s, Keiji lives in North Rock, working to protect its streets from the chaos he once fueled. By day, he takes freelance jobs that require muscle and street smarts; by night, he’s a bouncer at Phobia, an entertainment bar in Silver Rock. While North Rock is gritty and dangerous, Silver Rock buzzes with life and diversity, offering Keiji a connection to Haven’s brighter side. Though haunted by his past, Keiji strives to make a difference, one act of strength and kindness at a time, in a city teetering between chaos and opportunity.",,,,,,
Keiji Saito 5,,,,,,"Terra, Haven - Northrock",,,,,
Keiji Saito 6,,,,,,,,"Keiji S. stands at just over six feet, his muscular build hinting at years of grueling dock work and street brawls. His wild, fiery red hair frames a face that’s sharp and unmistakably human, albeit with some distinct fox-like features. Cybernetic implants enhance his cheekbones, lending a subtle metallic gleam under the neon lights of Haven. His ears are modified to a pointed, animal-like shape, and his mouth carries slight augmentations that give him a vulpine edge, with slightly sharper canines that enhance his intimidating aura when needed.

Despite his imposing presence, Keiji's freckled face and often goofy, unguarded expressions soften the effect. His usual attire consists of practical clothing: a sleeveless hoodie draped over a tank top that shows off his broad shoulders and toned arms, paired with rugged pants and combat boots. Keiji's style is as practical as it is distinctive, blending the rough-and-tumble resilience of North Rock with just a hint of Silver Rock’s flair.",,,
Keiji Saito 7,,,,,,,,,He/Him,,
Keiji Saito 8,,,,,,,,,,Human(Augmented),
Keiji Saito 9,,,,,,,,,,,Hope
"Keiko, Izumi 1",27,,,,,,,,,,
"Keiko, Izumi 10",,,,,,,,,,,Love
"Keiko, Izumi 2",,https://i.imgur.com/7IPiiNC.png,,,,,,,,,
"Keiko, Izumi 3",,,#E0B0FF,,,,,,,,
"Keiko, Izumi 4",,,,Joyful Elegant Swordswoman,,,,,,,
"Keiko, Izumi 5",,,,,"Keiko's parents were killed by Oni when she was young, leaving her to care for herself and her younger sister Homura.  The pair were taken in by the leader of the village's dojo who taught them swordplay, both of them showing exceptional promise.  The two would occassionally brave the world outside the village, fighting monsters and retrieving resources.  One day Keiko returned to find Yamashita awash with blood, every single villager having been slain by Homura.  They fought, but were unable to kill each other, and Homura fled.  Keiko began to wander in search of her sister, with the goal of slaying her.

After falling in battle against Horoko's Halcyon doppleganger, she no longer has a heart that glows in Tian Yin.

Keiko managed to find her sister and with the help of the Goldhearted, managed to keep her from falling fully into corruption.  Choosing to save Homura instead of executing her, she's joined her on the Worldhelm as a Goldhearted.",,,,,,
"Keiko, Izumi 6",,,,,,"Yamashita, Teisei, Tian-Yin",,,,,
"Keiko, Izumi 7",,,,,,,,"Keiko is a tall woman wearing colorful clothes and a bright expression.  She carries a sword in a lavender sheath and moves with exceptional grace.  A small scar crosses her nose, and she has an almost permanent smile on her face.",,,
"Keiko, Izumi 8",,,,,,,,,She/Her,,
"Keiko, Izumi 9",,,,,,,,,,Human,
Keith Walker 1,34,,,,,,,,,,
Keith Walker 2,,https://cdn.imgchest.com/files/7bwckje2kk7.jpg,,,,,,,,,
Keith Walker 3,,,,"Amnesiac, Psycho-Powered Street Boxer on the Run",,,,,,,
Keith Walker 4,,,,,"- His life prior to the experimentations remain a mystery due to all traces of his life wiped from the record, though there are hints of a highly-televised and sports-related tragedy, and association with a terrorist/gang group
- Keith was kidnapped as a candidate of the ""Farseer Project"", joint project between DHK and 100G to create Psycho Powered super-soldiers
- Escaped the lab and found life in North Rock under the care of Marcus Almasi and Maya Smith through the Rogue Reactor
- Gained notoriety as ""The Stray"", a Temp aimlessly wandering the streets and getting into brawls with various gangs throughout Haven, mostly North Rock (e.g. Akuma, Bolters, etc)
- Recently infected with Demonic Qi during a battle against a Corrupted Cultivator, but was able to manifest the Qi, albeit roughly, as his own",,,,,,
Keith Walker 5,,,,,,"North Rock, Haven, Central, Terra",,,,,
Keith Walker 6,,,,,,,,"Keith is a very tall dark brown-skinned man at 200cm (6'6"") with his hair braided in cornrows. He is often with a black hooded jacket, a green undershirt, gold chained necklace, a pair of black slacks, and sneakers.",,,
Keith Walker 7,,,,,,,,,He/Him,,
Keith Walker 8,,,,,,,,,,Human,
Keith Walker 9,,,,,,,,,,,Discovery
Kelden 1,24,,,,,,,,,,
Kelden 2,,https://i.ibb.co/jP12G1jm/c8ba63a9432501fc5be638fe469e2c26.jpg,,,,,,,,,
Kelden 3,,,,The Coiling Fanged Dancer,,,,,,,
Kelden 4,,,,,"Kelden was something of a prodigy in the small village of Dorlak of SE Pravaha Mandiva that secretly practiced the philosophy of ""cycles"" and kept snakes, while paying lip service and tithes to the Empty Monks. They believed that one merely needs to wait out their rule, and eventually they will be free.
Kelden, however, sought to leave to usher this dark age out. He was too valuable to let go, and was imprisoned. Soon he gained a cell-neighbour, a snake spirit beast captured by the village to coerce into teaching venom cultivation.
When Kelden saw one of these “coercions”, he grew enraged and with forming a bond with the spirit beast to gain access to some of its qi, managed to break both of them out. The newly named Norbu taught Kelden freely what Dorlak’s elders tried to force from it: venom cultivation, completing the bond. Eventually they took to wandering the mountains, helping people, only falling (quite literally) to a ravine where a Realmstorm rescued them.",,,,,,
Kelden 5,,,,,,"Dorlak Village, Leytik",,,,,
Kelden 6,,,,,,,,"Kelden is a taller human with a lithe build, white hair with teal streaks in it, and inquisitive brown eyes. A single teal horn protrudes out from above his right ear.
He's dressed in loose Tian Yin clothing, and draped over his shoulders is a teal-coloured sake with two horns.",,,
Kelden 7,,,,,,,,,He/him,,
Kelden 8,,,,,,,,,,Human,
Kelden 9,,,,,,,,,,,Change
Keldrin Embershield 1,24,,,,,,,,,,
Keldrin Embershield 2,,https://media.discordapp.net/attachments/920157769326272562/1245036922204852345/Screenshot_2024-05-28_190621.jpg?ex=66574a7d&is=6655f8fd&hm=b643c56c2695267bd75c103c0c666d4cfa7f00762c400c70fde4ce9ad4b54199&=&format=webp&width=&height=,,,,,,,,,
Keldrin Embershield 3,,,,Wayward Savior of Kor'Tarion,,,,,,,
Keldrin Embershield 4,,,,,"Keldrin was a wandering adventurer who became an unlikely hero after his village was attacked by a monster. Despite his carefree drifter lifestyle, he bravely led the defense and saved survivors, catching the eye of noble knights. They inducted him into their order, and Keldrin reforged himself from an aimless wanderer into a protector knight of Kor'Tarion over years of valiant service. This earned him a summons onto the skyship Worldhelm to join other champions against greater threats.",,,,,,
Keldrin Embershield 5,,,,,,Kor'Tarion,,,,,
Keldrin Embershield 6,,,,,,,,"Keldrin stands at three feet, five inches (3'5"") and has spiky black hair and reddish highlights. He has striking teal eyes with the absence of a pupil. He wears a black combat tunic with a rerebrace on his right arm, paired with a pauldron that covers the shoulder.",,,
Keldrin Embershield 7,,,,,,,,,He/Him,,
Keldrin Embershield 8,,,,,,,,,,Human (Reskin Halfling),
Keldrin Embershield 9,,,,,,,,,,,Duty
Khaal 1,20s?,,,,,,,,,,
Khaal 2,,https://i.imgur.com/eLOeVz7.png,,,,,,,,,
Khaal 3,,,,The Beast's Heart,,,,,,,
Khaal 4,,,,,"Born a half-Rakshasa, Khaal is the son of a Rakshasi woman and a father who relentlessly honed his mind and body. In the Tiger Lands, he walked the middle path between humanity and the bestial spirit. From his father, Khaal learned the importance of self-improvement, striving to be just a little better each day. His mother instilled in him a deep connection to the land and an unwavering courage. With these principles guiding him, Khaal faces the world, always ready to test his claws and be a steadfast ally and supporter.

With a number of adventures behind him and his power constantly growing, he's always prepared for the next battle.",,,,,,
Khaal 5,,,,,,"Bahata Khajaana, Tiger Lands",,,,,
Khaal 6,,,,,,,,"Khaal stands tall at over 6 feet, with an athletic, muscular build. Tiger ears emerge from his head, complementing his slitted pupils, black stripes that run down his body, and lethal claws.",,,
Khaal 7,,,,,,,,,He/Him,,
Khaal 8,,,,,,,,,,Half-Rakshasa,
Khaal 9,,,,,,,,,,,Courage
Khasir Vol Seive 1,42,,,,,,,,,,
Khasir Vol Seive 2,,https://i.imgur.com/ZBZzyQI.png,,,,,,,,,
Khasir Vol Seive 3,,,,The Merchant Forging Golden Roads,,,,,,,
Khasir Vol Seive 4,,,,,"Khasir was born into servitude, his own mother a house servant of the Alaoui family. Whereas some might be cruel enough to toss out a child who couldn't work... The master of the house, one Theoris Zeofar Alaoui, saw it as an investment. Care for the boy, keep him around, and bam, a few years later that boy is able to work, and incredibly in your debt.

Working for the Alaoui estate wasn't the worst thing. Hell, Khasir loved it. It was cushier than what work most humans could find in the City of Scales; he had a bed, good food, and even more, the family treated their servants rather well.

Through the years, Khasir bounced from job to job about the manor; cleaner boy to whatever else... But once he landed in the kitchen, it was set. That was his talent. Of course, when the old Head Chef fell ill, Khasir took their place in presiding over the meals of House Alaoui.

Under his care and exacting eye, every meal enjoyed by the house would be nothing less than perfect.

That is, until...",,,,,,
Khasir Vol Seive 5,,,,,,"City of Scales, Nezmira",,,,,
Khasir Vol Seive 6,,,,,,,,"An older man of 42, Khasir stands at about 5' 11"" with a slim, yet fit, build. He keeps himself well groomed, with snipped hair and a trimmed beard. Lately, Khas has taken to experimental fashion of the realms he has ventured into.

However, once the need arises, he shifts. At the whim of a needle and a ritual scroll, Khasir grows larger, darker, with long purplish hair and a third eye upon his brow. Sometimes, being human isn't enough. And when those times come, there will be The Bullion.",,,
Khasir Vol Seive 7,,,,,,,,,He/Him,,
Khasir Vol Seive 8,,,,,,,,,,Human-ish,
Khasir Vol Seive 9,,,,,,,,,,,Family
Kit 1,21,,,,,,,,,,
Kit 2,,https://64.media.tumblr.com/397e48067858005b13b78a6301ac4e7a/4182473ee4fb32bc-53/s1280x1920/41612327d450da2c4dbaac340160e6cfd5dada12.jpg,,,,,,,,,
Kit 3,,,,The Itinerant Doctor,,,,,,,
Kit 4,,,,,"Kit is a young man of unknown lineage, his first appearance in public as a feral child abandoned in a trash heap. His disfigured right arm a product of the illegal experimentation he was subject to in his formative years. 

Adopted by a back-alley doctor at the age of eight, Kit was reformed under the his guidance, growing to become a level-headed boy with a passion for the medical sciences.

Not long after Kit reached adulthood, a patient arrived at the clinic with dangerous circumstances. Within a day of their arrival the clinic was invaded by gangsters who killed the doctor and setting the building alight. Kit, who was out on errands returned to find the clinic he called home was engulfed in flames.

Kit walked among the smoldering wreckage, finding nothing but the charred corpse of his guardian and the strangely undamaged white coat which belonged to the doctor.  With nothing else to his name, Kit simply donned the white coat; there was plenty of work to do, and Kit wasn't alone.",,,,,,
Kit 5,,,,,,"North Rock, Terra",,,,,
Kit 6,,,,,,,,"Standing at 5'9"" with a fairly average build, Kit has tanned skin and hair that is dyed bright blue. His most notable feature is his right arm, coated in a layer of misshapen flesh which seems to shift and undulate when watched closely.

He wears a white overcoat while working, and carries a variety of supplies to provide medical treatment even in harsh environments.",,,
Kit 7,,,,,,,,,He/Him,,
Kit 8,,,,,,,,,,Human,
Kit 9,,,,,,,,,,,Hope
Klaus Silver 1,41,,,,,,,,,,
Klaus Silver 2,,https://media.discordapp.net/attachments/1179610873271177236/1189259390331662498/12b3d2be-f5b8-4e16-a53f-5cc3151d9bce.png?ex=663b0e5e&is=6639bcde&hm=97357e52368cad7496e697fd205a3cb794c62b6d6d666d6f58a6f57ba0a60b7f&,,,,,,,,,
Klaus Silver 3,,,,Pacifism,,,,,,,
Klaus Silver 4,,,,,"""You might be wondering why I have a mobile workshop, and why it's trusty engine has been forgone for this stubborn bull of mine. Well, Back before Magictech I decided I was done with military squabbles and became a deserter to Karlsgard and smuggled my way into Merrane with a fake identity... That didn't last long. Was only a few years later Magitech and ""Edict of Savior"" happened.""
*Long cigarette drag*
""So, I did what any reasonable person would do, I stole a steam engine that was about to be decommissioned,  and made a run for it getting caught up in a scuffle and riding into a realmstorm... To arrive somewhere? The rules were weird, As was the politeness. Now I have a vengeance spirit sharing my mind, and Orloh pulling my home.""  
- Klaus Silver a very tired toymaker",,,,,,
Klaus Silver 5,,,,,,"Merrane, Karlsgard,Lhodos",,,,,
Klaus Silver 6,,,,,,,,"standing 5'3 and weighing 108lbs Klaus is a short wirey older man. 

He has long Bassett Hound ears that have faded and grayed over the years. 

A prosthetic silver hand he occasionally takes of to charge , a large umbrella, and yellow tinted glasses to have any gloomy day seem brighter and happier. 

He is often at his mobile toys store making oddities and cursing at Orloh his cart pulling ""bull""",,,
Klaus Silver 7,,,,,,,,,He/Him,,
Klaus Silver 8,,,,,,,,,,"Wilkin, Hound",
Klaus Silver 9,,,,,,,,,,,The Lazy Toymaker Host to a Spirit of Vengeance
Klez 1,18,,,,,,,,,,
Klez 2,,https://imgur.com/QweUB99.png,,,,,,,,,
Klez 3,,,,Rogue AI Host Experiment 01,,,,,,,
Klez 4,,,,,"Klez is a former ""employee"" of QiLink Cybersecurity, a discarded faulty product from their prior attempts to bolster the talents of their workers with Ai, possibly supplied by Lorel.Ai in the earlier days of the Link Network, when other companies were still scrambling to compete with it. 

Klez's mind has long been corrupted by the work, as eventually his Ai assistants became bugged, and they, along with the rogue virus programs and AI from QiLink's former opposition were burned into his mind. He's likely fighting for control of himself against them, even now.",,,,,,
Klez 5,,,,,,"QiLing Cybersecurity, Terra",,,,,
Klez 6,,,,,,,,"Klez is 6'2"", but is often slightly hunched over at 5'11. He wears a tattered suit that seems to have been repaired on several prior occasions. The back of his head and their spine are obviously chromed, and the exposed hardware at the base of his skull seems to be fitted with several dangling wires, many of which seem to be plugs for various computer ports. 

They occasionally let off barely controlled crimson/black sparks, a telltale sign that this person has been cursed by the Soul Network of Terra. Their eyes glow with the same baleful colors, but this is only noticeable if you manage to make eye contact with him.",,,
Klez 7,,,,,,,,,He/Him,,
Klez 8,,,,,,,,,,Human,
Klez 9,,,,,,,,,,,Sanctuary
Klyra 1,22,,,,,,,,,,
Klyra 2,,https://i.imgur.com/v8nSctl.png,,,,,,,,,
Klyra 3,,,,Wannabe Villainess,,,,,,,
Klyra 4,,,,,"During her childhood Klyra read a lot of old stories about heroes and villains. She started idolising both, though leaned heavily to the plights and moral arguments of the antagonists. Inspired by these tales and battles she trained for a time with her mother Akeer, a Sparrow diplomat, before having to flee from their territory because of her criminal activity. She visited her father Marna at End Time Acquisitions but was disturbed by their policies and left to seek out something else.
During her roving, she was joined by two sentient masks created by her parents to spy on her and or convince her to head back home; one violent and narcissistic named Morden, the other benevolent and diplomatic named Firie. They joined her and began coaching her while trying to impose their polarised ideologies, putting up with each other only so they could continue to care for her.
She was eventually caught up in a realmstorm and landed on the Worldhelm.",,,,,,
Klyra 5,,,,,,Terra - Helios,,,,,
Klyra 6,,,,,,,,"Klyra is usually completely obscured by a massive dark purple cloak that reaches the floor, containing a plethora of archaic technology from The Old World, and a mask that covers her face. In this outfit she appears around 190cm but in actuality she's a shortstack who wears stilts and the intimidating garb to try and look more villainous. She's always accompanied by a pair of floating masks similar to the one she wears, one blue, the other a dull magenta.",,,
Klyra 7,,,,,,,,,She/Her,,
Klyra 8,,,,,,,,,,Human,
Klyra 9,,,,,,,,,,,Duality
Kohaku Aiuchi 1,24,,,,,,,,,,
Kohaku Aiuchi 2,,https://i.pinimg.com/564x/51/b1/77/51b1770b91de5e57faacca6f75c41d93.jpg,,,,,,,,,
Kohaku Aiuchi 3,,,,Hopeful Diplomat from an Old Bloodline,,,,,,,
Kohaku Aiuchi 4,,,,,"Kohaku has spent most of his life in Murata, maintaining careful diplomatic ties with the various Yokai in order to benefit the people of the village until the Goldhearted first returned to Teisei - with their help they repelled a group of Oni that would put Murata in ruin. Afterwards, with the encouragement of the Mayor of their village, would leave with the Goldhearted and now he aids where he can both on the ship and otherwise.",,,,,,
Kohaku Aiuchi 5,,,,,,"Tian Yin, Murata.",,,,,
Kohaku Aiuchi 6,,,,,,,,"Kohaku is a slender man, standing at 5'9"" typically wearing formal garments - strangely immaculate and obsessively clean exterior though suitable for his prior occupation.",,,
Kohaku Aiuchi 7,,,,,,,,,He/Him,,
Kohaku Aiuchi 8,,,,,,,,,,Human,
Kohaku Aiuchi 9,,,,,,,,,,,Safety
Koishi 1,18,,,,,,,,,,
Koishi 10,,,,,,,,,,,Anger
Koishi 2,,https://i.imgur.com/swyFngf.png,,,,,,,,,
Koishi 3,,,#d3291e,,,,,,,,
Koishi 4,,,,Half-Oni Urchin Striving for Strength,,,,,,,
Koishi 5,,,,,"An orphan originating from an oni-controlled town in Teisei, with half-oni heritage. After losing her mother at a young age, Koishi survived via begging and working in the mines. She has trained in cultivation to a degree, and claims that one day she will destroy the oni in Ishiyama.",,,,,,
Koishi 6,,,,,,"Ishiyama, Teisei, Tian Yin",,,,,
Koishi 7,,,,,,,,"Koishi is a girl in her late teens with two red horns protruding from her head, slightly covered by a huge mane of white hair. She stands tall at 6ft and lugs around a great waraxe by her side.",,,
Koishi 8,,,,,,,,,She/her,,
Koishi 9,,,,,,,,,,Half-oni,
"Koishikawa ""Kawa"" Sasaki 1",24,,,,,,,,,,
"Koishikawa ""Kawa"" Sasaki 2",,https://i.imgur.com/TwsIino.jpeg,,,,,,,,,
"Koishikawa ""Kawa"" Sasaki 3",,,,The Genius Tactician,,,,,,,
"Koishikawa ""Kawa"" Sasaki 4",,,,,"Koishikawa Sasaki is one of a pair of twins born to Sayumi Sasaki, a well respected member of 100G Security. While she had excelled well in her schooling, she chose to not pursue college in favor of taking care of the twin's younger sister, Minebea. She currently works as a freelance hacker.

[HPD file Codename: Crow]

[Possible affiliation with the Goldnails. Suspected of a few armed robberies in relation to Goldnail activity. Possible link to cybercriminal activity.]",,,,,,
"Koishikawa ""Kawa"" Sasaki 5",,,,,,"Haven, Terra",,,,,
"Koishikawa ""Kawa"" Sasaki 6",,,,,,,,"Kawa is 4'11"" with a thin frame and pale skin. With long, white hair that is typically stylized and well-kept. She is fairly expressive, wearing a smug smile in conversations with strangers. Typically wears a jacket, with a tank top underneath,  as well as pants, and boots. But likes to dress up often.",,,
"Koishikawa ""Kawa"" Sasaki 7",,,,,,,,,She/Her,,
"Koishikawa ""Kawa"" Sasaki 8",,,,,,,,,,Human,
"Koishikawa ""Kawa"" Sasaki 9",,,,,,,,,,,Family
Kori von Kleist 1,19,,,,,,,,,,
Kori von Kleist 2,,https://i.pinimg.com/736x/08/89/4b/08894bdc558bad6167f31b2696a9e6f6.jpg,,,,,,,,,
Kori von Kleist 3,,,,Weapon seeking her own Path,,,,,,,
Kori von Kleist 4,,,,,"To the Worldhelm, she is a mystery wrapped in an enigma.

But in Kaiway, she is part of the renowned von Kleist clan. A history of Paladins of Lillith was broken when she chose to join the House of Treasures. This scandal has created such distraction that Kori finds herself in the greatest horror: Remedial classes.",,,,,,
Kori von Kleist 5,,,,,,"Heartdom, Kaiway",,,,,
Kori von Kleist 6,,,,,,,,"Kori is a relatively tall woman at 5'6. The best word to describe her would be: Well put together. Her brown hair is immaculately kept, her glasses are always clean. If she is not wearing her school uniform (always pressed), she is wearing a lovely, regal green dress (always immaculate). The closest to 'unkempt' one could argue for her is her freckles, which she never bothers to cover up with her make up.

Kori never wields a weapon, and the reason why becomes very clear as soon as conflict begins: She becomes a long, heavy spear. The spear has an impressively keen edge, and seems to truly come to life when battling truly impressive foes.",,,
Kori von Kleist 7,,,,,,,,,She/Her,,
Kori von Kleist 8,,,,,,,,,,"Elf, Regalia",
Kori von Kleist 9,,,,,,,,,,,Connection
Krod 1,Unknown,,,,,,,,,,
Krod 2,,https://i.imgur.com/rqQNBq3.jpeg,,,,,,,,,
Krod 3,,,,Wasteland Dwelling Caveman,,,,,,,
Krod 4,,,,,"Krod is a Beast of the northern dune sea. The warrior long since decided to live free of Nezzim rule. Since to be human was to suffer their leadership, Krod decided to become a beast instead.  Krod lives in a cave hidden by the shifting sands of the dunes. He leaves this cave to wage battle against the Nezzim and those that would serve them. Krod is unsure what he is and why he has been gifted his shifting form though believes it to be a thing all can do should they simply decide to stop being lmited to being human. Krod does not attack things weaker than him, believing this to be below the rule of beasts, a complicated and vexing moral code that the caveman has developed. He lives to prove his blade and see the Empire brought to ruin. Kiir blood awakened mutations. Krod doesn't realize this",,,,,,
Krod 5,,,,,,Nezmira Northern Dune Sea,,,,,
Krod 6,,,,,,,,A muscular tan man dressed in scavenged armor. His body is riddled with scars notable a twisting strange one around his right arm.,,,
Krod 7,,,,,,,,,He/Him,,
Krod 8,,,,,,,,,,Human,
Krod 9,,,,,,,,,,,Hunger
Kunzang 1,34,,,,,,,,,,
Kunzang 2,,https://images-ext-1.discordapp.net/external/An6i3Y7Bx55ShBrFXrKHts7nMFs-9gbZW8QMt5S0wl8/https/i.imgur.com/QKWNp5n.jpg,,,,,,,,,
Kunzang 3,,,,Protector of the Herd,,,,,,,
Kunzang 4,,,,,"For all his life, Kunzang has been a steward to his people. He grew up in a mostly-Yakshi populated village on the edge of the Tanggula Mountains, overlooking the Chamado Forest. Though a relatively peaceful existence, there was the occasional Spirit Beast attack either from the mountain or on groups of foragers sent out to gather what they could from the forest. Still, these were at most a weekly encounter that never really ended in significant bloodshed... until one night.

In the wake of one Spirit Beast's rampage, after fighting all night and into the morning against this beast, Kunzang swore to himself and his herd to always protect the innocents from any being seeking to do harm. Over the years, he's had practice against Spirit Beasts, raiders, and the occasional Empty Monk squad seeking to ""pacify"" the region.",,,,,,
Kunzang 5,,,,,,"Leytik, Tian Yin",,,,,
Kunzang 6,,,,,,,,"Standing at a rather imposing 8'5"" before factoring in his horns, and weighing in at roughly 650 lbs, Kunzang is an absolute fucking unit, even for his people. This massive specimen sports a two-tone fur pattern of white and red, large horns that turn black as they go on, and traditional clothing of the Holy Harmony's practitioners.",,,
Kunzang 7,,,,,,,,,He/Him,,
Kunzang 8,,,,,,,,,,Yakshi,
Kunzang 9,,,,,,,,,,,Justice
Kurso Armstrong 1,19,,,,,,,,,,
Kurso Armstrong 10,,,,,,,,,,,Perseverance
Kurso Armstrong 2,,https://i.imgur.com/bgRYrV9.png,,,,,,,,,
Kurso Armstrong 3,,,#800000,,,,,,,,
Kurso Armstrong 4,,,,Aspiring Runeteck & Magitech Combat Engineer,,,,,,,
Kurso Armstrong 5,,,,,"Those that know him closely, are familiar with the fact that he had gone to Korala academy as a student in Magitechnologies until he suddenly left out of nowhere, and as much as his close friends and even his sister in Korala try to reach out for him they were always out of reach for some reason.

However years passing he would arrive at Karlsgard and is recruited to the KPLA with a group of what seems like test subjects for an experiment called the Full Metal Militia Project where he exposed their secrets since he was a scientist that helped out in the experiments. From there he would join the KPLA and incidentally join in those chosen by the worldhelm.",,,,,,
Kurso Armstrong 6,,,,,,Korala [Realm of Lhodos],,,,,
Kurso Armstrong 7,,,,,,,,"Standing at 5'0 ft tall with Dirty blonde hair, wearing a white jacket and carrying a brown backpack, he carries a magitech railgun and also has a prosthetic arm due to him losing his original one on his operations to fight merrane.",,,
Kurso Armstrong 8,,,,,,,,,He/Him,,
Kurso Armstrong 9,,,,,,,,,,Demi-Human [Bison],
Kushala of the Blood Scarves 1,22,,,,,,,,,,
Kushala of the Blood Scarves 2,,https://images-ext-1.discordapp.net/external/p2vLPeh700iQpwwvk73Os81i85jFMrDqqN6cY4ty_9k/https/cdn.donmai.us/original/0b/66/__original_drawn_by_agahari__0b66538ae80a27dadbad51f11cb0ec43.jpg,,,,,,,,,
Kushala of the Blood Scarves 3,,,,Shrewd Heir to the Fallen Khaganate,,,,,,,
Kushala of the Blood Scarves 4,,,,,"Kushala was born and raised in the merciless wilds of Nezmira by the Blood Scarves tribe. Stories tell of a civilization of humans that supposedly reigned over the sand dunes millennia ago, led by a khagan recognized by all as the greatest leader throughout the plains. The tales end with the arrival of both Nezzim and Kiir and an internal power struggle in the khaganate, bringing an end to that glorious age of humanity.

Kushala was raised on such tall tales, and yet never believed in them personally. They saw these stories as naught more than fairy tales spoken to children to soothe their worries in a nigh-inhospitable world... at least, that's what they thought before they stumbled across an old woven scarf in an ancient ruin. The same crimson as the Blood Scarves' eponymous garb, Kushala swore they heard the words of the first khagan, imploring them to seek strength in the Realmstorm... now, Kushala seeks otherworldly strength and influence to bring peace to the sand dunes forever.",,,,,,
Kushala of the Blood Scarves 5,,,,,,"The Crimson Peak, Nezmira",,,,,
Kushala of the Blood Scarves 6,,,,,,,,"Kushala has a lean build, but their most immediately noticeable features are their sky-blue eyes, porcelain pale skin, and shoulder-length, snow-white hair, highly unusual in the endless sand dunes of Nezmira. Their appearance was seen as an omen from whatever gods that had long abandoned the tribe - that this child of light would lead them out of the darkness into a new, brighter future.",,,
Kushala of the Blood Scarves 7,,,,,,,,,they/them,,
Kushala of the Blood Scarves 8,,,,,,,,,,Human,
Kushala of the Blood Scarves 9,,,,,,,,,,,Ambition
Kviss Dhata Nergath 1,"At least 72 years old, but arguably 0",,,,,,,,,,
Kviss Dhata Nergath 2,,https://i.imgur.com/apgdEli.png,,,,,,,,,
Kviss Dhata Nergath 3,,,,Crafted Hero of the Worldhelm,,,,,,,
Kviss Dhata Nergath 4,,,,,"Kviss used to be part of a little-known species that occupies more fantasy books than scholarly documents. They were discovered emerging from the wilderness north of Snowmaw quite recently. They spent a few weeks in the town but not of it, following eccentric but ultimately benevolent whims centered around helping the denizens of Snowmaw. Kviss' unnerving nature and strange altruism led the people of Snowmaw to refer to them as a helpful spirit. Kviss didn't linger for long; they threw themselves at the first realmstorm shortly after, saving a young child from being swept up from it in the process.

Since then, Kviss has been relatively reclusive, showing up for missions but scarcely involving themselves beyond that unless called for. They sometimes appeared unprompted whenever their presence was helpful, much like they did on Kor'Tarion. As of July 25th, 2024, they have somehow become biologically human.",,,,,,
Kviss Dhata Nergath 5,,,,,,The Moon (Kor'Tarion) (Past Tense),,,,,
Kviss Dhata Nergath 6,,,,,,,,"A 5'4"" human woman who only looks human to a non-human. She has purple eyes, and hair that's green on one side and white on the other. Her skin is a bark brown color. Her attire is a weird mix of Kor'Tarion and Lhodos, wearing a wide poncho with several completely unnecessary belts. For those well acquainted with Dhata, they seem like they could be cousins, aside from all the clearly inhuman influences.",,,
Kviss Dhata Nergath 7,,,,,,,,,She/Her,,
Kviss Dhata Nergath 8,,,,,,,,,,Human,
Kviss Dhata Nergath 9,,,,,,,,,,,Ambition
Kxaxukluth 1,good question,,,,,,,,,,
Kxaxukluth 2,,https://i.imgur.com/BFixRjW.png,,,,,,,,,
Kxaxukluth 3,,,,Terrible Monster with a Good Heart,,,,,,,
Kxaxukluth 4,,,,,"Kxaxukluth was wrought to life by strange means in the dungeons beneath the ruined Caer Moryd. The magicians who created him sought to harness the natural world for a living weapon in the form of a monster, and he prowled the surrounding area for many nights under their beck and call. When they completed Kxaxukluth by making him intelligent, he realized quickly he did not want to be this. He freed himself.",,,,,,
Kxaxukluth 5,,,,,,"Caer Moryd, Kor'tarion",,,,,
Kxaxukluth 6,,,,,,,,"This lean humanoid usually resembles a bipedal cat, just over 5'6"". The resemblance is superficial. The line that runs across their back is not coloration; it is a long row of teeth and fangs which open to a terrible tendril-filled maw that spans its entire body. To be polite and prevent panic, Kxax covers this unnatural form with nice ponchos, though he more often lets his head free now.",,,
Kxaxukluth 7,,,,,,,,,He/It,,
Kxaxukluth 8,,,,,,,,,,Chimera,
Kxaxukluth 9,,,,,,,,,,,Belonging
Köll 1,65,,,,,,,,,,
Köll 10,,,,,,,,,,Yokai,
Köll 11,,,,,,,,,,,Delusion
Köll 2,,https://i.imgur.com/Hj2iFBS.png,,,,,,,,,
Köll 3,,,#2596be,,,,,,,,
Köll 4,,,,Ice Shield of the Yokai,,,,,,,
Köll 5,,,,,"There once was a Miko named『』, a shrine priest of no renown, dedicated to the service of Lorelei and Kuzunoha. This boy, a yokai, had a dear friend, Köll. 

The Miko loved his subjects, in his shrine in the Sea of Blizzards. He would do anything to protect them, sacrifice anything. His resolve was tested when Köll was infected with Godblood, and so『』undertook a journey to find a cure.

But that journey ended in tragedy, for Godblood is not to be trifled with. 『』lost his memories, his identity, and his friends.

Now, taking the name of his lost friend, Köll wanders the tundra of the Blood Grotto, protecting Yokai and Ald alike from the dangers that hide beneath the ice.",,,,,,
Köll 6,,,,,,Aldistir,,,,,
Köll 7,,,,,,,Koll Vol,,,,
Köll 8,,,,,,,,"A short and meek boy, Köll wanders the tundra of Aldistir in search of people to help and warmth.

Altough he is a Yokai, his only bestial trait are his sharp claws and teeth. He wears a fur mantle to keep the cold away, and under that he dresses as a shrine priest. His eyes are two cold blue rings within darkness.",,,
Köll 9,,,,,,,,,He/Him,,
Lady Kezhari 1,32,,,,,,,,,,
Lady Kezhari 2,,https://media.discordapp.net/attachments/1179610873271177236/1195514537517002834/a3ad5b07d87ff062c94adec782ce0ca8.png?ex=663b666d&is=663a14ed&hm=e18dccb02d0f471e3367641115b5a574bd7037c152ae4064d0ed3d8344bb083d&,,,,,,,,,
Lady Kezhari 3,,,,Noble Lady in Disgrace,,,,,,,
Lady Kezhari 4,,,,,"Lady Kezhari was once a proud noble lady in Skamos, but never one with an incredible standing. She is a practiced spiritist, but also studied law in order to change the Nezzim empire for the better as she detested how humans could be abused so freely. As such, she frequently petitioned for laws against such poor treatment of the Empire's slaves, however she still held onto notions of Nezzim superiority over humans. In order to silence her, those in power fabricated a scandal which left her in utter disgrace, though she refuses to speak on the specifics. Her career was destroyed overnight, and she was treated as the laughingstock of Skamos. Khezari couldn't go anywhere without being recognized, and so she fell into a deep depression as all hopes she had of changing the empire were washed away. In her misery she freed all of her slaves and then ventured out of Skamos alone, waiting to die at the hands of the Kiir, only to find a realmstorm instead.",,,,,,
Lady Kezhari 5,,,,,,"Skamos, Nezmira",,,,,
Lady Kezhari 6,,,,,,,,"A tall, lizardlike humanoid standing at 6'2"". Kezhari's purple scales are smooth to the touch, and she has floppy ears with a doglike muzzle to boot. She typically wears a long, flowing robe and hats of questionable fashion sense.",,,
Lady Kezhari 7,,,,,,,,,She/Her,,
Lady Kezhari 8,,,,,,,,,,Nezzim,
Lady Kezhari 9,,,,,,,,,,,Mercy
Laurence Howell 1,28,,,,,,,,,,
Laurence Howell 2,,https://i.imgur.com/I3GQTwv.jpeg,,,,,,,,,
Laurence Howell 3,,,,Rekindled Starving Artist,,,,,,,
Laurence Howell 4,,,,,"Through the Majority of Laurence's life. He was told that if he wanted to live with content, he needed to surpass his peers to land a job at a big-shot corporation and get out of North Rock. However, the more these expectations stewed the more difficult it got, and when his efforts got disregarded, he turned into a shell of himself. 

After having spent years in a shitty office, slaving away under horrible working conditions. Laurance was laid off so the company could properly hit fiscal quotas. Lost in life, He decided to use his savings as a buffer to try and find anything that could bring him joy. 

He eventually met an old man called Renaud who ran an art boutique and Atelier, and was drawn to the world of art, becoming his protegee. For the first time in years, things were looking up. However, the man turned weak and was forced to be hospitalized. With only art and sporadic freelance work on his side. Laurence is trying his best to make due off of this newfound passion.",,,,,,
Laurence Howell 5,,,,,,Terra: Silver Rock (North Rock),,,,,
Laurence Howell 6,,,,,,,,"Quite the peculiar sight at the Worldhelm, Laurence stands at 5'10"" with a demeanor leaning on the benign side. The most glaring aspect of his appearance is his apparent canine features, achieved through methods of self-expression that are unique to his homeland. Beyond that though, Laurance can be seen dressed fairly nicely with different assortments of dress shirts, vests, suits, and jackets to go alongside his mellow green eyes and trusty bag that he rarely parts ways with.",,,
Laurence Howell 7,,,,,,,,,He/Him,,
Laurence Howell 8,,,,,,,,,,Human (Terra),
Laurence Howell 9,,,,,,,,,,,Hope
Lei-Lei 1,21,,,,,,,,,,
Lei-Lei 10,,,,,,,,,,,Hope
Lei-Lei 2,,https://media.discordapp.net/attachments/1339473858733936770/1339475538116345866/image.png?ex=67af840e&is=67ae328e&hm=667e7b5931ade26b0525ab048a8306ca7a238d2bf9751a9c1026a1a22b9e383b&=&format=webp&quality=lossless&width=&height=,,,,,,,,,
Lei-Lei 3,,,,Lucky Firecracker Cultivator,,,,,,,
Lei-Lei 4,,,,,"Lei-Lei is the twin sister of Mei-Mei. He grew up with her under a cool old man he calls ""Gong-Gong."" He taught him how to fish and how to fight, and when he introduced Lei-Lei to fireworks, the Vanara's absurd interest and affinity for the things made itself known. He searches for yet more beauty to inspire his displays and more people to show them to, and to do so (but also cause he was bored) he leaves to go on an adventure with his sister. After making one funny chaos formation, they end up in some trouble.",,,,,,
Lei-Lei 5,,,,,,"Xiaohai, Wujing Guo",,,,,
Lei-Lei 6,,,,,,,雷雷,,,,
Lei-Lei 7,,,,,,,,"Lei-Lei is a 5'8"" Vanara boy with a thin build and a lithe frame. Even though he works with dangerous, explosive alchemy, he's always well-kept and dressed in blacks and reds that compliment his own colors.",,,
Lei-Lei 8,,,,,,,,,He/Him,,
Lei-Lei 9,,,,,,,,,,Vanara,
Leilani 1,21,,,,,,,,,,
Leilani 2,,https://images-ext-1.discordapp.net/external/YKEKuGhPq8bDIItB1xZe0rCgBmjSXtI0X1EJSO6-nCw/https/gbf.wiki/images/7/71/Npc_zoom_3040204000_01.png,,,,,,,,,
Leilani 3,,,,Elusive Cat Burglar of Brightshield,,,,,,,
Leilani 4,,,,,"There are rumors going around the streets. At night, make sure to keep you doors locked and your gates guarded. Unless you want to wake up with your valuables whisked away, as if they were never there. The Cat Burglar strikes at both big businesses and the mansions of wealthy individuals. She comes in and out without a sound, taking various precious trinkets with her.

But this got nothing to do with Leilani (obviously). The demi-human is a mercenary of little note. She is most often seen taking jobs that involves escorting refugees and protecting vulnerable areas of the city. And playing with the children at the orphanage too.",,,,,,
Leilani 5,,,,,,"The city of Brightshield, Kor'Tarion",,,,,
Leilani 6,,,,,,,,"Standing at a glorious 5'6, with her head covered with short silver hair and a large pair of ears. Her golden eyes rarely stand still, always looking around.  Over her feline tail is her bag tied to her waist that she carries around at all times.",,,
Leilani 7,,,,,,,,,She/Her,,
Leilani 8,,,,,,,,,,Demi-Human,
Leilani 9,,,,,,,,,,,Justice
Leobald Mountainspine 1,25,,,,,,,,,,
Leobald Mountainspine 2,,https://images-ext-1.discordapp.net/external/u1a2_jp-otCVQRpNF6eSdb2gLKcTJqVh3s-JshCmHy4/https/pbs.twimg.com/media/E7aXJEgXoA495IH.jpg,,,,,,,,,
Leobald Mountainspine 3,,,,Devout Paladin of the Old Faith,,,,,,,
Leobald Mountainspine 4,,,,,"Follower of an old faith, previously worked as a guard.",,,,,,
Leobald Mountainspine 5,,,,,,Kor'Tarion,,,,,
Leobald Mountainspine 6,,,,,,,,"Dark hair and blue eyes, a tall athletic build adorned in armor and a cloak. Leobald carries a shield and axe, both engraved with the symbol of his fellow paladins.",,,
Leobald Mountainspine 7,,,,,,,,,He / Him,,
Leobald Mountainspine 8,,,,,,,,,,Human,
Leobald Mountainspine 9,,,,,,,,,,,Duty
Li Dan-Dan 1,23,,,,,,,,,,
Li Dan-Dan 2,,https://cdn.donmai.us/sample/b7/aa/__si_kongqi_hua_jianghu_zhi_bei_mo_ting_drawn_by_si_kongqi_zhuye__sample-b7aaec55ce371287b6654e86beb74fdd.jpg,,,,,,,,,
Li Dan-Dan 3,,,,Carefree Cultivator On the Run,,,,,,,
Li Dan-Dan 4,,,,,"Li Dan-Dan, an orphan raised by Master Ghanzi in the secluded Peach Blossom Sect, grew up mastering Earth Qi and the ancient Blossoming Blade technique. Known for her sword dancing, tricks, and pranks, she brought joy to those around her despite her playful nature. However, her recklessness in fighting injustice led to the accidental revelation of her identity as a Goldhearted, forcing her to be constantly on the run from villains. Despite this, she continues to protect others and pursue justice wherever she goes.",,,,,,
Li Dan-Dan 5,,,,,,"Sampaguita Village, Sangang-Daan, Tian Yin",,,,,
Li Dan-Dan 6,,,,,,,,"A lavender swordswoman who leaves trails of vibrant peach blossoms in her path. Tall and slender woman with jet black hair tied in a high-top ponytail, eyes the color of violets, wears a slim battle tunic and pants, carries a Jian sword in the scabbard by hand. Height 5' 8"".",,,
Li Dan-Dan 7,,,,,,,,,She/Her,,
Li Dan-Dan 8,,,,,,,,,,Human,
Li Dan-Dan 9,,,,,,,,,,,Justice
Lilac Brightshield 1,28,,,,,,,,,,
Lilac Brightshield 2,,https://images-ext-1.discordapp.net/external/fBiPdeF4tooomXHgm5Mje_J34t5ZBIpLHlLsf24Iv4I/%3F1582437006/https/cdna.artstation.com/p/assets/images/images/024/441/418/small/jooyoung-park-02.jpg,,,,,,,,,
Lilac Brightshield 3,,,,Unlucky and Exiled Princess turned Clothier,,,,,,,
Lilac Brightshield 4,,,,,"Lilac is a clothier, a craftsman of garments. She hails from the City of Brightshield, in Kor'Tarion, and once upon a time, her name meant something. Those days of nobility are over for her though, exiled by her family and the City. Those who reside there may have heard of this incident, transpiring some couple years before Lilac arrived at the Worldhelm today, but the cause of her exile remains unknown. 

Nowadays, she roams the land, practicing her craft and honing her talents. Her privileged upbringing allowed for a variety of lessons and tutors, and in this time, she became a skilled dancer. With this, she now takes her ballroom dancing and royal etiquette to the battlefield.",,,,,,
Lilac Brightshield 5,,,,,,"The City of Brightshield, Kor'Tarion",,,,,
Lilac Brightshield 6,,,,,,,,"Standing at around 5'10"" and wielding an oversized pair of scissors, Lilac appears intimidating, to say the least, despite her elegant dress sense and slender frame. She has long, white hair, purple eyes befitting of her name, and carries herself with poise and precision.

The strange scissors she carries everywhere is made of a pristine silver, inlaid with gems of varying purple shades.",,,
Lilac Brightshield 7,,,,,,,,,she/they,,
Lilac Brightshield 8,,,,,,,,,,Human,
Lilac Brightshield 9,,,,,,,,,,,Ambition
Liliwen Bremblebery 1,19,,,,,,,,,,
Liliwen Bremblebery 10,,,,,,,,,,,Justice
Liliwen Bremblebery 2,,https://i.imgur.com/51AbEe0.png,,,,,,,,,
Liliwen Bremblebery 3,,,#215600,,,,,,,,
Liliwen Bremblebery 4,,,,Fae-Touched Aspiring Knight,,,,,,,
Liliwen Bremblebery 5,,,,,"Liliwen hails from an old Honeydew farming family. But between the founding of Tradefair and her father's fateful run-in with a fae, they're just one more landless poor family in that great city. Liliwen was always a rambunctious child, enjoying physicality and playfully throwing her surprising strength around.

As an adult she went into mercenary work, making something of a name for herself despite her obvious peculiarity. Not nearly enough to buy land and restore her family to the status they should have, but plenty to pay for their food and rent.

After a job went wrong, Liliwen encountered a Realmstorm and ended up on the Worldhelm.",,,,,,
Liliwen Bremblebery 6,,,,,,"Kor'Tarion, Tradefair",,,,,
Liliwen Bremblebery 7,,,,,,,,"At 4'10"" with massive furry brown ears and a pink tail, Liliwen looks mousy in more ways than one. Despite her stature, she is strong and built with the muscles to show it. Not that they're often visible, with the bronze plate she wears over deep green padding. Her hair is long and pale blonde, falling quite far down her back when not tied up neatly to fit in her helmet. Her eyes are ruby red, and when she opens her mouth one can notice slightly pronounced buck teeth.",,,
Liliwen Bremblebery 8,,,,,,,,,She/Her,,
Liliwen Bremblebery 9,,,,,,,,,,Mousegirl (Fae-Touched Human),
Lin Baimei 1,43,,,,,,,,,,
Lin Baimei 10,,,,,,,,,,,Preseveration
Lin Baimei 2,,https://i.imgur.com/DDn0oEm.png,,,,,,,,,
Lin Baimei 3,,,,Obsessive Hoarder of Historical Relics,,,,,,,
Lin Baimei 4,,,,,"||A woman from Xuanwu City, a hoarder of junk and knicknacks. Sometimes treasure, who knows. Not even she, she kind of forgot what she has in her home on the giant turtle.  But within the bowels, she met and was saved by a Spirit Beast, that changed her forever.||",,,,,,
Lin Baimei 5,,,,,,"Tian Yin, Wujing Guo, Xuanwu's Grave",,,,,
Lin Baimei 6,,,,,,,"Mei, The Hoarder",,,,
Lin Baimei 7,,,,,,,,"A pale lady seemingly in appearance around her late twenties, with long white hair and a keen eye. Standing at 170cm in height, she carries herself with grace until she loses herself, in which case she becomes enthusiastic and eccentric to a degree.

Though almost always uses her right hand, even if using her left would make more sense.",,,
Lin Baimei 8,,,,,,,,,She/Her,,
Lin Baimei 9,,,,,,,,,,Human(?),
Lin Shěn 1,early 20's,,,,,,,,,,
Lin Shěn 2,,https://i.postimg.cc/GhF6mjDN/Lin-bamboo-forest-banner-2.png,,,,,,,,,
Lin Shěn 3,,,,"A Disgraced Student, Living In Self-Exile",,,,,,,
Lin Shěn 4,,,,,"Due to his sudden disappearance from his home and appearance on the worldhelm not much is known of Lin. He is a young man, hailing from the realm of Wujing Guo, living in self imposed exile with his adoptive brother Xuhu. After years of solitude and countless battles he was whisked away onto the worldhelm.",,,,,,
Lin Shěn 5,,,,,,"Tian Yin, Wujing Guo, Jinjing Xiantiao, Bingchuan",,,,,
Lin Shěn 6,,,,,,,,"A tall and imposing man, this Jinshi warrior possesses a powerful, towering physique. His broad shoulders and well-defined muscles sculpted through years of battle and cultivation, his chest and arms are marked with scars, each a testament to past conflicts. A thick, wild mane of dark hair flows around his face, further emphasizing his  guardian lion-like heritage. His clawed hands are large and calloused, built for both combat and protection. His legs are equally formidable, covered in patches of fur that lead down to powerful, clawed feet, giving him a beast-like stance.

He wears a flowing green robe adorned with subtle, intricate patterns, tied at the waist with a wide, crimson sash decorated with cloud motifs. A large fur pelt drapes over one shoulder, hinting at past victories over formidable beasts and spirits alike. Hanging from his waist are gourds and additional cloth ornaments, resembling ceremonial talismans and protective charms against corrupt cultivators.",,,
Lin Shěn 7,,,,,,,,,He/Him,,
Lin Shěn 8,,,,,,,,,,Shibing-Jinshi,
Lin Shěn 9,,,,,,,,,,,Vengance
Lionel Il'Hrarra 1,22,,,,,,,,,,
Lionel Il'Hrarra 2,,https://i.imgur.com/WUGduWP.jpeg,,,,,,,,,
Lionel Il'Hrarra 3,,,,Lost Little Fish Trying His Best,,,,,,,
Lionel Il'Hrarra 4,,,,,"- Born to a noble family in Ripplith, Lionel was the firstborn daughter, and the heir apparent, set to inherit the authority of the family.
- They come out as trans, and go to a Seamother to undergo the ritual to fit into a body of their own.
- Now a man, and unable to hold authority in the matriarchal society of the Galeo Empire, their family looks down on him for throwing away his birthright and responsibility.
- He is then sent off to the Gnosis Academy to find his own path, and so as to no longer be in his mother's sight.
- Lionel takes well to the classes and the trials of becoming a Regalia yet all the while there is a sense that something is wrong. He struggles to make friends and socialize, and after some months his grades begin to slip...
- Thus, he is in the remedial program.",,,,,,
Lionel Il'Hrarra 5,,,,,,"Ripplith, Kaiway",,,,,
Lionel Il'Hrarra 6,,,,,,,,"About 6ft tall, Lionel Il'Hrarra is a fount of little guy energy. To combat his little man aura, he dresses up in a style reminiscent of sailors and their ships in Ripplith, always decorated in a coat and a set of boots, usually with some sort of net for an accessory.

It is a rare event to see him in normal clothing.",,,
Lionel Il'Hrarra 7,,,,,,,,,He/Him,,
Lionel Il'Hrarra 8,,,,,,,,,,Ripplith Merfolk,
Lionel Il'Hrarra 9,,,,,,,,,,,Belonging
"Lizbern ""Liz"" Harfell 1",21,,,,,,,,,,
"Lizbern ""Liz"" Harfell 2",,https://i.imgur.com/jNYT2Ee.png,,,,,,,,,
"Lizbern ""Liz"" Harfell 3",,,,Heroine of the revolution,,,,,,,
"Lizbern ""Liz"" Harfell 4",,,,,"Liz was born in the town of Vale in the realm of Lhodos.  When she was a child, Merrane's forces attacked her town and destroyed it, leaving her as the only survivor.  Liz acts as a member of the KPLA, fighting to free the land from Merrani rule.  One day, she and her allies discover the location of a prototype mech, and plot to steal it.  Lizbern is trained in the basics of piloting using stolen acadamy materials.  Getting to the mech goes as planned, but as they make their escape, Merrani angels descend on the rebels.  Liz chooses to fight, holding them back with the prototype while her comrades escape.  The prototype is badly damaged and Liz mortally wounded, but as the enemy approached to finish her off, a pillar of light rescues her to the Worldhelm.  Laughing at her fortune Liz christens the prototype ""Liberty Wing"", and resolves to return to Lhodos and finish the fight against the Empire.",,,,,,
"Lizbern ""Liz"" Harfell 5",,,,,,"Vale, Karlsgard, Lhodos",,,,,
"Lizbern ""Liz"" Harfell 6",,,,,,,,"Lizbern Harfell is an average sized young woman with short red hair and green eyes. Her torso and arms bear burn scars from when she was young. She typically wears dark cargo pants, a plain red shirt, and a black leather jacket. She wears fingerless gloves with a thermal device attacked to the back of them. Her left arm bears a metal bracer with a control interface that she uses to call in her mech.",,,
"Lizbern ""Liz"" Harfell 7",,,,,,,,,She/Her,,
"Lizbern ""Liz"" Harfell 8",,,,,,,,,,Human,
"Lizbern ""Liz"" Harfell 9",,,,,,,,,,,Hope
Lloyd 1,20,,,,,,,,,,
Lloyd 2,,https://images-ext-1.discordapp.net/external/mbqhRnw3jdiU1ag37iVWvERm3x-8plLu9xfSaTmQ5pc/%3F1573835920/https/cdna.artstation.com/p/assets/images/images/022/031/368/large/sebastian-salvo-sir-herald-01.jpg,,,,,,,,,
Lloyd 3,,,,Naive Wandering Warrior Trying His Best,,,,,,,
Lloyd 4,,,,,"Lloyd is a an orphan from the town of Dryholde who ran away from his orphanage, only to end up being saved and apprenticed to a wandering hero after a series of unfortunate events. Despite being otherwise bumbling and uncoordinated, Lloyd was found to be a quick learner in the art of combat - and soon, mentor and mentee became more like father and son.

Years passed by as Lloyd and his mentor wandered about, saving people from all manner of bandit and beastie. However, after a particularly successful adventure, his mentor suddenly disappeared without a trace. Driven to find out where his mentor had gone, Lloyd struck out on his own - wielding his spear and shield to protect others when he could!

... well, that was his plan, at least. Alas, only a week after making this decision, he was caught by a realm storm in the middle of an otherwise peaceful nap - waking up dazed and confused on the Worldhelm.",,,,,,
Lloyd 5,,,,,,"Dryholde, Kor'Tarion",,,,,
Lloyd 6,,,,,,,,"5’6 feet tall, 140 lbs. Looks somewhat scrawny, but is just rocking a sleeper build. Never seen without his helmet on and his weapons close by, even when relaxing and sleeping. The only thing you can make out through the helmet's visor are piercing blue eyes. Gives off an intimidating aura that very quickly melts away the moment he speaks.",,,
Lloyd 7,,,,,,,,,He/Him,,
Lloyd 8,,,,,,,,,,Human(?),
Lloyd 9,,,,,,,,,,,Justice
Lochlann Carlisle 1,38,,,,,,,,,,
Lochlann Carlisle 2,,https://i.imgur.com/HcQxyFM.jpeg,,,,,,,,,
Lochlann Carlisle 3,,,,Medical R&D Businessman & Wealthy Heir,,,,,,,
Lochlann Carlisle 4,,,,,"A quick search on the Terran net for Lochlann will yield hundreds of results about him being the second son of Magnus Carlisle, the ruthless CEO of the family-owned Regenekhan Pharmaceuticals. Lochlann is employed as a head researcher and inventor for the biotech company beneath his older brother and heir apparent, Alistair. He holds Ph.D degrees in both medicine and business from Haven University.

Interviews with Magnus have him proudly share that Alistair and Lochlann are his clones through the use of Regenekhan's proprietary gene editing techniques that allow for augmentations of DNA in the womb. The expectations he has for both of his ""sons"" to take over the company are substantial.",,,,,,
Lochlann Carlisle 5,,,,,,Terra,,,,,
Lochlann Carlisle 6,,,,,,,,"Lochlann is a lion-augmented businessman flecked with white, gold-tipped fur who stands at an impressive 6’9”. Contouring his muscular frame is a kevlar-lined suit that protects him in the boardroom and the streets of Terra.

His gentlemanly demeanor and typically warm smile can quickly turn cold when his friends and colleagues are threatened. Along with a power watch capable of creating energy shields, an unusual black device affixed to his belt reveals his technical skill as a medical researcher.",,,
Lochlann Carlisle 7,,,,,,,,,He/Him,,
Lochlann Carlisle 8,,,,,,,,,,Augmented Human,
Lochlann Carlisle 9,,,,,,,,,,,Hope
Lock 1,It's rude to ask!,,,,,,,,,,
Lock 2,,https://i.imgur.com/ZV1WPdw.png,,,,,,,,,
Lock 3,,,,Omnipeddling Hoarder,,,,,,,
Lock 4,,,,,"Not much is known about this mysterious little fox! Though she's clearly some kind of yokai, she claims innocence as to what *exactly* her nature is.

What she *is*, though, is an excellent salesfox! True to the necklace they wear, they have come to wear petals and peddle wares.

With a stock of nearly anything in her cute little backpack, she's ready to take on the world!",,,,,,
Lock 5,,,,,,"The Feywyrd, Aldistir",,,,,
Lock 6,,,,,,,,"Lock is a regular-sized fox - about a foot and a half tall at the shoulder, and weighing 25 pounds. She wears a backpack perfectly sized for her!",,,
Lock 7,,,,,,,,,It/She,,
Lock 8,,,,,,,,,,:fox:,
Lock 9,,,,,,,,,,,Ambition
Locke 🔥 1,22,,,,,,,,,,
Locke 🔥 2,,https://images-ext-1.discordapp.net/external/kVikLPsM_vWR9yJi5PmVTuhl-f-_gF2T0XCvElh2liM/%3F4262182/https/safebooru.org/samples/4077/sample_d42184b6564ac9457dedf8fcd800191d5f2430fd.jpg,,,,,,,,,
Locke 🔥 3,,,,Half-Demon Burning with Hate,,,,,,,
Locke 🔥 4,,,,,"Locke's upbringing was shaped by his hatred for the way the Scalefire empire treated his mage parents. In his desire to change his parent's circumstances, he wanted to become a force of nature. Something *angry*, and *hateful*. Something the empire would fear *more* than mages. In pursuit of becoming this terror, he attempted to bind himself to a demon arcanum of vicious burning, Tubalcain. This demon felt Locke's anger, deemed it worthy of his blessing, and allowed the boy to inflict himself with an arcanum of ineffable inferno. This created the half-demon burning with hate that we know today, Locke. Since then, he has acted against the empire - and has been taken away to the Worldhelm.

On the worldhelm, he must learn to control and direct his hatred now more than ever.",,,,,,
Locke 🔥 5,,,,,,Skuala (Nezmira),,,,,
Locke 🔥 6,,,,,,,,"5' 9""
190 lbs.
Locke wears a bandage-esque talisman wrapped around his torso, as well as baggy pants tucked into metal combat boots. which binds him to the flame demon arcanum, Tubalcain. Locke's right-half is perpetual inferno, while his left side is (most of the time) skin.",,,
Locke 🔥 7,,,,,,,,,He/Him,,
Locke 🔥 8,,,,,,,,,,"Half-Demon, Half-Human",
Locke 🔥 9,,,,,,,,,,,Anger
Lucia 1,20,,,,,,,,,,
Lucia 2,,https://s3.amazonaws.com/files.d20.io/images/429321002/Fmd1OPIQJHHED3dHRmqD2Q/med.png?1739746076,,,,,,,,,
Lucia 3,,,,"Nihilistic problem child, with a spine of steel.",,,,,,,
Lucia 4,,,,,"Lucia, sometimes called 'Luce' by her few acquaintances, is a young woman struggling to survive. She reluctantly takes on the few jobs she knows how, debt collection and strong-arming being the most common. In her few years of work, she has claimed a small reputation as a somewhat talented fighter, and claims a meager wage doing so - barely enough to live on. Deep down, she hates the way that she lives, the way that this world forces her to be to survive, and has become quite nihilistic as a result. To her, the circumstances that led her to the worldhelm are, naturally,  just an accident - a freak accident. There's certainly no way that the ship would select her, of all people, to be a Gold-Hearted. Absolutely no chance.",,,,,,
Lucia 5,,,,,,Terra,,,,,
Lucia 6,,,,,,,,"Lucia has a lithe-lanky mix figure - a result of physical training/work, as well as malnutrition. She stands just under average height - about 5' 3"", and has shoulder-length grey hair. Her usual attire is a large jacket or hoodie, paired with whatever combination of combat boots and shorts or pants she fancies that day. She speaks with a rough tone, and is quite quick to resort to physical violence when things aren't quite going her way.",,,
Lucia 7,,,,,,,,,She/Her,,
Lucia 8,,,,,,,,,,Human,
Lucia 9,,,,,,,,,,,Anger
Lucia Vitarex 1,18,,,,,,,,,,
Lucia Vitarex 2,,https://media.discordapp.net/attachments/1159321340826894378/1213856630446493816/Priesterin-Luciano_Bg.png?ex=663b8d15&is=663a3b95&hm=23e8990f99fba30554bfec7f44c3680a9a5ca0824740860f1898737044ca33aa&,,,,,,,,,
Lucia Vitarex 3,,,,Royal Healer with a Heart of Gold,,,,,,,
Lucia Vitarex 4,,,,,"Lucia was born into a long line of healers and priests, which served the royalty of the city, at least before the last day of the moon. After the disaster struck the lands, the Vitarex family concentrated their efforts on the safekeeping of the city and its people, which not only brought them trust and respect from the common folk, but also a lot of money, thus making them one of the more influential families in the city, but of course not on the level of the old or new royalty. 

That is the world Lucia was born into, which gave her the advantages a rich house has while still needing to prove herself by helping those in need, whether it be with her medical expertise, preparing meals for the poor or helping the city guard defend against outside threats. All of that together made her a person that understands royalty while still being very humble. 

That's why, when a storm took Lucia with it and gave her the opportunity to help many people on different worlds, she accepted.",,,,,,
Lucia Vitarex 5,,,,,,"Kor'Tarion, Caer Laie/Lastport",,,,,
Lucia Vitarex 6,,,,,,,,"Lucia has a rather small build, standing at 5'2 (160cm) and weighting about 130lbs (59kg). She has her hair in a bun most of the time and is either wearing a brown sweater and a pair of black pants or a, for her physique, surprisingly heavy armor, depending on whether she is helping out in the kitchen or is out in the field. On special occasions, one might also spot her in a priestly robe",,,
Lucia Vitarex 7,,,,,,,,,She/her,,
Lucia Vitarex 8,,,,,,,,,,Human,
Lucia Vitarex 9,,,,,,,,,,,Duty
Lumio 1,"Looks 24, really over 250 (lost count..)",,,,,,,,,,
Lumio 10,,,,,,,,,,,Vigilance
Lumio 2,,https://cdn.picrew.me/shareImg/org/202503/1373642_srq0LtT6.png,,,,,,,,,
Lumio 3,,,#00d6a4,,,,,,,,
Lumio 4,,,,Empowered Spirit Empowering Others,,,,,,,
Lumio 5,,,,,"Carson died and was sent to heaven. He spent two hundred years watching people died and soon dedicated himself to helping others escape, not himself. After the first few decades it became so taxing that they started hallucinating. With a new name to inspire hope, Lumio, they started to spend their time trying to protect caravans everyday. They failed in saving their last caravan, but when Lumio got close to the edge the voices crept in and he escaped onto the Worldhelm..

Now Lumio is known as a warrior, a paladin, a shield to hide behind. He gives speeches to inspire hope, though he is a little unsure himself Lumio will always smile with a sudden confidence. After being apart of the war on the moon against Loftur Lumio won't put up with anyone saying they aren't enough. He *will* help others realize their potential. He's seen greatness and he'd be damned if he didn't help if blossom in others.",,,,,,
Lumio 6,,,,,,"Fourth layer of Idyll, Maze Elysia",,,,,
Lumio 7,,,,,,,,"Lumio is semi-ethereal and looks like a medium height mid 20’s man. Their limbs, as well as their hair seem to fizzle into wisps on certain parts of their body. They have orange eyes and circle glasses that rest above their big smile, along with blue metal armor and two round shields. Lumio’s toothy grin lights up when there's people around and never lets people down with a frown unless he's really not feeling well.",,,
Lumio 8,,,,,,,,,They/Them,,
Lumio 9,,,,,,,,,,Spirit -- Dead human,
Lunira 1,23,,,,,,,,,,
Lunira 2,,https://i.pinimg.com/564x/6a/d7/57/6ad757a504a0829b495a886504c7461a.jpg,,,,,,,,,
Lunira 3,,,,Avatar of the Shattered Moon,,,,,,,
Lunira 4,,,,,"Lunira was outcast from her home on Kor'Tarion after an encounter with a shard of the realm's shattered moon that left her permanently changed. She's been on a few journeys since then, but eventually she found her way to the Worldhelm, called in by the chance to make a difference.",,,,,,
Lunira 5,,,,,,Kor'Tarion,,,,,
Lunira 6,,,,,,,,"She stands at a mighty 5'6"" and while she used to be a normal human, she more closely resembles a humanoid monster in appearance after her transformation. Her skin glows with radiant light as her body struggles to contain the power stored within it and her head is adorned with horns formed to channel the power.",,,
Lunira 7,,,,,,,,,She/Her,,
Lunira 8,,,,,,,,,,Magically Altered Human,
Lunira 9,,,,,,,,,,,Isolation
Lupo 1,23,,,,,,,,,,
Lupo 10,,,,,,,,,,,Rememberance
Lupo 2,,https://i.imgur.com/xjTxGMR.png,,,,,,,,,
Lupo 3,,,#ff0000,,,,,,,,
Lupo 4,,,,Psychic Warden of Lost Memories,,,,,,,
Lupo 5,,,,,"An orphan abandoned at the frontlines of the war that was taken care of by the KPLA. After growing up in an orphanage where no one came to pick him up, Lupo joined the ranks of the KPLA in the search for meaning. There, he found himself training harder and harder to eventually join the Sapper Core, a special anti-mecha division of the KPLA, where only the best of the best could join. When he finally managed to get himself in their trainee ranks, a nightmare triggered his Esper powers, leading to a massive fiery accident that culminated in him fleeing from Karlsgard with his training mech and a stolen airship. Months later, he paid back all of his debt and is now trying to resume his training with all his new experience within the Worldhelm.",,,,,,
Lupo 6,,,,,,"Bastion, Karlsgard, Lhodos",,,,,
Lupo 7,,,,,,,,"Smoll little guy that looks young, but has seen war.",,,
Lupo 8,,,,,,,,,He / Him,,
Lupo 9,,,,,,,,,,Human,
Lyle Whitlock 1,19,,,,,,,,,,
Lyle Whitlock 10,,,,,,,,,,,Hope
Lyle Whitlock 2,,https://i.imgur.com/iuoTyWT.png,,,,,,,,,
Lyle Whitlock 3,,,#ed1b24,,,,,,,,
Lyle Whitlock 4,,,,Courier Tinkerer turned Combat Medic in Training,,,,,,,
Lyle Whitlock 5,,,,,"To the people of Kaiway, Lyle is a well-known figure, often seen alongside his best friend, Vial, a Machina from Steelbin. Lyle has made a name for himself by handling deliveries for most of the students at Gnosis Academy, with Vial's assistance as they move swiftly around Heartdom, often using freerunning to navigate the city’s tight spaces.

It’s common knowledge that Lyle comes from the Whitlock family, renowned couriers who run Whitlock Deliveries, the primary messengers of Heartdom. However During his second year at the academy, in an attempt to cast magic, he nearly lost his life, only to discover that his body could not handle the strain of magic use.",,,,,,
Lyle Whitlock 6,,,,,,"Kaiway, Heartdom",,,,,
Lyle Whitlock 7,,,,,,,,"162 cm (5'4"") tall, young, effeminate-presenting person whilst doing deliveries they wear a bulky white jacket and has black hair under a cap with goggles and equipped with various gadgets. 

Whilst at downtime he wears his Gnosis academy uniform, wearing a red scarf and an emblem of the House of Paladins.",,,
Lyle Whitlock 8,,,,,,,,,Any/All,,
Lyle Whitlock 9,,,,,,,,,,Human (Lost),
Lynne-4 1,20,,,,,,,,,,
Lynne-4 2,,https://media.discordapp.net/attachments/1198805989659525150/1335452342576742480/IMG_6359.png?ex=67a232a9&is=67a0e129&hm=950bbfbed43b056f3f032262d11f327895acd2ac5f3d971445b63b6c6f3f6faf&,,,,,,,,,
Lynne-4 3,,,,"Nobody, turned Somebody",,,,,,,
Lynne-4 4,,,,,"While her history would be almost completely unknown to those of the Worldhelm, besides from her origin in Kaiway, her fellow classmates would know that Lynne-4, insisting that the number be dropped from her name in conversation, is a socially inquisitive, and kind student, if somewhat ignorant of boundaries. Sent to the Worldhelm because of her touchiness around her past, and her less than ideal teamwork and social skills.",,,,,,
Lynne-4 5,,,,,,"Steelbin, Kaiway",,,,,
Lynne-4 6,,,,,,,,"Lynne is a sturdily built woman, barely coming up to 5’5” in height, with slightly tanned skin, and hair and eyes in differing shades of purple. She sports a slightly modified Gnosis Academy uniform, with a pale lavender light constantly flowing through her clothing. She carries with her, either in a carrying case by her side, or held aloft by magic surrounding her, several large cleavers with which she uses to fight, and enhance her control over her magic, and its influence on the metals she interacts with.",,,
Lynne-4 7,,,,,,,,,She/Her,,
Lynne-4 8,,,,,,,,,,Human,
Lynne-4 9,,,,,,,,,,,Control
Mabilis Na'ulan 1,87,,,,,,,,,,
Mabilis Na'ulan 2,,https://i.imgur.com/CrvsgHu.png,,,,,,,,,
Mabilis Na'ulan 3,,,,Broken Old River Sage,,,,,,,
Mabilis Na'ulan 4,,,,,"Mabilis Na'ulan is one of the few surviving cultivators who took the righteous path after Xiang Shinan waged the war against heaven, having been a young cultivator under the boot of the Blackhearted, he trained in secret alongside another student under a righteous cultivator, Master Na'alon. During his time as a wandering warrior, his cultivation base was shattered, and remains in a state of recovery, severely limiting his potential despite his relative experience. Mabilis is accompanied by a spirit beast he calls Gan-Gan, who supplements his weaknesses, acting as a reliable companion, and old friend.",,,,,,
Mabilis Na'ulan 5,,,,,,"Mt. Magayon, Sangang-Daan",,,,,
Mabilis Na'ulan 6,,,,,,,,"An old man who's appearance is hides his true age, Mabilis stands at 6'1 with an athletics build, bearded with a disheveled head of grey hair held up by a headband. He wears light clothing covered in a heavy cloak dyed a blue reminiscent of the ocean, a style recognized easily as that of a martial artist hailing from Tian Yin. His face is deep set with scars and wrinkles alike, but Mabilis often wears a smile despite the clear toll the life of a cultivator has taken.",,,
Mabilis Na'ulan 7,,,,,,,,,He/Him,,
Mabilis Na'ulan 8,,,,,,,,,,Human,
Mabilis Na'ulan 9,,,,,,,,,,,Guidance
Majesty 1,:3,,,,,,,,,,
Majesty 2,,https://media.discordapp.net/attachments/915089561699385367/1162126446890860544/Adoration_He-They.jpg?ex=66407f58&is=663f2dd8&hm=71a2e4c3bafe847f20301d1826a9d55a90e58ead5a78bdea3778b17717e6e634&,,,,,,,,,
Majesty 3,,,,Song-Shaper Clad in Seafoam,,,,,,,
Majesty 4,,,,,"The burbling of a rock-choked brook, the crash of great waves against high cliffs, the gentle hiss of autumn rain... Each an instrument, a song in its own right. And Majesty was born of this song, birthed into cognition by the overactive minds of sailors and school children. The Muse in The Rain, The Naiad, The Siren, The Mermaid... 

Majesty was born alongside the merfolk, filling in the edges of storybooks and fairy tales like spilled ink on a square of pale cloth. And from there, they took flight into their own story.

A knight, a poet, a mage... They've played and sung for fae kings and fae queens, from the lowly gnome to the highest elf. At least, that is if you believe what they say. Why now are they Goldhearted? Why now must they act within the ballads they once sung? Who knows...",,,,,,
Majesty 5,,,,,,"The Faerie Realm, Kor'Tarion",,,,,
Majesty 6,,,,,,,,"Standing at 6'7"", Majesty is a towering, slender shape with thin limbs lined with folding fins. Colored in shades of blue, with midnight black hair and a mouth of teeth that fold against their mouth, it is extremely apparent that they are nothing remotely close to human, no matter how human their song might sound...

Majesty dresses lavishly in flowing silks and satins, always wrapped up in loose fitting clothing. If not for social expectation, this emperor would have no clothes.",,,
Majesty 7,,,,,,,,,Any/Any,,
Majesty 8,,,,,,,,,,"Mermaid, Faerie",
Majesty 9,,,,,,,,,,,Majesty
Mako Torres 1,21,,,,,,,,,,
Mako Torres 2,,https://i.imgur.com/85KPxlz.png,,,,,,,,,
Mako Torres 3,,,,Grandchild of a Goldhearted Fighter,,,,,,,
Mako Torres 4,,,,,"To those in Tangbawan they would know a family which was created thanks to the union of a Goldhearted and a Local. The young child of Mako the latest generation of the Torres family has been training in isolation for a while and has not been able to get too close to society in a long time. However as their master left for the heavenly war he was left to guard a place he called home, and as the realm was torn he was left with no one but himself. With the goal of completing his training.",,,,,,
Mako Torres 5,,,,,,Tangbawan [Tian-Yin],,,,,
Mako Torres 6,,,,,,,,"Standing at about 5'9 with a very twinkish build, he's wrapped in bandages and has scarfs surrounding his neck and waist. He has brown hair dark brown eyes and emits this balanced energy of light and dark.",,,
Mako Torres 7,,,,,,,,,He/Him,,
Mako Torres 8,,,,,,,,,,Human,
Mako Torres 9,,,,,,,,,,,Justice
Mari 1,22,,,,,,,,,,
Mari 2,,https://cdn.discordapp.com/attachments/1196744996410380298/1254113053314650204/2151243_ZlahYX1a.png?ex=66784f4c&is=6676fdcc&hm=fa4b36220e10894f5b76776ac27c156b23f152f97cbb99612b7ca5b1905a0918&,,,,,,,,,
Mari 3,,,,Undyingly Eager Mercenary,,,,,,,
Mari 4,,,,,"A self-proclaimed fighter who made a living by actively hunting monsters that emerge across Kor'Tarion, typically going for days at a time on hunts, endlessly beating down on the monsters one by one all day, keeping himself active with magic he'd aquired through exposure to the moonshards. While fighting a mage and bleeding out, everything went blank. His eyes opened, what's left was scars to remind of what could've been, he'd been brought back just so they could fight longer. The mage's hubris let him fight for another day, and perhaps more.

He's laughing........",,,,,,
Mari 5,,,,,,Kor'Tarion,,,,,
Mari 6,,,,,,,,"A man with a thin, but muscular build. Blue eyes and brown hair that partially covered his face. Carrying scars across his entire body. Around 180 CM tall, and weighing 71 KGs.  Wearing a rather light hoodie and wields odd weapons instead of any traditional fighting equipment.",,,
Mari 7,,,,,,,,,He/Him,,
Mari 8,,,,,,,,,,Human,
Mari 9,,,,,,,,,,,Thrill
Mari and Mori 1,19 and 14,,,,,,,,,,
Mari and Mori 2,,https://media.discordapp.net/attachments/1170112961038266458/1224970818115862598/image.png?ex=663b1d79&is=6639cbf9&hm=27e3e9bd70bb63b33d92971b3fed4976794e4cd40f408c41b5adb3d229c55556&,,,,,,,,,
Mari and Mori 3,,,,The Silent Jester of Kingdom Road,,,,,,,
Mari and Mori 4,,,,,"Mari and Mori travelled the Kingdom Road alone for many years. Long enough that rumors of a jester-child and a mechanical puppet assailing or harassing passerby's live in the ideas of legends as far back as a decade ago. Though, she's always simply been an agent of chaos, and never villainy. Scaring people, only stealing from the wealthy, and warding off danger from travelers.

She's shown herself a few times on the ship, but is rarely onboard.",,,,,,
Mari and Mori 5,,,,,,Kor'Tarion,,,,,
Mari and Mori 6,,,,,,,,"Mari is a 4'8'' girl wearing baggy mismatched patchy clothing. She has jesters cap on her head with a pair of red striped horns that rests over her messily cut hair. She weighs about 80 lbs, and is built like it. She walks with a dance to her step and never speaks. Inside her collar is the stitched name `Mari`.

Mori is a pink dog-mouthed stuffed toy, with patchy spots where holes have been filled. They're soft, and smell like an attic. They have heterochromatic button eyes, and are stuffed with something that feels akin to wool. Though, squeezing them reveals the metal bones that fill them, and the warm crystal at the center of their chest. Inside his collar is the stitched name `Mori`.",,,
Mari and Mori 7,,,,,,,,,She/Her and He/Him,,
Mari and Mori 8,,,,,,,,,,Human and Puppet,
Mari and Mori 9,,,,,,,,,,,Recovery
Marianne Cheon 1,21,,,,,,,,,,
Marianne Cheon 2,,https://i.imgur.com/ASCg5z7.jpeg,,,,,,,,,
Marianne Cheon 3,,,,Overworked Exorcist Intern,,,,,,,
Marianne Cheon 4,,,,,"Raised single-handedly by her uncle after losing her parents before she even developed object permanence, Marianne developed a love for video games and the occult, both of which her uncle regularly exposed her to. Her inquisitive mind allowed her to excel in her studies, eventually leading to her dream job of becoming a developer at SWORD. Unfortunately, just as she got promoted, her uncle fell ill and could no longer run his business. Feeling like she owed her life to him, she decided to take up moonlighting as a rookie exorcist to keep his business going. She now tries to maintain both her jobs and her social life without crashing out.",,,,,,
Marianne Cheon 5,,,,,,"Silver Rock, Haven, Terra",,,,,
Marianne Cheon 6,,,,,,,,"A young woman who stands at 5'6. She keeps her hair short and parted to left, wears an oversized blue hoodie, and running shorts. She also has an assortment of prayer beads, both on her neck and wrist, as well as an ornamental sword on her back.",,,
Marianne Cheon 7,,,,,,,,,She/Her,,
Marianne Cheon 8,,,,,,,,,,Human,
Marianne Cheon 9,,,,,,,,,,,Duty
Marilyn Maule 1,31,,,,,,,,,,
Marilyn Maule 2,,https://i.pinimg.com/564x/03/38/61/033861ce440756d7f73ed9ad213c83f1.jpg,,,,,,,,,
Marilyn Maule 3,,,,Debt Collector Done Collecting,,,,,,,
Marilyn Maule 4,,,,,"Everybody knows that morals are the badge of the poor man. Luckily for Marilyn, she was never poor. She was born, raised, and trained for combat in Secura, which of course was thanks to their parents being employed by ETA.

Mary was put on a company contract from birth, this contract included what school she would go to, what classes she would attend, and what her job would be. Of course, since all this would be provided by ETA, who were her parents to say no? It was essentially a guarantee for success, and at no cost to them.

Needless to say, Marilyn was a star student all throughout her school and college years, as well as through her training period to become a Debt Collection Agent. 

With her tools and weapons in hand, Marilyn pulled in several hundred thousand zenit that would have been lost to the winds if the debtors weren't found or, in some cases, turned Insolvent.

But even machines can have a heart. Something had to give. So she vanished.",,,,,,
Marilyn Maule 5,,,,,,"Secura, Terra",,,,,
Marilyn Maule 6,,,,,,,,"Marilyn Maule is a taller woman, standing just over six feet tall with a beanpole build. With hair just a few shades paler than her skin, Marilyn leans into her particular aesthetic, with her wardrobe consisting of various suits, all some combination of black, white, and red, and several pairs of satin gloves which she changes depending on context.",,,
Marilyn Maule 7,,,,,,,,,She/They,,
Marilyn Maule 8,,,,,,,,,,Human,
Marilyn Maule 9,,,,,,,,,,,Humanity
May Shuggar 1,Mid-Late Twenties,,,,,,,,,,
May Shuggar 2,,https://cdn.discordapp.com/attachments/1234109628644720701/1270386172694364180/Sugar_Pilot_Art_with_cyberarm.png?ex=66b382d2&is=66b23152&hm=a0a6ce8093dbc5bab9349ca0251dad6cc459e74818c756fe26178c9dd140e584&,,,,,,,,,
May Shuggar 3,,,,Gambling Drifter,,,,,,,
May Shuggar 4,,,,,"May likes to keep her past to herself. She's open about certain parts, primarily that she's Vale born, isn't in contact with her family nor knows of their whereabouts, and has been drifting place to place for longer than she'd like.
Given her track record of financial instability, May's pursuits are often driven by monetary gain, out of a sense that she's personally justified in taking whatever she wins at the table.
If anyone asks about the arm, they always get the same response: ""This? Lost it in a poker game.""",,,,,,
May Shuggar 5,,,,,,"Vale, Lhodos",,,,,
May Shuggar 6,,,,,,,,"Pale skin, freckles, dyed hair, unnaturally pink eyes, relatively short",,,
May Shuggar 7,,,,,,,,,She/They,,
May Shuggar 8,,,,,,,,,,Human,
May Shuggar 9,,,,,,,,,,,Justice
Mei-Mei (美美) 1,21,,,,,,,,,,
Mei-Mei (美美) 10,,,,,,,,,,,Prosperity
Mei-Mei (美美) 2,,https://i.imgur.com/imxOYvf.png,,,,,,,,,
Mei-Mei (美美) 3,,,#FF9CE9,,,,,,,,
Mei-Mei (美美) 4,,,,The Mischievous Mahjong Maiden,,,,,,,
Mei-Mei (美美) 5,,,,,"Mei-Mei is the twin sister of Lei-Lei. She grew up with him under a cool old man she calls ""Gong-Gong."" He taught her how to fish, how to fight, and most importantly, how to play mahjong. She vows to be able to beat him in a game one day, and to do so (but also cause she was bored) she leaves to go on an adventure with her brother. After making one funny chaos formation, they end up in some trouble. 

Thankfully, a realmstorm saved the day! :D",,,,,,
Mei-Mei (美美) 6,,,,,,"Xiaohai (Wujing Guo, Tian Yin)",,,,,
Mei-Mei (美美) 7,,,,,,,,"Mei-Mei is a 5'8"" Vanara girl with an incredibly light and nimble frame. With every step, she carries a natural, floral-toned scent of wild berries, matcha, and ginkgo leaves. Her hues of pink and purple clothes and fur ribbon downward and compliment her light brown skin.",,,
Mei-Mei (美美) 8,,,,,,,,,She/Her,,
Mei-Mei (美美) 9,,,,,,,,,,Vanara,
Mel 1,26,,,,,,,,,,
Mel 2,,https://media.discordapp.net/attachments/867813289576366124/1174437871449559100/Mel_Image.webp?ex=663b3040&is=6639dec0&hm=0a06888c80f3eedca9d8f36bc5e35e383aef4460c927b1a3facaf73ef36f3dbb&,,,,,,,,,
Mel 3,,,,Optimistic elemental archer of Brightshield,,,,,,,
Mel 4,,,,,"Mel's from a carver family in the city of Brightshield, Kor'Tarion; a very much needed profession during its rebuilding. However, when she discovered a weak affinity to elemental magic Mel joined the city guard and only partially learned the family trade. She thought that, as long as the people in the city were safe, it would recover the wellness of the old days that old mans always moan about. 

She's learned to use the bow to fend off monsters, and also to pour her magic into crystal shards, which later imbue her arrows with elemental energies. And she's been of great help to fend off monsters threatening the city walls. 

However, Mel's yet to see any achievement significant enough for the people in the city. She understood that safety and time were not enough to bring people a brighter future, and that she'd need to do even more if she wished for it. 
Before she could even think of her next step, she found herself in the Worldhelm.",,,,,,
Mel 5,,,,,,"Brightshield, Kor'Tarion",,,,,
Mel 6,,,,,,,,"Mel stands at a moderate height, around 1,75 cm. A dense high ponytail, woven with an intricate braid, showcases her striking yellowish orange hair, resembling that of a lion. Her brown eyes bear sparkling traces of yellow, showing to the future a bright view with optimism. 

She dresses in hot and sunny colors, which complement the looks of her hair and the little but furry tail on her back. Those colors exhibit her liveliness and her bright, positive view in life.",,,
Mel 7,,,,,,,,,She / Her,,
Mel 8,,,,,,,,,,Human (But she has a tail ¿?),
Mel 9,,,,,,,,,,,Hope
Mel Monroe 1,62,,,,,,,,,,
Mel Monroe 2,,https://i.imgur.com/prVfjl5.png,,,,,,,,,
Mel Monroe 3,,,,Lightning Fast Retired Monster Hunter,,,,,,,
Mel Monroe 4,,,,,"A retired monster hunter from Terra. Before ending her contract with PARABELLUM, she used to be one of their leading Hunters in the Battle Enforcement Division, but had to step out after her wife passed away.

Now, living her life as a widow in a corporate world, she tries to be her best self while living alone as an old woman.

However, as she was fighting a monster that invaded her neighborhood, after slicing through the creature, she was sent through a rift in reality into a flying ship above golden clouds.

It was time to take the dust off her old weapon, and bring back the meaning to her life.",,,,,,
Mel Monroe 5,,,,,,"South Rock, Haven, Terra",,,,,
Mel Monroe 6,,,,,,,,"Melinda is a slim, tall and sharply dressed female human from Terra. Her white hair is often arranged in a high ponytail with little hair streaks by the side, hiding the handles of her round reading glasses she sometimes puts to good use.

Her style is often high class, after already having seen the lows of life, usually sporting a black tie as a habit from her monster hunting days at Parabellum. Her go to colors are white and black, matching her hair and overall personality.

A smile for the welcome, a fist for the wicked. This is the philosophy that has carried her for the last few decades, and will continue to until her last breath.",,,
Mel Monroe 7,,,,,,,,,She / Her,,
Mel Monroe 8,,,,,,,,,,Human,
Mel Monroe 9,,,,,,,,,,,Duty
Melinda Valentine 1,46,,,,,,,,,,
Melinda Valentine 10,,,,,,,,,,,Separation
Melinda Valentine 2,,https://i.imgur.com/ngaCLfN.jpg,,,,,,,,,
Melinda Valentine 3,,,#E6E6FA,,,,,,,,
Melinda Valentine 4,,,,Colossus Fused Abomination,,,,,,,
Melinda Valentine 5,,,,,"Melinda was an activist that spoke out against the war in Lhodos. For this she was abducted and used as a guinea pig in Merrane's experiments for over a decade.

After many years Melinda is reunited with her child on the Worldhelm. The child she found has grown into a capable woman without her. Idyll made her realize Monique doesn't need her mother anymore. She would only slow her daughter down...",,,,,,
Melinda Valentine 6,,,,,,"Caldera, Merrane, Lhodos",,,,,
Melinda Valentine 7,,,,,,,,"Melinda stands at 6'4"" with pale skin and slender figure. Her short hair and eyes are white, a pair of fuzzy antennae sprouting from her head. She is often accompanied by a swarm of moths attracted to her like a flame.",,,
Melinda Valentine 8,,,,,,,,,She/They,,
Melinda Valentine 9,,,,,,,,,,Mutated Human,
Merrick Wolfsgar 1,35,,,,,,,,,,
Merrick Wolfsgar 2,,https://cdnb.artstation.com/p/assets/images/images/075/041/337/4k/kang-jihun-0026-jpg1111.jpg?1713589195,,,,,,,,,
Merrick Wolfsgar 3,,,,Godblood-Infected Runemage,,,,,,,
Merrick Wolfsgar 4,,,,,"Merrick was a runemage of Vanagandr from Alidistir before falling on a battleground soaked in raining Godsblood.  Rather than succumbing to his infection then and there, he woke up on the Worldhelm, dazed and confused.",,,,,,
Merrick Wolfsgar 5,,,,,,The Blood Grotto of Aldistir,,,,,
Merrick Wolfsgar 6,,,,,,,,Merrick is a taller blonde human man with hazel eyes and a Godblood infection spreading across his body.  Some simple tattoos are visible from under his armor: celtic knots and valknuts alike.,,,
Merrick Wolfsgar 7,,,,,,,,,He/hoo,,
Merrick Wolfsgar 8,,,,,,,,,,Human (Ald),
Merrick Wolfsgar 9,,,,,,,,,,,Decay
Miike 1,21,,,,,,,,,,
Miike 10,,,,,,,,,,,Belonging
Miike 2,,https://i.imgur.com/rg0PmfQ.png,,,,,,,,,
Miike 3,,,#4A6018,,,,,,,,
Miike 4,,,,The Unfortunate Cat of Fortune,,,,,,,
Miike 5,,,,,"- Born to a clan of snow leopard yokai living around the Kullroc Glacier. The patches on her fur were seen as portentous.
- Taught her clan's techniques in illusions, symbols and fate magic, in order to aid them in hunting and avoiding danger.
- Her clan fell to misfortune when they were massacred by a horde of Draugr from the Blood Pools. She only managed to escape when the Realmstorm spirited her away.
- Since then, she has been trying to rebuild her life and find new friends on the Worldhelm. She even has a shop now!",,,,,,
Miike 6,,,,,,"Kullroc Glacier, Aldistir",,,,,
Miike 7,,,,,,,,"Miike is a very large (3'2"" at the shoulder) but lithe snow leopard (132 lbs), with mottled brown and black patches of fur dotting her spotted white coat. Said patches appear to be *drifting* across her fur over time, if one gets to watch her closely.",,,
Miike 8,,,,,,,,,she/her,,
Miike 9,,,,,,,,,,Yokai (Snow Leopard),
Mikael Everest 1,18,,,,,,,,,,
Mikael Everest 2,,https://i.imgur.com/1KOK0nH.png,,,,,,,,,
Mikael Everest 3,,,,Entropic Mage Knight of Hudal Academy,,,,,,,
Mikael Everest 4,,,,,"""I don't know much when I woke up but all I know is a someone gave me power and told me that there's a story out there for me"" 

Mikael Woke up somewhere in Kor'Tarion with no knowledge on how he got there nor who he was before then. He was approached by a Cecrae who knew their story would end way too soon if they weren't given a blessing by them. After this as part of the universe's will he was taken to Hudal Academy and there many mages took him under their wing the more prominent being Secretary Wills who seemed to have a soft spot for the little guy but never really showed it outright, but thanks to them Mikael learnt Entropism. In this journey he met many other professors including the Environmental Professor Rowan whom left due to personal reason was what Mikael was told. As life continued on Mikael continued his studies learning about the worldhelm in the process thanks to some expeditions done by them. He would brave a realmstorm hoping to see one of many origins for stories.",,,,,,
Mikael Everest 5,,,,,,Hudal Academy [Kor'Tarion],,,,,
Mikael Everest 6,,,,,,,,"A young Looking Rat Demihuman standing at 5'0 wearing either a casual looking dress or their mages robes and a hat, they have a deck of tarot cards in which depict the previous incarnations of the cecrae that blessed them when they woke up. They have black hair, fairish skin and a black rat tail that they use to carry things around. When Casting Mikael summons weapons and or entities via his arcanum cards that help harm or even heal members of the party.",,,
Mikael Everest 7,,,,,,,,,Any,,
Mikael Everest 8,,,,,,,,,,Demihuman [Rat],
Mikael Everest 9,,,,,,,,,,,Fate
Milo Fleiss 1,26,,,,,,,,,,
Milo Fleiss 10,,,,,,,,,,,Duty
Milo Fleiss 2,,https://cdn.discordapp.com/attachments/1312214275112046643/1320642967605608449/milo_bio.png?ex=676a581b&is=6769069b&hm=3dd9b26a34f283635107c820ee122923ab4a9c060f31fd7b0594f961f0b30ec1&,,,,,,,,,
Milo Fleiss 3,,,FDDA0D,,,,,,,,
Milo Fleiss 4,,,,Unflinching Cross-Realm Courier,,,,,,,
Milo Fleiss 5,,,,,"Riding a prototype motorcycle built by his father, Aravik Fleiss, Milo has been running messages between the Karlsgard Resistance and the city state since he was a kid. Only in recent years as the war has developed and in the wake of his fathers assassination, did he find himself joining the KPLA. He fought as a soldier, delivered messages, and so on, after leaving his family behind in a heated argument with his Mother and Sister.

Now he acts as the ace courier of the resistance, acting as their primary messenger, as well as a powerful soldier that can be used as a trump card against mobile enemies or ground forces. Though, he doesn't answer to anyone but the Crowndrake, despite the fact that he's only a Drake.",,,,,,
Milo Fleiss 6,,,,,,"Hedgeburg, Lhodos",,,,,
Milo Fleiss 7,,,,,,,,"Milo is a lightly tan skinned man with blonde furred ears and shaggy hair, ending in a ponytail. He stands at 6 feet tall, 6'2'' with the ears. He's about 180 lbs. of muscle, but isn't the brightest. He finds himself in a constant state of brooding, with a resting glare. He hates this place, and the fighting it comes with, and he broadcasts that with his body language and his expression.",,,
Milo Fleiss 8,,,,,,,,,He/Him,,
Milo Fleiss 9,,,,,,,,,,Wilkin,
Mimic 1,????,,,,,,,,,,
Mimic 2,,https://media.discordapp.net/attachments/1179610873271177236/1181695882941452389/mimic_no_background.png?ex=663b39cd&is=6639e84d&hm=447cf2e21c4ed606ea641b36c829228bdba675a7fb9af723e4c93698f73eedb2&,,,,,,,,,
Mimic 3,,,,"I am you, I am Them, We are Us",,,,,,,
Mimic 4,,,,,"I was an apprentice to a shoemaker, I was the man on the side of the street looking for food, I was the local businessman making illegal trades. I was the old lady whom would feed the cats in the alleys, The knife in the dark who accepted much less pay for killing than most, The investigator who worked counteless extra hours because the people they wanted to protect. I am the soldier who fights for their home, The mentor to those in their time of needs. I am all of them. They are all me. We are us.",,,,,,
Mimic 5,,,,,,Karlsgard Lhodos,,,,,
Mimic 6,,,,,,,,"In long robes and garbs, face always hidden in shadow. Hands a dull almost claylike grey that form and morph to look like the hands and arms of others around them as they do things. Is exactly average height and weight. Varying slightly depending on the area they are in.",,,
Mimic 7,,,,,,,,,It/What,,
Mimic 8,,,,,,,,,,"Just a person, Trust",
Mimic 9,,,,,,,,,,,Belonging
Mimsim Samak 1,22,,,,,,,,,,
Mimsim Samak 2,,https://media.discordapp.net/attachments/1200710210365431870/1251434332023820370/Mimsin_Art.png?ex=66708acb&is=666f394b&hm=e9bfa7d91d08ab7838b4f05708f539131ee9328acb26f12da3d55b586e996ebf&=&format=webp&quality=lossless&width=&height=,,,,,,,,,
Mimsim Samak 3,,,,Nimble Renegade Rodmaster,,,,,,,
Mimsim Samak 4,,,,,"Child of a family who trades aquatic goods in and out of Skuala, both through mercantile middlemanagement and the ownership of many fishermen. The Samak family treats those slaves with the standard one is to expect in Nezmira - a standard that Mimsim came to resent.
They speak out against this treatment and do what they can to thwart those who revel in it. This has often motivated them to light vigilantism with their implement of choice - an ordinary fishing rod.",,,,,,
Mimsim Samak 5,,,,,,"Skuala, Nezmira",,,,,
Mimsim Samak 6,,,,,,,,"A not-so-imposing nezzim. They're barely five feet tall, and carry a fishing rod of similar length instead of a weapon. Mimsim dresses in drab, baggy clothes that go well with their dusty scales and makes their bright yellow eyes stand out.",,,
Mimsim Samak 7,,,,,,,,,They/them,,
Mimsim Samak 8,,,,,,,,,,Nezzim,
Mimsim Samak 9,,,,,,,,,,,Justice
Mitaria 1,29,,,,,,,,,,
Mitaria 2,,https://media.discordapp.net/attachments/926219325856153690/1182550986506645514/Samurai_spear.jpg?ex=663b0a6d&is=6639b8ed&hm=d7a669e68ed15f99ee849baaf5fcf2eea5c06ee94b98cee83438ccf801f56f56&,,,,,,,,,
Mitaria 3,,,,Sellsword from an old and forgotten army,,,,,,,
Mitaria 4,,,,,"Lost after a battle that saw many of his fellow soldiers fall overwhelming odds, Mitaria wandered, or at least attempt to wander back home only to find those seeing a his tattered uniform as the sign of a defeated loser. With little to no sympathy to his plight, Mitaria became a wandering mercenary for his services. Sometimes playing bodyguard, other times playing a cold hearted assassin, Mitaria gazes ever so often at the tattered feather on his helmet as it wanes and becomes more tattered as his wandering continues, forgetting the color it once was that adorned his proud head. That head now feels heavy with uncertainty and loss as he finds it harder to motivate himself to still use his skills he learned in the military each time he is hired for a job. Surely duty can still be found when one's banner is burned to ash to match the shade of color left in his very eyes.",,,,,,
Mitaria 5,,,,,,Kor'Tarion (Thanheim),,,,,
Mitaria 6,,,,,,,,"5'11""  196lbs",,,
Mitaria 7,,,,,,,,,He/Him,,
Mitaria 8,,,,,,,,,,Human,
Mitaria 9,,,,,,,,,,,Worthiness
Mitchell Quill 1,27,,,,,,,,,,
Mitchell Quill 10,,,,,,,,,,,Curiosuty
Mitchell Quill 2,,https://media.discordapp.net/attachments/1170110564819816468/1203557714807095316/image.png?ex=663ba838&is=663a56b8&hm=c89d0a6f86979d13644525aee6fb0251e33d27792350b5e9ae4c95d807a9062b&,,,,,,,,,
Mitchell Quill 3,,,#222288,,,,,,,,
Mitchell Quill 4,,,,Mystery Noir Detective Novelist,,,,,,,
Mitchell Quill 5,,,,,"Very few know Mitchell Quill, the self-proclaimed ""greatest novelist of all time"". Those who do, however, know that he's a remarkably poor writer with little to no sales, who uses any rumors about recent adventures to write stories about a self-inserted unnamed antihero. Even fewer know about his interest in entropic magic, and even fewer still know that his delusions led him far enough to purchase a crossbow and start going on his own ""adventures"". What no one knows, however, is that during a rainstorm, he got struck by a lightning in the middle of the woods and sucked in by the Realmstorm, which, to his surprise, got him aboard the Worldhelm.",,,,,,
Mitchell Quill 6,,,,,,"Tradefair, Kor'Tarion",,,,,
Mitchell Quill 7,,,,,,,,"A rather tall man with average body complexity, standing 6'2"" and weighing 168 lbs, sporting short dark brown hair and sky blue eyes, Mitchell is almost always seen wearing black. From the fedora hat to the his beloved trenchcoat, partially fingerless gloves and pants, down to the lightweight boots. The only glimpse of another color can be seen in the underlying shirt. He always carries a small leather bag with a notebook and writing utilities, usually a quill and some ink.",,,
Mitchell Quill 8,,,,,,,,,he/him,,
Mitchell Quill 9,,,,,,,,,,Human,
Mo Jun-Hie 1,23,,,,,,,,,,
Mo Jun-Hie 10,,,,,,,,,,,Doubt
Mo Jun-Hie 2,,https://i.imgur.com/Ck1Rcvf.png,,,,,,,,,
Mo Jun-Hie 3,,,#739BD0,,,,,,,,
Mo Jun-Hie 4,,,,Solemn Painter Seeking Clarity,,,,,,,
Mo Jun-Hie 5,,,,,"Hailing from the ever-present chill of Xuanwu City. Jun-Hie is the son of Mo Tengfei, the head of the minor Clear River Sect. They specialized in archival duties and information gathering, until one the head betrayed the sect effectively wiping them out. Only Jun-Hie was left alive. He now resides in his empty home alone, working on improving his own craft.",,,,,,
Mo Jun-Hie 6,,,,,,"Wujing Guo, Xuanwu City",,,,,
Mo Jun-Hie 7,,,,,,,,"A bishi'e standing at 5'10"" with white'ish scales. He is often clad in robes and fine clothing, often carrying various vials and scrolls of parchment with him. The most eyecatching thing about him is that overly large brush he can be seen carrying. Considering his origins, it is likely that such is tied to their cultivation. They carry themselves rather crudely with a gloomy sense often emanating from them.",,,
Mo Jun-Hie 8,,,,,,,,,He/Him,,
Mo Jun-Hie 9,,,,,,,,,,Bishi'e,
Mokah 1,19,,,,,,,,,,
Mokah 10,,,,,,,,,,,Compassion
Mokah 2,,https://i.imgur.com/MOgXhEq.png,,,,,,,,,
Mokah 3,,,#2556DC,,,,,,,,
Mokah 4,,,,Silent Wilderness Guide,,,,,,,
Mokah 5,,,,,"When one travels the western region of Aldistir, they may come across a silent cloaked yokai.  This figure would use the bells on their staff to get the traveler's attention, and then guide them safely through the wilderness towards nearby villages and towns, vanishing without a word once their job is done.  Mocah lost their parents to a blizzard when they were younger, and chose to become a guide, helping the lost in the best way they can.  Too shy to speak to most people, they usually gesture with their staff in order to communicate.  Mocah lives alone in a hut in the Silver Spire mountains.  A follower of the Aesir Seraph, they're a small kindness in the harsh lands of Aldistir.",,,,,,
Mokah 6,,,,,,"The Wing-Tree Village, Aldistir",,,,,
Mokah 7,,,,,,,,"Mocah is a small rabbit yokai with black and white fur covering their body.  They're usually fully covered by several layers of black cloaks, mittens, boots, and a red wooden mask.  They carry a black staff with several small bells on the top.  They're typically shy and say little, and can move very quietly.",,,
Mokah 8,,,,,,,,,They/Them,,
Mokah 9,,,,,,,,,,Yokai (Aldistir),
Monique 1,21,,,,,,,,,,
Monique 10,,,,,,,,,,,Belonging
Monique 2,,https://i.imgur.com/iUZOcxs.png,,,,,,,,,
Monique 3,,,#FFD700,,,,,,,,
Monique 4,,,,Cunning Trickster of the Smokey Slums,,,,,,,
Monique 5,,,,,"• Monique was raised as a son of a thief in Smokeside, Hidela, after her mother disappeared 11 years ago.

• During a change of heart, she suffered a horrible accident in the middle ground from a landmine. Her father decided to leave her in the hopes that the Merrani that found her would give her a better life and away from his crime. He believed her dead after, something he regretted everyday. She survived, but lost her legs in the accident.

• Despite being a ne'er do well in general, the people of Hidela committed to her recovery, and with their help and ingenuity she relearned how to walk.

• Once she recovered, she took on a new name and new look, promising to be her authentic self and repaying the kindness of those around her forward. During her adventures, she discovered a new companion, Monique Halcyon, her soul treasure.

• After a long grueling journey of self discovery and self love, she has found belonging in the Worldhelm. As well as made peace with her disparate families.",,,,,,
Monique 6,,,,,,"Hidela, Lhodos",,,,,
Monique 7,,,,,,,,"Monique is a woman with a staggeringly beautiful complexion, she has soft skin that holds a nice porcelain white. Her garbs are a mix of flashy and stylish streetwear and functional skullduggery gear. Keeping things cute and crafty. Her hair is a sea foam blue with a mix of her previous pink. An acknowledgement of both her previous appearance, and her old one.

She wears her father's old dated brown cloak. She also wears her old circular glasses that she had thrown off ever since she lost her soul treasure. One eye glimmers with a familiar celestial white of her twin. While the other gleans with a passionate pink.

Her eyes are like that of her fathers, cunning and determined.

Her face is dotted with a beauty mark. 

She is roughly 5'9, with an lithe figured that is practiced and toned.",,,
Monique 8,,,,,,,,,She/Her,,
Monique 9,,,,,,,,,,Human,
Moranoe 1,20,,,,,,,,,,
Moranoe 10,,,,,,,,,,,Vengeance
Moranoe 2,,https://images-ext-1.discordapp.net/external/t7ElrxOujp1RshTaG2SMhkep-4fCXh38GauyOYXXwgM/https/i.imgur.com/lhXOEBP.jpeg?format=webp&width=&height=,,,,,,,,,
Moranoe 3,,,#64ad0d,,,,,,,,
Moranoe 4,,,,Dragon Maid who wishes to become a Knight,,,,,,,
Moranoe 5,,,,,"Wielding the sword and armor of the Hero of Old, Lumina, she wanders the Realms in search of Dragons to slay, all the while being a polite maid to those who need it!",,,,,,
Moranoe 6,,,,,,"Kor'Tarion, Star Peaks",,,,,
Moranoe 7,,,,,,,,"A charming girl with dragon traits. She spots light green scales and horn nubs, the same color as her hair. She also has an extremely large and long tail. Her eyes are golden with dark vertical pupils.",,,
Moranoe 8,,,,,,,,,She/Her,,
Moranoe 9,,,,,,,,,,Human (?),
Morgia Sophus 1,21,,,,,,,,,,
Morgia Sophus 2,,https://i.imgur.com/n9J52Bh.jpeg,,,,,,,,,
Morgia Sophus 3,,,,Brilliant Fey Mage,,,,,,,
Morgia Sophus 4,,,,,"Morgia was born as a normal human, however her heart contains a fire-attuned moonshard. Forcibly changing her form into part flame dragon. If one were to put out the flames or remove it, it's speculated she would die. 

Morgia was raised by a priest who worships Caladrius. Living in a cabin all the way out in the Farwood in near isolation. Raising her into becoming a young woman who devotes herself into healing magic, as well as apothecary.

However, recent events has forcibly removed the moonshard. Thusly her flame traits have faded away. Relying on her faith, her knowledge of medicines from multiple realms, and her resourcefulness.

But after remerging back with her Soul Treasure, she returns back to her original form. Visibly much happier nowadays.",,,,,,
Morgia Sophus 5,,,,,,"The Farwood, Kor'Tarion",,,,,
Morgia Sophus 6,,,,,,,,"A woman who stands at 5'6"" ft/167 cm, with long, platinum blonde hair and green eyes. Now recently picking up a set of blue and white robes that she sewn herself one day. She has draconic horns, a large tail with fire lit at the tip, and her chest glows a fiery glow. Dressed in a white dress and carries a staff.",,,
Morgia Sophus 7,,,,,,,,,She/Her,,
Morgia Sophus 8,,,,,,,,,,Human,
Morgia Sophus 9,,,,,,,,,,,Ambition
Mori Cadwal 1,23,,,,,,,,,,
Mori Cadwal 2,,https://cdn.picrew.me/shareImg/org/202502/626197_ZpDKL8m2.png,,,,,,,,,
Mori Cadwal 3,,,,Fae-Warped Chimeric Courier,,,,,,,
Mori Cadwal 4,,,,,"Born and raised in Brightshield, Mori spent much of her life wishing she was somewhere else; jaded with urban living and desperate to see what else the world held. This made her easy prey for the fae that abducted her.

The Veiled Stewards, as they called themselves, insisted that they were doing her a favour when they stole her from her home and reshaped her into something new. She spent her next years in their ""Menagerie"", kept within a gilded cage to sing for strange fae nobles, all while yearning for her freedom.

Her chance came when one of the Stewards' new ""catches"" proved to be too much for them to handle, and she escaped in the ensuing chaos. When she returned to the mortal world, she found that only months had passed. Her family, wary and distrustful of everything the fae touched, rejected her for what she had become.

Torn between two worlds and truly at home in neither, Mori sought out work as a courier, hoping it would provide her the feeling of freedom she yearned for.",,,,,,
Mori Cadwal 5,,,,,,"Brightshield, Kor'Tarion",,,,,
Mori Cadwal 6,,,,,,,,"A short, scrawny young woman with tan skin. She sports white feathers over much of her body and two large, flight-capable wings, along with other avian and inhuman features, such as talons and sharpened teeth. She favours light, practical clothing.",,,
Mori Cadwal 7,,,,,,,,,She/Her,,
Mori Cadwal 8,,,,,,,,,,Fae Chimera,
Mori Cadwal 9,,,,,,,,,,,Freedom
Moritz Von-Hardwick 1,25,,,,,,,,,,
Moritz Von-Hardwick 2,,https://cdn.discordapp.com/attachments/737973699336208428/1314079644101902376/image.png?ex=67527789&is=67512609&hm=6a921519ac91b20607bea950517ef818704121dad8202779cf80313e18fb9734&,,,,,,,,,
Moritz Von-Hardwick 3,,,,Valn's Prodigial Angel,,,,,,,
Moritz Von-Hardwick 4,,,,,"Moritz Von-Hardwick is a Merrani Angel adopted by the retired General Charlotte Von-Hardwick. After a silent graduation from the WWA, he's had experience as a Strategic Supervisor under Commander Hailey Bennet, Commander Erich Valn, and now Prince Damian Von-Merrane. Records of his history are hard to pull, but its undeniable he's had an incredibly impressive track record... working for the bad guys.",,,,,,
Moritz Von-Hardwick 5,,,,,,"Vale (KG), Lhodos",,,,,
Moritz Von-Hardwick 6,,,,,,,,"5'7"" | 117 lbs.	| Silver Eyes

Moritz has a perpetual smile on his face. For those who know him, his smile is more muted and polite than before. His lithe, frail body is hugged by ambiguously ashen-toned skin. A faint apple, cinnamon, and lavender tone wafts around him. Signs of former malnutrition now show, but he's recovering.",,,
Moritz Von-Hardwick 7,,,,,,,,,He/Him,,
Moritz Von-Hardwick 8,,,,,,,,,,Felkin (Cat Demihuman),
Moritz Von-Hardwick 9,,,,,,,,,,,Doubt
Mouse Ruba 1,16,,,,,,,,,,
Mouse Ruba 2,,https://i.imgur.com/BzC0cqS.png,,,,,,,,,
Mouse Ruba 3,,,,Street Thief of the Rodent Hoodlums,,,,,,,
Mouse Ruba 4,,,,,"Mouse doesn't remember much before he was taken in by the Rodent Hoodlums. He wandered alleys and streets while living off the scraps of merchants and travelers. Rat picked him and trained him in the art of thievery alongside a few other kids, Hamster, Capybara, and Squirrel. Each of the kids had a special talent in the art of thievery, and Mouse was best at infiltration. He spent his years opening doors, locks, and even hearts as the scout for the gang.
On a botched attempt at a banal pickpocketing, Mouse was addressed by an adventurer and told a few stories about the world outside of Skamos. After being told the stories, the adventurer released Mouse and sent him off with a pouch of money.
With a glimmer in his eye and his heart set on dreams, Mouse returned to the Rat's Nest and promptly told Rat, ""I'm going to go on and adventure!"" Seeing the look in his eyes, Rat couldn't stop the kid, so he handed over his old gear and pointed Mouse toward his destiny.",,,,,,
Mouse Ruba 5,,,,,,Nezmira - Skamos,,,,,
Mouse Ruba 6,,,,,,,,"At a stout 147cm, Mouse lives up to his name. Short, narrow, wiry, and somehow able to sneak around undetected. He has raven-black hair and darkly tanned skin from his days running across rooftops and awnings.",,,
Mouse Ruba 7,,,,,,,,,He/They,,
Mouse Ruba 8,,,,,,,,,,Human,
Mouse Ruba 9,,,,,,,,,,,Hope
Msrah 1,21,,,,,,,,,,
Msrah 2,,https://i.pinimg.com/564x/70/60/0b/70600b0e9fc297e129b81f26be6027d2.jpg,,,,,,,,,
Msrah 3,,,,A Free Man Chasing A Good Time,,,,,,,
Msrah 4,,,,,"Msrah was one out of countless slaves in the Scalefire Empire, having only ever known life under Nezzim's thumb. For years, he broke his back in manual labor and was only ever seen to be lesser. Still, he learned to find joy in simple things, such as the arts and finding beauty anywhere. It was only after the moves from outside forces that he found his chance to escape his binds, for a mystical portal could lead anywhere else. Anywhere else is better than fucking here.",,,,,,
Msrah 5,,,,,,"The City of Scales, Nezmira",,,,,
Msrah 6,,,,,,,,"A younger-looking man with loose-fitting linen, Msrah is often seen with a spear by his side that he wields as if it were a dancing partner more than a weapon. Though he is a very lean figure, he has developed muscles that come with years of manual labor.",,,
Msrah 7,,,,,,,,,He/Him,,
Msrah 8,,,,,,,,,,Human,
Msrah 9,,,,,,,,,,,Freedom
Murdoc Allweather 1,28,,,,,,,,,,
Murdoc Allweather 2,,https://media.discordapp.net/attachments/890130934702153798/1193701857080639508/87a028f84751079abbf4e1d1569fce7c.jpg?ex=663b65bc&is=663a143c&hm=3bb17e3632b102c72eafced6f5fe00a01555efa909f41f33ead11107bb21b4c0&,,,,,,,,,
Murdoc Allweather 3,,,,Ex-Convict Werewolf,,,,,,,
Murdoc Allweather 4,,,,,"Murdoc was a highwayman once, traveling with a gang of roaming bandits. It was the only thing someone like him could do, but he paid the price for it in the end. His execution would have come swiftly, but then Merrane began their expansion.
Murdoc was offered a deal: His life, in exchange for serving the resistance. Naturally, he took it. His comrades never stopped eyeing him with suspicion, but he was a good soldier nonetheless. Still, he held no real loyalty to Karlsgard, so when the worldhelm came, he saw his chance and took it.",,,,,,
Murdoc Allweather 5,,,,,,"Little Ottington, Lhodos",,,,,
Murdoc Allweather 6,,,,,,,,"A tall, toned man standing at exactly six feet tall with a body covered in scars. He has long, unkempt black hair that reaches down to his shoulders and brown eyes that are almost always accompanied by dark circles underneath. When transformed, he grows to be nearly seven feet tall, and his eye color turns to a crimson red hue. Shaggy black fur covers his entire form while his bones crack and pop as they morph to fit his new, wolflike appearance, and a lust for blood begins to permeate the air.",,,
Murdoc Allweather 7,,,,,,,,,He/Him,,
Murdoc Allweather 8,,,,,,,,,,Human Lycanthrope,
Murdoc Allweather 9,,,,,,,,,,,Belonging
Myffa Sirrokh 1,20,,,,,,,,,,
Myffa Sirrokh 10,,,,,,,,,,,Faith
Myffa Sirrokh 2,,https://i.imgur.com/X8nxHCa.png,,,,,,,,,
Myffa Sirrokh 3,,,#48732c,,,,,,,,
Myffa Sirrokh 4,,,,Demonbound Hyperbeing Magic Artisan,,,,,,,
Myffa Sirrokh 5,,,,,"Myffa was born into the Crimson Seal merchant caravan. Her father was an eccentric magic blacksmith who secretly crafted enchanted tools and weapons. While fighting back against slavers after a betrayal, his magic sword exploded, burning both of them.

Myffa then lived as a traveling artisan and mercenary, marginalized due to the burn scars. She learned to use the remnants of the magic sword in secret, while trying to continue her father's legacy.

While on the Worldhelm, she opened a communal workshop called The Future's Anvil, alongside Enoch and Huong. Claire and Tzera are often there too.

Through the year, she became involved in Kor'Tarion. She enrolled at Hudal Academy, got stuck in her sword for a month, and acquired magic by fusing with a Fae called Icarus. She even had a shop in Brightshield for a while.

Recently, she was drawn to the Demon of Desire, Atee, and became both their priestess* and lover. But dating a demon isn't that simple...",,,,,,
Myffa Sirrokh 6,,,,,,Nezmira - South,,,,,
Myffa Sirrokh 7,,,,,,,,"A 5'6"" southern Nezmiran young woman, with burn scars on her face, torso and arms. Nowadays she wears colorful new clothes with quite a few magic accessories like rings, pendants, bracelets and more.",,,
Myffa Sirrokh 8,,,,,,,,,She/Her,,
Myffa Sirrokh 9,,,,,,,,,,Human,
Nai Ki'tari 1,2,,,,,,,,,,
Nai Ki'tari 2,,https://cdn.discordapp.com/attachments/1176649403470196929/1341250224449912892/image.png?ex=67b5501c&is=67b3fe9c&hm=c8a8bcb1c8b89b3065401bff6961d145860dadcf66f254d71e56e01e2699d0d7&,,,,,,,,,
Nai Ki'tari 3,,,,Emissary of a Tribe Long Forgotten,,,,,,,
Nai Ki'tari 4,,,,,"The being known as Nai remembers very little before about a year ago, where they awoke in a campsite to the north-east of Gwaed. They have spent the time since familiarizing themselves with the world, and following their yearn for arcane understanding. Eventually, this lead them here. 

Since then, he has overcome his fading nature and materialized as a 'real person'. He is still unsure of his nature, but no longer has a timer.",,,,,,
Nai Ki'tari 5,,,,,,Kor'Tarion,,,,,
Nai Ki'tari 6,,,,,,,,"Naiki'tari is a 5'7'' feline eared, tailed, and eyed man. He has short shaggy black hair, gold colored eyes, a white tipped black tale, and lightly tanned skin. They normally wear heavy white and black robes and other adornments, such as a wide brimmed hat, and heavy boots and gloves.

As of 2025/02/17, he is now missing an arm.",,,
Nai Ki'tari 7,,,,,,,,,He/They,,
Nai Ki'tari 8,,,,,,,,,,Demihuman,
Nai Ki'tari 9,,,,,,,,,,,Hope
Nameless 1,???,,,,,,,,,,
Nameless 2,,https://i.imgur.com/XJdj1p1.jpeg,,,,,,,,,
Nameless 3,,,,Amnesiac Martial Cultivator,,,,,,,
Nameless 4,,,,,"A martial artist, presumably from Tian Yin, who has forgotten everything about her past, right down to her own name. Although she possesses tremendous martial arts power within her body, most of it has been sealed away. 

She arrived on the Worldhelm without any possessions save for the clothes on her back. Devoid of memories, power, or purpose, she'll have to discover (or rediscover) herself gradually.",,,,,,
Nameless 5,,,,,,Somewhere in Tian Yin,,,,,
Nameless 6,,,,,,,,"A 5'7'', lanky girl with a wild mane of red hair and a seemingly permanent scowl. She often wears a pair of cloth handwraps and whatever clothing she can find that's easy to move in.",,,
Nameless 7,,,,,,,,,she/her,,
Nameless 8,,,,,,,,,,Human?,
Nameless 9,,,,,,,,,,,Purpose
Nanashi 1,19,,,,,,,,,,
Nanashi 10,,,,,,,,,,,Battle
Nanashi 2,,https://i.imgur.com/A57jd3F.jpg,,,,,,,,,
Nanashi 3,,,,Wandering Warrior of the Blade,,,,,,,
Nanashi 4,,,,,"* Was always a fighter, whether against bullies or those who deserved it.
* Thought Kuzunoha's war was pointless. Doesn't believe in harming others who are not involved or are innocent
* Left to seek out Nimue, fighting her way there with glee and joy. Caught the attention of Lilith. Accepted her deal, and bound her power.
* Took shelter in a Blizzard when a Realmstorm came and snatched her up.",,,,,,
Nanashi 5,,,,,,"Aldistir, Wing-Tree Village",,,,,
Nanashi 6,,,,,,,Wandering Oni,,,,
Nanashi 7,,,,,,,,"Hair: White
Eyes: Red
Height: 165cm (5'5'')

A young woman clad in armor, with snow white hair and dark horns that protrude out of her head that contrasts with her hair. 

Though she might be smaller than other Oni, she is fierce and should be vary of what kind of smile she wears for you!",,,
Nanashi 8,,,,,,,,,She/Her,,
Nanashi 9,,,,,,,,,,Aldistir Oni,
Naomi Ohm 1,21,,,,,,,,,,
Naomi Ohm 10,,,,,,,,,,,Direction
Naomi Ohm 2,,https://i.imgur.com/0GTdguY.png,,,,,,,,,
Naomi Ohm 3,,,,Hopeless Soldier without a Path,,,,,,,
Naomi Ohm 4,,,,,"Naomi does not talk about her past often, but she does work for 100G Security. Besides this though, she is mostly unwilling to discuss history.",,,,,,
Naomi Ohm 5,,,,,,"Secura, Terra",,,,,
Naomi Ohm 6,,,,,,,"""DP - Unit #13""",,,,
Naomi Ohm 7,,,,,,,,"Naomi is a short (5'1''), stout, gentle looking girl. She has a permanently soft, unassuming expression. She wears heavier clothing, that covers her near completely and carries around a complex sword folded a number of times on her back. Her tail pokes out the back of her coat, and grey ears poke out beneath her hair.",,,
Naomi Ohm 8,,,,,,,,,She/Her,,
Naomi Ohm 9,,,,,,,,,,Human (Bio-Modified),
Nara 1,Unknown,,,,,,,,,,
Nara 2,,https://i.imgur.com/0hdmDuK.jpeg,,,,,,,,,
Nara 3,,,,The Grim Welder,,,,,,,
Nara 4,,,,,"Once a yokai warlord in the War of the Fox and Hound under Kuzunoha. During that time they were a formidable force but personal tragedies led them to making a deal with a strange beast that led Nara to believe themselves likely indestructible. This hubris led to their downfall, at which time the beast appeared once more offering their gifts. Nara accepted but found themselves sealed away in a cave where memories became hazy and unclear. Eventually Nara was freed by a follower of Nimue who fought and made Nara promise to guide and help others. Even with initial reluctance Nara kept to the promise. But recent events back home in Aldistir Nara began feeling a call. Upon following the call it led them to meeting with this beast again. Here Nara was forced with a choice to accept a fate they agreed to or to reject it. Nara choosing to preserve this beast's abilities accepted and has taken on a similar form and its abilities, even if they don't yet understand them or how to use them.",,,,,,
Nara 5,,,,,,Aldistir,,,,,
Nara 6,,,,,,,,"An incredibly large vulpine beast standing at a towering 6' 3"" on all fours. Its body seeming to radiate with shadows that dance along its form. Its eyes white orbs with a slight glow to them and a pair of massive horns adorn their head.",,,
Nara 7,,,,,,,,,They/Them,,
Nara 8,,,,,,,,,,Yokai (Fox),
Nara 9,,,,,,,,,,,Guidance
Narantsetseg 1,Cultivator,,,,,,,,,,
Narantsetseg 2,,https://i.imgur.com/PJ0lAJb.jpeg,,,,,,,,,
Narantsetseg 3,,,,The Stoic Spear,,,,,,,
Narantsetseg 4,,,,,"Hailing from the Temple of Growth, she had lived under the Empty Monk's guidance for many years until she accidentally came across her own aptitude in Metal cultivation. And this frightened her law-abiding nature deep down. Their attempts to snuff it out of her began to leave a bad taste in her mouth. It wasn't until others planned to make their departure via caravan with the help of Goldhearted that she dared to leave. Having managed to leave the Temple and settle into a newly established little village they've called Daringanga, she had to find a way to continue in a way that aligned with her. With the discovery and acquisition of her main tool in deepening her practice of Metal cultivation, she decided to follow the doctrine of the Holy Harmony, making her bonded partner to be Organa, someone who opposes her default to control and order, pushing each other to grow together in their authenticity and practice.",,,,,,
Narantsetseg 5,,,,,,"Tian Yin, Leytik, Daringanga",,,,,
Narantsetseg 6,,,,,,,,"She stands at 5'7'' with long dark hair in a half-updo'd bun. She wears a usually stoic yet serious expression, and simple, practical garments of leather and cloth for both proper warmth and maneuverability. With rough hands, she wields a heavy and ornate halberd, standing stalwart and focused.",,,
Narantsetseg 7,,,,,,,,,She/her,,
Narantsetseg 8,,,,,,,,,,Human,
Narantsetseg 9,,,,,,,,,,,Balance
Nasim ibn Khaled 1,20,,,,,,,,,,
Nasim ibn Khaled 10,,,,,,,,,,Human,
Nasim ibn Khaled 11,,,,,,,,,,,Perseverance
Nasim ibn Khaled 2,,https://i.imgur.com/KO2cK6r.png,,,,,,,,,
Nasim ibn Khaled 3,,,#E0A615,,,,,,,,
Nasim ibn Khaled 4,,,,"The Sandship Artisan, Building His Path To The Future",,,,,,,
Nasim ibn Khaled 5,,,,,"- Born in Windhaven, the City of Sandsailors.
- Sandship racer under Mustafar, the Racemaster of Windhaven, like his late father before him. Trusted enough that the Sand Serpent was a semi-permanent loan.
- Went into smuggling with Auro Benites, and continued after Auro left to join the Revolutionaries. Some of the smuggling jobs were to get people safely to the Blue.
- Was caught out by Nezzim patrols when returning from one of those trips, but a Realmstorm brought him to the Worldhelm. Suspects that Mustafar may have ratted him out, but he has no proof.
- Has pivoted towards being a sandship artisan rather than just a racer during his time on the Worldhelm. Recently reached a breakthrough after lessons from Huong Jin and Kurso Armstrong and exposure to Terran tech, allowing the Sand Serpent to fly.
- Considers the Sand Serpent his own sandship now. And with Mustafar dead after the liberation of Windhaven, there's no one to contest this.",,,,,,
Nasim ibn Khaled 6,,,,,,"Windhaven, Nezmira",,,,,
Nasim ibn Khaled 7,,,,,,,"Nasim of WIndhaven
Nasim
""Viper""",,,,
Nasim ibn Khaled 8,,,,,,,,"Nasim stands at around 5'10"", and has the dune-tanned skin one would expect of a human native of Nezmira.

In his Terran drip, he's rocking a tailored collared shirt and jeans that shows of his toned build (144 lbs). He's also let his dreadlocked hair down and put on a pair of stylish sunglasses.",,,
Nasim ibn Khaled 9,,,,,,,,,he/him,,
Nasser Sayid 1,Appears to be a young adult.,,,,,,,,,,
Nasser Sayid 2,,https://i.imgur.com/pCoKFI5.jpeg,,,,,,,,,
Nasser Sayid 3,,,,General of Nezmira,,,,,,,
Nasser Sayid 4,,,,,"- A ""Legendary"" figure from Nezmiras past, he has been summoned thanks to a wish most powerful.

- His inability to fulfill the wish has caused his very being to be corrupt and so does have the wish itself.

- After laying the girl who wished him into this world to rest, he took upon a new wish, to vanquish the Kiir.

- Wandering the desert wastes of Nezmira, he was backed into a corner by the very same creatures he has sought to vanquish, before being lifted away in a realmstorm to safety. However his bloodthirst for the Kiir is insatiable.

- His history revealed, Morning Glory shed their previous form. He'd take up their old name and identity as General of Nezmira, Nasser Sayid, the first so sing the song of betrayal.",,,,,,
Nasser Sayid 5,,,,,,"The Blue City, Nezmira",,,,,
Nasser Sayid 6,,,,,,,,"Nasser Sayid appears to be of human descent, standing at about a formidable six feet in height, although at a closer glance one could discern that his irises shimmer and shift between blue, pink and purple.

After a fated confrontation he now wears the garb he met his grizzly end in, dressing in blue and red fabrics which cover an armor accented with gold. Upon his shoulder rest a carcass of a Kiir.",,,
Nasser Sayid 7,,,,,,,,,He/Him,,
Nasser Sayid 8,,,,,,,,,,Human,
Nasser Sayid 9,,,,,,,,,,,Duty
Neishin 1,20,,,,,,,,,,
Neishin 10,,,,,,,,,,,Rebellion
Neishin 2,,https://i.imgur.com/RPfnLRu.png,,,,,,,,,
Neishin 3,,,#999DA0,,,,,,,,
Neishin 4,,,,Lone Wolf Trying to Survive,,,,,,,
Neishin 5,,,,,"Was abandoned by her original pack and left to die when she was brought to Kuzunoha, who offered her a chance to live should her gift be accepted. As Neishin, the name she adopted with her new form, is here and alive its clear that she took this gift. She was never truly welcome in any yokai village even if they were willing at least least give her shelter when needed, it never lasted for more than a few days. But she has since spent her time wandering fighting against Vanagandr's wolves and Alds to bear his mark. One such occasion she was caught and to be turned into a ritual sacrifice when a new voice offered her gits to help her escape should Neishin continue to amuse them by defying Vanagandr, once again not wanting to die Neishin accepted these gifts and broke free of her captors. However she still wears the collar and a manacle as a reminder she will likely never be truly free.",,,,,,
Neishin 6,,,,,,Aldistir,,,,,
Neishin 7,,,,,,,,"Neishin stands on the shorter side of around 5' with a neutral to angry expression on her face. She wears fairly plain worn and tattered clothes as well as an iron collar and manacle that she refers to as a reminder. Both her hair, which has streaks of white in her bangs, and tail are a dark grey that fade to white as it reaches the ends. One of her ears clearly had a piece taken from it as one point, she also has a scar over her left eye which is pure white unlike the golden brown of her right. Her left arm is notably completely wrapped in bandages.",,,
Neishin 8,,,,,,,,,She/Her,,
Neishin 9,,,,,,,,,,Yokai (Wolf),
Nemik No.3 1,118,,,,,,,,,,
Nemik No.3 2,,https://media.discordapp.net/attachments/1179610873271177236/1179827490911441056/nemik_no.3_.png?ex=663b0539&is=6639b3b9&hm=4fbb69ae996f0b74f4fc295b7288cb5e334f5fbc02bd860192303027e3fbc82a&,,,,,,,,,
Nemik No.3 3,,,,Shield to all a sword to none,,,,,,,
Nemik No.3 4,,,,,"Having spent the last few years wandering and defending people from power hungry mages and magical creatures. Nemik now finds themself here. Having the name Nemik No.3 because the placard they awoke next to. Only the memories of moonfall, glimpses of their unspoken  past, and the desire to protect: keep them moving along in this world they barely understands anymore. 

""Only need paid in a meal and a stable to rest in.""  -Nemik No.3",,,,,,
Nemik No.3 5,,,,,,Kor' Tarion,,,,,
Nemik No.3 6,,,,,,,,"Blue grey skin that when in her mutant transformation becomes ghostly and moonlight like, a long tail with four tendrils at the end that they use for spear flourishes and unexpected strikes. They stand 6'8 and near 220 lbs",,,
Nemik No.3 7,,,,,,,,,She/They,,
Nemik No.3 8,,,,,,,,,,Elf,
Nemik No.3 9,,,,,,,,,,,sacrifice
"Nicholai ""Romer"" Aivar 1",28,,,,,,,,,,
"Nicholai ""Romer"" Aivar 2",,https://imgur.com/8PbtEUv.jpg,,,,,,,,,
"Nicholai ""Romer"" Aivar 3",,,,An amnesiac Marksman,,,,,,,
"Nicholai ""Romer"" Aivar 4",,,,,"HGe doesn't remember much of anything from the time before he found himself in the middle of nowhere nor his actual name, Romer was the only thing he found that gave him any meaning after he crashed with his exoskeleton. With his training still being fully engrained into his mind and body as the only things remaining to him, he set out to reclaim that which he lost regardless of the cost it may bring to him.",,,,,,
"Nicholai ""Romer"" Aivar 5",,,,,,Merrane,,,,,
"Nicholai ""Romer"" Aivar 6",,,,,,,,"Nicholai is a red haired with bottle green eyes, with a tanned slender build, though he is rarely seen outside of his exoskeleton and without his helmet. Standing in at 5'7"" and weighing 121lbs.",,,
"Nicholai ""Romer"" Aivar 7",,,,,,,,,He/Him,,
"Nicholai ""Romer"" Aivar 8",,,,,,,,,,Human,
"Nicholai ""Romer"" Aivar 9",,,,,,,,,,,Precision
Nikola Technis 1,24,,,,,,,,,,
Nikola Technis 2,,https://i.imgur.com/ZEGdPxc.png,,,,,,,,,
Nikola Technis 3,,,,Brilliant Monster Researcher,,,,,,,
Nikola Technis 4,,,,,"Nikola's parents were researchers at NTTech, where they worked on the C.A.R.D. project (Chimerist Algorithm Reconfiguration and Deployment). The project aimed to transmute the abilities of magical creatures into monster cards, tools that allowed anyone to harness powerful skills without harming or overexploiting the creatures themselves. If successful this innovation would be a great aid to NTTech’s efforts to fund its operations ethically while minimizing environmental and magical exploitation.

When Nikola was still very young, tragedy struck. The entire C.A.R.D. research team was assassinated, and most of their work was destroyed. The reasons behind the massacre remain unknown, but whispers of corporate sabotage circulate in hushed tones. Due to this Nikola was left with the only working C.A.R.D. system.

Now older, Nikola carries two objectives:

   1.- Complete his parent's research.
   2.- Uncover the truth behind their deaths and enact vengeance on those responsible.",,,,,,
Nikola Technis 5,,,,,,"Terra, Haven, Mount Providence",,,,,
Nikola Technis 6,,,,,,,,"A somewhat tall young man, has a athletic build, white hair, blue eyes and somewhat pale skin.

He wears a heavy white coat, a pair of leather gloves, a tight shirt and field jeans.",,,
Nikola Technis 7,,,,,,,,,He/Him,,
Nikola Technis 8,,,,,,,,,,Human,
Nikola Technis 9,,,,,,,,,,,Vengeance
Nisshoku Kodatsu 幸田 1,49,,,,,,,,,,
Nisshoku Kodatsu 幸田 2,,https://media.discordapp.net/attachments/1170110980546637915/1221760515353608192/99ff149a9e1899ae581df12a0a67bafa.png?ex=663b4d26&is=6639fba6&hm=c9c3a09de4813253438076cb4bb8f62d51aaaa02dc8deba1a1f42b929391ce24&,,,,,,,,,
Nisshoku Kodatsu 幸田 3,,,,Moontouched Speaker of Kuzunoha,,,,,,,
Nisshoku Kodatsu 幸田 4,,,,,"Kodatsu is a holy man from Aldistir. A speaker of the Aesir Kuzunoha, and one of her chosen. He acts as her vassal as he ventures into new realms. Besides this, however, Kodatsu holds many secrets. One of which is his past. He's tight lipped about how he first arrived in Kuzunoha's care, or how he even arrived in his forest-home of the Feywyrd.",,,,,,
Nisshoku Kodatsu 幸田 5,,,,,,"The Feywyrd, Aldistir",,,,,
Nisshoku Kodatsu 幸田 6,,,,,,,,"A six foot tall young looking man. He's lithe, light, and sways when he walks. He has a sharp look to his eyes, and a number of tails which seem to flick about on their own. 

In times of crisis, Kodatsu flickers into a new form. While the shadow of Kodatsu's standard appearance represents the New Moon, his hair shifts white, and markings glow red. This represents the Full Moon. With this change, his voice and personality change quite drastically as well.",,,
Nisshoku Kodatsu 幸田 7,,,,,,,,,He/Him,,
Nisshoku Kodatsu 幸田 8,,,,,,,,,,Kitsune,
Nisshoku Kodatsu 幸田 9,,,,,,,,,,,Growth
Noah ♫ 1,21,,,,,,,,,,
Noah ♫ 2,,https://images-ext-1.discordapp.net/external/YyN14vzEzaLshXJZctBQiweLsEHNiliiBxgij8ogVWM/https/pm1.aminoapps.com/7177/9021589f35849073a1e200b949911adf82b90284r1-1173-2048v2_uhq.jpg,,,,,,,,,
Noah ♫ 3,,,,Experiment Vocalist with an Aching Heart,,,,,,,
Noah ♫ 4,,,,,"Noah's first and most precious memory is singing a song to his mother while his father was sick after being discharged from the Karlsgard military. As he sang to her, she cried for the first time in a long time. Her teary eyes met Noah's, and in a hug and a ""Thank you, son."", she set his life path in stone. As he grew, Noah sang as his career, and worked as a therapist. Once his career came to a head, his memory is fog.

The earliest memory Noah has after his memory was cut out was on the Worldhelm. It was a conversation with a fellow Goldhearted, that resulted in every object around them to fly towards the fellow Goldhearted's face. As he began to apologize, the air flooded with guilt. Noah's voice rends now, and he doesn't know why. He promptly found a face mask to protect the world from his voice, and he is now learning to do good with it again.

Noah sings to help his friends and others feel the things they need to, and share stories with the world that helped him.",,,,,,
Noah ♫ 5,,,,,,Karlsgard,,,,,
Noah ♫ 6,,,,,,,,"6' 01""
180 lbs.
Grey Hair, Bangs and Tied Back
Noah *always* has a face mask on, unless he's evoking his will upon the world with his vocals.",,,
Noah ♫ 7,,,,,,,,,He/Him,,
Noah ♫ 8,,,,,,,,,,Human,
Noah ♫ 9,,,,,,,,,,,Mercy
Noel Salbe 1,24,,,,,,,,,,
Noel Salbe 2,,https://media.discordapp.net/attachments/575524406722560001/1209104183387496569/Noel.jpg?ex=663b6685&is=663a1505&hm=15fe94bbe37c4135344885e1cb87b214038b63d4d15c559cf4b52de6f6e81d7c&,,,,,,,,,
Noel Salbe 3,,,,First Mate of the Red Otters,,,,,,,
Noel Salbe 4,,,,,"Noel grew up in a poor family of three in Lastport with his mother and his younger sister. As a teen, he tried to help his mother with living expenses by taking a job as a waiter in a seedy harbor tavern, which is where he got introduced to the captain to-be of the Red Otters. The captain took a liking to the young boy and eventually offered to let him join their crew!

Years passed and the Red Otters went from an up-and-coming group of seafaring outlaws to one of the most well known pirate crews in the Lachfair Sea. Noel grew with the crew - both as a person as well as a leader - eventually becoming First Mate a couple years ago.

Now, how did this guy come to the Worldhelm you ask? Well, during what should've been a simple delivery job from the western continent over to Boar's Island, the ship was attacked by some massive water monster. During the fight, Noel was thrown off of the ship... and right into a Realmstorm. Not the most ideal of situations, but surely we'll make it work!",,,,,,
Noel Salbe 5,,,,,,Kor'Tarion - The Otter's Nest,,,,,
Noel Salbe 6,,,,,,,,5'10'' | 137 lbs. | Black Hair | Green Eyes,,,
Noel Salbe 7,,,,,,,,,He/Him,,
Noel Salbe 8,,,,,,,,,,Human,
Noel Salbe 9,,,,,,,,,,,Recovery
Noir 1,24,,,,,,,,,,
Noir 2,,https://i.imgur.com/EprAKjI.png,,,,,,,,,
Noir 3,,,,Queen Mechanic and Renegade Pilot,,,,,,,
Noir 4,,,,,"Was born and raised in Korala, but left not too long after her parents were killed in a questionable airship accident. She salvaged the ship and began to use it for her own personal transport. She took all her inheritance and used it to acquire materials for her to do her own work and to find a place she can work in secret away from the war. Here she has been working on trying to compress the strength of a mech into the size of an exosuit. She has made small progress and is testing an experimental suit currently.",,,,,,
Noir 5,,,,,,Lhodos - Korala,,,,,
Noir 6,,,,,,,,"Noir stands at 5' 3"" with a slim build. She has sapphire colored eyes and pink toned hair.",,,
Noir 7,,,,,,,,,She/Her,,
Noir 8,,,,,,,,,,Demi-Human (Cat),
Noir 9,,,,,,,,,,,Knowledge
Nora Estelle 1,18,,,,,,,,,,
Nora Estelle 2,,https://www.4gamer.net/games/087/G008754/20090508022/TN/010.jpg,,,,,,,,,
Nora Estelle 3,,,,Survivor of Astra,,,,,,,
Nora Estelle 4,,,,,"The chosen child of the secluded village of Astra, Nora Estelle's home was destroyed a decade ago by an unknown witch and her cohorts whom put the village to the torch and its citizens to the sword for its sacred artifact. Alone, Nora stayed warm by the embers of her destroyed home till found by Ernest Mayweather as he returned to his home after years away. Ernest adopted Nora and raised her with his daughter Laura in the City of Brightshield. Nora seeks to learn more about his destiny promised to her and perhaps to both reclaim the artifact stolen from her home and to rebuild the once proud village of astrologers and entropy mages known as Astra.",,,,,,
Nora Estelle 5,,,,,,Kor'Tarion,,,,,
Nora Estelle 6,,,,,,,,"A young, lithe woman with azure hair and eyes, standing around 5' 10"" she tends to be timid around others she does not know well.",,,
Nora Estelle 7,,,,,,,,,She/Her,,
Nora Estelle 8,,,,,,,,,,Human,
Nora Estelle 9,,,,,,,,,,,Self-Discovery
Nyx Selenbourne Atramentis 1,19,,,,,,,,,,
Nyx Selenbourne Atramentis 2,,https://i.ibb.co/DPhxJzPY/IMG-2038.png,,,,,,,,,
Nyx Selenbourne Atramentis 3,,,,"Digital Fairy Queen, Real-World Stray",,,,,,,
Nyx Selenbourne Atramentis 4,,,,,"Nyx's parents died in the crossfire of a gang shootout when she was young, and she was left providing for her sister. 
She made a ""living"" by working at a gold farm for RWO, and eventually was promoted to farming events for rich people in Triworld itself! Just as the moon decided to mildly explode and rain entropic shards down on Triworld. 
Nyx got caught in an explosion and developed entropic powers, but the medical bills resulting from her seizures and temporary coma left her in deep debt. She decided to keep digging in case she came out on the other side of the planet, took out *more* loans to body mod herself into her RWO character and commission cosplay, and fight petty crime in her neighbourhood. She was taken by the Realmstorm as an extremely enhanced stylish exit.",,,,,,
Nyx Selenbourne Atramentis 5,,,,,,"Haven, Terra",,,,,
Nyx Selenbourne Atramentis 6,,,,,,,,"Nyx is a short woman who to Kor'Tarian eyes might appear a fairy: silver hair, pointed ears, big purple eyes, butterfly-winged outfit that might appear to be growing out of her body. However, Terrans would notice that she's just a human with quite a few body mods.",,,
Nyx Selenbourne Atramentis 7,,,,,,,,,She/her,,
Nyx Selenbourne Atramentis 8,,,,,,,,,,Terran Human (modded),
Nyx Selenbourne Atramentis 9,,,,,,,,,,,Identity
Olia Vol 1,23,,,,,,,,,,
Olia Vol 2,,https://i.imgur.com/VpQhIn1.png,,,,,,,,,
Olia Vol 3,,,,Heretic Trying to Save Her Home,,,,,,,
Olia Vol 4,,,,,"Olia was originally left to live in a small clan out of both pity and kindness. Her gift from Lorelie was another factor that made her useful enough to be kept around with her healing. 

With time she was eventually considered too much of a danger to the village as horns began to appear, and she was leaving the youngest years of her childhood. So she was left to fend for herself, a sure death sentence for even many of the most experienced of warriors.

She would have surely passed if not for an Oni who found her and kept her safe.",,,,,,
Olia Vol 5,,,,,,Aldistir,,,,,
Olia Vol 6,,,,,,,,"A 5'6 woman, Olia's most notable features come from being a Yokai. Short horns appear from her head and goat ears. Beyond that, hooves can be seen taking the place of normal legs. Her eyes lit up with friendly glee to most she meets.

Still, she is often seen with most clothing from Aldistir, but a collection of things from both Kor'tarion and Lhodos on her person.",,,
Olia Vol 7,,,,,,,,,She/Her,,
Olia Vol 8,,,,,,,,,,Yokai (Goat),
Olia Vol 9,,,,,,,,,,,Determination
Olivia Moonshine 1,19,,,,,,,,,,
Olivia Moonshine 2,,https://images-ext-1.discordapp.net/external/yb2zxPNpALEzehAjuYsTO5eVMsW26uQfqAWXHCSHNOU/%3F1627160661/https/cdna.artstation.com/p/assets/images/images/039/862/440/small/rinotuna-.jpg,,,,,,,,,
Olivia Moonshine 3,,,,Spoiled Merchant with a Heart of Gold,,,,,,,
Olivia Moonshine 4,,,,,"Hailing from a family of respected merchants, Olivia has spent much of her life living in luxury and elegance among the elite of Tradefair, somewhat sheltered from the harsh realities of the outside world.
In her late teens, however, she began to learn more about her family's history. She discovered why her family had been so successful in the last 70 years: her ancestors abused the crisis of the Moon's Fall, jacking up the prices of basic necessities and profiting off the backs of the desperate and vulnerable.
This revelation sparked something within her: a compassion for the needy that she'd never been taught by her rich, selfish parents.
She tried to express her feelings to her family, only to be shut down and ignored. And so, she resolved to pack her bags and leave: she wished to travel the world, using her talents to help everyone in Kor'Tarion.
Turns out, fate had even grander plans. Just as she left Tradefair, a Realmstorm struck her vehicle, bringing her somewhere new...",,,,,,
Olivia Moonshine 5,,,,,,"Town of Tradefair, Kor'Tarion",,,,,
Olivia Moonshine 6,,,,,,,,"Standing proudly around 5'1"", this young woman sports a carefully-curared hairstyle and a permament smug grin. She dresses elegantly but fashionably, and she wouldn't be caught dead without her magical monocle: an item passed down through her family that aids in appraising precious goods.",,,
Olivia Moonshine 7,,,,,,,,,She/Her,,
Olivia Moonshine 8,,,,,,,,,,Human,
Olivia Moonshine 9,,,,,,,,,,,Hope
Ophelia 1,"Unknown

(18 at time of death)",,,,,,,,,,
Ophelia 10,,,,,,,,,,,Duty
Ophelia 2,,https://i.imgur.com/g084FYl.png,,,,,,,,,
Ophelia 3,,,#20124D,,,,,,,,
Ophelia 4,,,,Masked Gardener Of The Forest Of Souls,,,,,,,
Ophelia 5,,,,,"- One of the residents of Shade, the Sixth Layer of Idyll.
- Lives in Siomykos, the Home of the Masked. Has been one of the defenders of the underground village ever since she reached the Layer countless years ago.
- Has learnt how to use the fungal growths farmed by the Masked villagers in battle, empowering herself while sapping her enemies.
- Was brought to the Worldhelm by a Realmstorm, when holding off one of Shade's monsters to let the surface-going foragers escape.
- Now tries her best to readapt to the living world once more, while waiting for a chance to ensure her home in Shade is safe.",,,,,,
Ophelia 6,,,,,,"Siomykos, Shade, Idyll",,,,,
Ophelia 7,,,,,,,,"A short woman (4'10""), her figure hidden beneath a thick, enveloping cloak and padded dress. Beneath her beak-like mask, her face and hair are bleached and faded, due to the untold years she has spent in the sunless forests of Shade. She wields an old and battered scythe, one of the few weapons cold-forged in the Masked Villages.",,,
Ophelia 8,,,,,,,,,she/her,,
Ophelia 9,,,,,,,,,,Idyllic Soul (Human),
Ophiuchus 1,20,,,,,,,,,,
Ophiuchus 10,,,,,,,,,,,Zeal
Ophiuchus 2,,https://i.imgur.com/ujKBp9j.png,,,,,,,,,
Ophiuchus 3,,,,Cosmos-Ordained Witch,,,,,,,
Ophiuchus 4,,,,,"Born in Skarta and quickly thrust into urchinhood by the harsh living condition imposed on the humans of Nezmira, Edith quickly learned to go about her life under the cover of night, to make her life easier. Hiding her aptitude for magic as she came of age, her focus had always been on the star-dotted inky blackness above her, and what secrets it might hold. A painstakingly cobbled-together 'telescope', barely worthy of the name, would offer a further glimpse that only emboldened her desire for that great expanse, as well as, by pure happenstance, revealing the existence of the Ancient Observatory to her, far in the distance. Her growing obsession would lead her steps there, to where she might grow closer with that infinite void, more familiar, to learn all she could in her need to explore a place so pure, and devoid of what had darkened her life till then.

Following cataclysmic events in Terra, she is now a Board Member of Orrery, now known as Ophiuchus.",,,,,,
Ophiuchus 5,,,,,,Nezmira - Skarta (Ancient Observatory),,,,,
Ophiuchus 6,,,,,,,Edith Bonamy,,,,
Ophiuchus 7,,,,,,,,"Ophiuchus is short and slight in stature, at 4'8, with a pale complexion from her nocturnal lifestyle. She wears big, round glasses over pale blue eyes, and a dark bob of hair atop her head. She wear purple robes, to protect herself from the Nezmira climate, and on her back, carries an intricately designed telescope, folded up for ease of transport, and built by the long gone civilization responsible for the Ancient Observatory.",,,
Ophiuchus 8,,,,,,,,,She/Her,,
Ophiuchus 9,,,,,,,,,,Human,
Opus Resbina 1,7,,,,,,,,,,
Opus Resbina 2,,https://images-ext-1.discordapp.net/external/dMfpWvYVCQxr_H32l8c6IIoXKtmp7X59_W9eSGqgyE0/https/64.media.tumblr.com/5c53d1c0ae2c2339362cf4d760b98d01/10994164690bd94f-e9/s2048x3072/229947671595ba579ec7959a9c3ee3aae5841ab1.jpg,,,,,,,,,
Opus Resbina 3,,,,The High Academy's Spoiled Abomination,,,,,,,
Opus Resbina 4,,,,,"Created by the Puerluna, the inner circle of the Hudol Academy, Opus Resbina is the group's first proper success in creating a homunculus after hundreds of failures. The Puerluna intended on keeping in him in a laboratory for however long his Refined Moonstone Core would sustain him, but Opus Resbina decided otherwise. Utilizing the spiritist magic that came naturally to him, alongside the powerful Arcana bound to his Core, Opus escaped. He’ll return some other time, he says, for now he wants to walk this world and any other than he stumbles upon, searching for the true extent of his perfection.",,,,,,
Opus Resbina 5,,,,,,"Hudal Academy, Kor'Tarian",,,,,
Opus Resbina 6,,,,,,,,"5'10"" | 200~ lbs. | Porcelain Skin w/ Black Sclera (One with Golden Iris). Break Over Left Eye.",,,
Opus Resbina 7,,,,,,,,,Any/All,,
Opus Resbina 8,,,,,,,,,,Homunculus,
Opus Resbina 9,,,,,,,,,,,Guilt
Orbeen 1,30,,,,,,,,,,
Orbeen 2,,https://images-ext-1.discordapp.net/external/76JJMuKL4CAWHsJTpWyp3Txl-VSxxrAei_rc7iaqeG0/http/static.minitokyo.net/downloads/34/06/27834.jpg,,,,,,,,,
Orbeen 3,,,,Denizent from the ancient forest.,,,,,,,
Orbeen 4,,,,,"There people have lived in peace isolated in side the forest for generations but after the moon shards rained down they have seen more attacks from monsters. One day they even found wounded humans they took back to the village, after treating there injures the adventures explained what they know have happen ""outside the forest"" and about a flying ship that was there ""village"". The chief elder decided that the bravest would follow these adventures back to this ship and gain more knowledge and compainons in order to save the forest. Among those that follow is Orbeen.",,,,,,
Orbeen 5,,,,,,"The Gwaed Forest
Kor'Tarion",,,,,
Orbeen 6,,,,,,,,"A small plant-humanoid who is 116cm long and wights 66kg. The head looks like an onion with orange hue on the ""leaf/hair"". He weilds a waraxe that is longer than him.",,,
Orbeen 7,,,,,,,,,He/Him,,
Orbeen 8,,,,,,,,,,Demi-human (Plant),
Orbeen 9,,,,,,,,,,,Hope
Organa Baatar 1,Cultivator,,,,,,,,,,
Organa Baatar 2,,https://i.imgur.com/B8L5kju.png,,,,,,,,,
Organa Baatar 3,,,,The Gale Stampede,,,,,,,
Organa Baatar 4,,,,,"Organa's origins are as mysterious as the winds she commands. Discovered as an infant during a violent storm at a decrepit temple, she was raised in the Temple of Growth, where monks tried to shape her into a vessel of their ideals. Yet, her spirit remained untamed. A raging gale rather than a tranquil breeze.

As a young girl, she was taken to the edge of Leytik to confront the void, a rite meant to instill humility and reverence. Instead, it became a crucible of transformation. There, she encountered a powerful Arcana, its passage heralded by a cataclysmic storm that threatened to tear the group apart. With survival hanging by a thread, Organa was forced to embrace the storm's fury. Bonding with its untamed power.

In time she would embark down the path of Holy Harmony. Narantsetseg, her opposite in temperament, became her mirror and blood sister. Together, they fled the Temple with 28 others, aided by the Goldhearted, and built a new life free from the constraints of their past.",,,,,,
Organa Baatar 5,,,,,,"Tian Yin, Leytik, Daringanga Village",,,,,
Organa Baatar 6,,,,,,,,"Organa stands at a commanding 5'6"". A height that belies the formidable presence she exudes. She is clad in Mongolian-inspired black and white furs, each layer tailored to balance elegance with practicality. Her short hair is adorned with a crafted jade hairpiece and intricate beads that tell stories of her heritage. At her side, she carries a gracefully curved bronze sword, its edge gleaming with a promise of precision, while a sturdy round shield rests securely on her back, ready for any battle.",,,
Organa Baatar 7,,,,,,,,,She/Her,,
Organa Baatar 8,,,,,,,,,,Human,
Organa Baatar 9,,,,,,,,,,,Freedom
Orion Marduke 1,19,,,,,,,,,,
Orion Marduke 2,,https://imgur.com/sAydvlj.png,,,,,,,,,
Orion Marduke 3,,,,The Charitable Merchant-Archer,,,,,,,
Orion Marduke 4,,,,,"Orion grew up in a merchant family in Tradefair, being addicted to books at a young age with his favorites being stories of nobles rising up from dire straights to become heroes. However reality is a cruel being as he has witness corrupt nobles take adavantages of those below them. Normally he would not interve until a noble has decided to gouge Orion's family into debt forcing them to sell all of Orion's books. This inspire Orion to do something extreme, he takes his most formal clothes and dye his hair blue to take on a persona of ""Lord Marduke"". A noble who holds on to the ideals of nobility and honor to prove to the world that nobles can be just as fanstatical as in the books!

Recently, Orion had lost his confidence after confronting the now Warlord Gaul on nobility however he still strive to prove him wrong by showing the world that you can be great without lies, deceit and murder!",,,,,,
Orion Marduke 5,,,,,,Kor'Tarin (Tradefair),,,,,
Orion Marduke 6,,,,,,,,"5'9 ft tall, has brown hair (dyed to blue). Wears almost comical noble attire including the frills.",,,
Orion Marduke 7,,,,,,,,,He/Him,,
Orion Marduke 8,,,,,,,,,,Human,
Orion Marduke 9,,,,,,,,,,,Justice
Orpheus 1,26,,,,,,,,,,
Orpheus 10,,,,,,,,,,,Family
Orpheus 2,,https://i.imgur.com/jvIVpLN.jpeg,,,,,,,,,
Orpheus 3,,,#0052cc,,,,,,,,
Orpheus 4,,,,Rule-bending 100G Gatekeeper,,,,,,,
Orpheus 5,,,,,"Born as David Redfield to aging parents who worked NT Tech careers, life got harder for his family when the downsizing started, and they found themselves out of work without severance.

A screen-bound kid, by 14, he was pawning their old things on the Link Engine.  By 17, he's taking calls on ETA's dime, and by 20, he finds a Corp internship doing Link Sec with 100g. 

He pays rent on his apartment in Secura for his work, and he pays their rent on a little shack in South Rock, Haven. 

Every job has compromise. What corporate wants, versus everybody else getting screwed.

These days, he works border security, validating/denying people entering Secura while keeping the network hardened. Though he's starting to learn there's a gap... a little wiggle room where Galeforce and 100g aren't looking, where a little mercy is possible.

Not always, of course. Sometimes he has to take the hard line, call the enforcers. Keep their rent paid. That's just Terra.",,,,,,
Orpheus 6,,,,,,Terra - Secura,,,,,
Orpheus 7,,,,,,,,"Orpheus is a young man from Terra accompanied by a virtual assistant. He stands at 5'3'', though his lean into his hoodie makes him look a little shorter.

His outfit is comfortable, casual, and bears a little ID tag indicating his affiliation with 100g Security. He's often carrying a coffee while he watches a fight, seemingly happy to be tactical support rather than a fighter himself.",,,
Orpheus 8,,,,,,,,,He/him,,
Orpheus 9,,,,,,,,,,Human,
Oscar 1,21,,,,,,,,,,
Oscar 2,,https://img3.gelbooru.com//samples/e8/aa/sample_e8aa0073c5637199311b9023f1c7d30e.jpg,,,,,,,,,
Oscar 3,,,,Little Merchant in a Big Market,,,,,,,
Oscar 4,,,,,"Born to a family of farmers in Hedgeberg, Oscar quickly became an outlier within his home. Being sickly from a young age, he was hardly the ideal picture of a farmer's son. While his poor constitution improved with passing years, he was no closer to meeting his parent's expectations. Rather than tend the fields, Oscar's curious disposition led him to sneak off to the markets. It was there that the boy's passion for trade became evident. Realizing that restraining Oscar's passions was a fool's errand, his parents allowed him to study under the tutelage of a merchant they had dealings with. 

Oscar spent years learning of merchantry, as well as the state of Hedgeberg and the wider region, eventually striking out on his own. Making use of an old Karlite truck that he repurposed for moving cargo, he scavenged old war wreckages in order to bring valuable metals back to Hedgeberg.

Oscar's heartfelt ambition to see his homeland prosper sparked something within, and so the Worldhelm called.",,,,,,
Oscar 5,,,,,,"Hedgeberg, Lhodos",,,,,
Oscar 6,,,,,,,,"At 5'6"", Oscar is shorter than average for his age, having a wiry physique which does little to add to his presence. His freckled complexion is pale and smooth, framed by wavy red hair. His attire is well-worn and somewhat mismatched, consisting of various articles he haggled for in market stalls.",,,
Oscar 7,,,,,,,,,He/Him,,
Oscar 8,,,,,,,,,,Human,
Oscar 9,,,,,,,,,,,Ambition
Oskar 1,25,,,,,,,,,,
Oskar 2,,https://cards.scryfall.io/art_crop/front/f/6/f6ea7c19-71ec-44ff-affc-fc76fe3146a7.jpg?1692516870,,,,,,,,,
Oskar 3,,,,Draugr Slayer,,,,,,,
Oskar 4,,,,,"Lived life with a nomadic clan on the Blood Pools of Aldistir. Betrayed by his clan's Diviner, causing the rest of his tribe to be turned into Draugr. Was on a bloody path of revenge until he was pulled onto the Worldhelm.",,,,,,
Oskar 5,,,,,,"Blood Pools, Aldistir",,,,,
Oskar 6,,,,,,,,"Tall, Burly, Brooding",,,
Oskar 7,,,,,,,,,He/him,,
Oskar 8,,,,,,,,,,Ald / Human,
Oskar 9,,,,,,,,,,,Revenge
Ox Deadbeat 1,?,,,,,,,,,,
Ox Deadbeat 10,,,,,,,,,,,Belonging
Ox Deadbeat 2,,https://i.imgur.com/zDrxWFn.png,,,,,,,,,
Ox Deadbeat 3,,,#991111,,,,,,,,
Ox Deadbeat 4,,,,Training Bot In Training,,,,,,,
Ox Deadbeat 5,,,,,"Training bots never needed to possess a lot of intelligence. Whatever would've been left in their internal storage had high risk of getting damaged during sparring matches, so Ox never thought what would it feel like to be disconnected from the Soul Network or the Baylore System. All it could do is admire the fantasy heroes from afar and wish it could become one of them.",,,,,,
Ox Deadbeat 6,,,,,,"Triworld, Terra",,,,,
Ox Deadbeat 7,,,,,,,,"A pretty rough-looking build of a bot running an outdated, scrambled version of the system that wasn't meant to do much more than to be pummeled into ground by other players. The only few things this model can boast is integrated roller skates in its legs and an insufferable personality.",,,
Ox Deadbeat 8,,,,,,,,,it/its,,
Ox Deadbeat 9,,,,,,,,,,Lua,
Panlinggo Umaga 1,19(?),,,,,,,,,,
Panlinggo Umaga 2,,https://i.imgur.com/7iSQKtv.png,,,,,,,,,
Panlinggo Umaga 3,,,,Smoldering Sage of Volcanic Fury,,,,,,,
Panlinggo Umaga 4,,,,,"All Panlinggo can know is that he was born under auspicious circumstances, which left his mother chronically ill, and his father missing. Panlinggo and her stayed further out from Pagapalay, the villagers worried they would grow sick, or cursed, leaving the boy alone to take care of her when he came of capable age. Despite occasional visits from the master Mabilis, and medicinal care from well-meaning village shamans, the mother's illness would not cede. So when Mt. Magayon rumbled with dire warnings, the choice was made clear.

Poor Panlinggo could not handle the pain, and sought Mabilis for aid. He begged the old master to teach him Cultivation, but Panlinggo's Qi seemed seized, locked somehow. In desperation Panlinggo climbed to the top of Mt. Magayon, and threw himself into it's belching maw. Nobody had seen Panlinggo for quite some time since, but he has found himself in the worldhelm, the rage of the mountains swelling inside him.",,,,,,
Panlinggo Umaga 5,,,,,,"Mt. Magayon, Sangang-Daan, Tian Yin",,,,,
Panlinggo Umaga 6,,,,,,,,"Panlinggo is a very tiny mountain, standing to a straight 4'9"" high. His almond shaped eyes are deep as volcanic smog, and bare an ember of red sparks within. He has soft, round features, a pudgy, short nose, and big, circular ears. His earthy, tan skin is speckled all over with dusty freckles, and scuffs from burns and bare body strikes. A fluffy mop of deep brown bounces on his skull, the longest of it tied in a ponytail behind them and in two short tufts of blond at the front.

Pan wears a loose, patterned, bright red poncho overtop a snug, black shirt cut at the midriff and elbows, and high at the neck. Two wide, gold bracers cuff at their wrists, and a drape of gold lanyards hang from his neck. Around his waist he wears two sashes, red and sky blue, tied and draped to cover the back and front of their lower half. Loose black shorts end with similar patterns to their poncho, and  gold bands wreath their ankles.",,,
Panlinggo Umaga 7,,,,,,,,,He/They,,
Panlinggo Umaga 8,,,,,,,,,,Human,
Panlinggo Umaga 9,,,,,,,,,,,Hatred
Paraluman 1,27,,,,,,,,,,
Paraluman 10,,,,,,,,,,Human,
Paraluman 11,,,,,,,,,,,Peace
Paraluman 2,,https://i.imgur.com/7QDV8e9.png,,,,,,,,,
Paraluman 3,,,#35B5AC,,,,,,,,
Paraluman 4,,,,Diwata of Sampaguita Village,,,,,,,
Paraluman 5,,,,,"- Paraluman grew up in the harsh barren lands of Lupaing Dinungisan, fending for herself against the selfish evil cultivators on top of sustaining herself. Through her wish to not wanting a life of savagery, she had cultivated her magic and wit, and used those to escape to greener pastures. She ended up within a Grove in the Tikba Forest. 
- Among the residents and travelers of Sampaguita Village, there were rumors about a mysterious maiden exuding a comforting, revitalizing aura, yet shy enough to remain elusive. On sightings of her, the abundance of blooming flowers is one thing people say consistently - prevalently Sampaguita, its scent filling the area.
- Then one day, Paraluman shook off her born distrust of people keeping her isolated in the grove and stepped out into the village. She was easily accepted by the locals, maybe mistaken as one of the Kabaya. Paraluman nowadays is often seen resting besides the shade of a tree or walking around, greeting them with a gentle smile.",,,,,,
Paraluman 6,,,,,,"Lupaing Dinungisan, Sangang-Daan, TIan Yin",,,,,
Paraluman 7,,,,,,,Lady of the Forest / Dalaga ng Gubat,,,,
Paraluman 8,,,,,,,,Paraluman is a fair lady with snow white hair adorned with an intricate headpiece and eyes that are as blue and as reflective as the sea. She usually wears a teal and white dress covered by a white robe with a fur trim. She often is also seen with a fan that is made with feathers that gradate from white to black by the tips.,,,
Paraluman 9,,,,,,,,,She/Her,,
Perseus of Dreadlan 1,20,,,,,,,,,,
Perseus of Dreadlan 2,,https://cdn.discordapp.com/attachments/792706882397405196/1337189781641367592/Perseus_Character_Sheet.png?ex=67a68a87&is=67a53907&hm=56efd2a2c0bba32ac111b3e7dbad68988cd6155171f7bd08497973a43706ca3e&,,,,,,,,,
Perseus of Dreadlan 3,,,,Monstrous Man Manifesting Heroics,,,,,,,
Perseus of Dreadlan 4,,,,,"None among the Goldhearted would know Perseus, however those of Kaiway would know he is the son of a graduated Dreadlan Paladin Argos and his Mother a Witch of Dreadlan. Having entered the school at the age of 16, his patreon being Queen of Beasts Akala herself ensured he had a position within Gnosis so long as he could keep his grades up. Over the years of his stay within Gnosis Academy, he made it apparent he excelled in the physical performance the school demanded of them. Academically however, he fell behind in repeatedly. It wasn't until his second year, being asked by Apollo Marinelli to be his Regent did his grades pick up considerably.

Perseus has a tendency to be capable in combat, he and The Overture a stalwart team when push comes to shove. However, Perseus does have a tendency to get into more trouble than other students due to resolving many issues with physical prowess. Many also claim that his ego and self confidence equal his size, both as unshakable as he himself is.",,,,,,
Perseus of Dreadlan 5,,,,,,"Gray Fox Castle, Dreadlan, Kaiway",,,,,
Perseus of Dreadlan 6,,,,,,,,"Before you stands a monolithic man, clearing well at and past seven foot when standing with a width to him that matches such heights. His appearance from head to toe gives off the appearance more befitting a monster than a man. Deep scars along his body and face, heavy furred body, piercing yellow eyes, and large teeth visible when he smiles or speaks. Despite resembling a hyena like monster, Perseus comes off as either focused but more often jovial and good natured. He makes himself the biggest man in the room simply by being in it, be it by standing grand or being bigger than life in presence alone. His attire ranges from the blue Gnosis Academy uniform and Paladin Crest, to the dark black armor along with crimson cape resembling the style of Dreadlan. Always around his neck is a collar resembling the face of a fox. If he is seen carrying a weapon it is more often than not his Regalia 'The Overture', an oversized and unruly yet regal Gunblade.",,,
Perseus of Dreadlan 7,,,,,,,,,Him,,
Perseus of Dreadlan 8,,,,,,,,,,Beastfolk,
Perseus of Dreadlan 9,,,,,,,,,,,Belonging
Petra 1,23,,,,,,,,,,
Petra 2,,https://images-ext-1.discordapp.net/external/FSbalW_Bt9pJcy-VEhaEtdKjzkQqMt-TPhLWpjXpN2g/https/i.imgur.com/utrwLXp.png,,,,,,,,,
Petra 3,,,,Wandering Warlord of Demons,,,,,,,
Petra 4,,,,,"Born in Sampaguita Village, Petra was lead to fear the demon, and seek a nice and quiet life. Despite her best efforts, trouble would always find her, which lead her to seek cultivation. In mastering her own body and spirit, she found herself with a natural affinity for Demons, or Yawa. With this affinity, she bound a lesser trickster demon to her will, and now roams the land to do as much good as she can with her wicked power.",,,,,,
Petra 5,,,,,,Sampaguita Village,,,,,
Petra 6,,,,,,,,"5'6, Light for her height, Petra sports a somewhat lanky lean build, but is covered in cyan tattoos that crawl all the way up to her neck. She does not think herself worthy to cover her face in tattoos as of yet, she has not become a true warrior yet.",,,
Petra 7,,,,,,,,,She/They,,
Petra 8,,,,,,,,,,Human,
Petra 9,,,,,,,,,,,Cultivation
"Phoebus ""Fee"" Scium 1",28,,,,,,,,,,
"Phoebus ""Fee"" Scium 2",,https://images-ext-1.discordapp.net/external/PIoycgmTCSQ-c6GUxn7FxpyvTD91KuTCH0YXwV1dqdY/%3Fmaxwidth%3D520%26shape%3Dthumb%26fidelity%3Dhigh/https/i.imgur.com/0gXgalc_d.jpg,,,,,,,,,
"Phoebus ""Fee"" Scium 3",,,,Hands-on Researcher,,,,,,,
"Phoebus ""Fee"" Scium 4",,,,,"Phoebus has always liked trying to understand things, so why not try to make money doing what he loved?

Unfortunately for him, he was banned from the Academy after his internal stores of magic were too weak to let him do any subtantial magick. His saving grace came in a sudden flagship project while he worked as a theoretical arcane contractor. The deck of cards that suddenly appeared in a wayward person's home, filled with latent magic activated by games of chance became a recent obsession to find other forms of magic that he can control outside of his own aetherial stores. He finds the charisma to be granted permission to do a longer study involving personal usage. To continue such a venture, he takes on separate projects to keep up funding.",,,,,,
"Phoebus ""Fee"" Scium 5",,,,,,Kor'Tarion,,,,,
"Phoebus ""Fee"" Scium 6",,,,,,,,"Average build. 5'10 (177cm), dark brown skin, braids and cornrows. Always wearing some sort of overcoat.",,,
"Phoebus ""Fee"" Scium 7",,,,,,,,,he/him,,
"Phoebus ""Fee"" Scium 8",,,,,,,,,,Human,
"Phoebus ""Fee"" Scium 9",,,,,,,,,,,Duty
Primrose 1,22,,,,,,,,,,
Primrose 2,,https://i.imgur.com/XEUWsG5.png,,,,,,,,,
Primrose 3,,,,The Thorn in their Side,,,,,,,
Primrose 4,,,,,"Primrose and her family were once comfortable enough in South Silver Rock. Her hobby was dancing, both artful and new, and it was her life until an unfortunate accident paralyzed her from the waist down, stealing her mobility. Her parents urged her get surgery to install tech and grant her access back to her life's love even if it would put them back several steps in their financial security. Working to repay the debt for her family, Primrose took on what jobs she could as a courier, especially if the money was good, until one day her coveted cargo made her a target. Attacked by gang members, they took their haul and ripped the tech out of her that granted her mobility and threw her down an open chasm unknowingly into something old and ancient. Whatever was down that chasm, however, is what granted her new life. And so, she's back, ready to repay DHK and those gangs for their exploits. To be their problem as much as they've been hers.",,,,,,
Primrose 5,,,,,,"Terra, Haven, South Silver Rock",,,,,
Primrose 6,,,,,,,,"A 5'5'' petite young woman with pale yet pink-toned skin that's soft to the touch like flower petals, yet with dark veins here or there. Dark red scleras make the bright burning pink of her irises stand out from beneath her equally bright pink head of hair with ends that fade into remnants of her blonde hair that's tied into high pigtails trailing from thorn-wrapped buns. Fingers are pointed into sharp wood-like tips, and thorns dot up and down her spine from beneath her skin-snug white clothing and her favorite luminescent jacket.",,,
Primrose 7,,,,,,,,,She/her,,
Primrose 8,,,,,,,,,,Human,
Primrose 9,,,,,,,,,,,Retribution
Priscilla 1,18,,,,,,,,,,
Priscilla 2,,https://i.imgur.com/k0Hetll.png,,,,,,,,,
Priscilla 3,,,,Starlight Eyed Immelis Priestess,,,,,,,
Priscilla 4,,,,,"A devout priestess to the Theocratic Monarchy of Merrane, until her belief structure was upended by the Worldhelm itself. Other than spreading her religion priestess primarily tends to take advanced courses to act as coordinators that help and guide Merrane Angels in combat. As such she has been more known to coordinate and command despite assuming a visage of a healer. Very curious about the people of the Worldhelm and these other realms she had no idea existed before her arrival, it has also caused her to question the breadth of power the divine actually controls. Intensely curious, she seeks answers to many questions as she travels and learns of all realms.",,,,,,
Priscilla 5,,,,,,"Lhodos, Caldera",,,,,
Priscilla 6,,,,,,,,"A short unassuming-looking blind girl, usually garbed in a white veiled priestess outfit.  Most notable are her clouded pink eyes, unable to see naturally.  Despite this, she has a knack for fashion and can also be seen as a realm-specific dress of different types. She holds a white cane that looks like a complex technological key.",,,
Priscilla 7,,,,,,,,,She/Her,,
Priscilla 8,,,,,,,,,,Human,
Priscilla 9,,,,,,,,,,,Curiosity
Professor Ozu 1,30,,,,,,,,,,
Professor Ozu 2,,https://i.imgur.com/x4cr9vJ.png,,,,,,,,,
Professor Ozu 3,,,,Wandering Spider With An Endless Hunger,,,,,,,
Professor Ozu 4,,,,,"Some have seen him travelling around with his companions in their caravan amongst the Kabiya. His companions sell various wares to villages and other Kabiya. He in particular is the alchemy vendor, selling various pills of healing and remedies. Some have referred to him as the Wandering Spider, others who have gotten to speak with him call him Professor Ozu, and the ones closest to him just call him Ozu.

He has study and practices cultivation of Void, Alchemy, and Web Qi. He has taken up Aria as his pupil and is training her in the ways of Cultivation. His goals are to continue the research of remedies and aids to fight against the new reality of Tian Yin in hopes of being able to live without fear.",,,,,,
Professor Ozu 5,,,,,,Tian Yin (Tangbawan),,,,,
Professor Ozu 6,,,,,,,,"A masked man clothed from head to toe. His outfit is a mix of light grey and purple with accents of gold throughout. The most obvious things about him is the giant Spider symbol on his chest. He has a slim, but not too thin of a frame. His baggy clothes hide the true physique underneath.",,,
Professor Ozu 7,,,,,,,,,He/Him,,
Professor Ozu 8,,,,,,,,,,Human,
Professor Ozu 9,,,,,,,,,,,Perseverance
Qu Fuling 1,looks to be ~35,,,,,,,,,,
Qu Fuling 2,,https://i.imgur.com/rBXX8jU.png,,,,,,,,,
Qu Fuling 3,,,,Animated Statue of Medicine God,,,,,,,
Qu Fuling 4,,,,,"Qu Fuling used to be a statue of the Kami Jizou near the village of Hanae. One day, the curse Yato no Kami manifested in a young red-headed boy who used to use the statue for protection together with his brother Kidomaru, but when he grew to adulthood, the protection of the statue was gone. The statue animated then, but the now Qu Fuling was too weak to do anything but send him ""on a different road"", which even then drained all of her powers reladed to the domain of ""Road"".

She spent a few years afterwards cultivating to delay her return into the statue, until the ship picked her up to help people of the many realms.",,,,,,
Qu Fuling 5,,,,,,Teisei (Tian Yin),,,,,
Qu Fuling 6,,,,,,,,"A daintly pale beauty with long black hair. She is 5ft 4' and thin. She dresses in greens and whites, often wearing a white veil covering lower half of her face. Her skin is cold and almost like stone to touch, and careful observation will reveal that parts of her skin are in fact white jade rather than skin.",,,
Qu Fuling 7,,,,,,,,,She/Her,,
Qu Fuling 8,,,,,,,,,,human,
Qu Fuling 9,,,,,,,,,,,Mercy
Quivira 1,28,,,,,,,,,,
Quivira 2,,https://media.discordapp.net/attachments/648280741700042755/1181691532865183924/sample_848bd3a1eed7d69b1b7e2310feef5450fb47e98b.jpg?ex=663b35c0&is=6639e440&hm=73027570b5415ed0f58b7899e1620b01a3afd951c9eddd5e8ee0add5bf6b3e48&,,,,,,,,,
Quivira 3,,,,Devout duelist inventor from the high academy,,,,,,,
Quivira 4,,,,,"she was born and raise in Korala and move to Caldera to study at the high academy, after graduated she focus on very kinds of games right now she focus on cards.",,,,,,
Quivira 5,,,,,,Korola | Lhodos,,,,,
Quivira 6,,,,,,,,"She is a girl with blue cloths, silver hair and a cute hat. she really likes any kinds of games but she likes to win even more.",,,
Quivira 7,,,,,,,,,She /her,,
Quivira 8,,,,,,,,,,Human,
Quivira 9,,,,,,,,,,,Ambition
Rahim 1,25,,,,,,,,,,
Rahim 2,,https://i.pinimg.com/originals/6a/1c/7e/6a1c7ecab16bd51b74a255103215064e.jpg,,,,,,,,,
Rahim 3,,,,Discarded Mutant on a Journey of Self Discovery,,,,,,,
Rahim 4,,,,,"A slave living in The Last Hold of the Nezmira Empire and a victim of the Empire's disregard for human life. He was abducted by scholars and was used as a test subject.  In his confinement, he was force-fed Kiir  parts and Kiir blood to figure out its effects on Humans.  During one of the experiments, he manifested mutations which allowed him to escape the facility. He survived but  not unscathed - the experiments resulted in both his body and his mind being damaged resulting to permanent mutations on his body and amnesia.  Deformed and mentally scarred from the experience, he currently roams as an escapee, he seeks to figure out his true identity and the truth about what happened to him. The only thing he knows about himself is what he assumes to be his name written in a band attached to his legs.",,,,,,
Rahim 5,,,,,,"The Last Hold, Nezmira",,,,,
Rahim 6,,,,,,,,"Hair: Brown
Eyes: Black
Skin: Brown
Height: 172 cm (5'8"")

A young man with simple clothes often wearing a cloak or poncho to hide his disfigured arms and scarred body.

He often carries a blank expression as if in contemplation most of the time. Although, he also shows a friendly demeanor to offset the quite scary nature of his mutations.",,,
Rahim 7,,,,,,,,,He/Him,,
Rahim 8,,,,,,,,,,Mutated Human,
Rahim 9,,,,,,,,,,,Discovery
Raia 1,25,,,,,,,,,,
Raia 2,,https://i.imgur.com/1PNWqXm.png,,,,,,,,,
Raia 3,,,,A Shaman Kitsune who loves Cooking,,,,,,,
Raia 4,,,,,"A yokai who had partaken in the war of the Fox and Hound. But he is known for using his foxfire to create campfires, cooking for the local community and providing bits of joy whenever he can.",,,,,,
Raia 5,,,,,,"The Feywyrd, Aldistir",,,,,
Raia 6,,,,,,,,"Raia is 5'10"" (178cm) tall with a solidly fit body. White hair that ends on his shoulders, fox ears with gray tips, and a noticeably long tail that is very soft to the touch. He wears a set of cold weather black robes, with a long red scarf around his neck. Icy blue eyes. Usually wears a smile on his face when in safe company.",,,
Raia 7,,,,,,,,,He/Him,,
Raia 8,,,,,,,,,,Yokai,
Raia 9,,,,,,,,,,,Hope
Rain 1,18,,,,,,,,,,
Rain 2,,https://cdn.donmai.us/original/47/d7/__rosmontis_and_rosmontis_arknights_drawn_by_pokarii_zuu__47d7a358350fa2c6d715eeb6a3ac2e8f.jpg,,,,,,,,,
Rain 3,,,,Chained Catastrophe,,,,,,,
Rain 4,,,,,"Not much is known about Rain besides that she has strange shields and that she appears to be a prisoner(?) of some kind back in Terra, she doesn't seem that keen on talking about the past and often walks away swiftly when approached by the topic.",,,,,,
Rain 5,,,,,,Terra,,,,,
Rain 6,,,,,,,,"Standing about 5 feet tall, Rain has a rather frail appearance. Wearing a ragged yet refined white dress and obstructing black shackles from her wrists, ankles, torso, and neck that seem to glow a dark redish hue from time to time. Having feline traits, Rain has two cat ears instead of normal human ears and a cat's tail that normally sways rather lively since coming to the Worldhelm. 

Besides her physical appearance, her shackles seem to construct two blackish red crystalline shields that protect Rain from any danger that approaches her. She is often spotted laying on top of one of her shields from time to time as it flies around the Worldhelm, like a sleeping cat on top of a moving box.",,,
Rain 7,,,,,,,,,She/Her,,
Rain 8,,,,,,,,,,Human (?),
Rain 9,,,,,,,,,,,Belonging
Ranmaru 1,22,,,,,,,,,,
Ranmaru 10,,,,,,,,,,,Justice
Ranmaru 2,,https://media.discordapp.net/attachments/1283615586798010419/1293765370242662512/colon_three.png?ex=67093925&is=6707e7a5&hm=f19a13e1fc51d9535293e68d8d2531ff1ad388ce0624be2e090d3863a9d085a5&=&format=webp&quality=lossless&width=&height=,,,,,,,,,
Ranmaru 3,,,#f36880,,,,,,,,
Ranmaru 4,,,,Adroit Fox with a Hero's Mask,,,,,,,
Ranmaru 5,,,,,An exile from his people in the Farwood after his faith in Kuzunoha grew too doubtful. He speaks just as fondly of his early days with the yokai there as he does of the time he spent wandering alone.,,,,,,
Ranmaru 6,,,,,,"The Farwood, Aldistir",,,,,
Ranmaru 7,,,,,,,,"Ranmaru is 5'7, and hides a lithe figure beneath heavy cold-weather dress he doesn't seem to want to depart from. His faceless mask is supernaturally expressive, eyes moving like lights, and it never comes off. That, his clothes, and his wild white hair that is only sometimes tied into order leave no skin visible most of the time.",,,
Ranmaru 8,,,,,,,,,he/they,,
Ranmaru 9,,,,,,,,,,Yokai,
Raye 1,22,,,,,,,,,,
Raye 2,,https://i.postimg.cc/prBDF38Q/IMG-4215.jpg,,,,,,,,,
Raye 3,,,,A young woman lost in a fake world,,,,,,,
Raye 4,,,,,Raye was born under the name Roze Shizuku but little of that girl remains now. Roze always had an affinity with games and with some rather wealthy family came the benefit of being able to afford all the gear and the new games to match. Her parents didn’t have much time for her so what they lacked in time they tried to make up in entertainment. Roze spend most of her life immersed in fantasy worlds under the name Raye and when she got her hands on the hit game SWORD it became her life. In the real world she worked as a performer portraying her character as a persona and in her time of she continued that persona in the game. So it only was a matter of time that she was more Raye then Roze. She fell victim to Dive Corruption fully identifying as Raye and unable to tell reality apart from the virtual world.,,,,,,
Raye 5,,,,,,"Terra, Secura (Triworld)",,,,,
Raye 6,,,,,,,,"Raye is a 5‘8 tall, commanding figure with long, flowing blonde hair and almost always with a look of determination in her eyes. She is mostly seen wearing the armor that she made inspired by her character in the SWORD Game.",,,
Raye 7,,,,,,,,,She/Her,,
Raye 8,,,,,,,,,,Human,
Raye 9,,,,,,,,,,,Ambition
Rayyan 1,25,,,,,,,,,,
Rayyan 10,,,,,,,,,,,Rebellion
Rayyan 2,,https://i.imgur.com/Qow6X2j.jpeg,,,,,,,,,
Rayyan 3,,,#6d0000,,,,,,,,
Rayyan 4,,,,Sealed Gate of Paradise,,,,,,,
Rayyan 5,,,,,"An unwanted child of a Nezmi slum, Raye was taken into the hands of labour young. She was wilful, unrepentant, and oft punished for her attitude and behaviour. 

It was not until she was taken into the custody of a wealthy merchant family in Windhaven that she saw any glimpse of hope for freedom. She yearned for escape, and when it found her, all she could do was take the hand of her partner and run.",,,,,,
Rayyan 6,,,,,,"Skrula River, Nezmira",,,,,
Rayyan 7,,,,,,,,"An athletic and sharp young woman, Raye’s muscles are not flashy or toned; her body is simply built for labour. Whether it be physical work or physical violence, Rayyan is perfectly capable. Her face is often stern, her eyes resting in a narrowed position and her lips pulled into an intimidating scowl, though her expression often takes on a cynical edge when she speaks.

Raye’s outfits change often, often not of her own desire. Shale simply will not accept either of them looking as casual as Rayyan would often prefer to.",,,
Rayyan 8,,,,,,,,,She/Her,,
Rayyan 9,,,,,,,,,,Human,
Retti 1,33,,,,,,,,,,
Retti 2,,https://i.imgur.com/vhyReIh.png,,,,,,,,,
Retti 3,,,,Aspiring Fairy Knight,,,,,,,
Retti 4,,,,,"Retti always worked hard to become a knight of the Fae Domain of Pryn, but struggled to meet the standards of his peers. Before achieving his goal, he slipped through the stream of souls from the Realm of Fairies into Tradefair, Kor'Tarion, and found a way to fulfil his dream of helping people outside of the Faerie Realm. He took to the causes and plights of the local people with chivalry aplomb. A few years later, finding himself on the Worldhelm, Retti yet again faces unfamiliarity and unknown evils - and greets them with a head held high.",,,,,,
Retti 5,,,,,,"Fae Domain of Pryn, Kor'Tarion",,,,,
Retti 6,,,,,,,,"Retti is a 5'5'' fairy knight, with fair skin and hair. He is visibly strong and well-trained, with a caring demeanor and an air of confidence and cheer. Retti wears a crystalline construct when adventuring, fashioned from gemstones, crystals and runes, allowing him to exert his crystal magic fully.",,,
Retti 7,,,,,,,,,He/him,,
Retti 8,,,,,,,,,,Fairy,
Retti 9,,,,,,,,,,,Justice
Revin Aegian 1,24,,,,,,,,,,
Revin Aegian 2,,https://images-ext-1.discordapp.net/external/nv0ICmoY6Yma8tnizIL5eAv3DpSkC-230vRjbQ_8Ack/%3Fs%3D1024x1024%26w%3Dis%26k%3D20%26c%3D5aen6wD1rsiMZSaVeJ9BWM4GGh5LE_9h97haNpUQN5I%3D/https/media.istockphoto.com/id/1147544807/vector/thumbnail-image-vector-graphic.webp,,,,,,,,,
Revin Aegian 3,,,,Earth Mage of an Ancient Lineage,,,,,,,
Revin Aegian 4,,,,,"Student of the Earthbound Temple, now journeying in order to know the world beyond.",,,,,,
Revin Aegian 5,,,,,,Kor'Tarion,,,,,
Revin Aegian 6,,,,,,,,"Short, a bit thin, blonde hair, jade green eyes. Wears white robes with golden dragon embroidery, the mark of his order.",,,
Revin Aegian 7,,,,,,,,,(He/Him),,
Revin Aegian 8,,,,,,,,,,Human,
Revin Aegian 9,,,,,,,,,,,Duty
Rex Deckard 1,41,,,,,,,,,,
Rex Deckard 10,,,,,,,,,,,Guilt
Rex Deckard 2,,https://cdn.discordapp.com/attachments/966644245786165262/1309801616123105290/download20241106154043.png?ex=6742e750&is=674195d0&hm=dd05c6adae657250150dc447f8132419b25ae304495a55960f86a62db9621c3e&,,,,,,,,,
Rex Deckard 3,,,#F33535,,,,,,,,
Rex Deckard 4,,,,Retired T&C Transporter,,,,,,,
Rex Deckard 5,,,,,"Rex had once worked for Tubal & Cain Company, spending 16 years of his life slowly building his career from being a gofer, until he eventually became one of their more reputable transporters of goods.

But as he rose through the ranks and participated in more and more of the company's darker side of arms dealing, handing off powers into the wrong hands and seeing their consequences first-hand, his heart also grew wearier by the day, burdening his conscience.

The final nail in the coffin is an incident during an off-the-book transport mission between T&C and The Olympians delivering a batch of firearms, espertechs, and temp licenses, where upon the successful delivery of the goods, an unfortunate series of events culminated into the deaths of 3 homeless young teens from Central Outskirts.

Shortly after, Rex decided to retire from T&C and has since spent his days working odd jobs such as delivery, transport, and procurement, mainly for the underprivileged community outside of Haven.",,,,,,
Rex Deckard 6,,,,,,"Haven, Terra",,,,,
Rex Deckard 7,,,,,,,,"Rex is a rugged-looking, weary-eyed middle-aged man wearing a Terran leather coat over his relatively tall build. He had thin unshaven beard stubble spread across his chin, and some mildly greying hairs on the root of his head. Multiple signs of old scars can be seen across his face and visible neck area, accrued throughout his years serving as a transporter for T&C.",,,
Rex Deckard 8,,,,,,,,,He/Him,,
Rex Deckard 9,,,,,,,,,,Human,
Reynaud Girardin 1,27,,,,,,,,,,
Reynaud Girardin 10,,,,,,,,,,,Hope
Reynaud Girardin 2,,https://i.pinimg.com/736x/b2/fe/dd/b2fedd4093701d3413a1af58d7c4a6b8.jpg,,,,,,,,,
Reynaud Girardin 3,,,,Far Traveling Poet,,,,,,,
Reynaud Girardin 4,,,,,"He has been all around Kor'Tarion in the passed decade in some way shape or form. Little is known of his deeds aside from the fact that he spins tall tales and writes. Much of the stories of any sort of prowess he would have is dubious at best and an outright lie at worst. The prevailing opinion of the rumour mill about him is likely that he is an alright enough man, that he has the spirit, but just is lacking something to actually make him great.",,,,,,
Reynaud Girardin 5,,,,,,Snowmaw (Kor'Tarion),,,,,
Reynaud Girardin 6,,,,,,,"The Snow Covered Swashbuckler, The Brilliant Bastard, The Steel Poet, The Mistcutter, The Wandering Comet",,,,
Reynaud Girardin 7,,,,,,,,A wiry man passed his prime. Wearing an ensemble that seems to be the spitting image of what a Swashbuckling Hero would wear. The frayed edges of his clothing imply that he is a man of action despite looking very well put together. He wears a well-kept moustache on a face that always seems to just be bordering on a smug grin.,,,
Reynaud Girardin 8,,,,,,,,,He/ Him,,
Reynaud Girardin 9,,,,,,,,,,Human,
Rezul 1,27,,,,,,,,,,
Rezul 2,,https://imgur.com/yMuE9mA.png,,,,,,,,,
Rezul 3,,,,Reckless Monk,,,,,,,
Rezul 4,,,,,"Calling the fire shrine his home for most of his life and training there, he still can't control his emotions that easily. He still feels guilty about heavily injuring one of his friends when he lost his temper. He believes it might be the area he lived in that affected him. Hoping in finding new shards of the moon and getting his temper under control, he sets out on his journey and soon gets discovered by the Worldhelm.",,,,,,
Rezul 5,,,,,,The Fire Shrine of Kor'Tarion,,,,,
Rezul 6,,,,,,,,"He is a pretty skinny and fairly tall warrior monk, who in the shrine has trained his mind the most, at the cost of his finesse and body.",,,
Rezul 7,,,,,,,,,any,,
Rezul 8,,,,,,,,,,Probably Human,
Rezul 9,,,,,,,,,,,Guilt
Rin 1,25,,,,,,,,,,
Rin 10,23,,,,,,,,,,
Rin 11,,https://i.imgur.com/z7ae9y4.png,,,,,,,,,
Rin 12,,,#DC143C,,,,,,,,
Rin 13,,,,Wandering Monster Seeking A Home,,,,,,,
Rin 14,,,,,"Those from or who live around Murata would have heard of a Half-Kitsune who was thrown out of the village many years ago. During those years Rin had taken it upon themselves to protect the village's outskirts in whatever way they could. Since some of the villagers at least still cared for Rin. Though after many years Rin was forced to leave the outskirts of Murata after they discovered how much of a monster Rin's cultivation made them seem.

Cultivators from Tian Yin might see their cultivation as borderline corrupt or highly suspect him of being a corrupt cultivator. Though in reality ||Rin is attempting to purify a corrupt, heavenly cultivation technique that the Kitsune had used in attempt to corrupt and turn Rin to their side. Using their own Demonic Qi against the Heavenly Qi within the technique.||",,,,,,
Rin 15,,,,,,Murata - Teisei - Tian Yin,,,,,
Rin 16,,,,,,,,"Rin is a Half-Kitsune standing roughly at 5'10 (180cm) with a head of messy black hair and tall fox like ears. A pair of yellowish irises that faintly glow in the shadows. Due to their cultivation they often dress lightly with baggy pants or other clothes they've managed to piece together. Their forearm and legs are covered in a thick, matted black fur that goes into a pair of claws and padded paws respectively. Different animalistic parts may grow due to their cultivation technique but those are not always present.",,,
Rin 17,,,,,,,,,Any (He/Him preferred),,
Rin 18,,,,,,,,,,Half-Kitsune,
Rin 19,,,,,,,,,,,Acceptance
Rin 2,,https://media.discordapp.net/attachments/727404704048611382/1227452877048385547/Screenshot_20240409-225735_Samsung_Notes2.jpg?ex=663b9352&is=663a41d2&hm=39bb19f86bbf229492c3f59a660a4eecbf1c664c4d09e11dabbc267b9127f121&,,,,,,,,,
Rin 3,,,,Exotic Game Hunter,,,,,,,
Rin 4,,,,,"Rin's secluded village in the mountains has always had Oni troubles. A particularly powerful white oni has lurked nearby for centuries, and to keep it appeased and at bay, they had to sacrifice one of their own every decade. By a stroke of bad luck, a very young Rin was chosen for this duty. As the horrid oni attempted to consume her soul, her latent psionic abilities awakened, protecting her. However, the process still corrupted her soul with the white oni's essence.

In the chaos, Rin managed to escape, but she was tainted and changed. As she grew up, she developed features similar to those of the oni that had tried to eat her soul all those years ago. She could not return to her village, so she learned to use her abilities and what little she learned in her short time in her old home to survive.

These oni traits included a semblance of its overwhelming hunger. Rin tries to channel her monstrous appetite into rare exotic game to avoid her urges leading to more humanoid targets...",,,,,,
Rin 5,,,,,,Secluded Mountain Village in Teisei,,,,,
Rin 6,,,,,,,,"Extremely pale skin, red-tinged horns, bright crimson eyes, squishy, wears a loose-fitting light gray tunic with a sash and sandals",,,
Rin 7,,,,,,,,,she/her,,
Rin 8,,,,,,,,,,Half-Oni,
Rin 9,,,,,,,,,,,Belonging
Rinchi Amaya 1,19,,,,,,,,,,
Rinchi Amaya 2,,https://safebooru.org//images/4619/10f1d62130327d3ecd56e17fa0ebeac6.jpeg,,,,,,,,,
Rinchi Amaya 3,,,,Half-Yokai (Kitsune) From a Fallen Warrior Family,,,,,,,
Rinchi Amaya 4,,,,,"From a fallen warrior family who once protected a small village from threats. After her mother, the head of the family, was forcibly impregnated by a kitsune, there was nobody to protect the village as the elders of the family had retired.
Doom swiftly fell upon the village as monsters attacked, wiping half of the village out. The survivors cursed the family out and exiled them.

Now 19 years old and having been trained in the ways of combat and magic by her mother, Rinchi sets out to take revenge on her father to restore her family's honor.",,,,,,
Rinchi Amaya 5,,,,,,"Teisei, Tian-Yin",,,,,
Rinchi Amaya 6,,,,,,,,"167cm tall, long teal hair, teal fox ears and tail with white tips.",,,
Rinchi Amaya 7,,,,,,,,,Female,,
Rinchi Amaya 8,,,,,,,,,,Half-Yokai (Kitsune),
Rinchi Amaya 9,,,,,,,,,,,Vengeance
Ritveja 1,32,,,,,,,,,,
Ritveja 2,,https://cdn.discordapp.com/attachments/665100104386215986/1320462293376438322/IMG_1189.png?ex=67783057&is=6776ded7&hm=99e5c387f2ed0c967b1e5f5a12b717c9fea609d2142c1e48dc4e7c3cf973a87b&,,,,,,,,,
Ritveja 3,,,,Puzzling Wanderer,,,,,,,
Ritveja 4,,,,,"A strange and eccentric trader who answers to the name Ritveja. She roams a circuitous path between cities and settlements, large and small, foraging and hunting for unique plants, furs, and other curiosities to trade to the people she meets along the way. While seeming harmless and unassuming to many, in the rare scenarios where she has to defend herself or a town she visits, the knowledge of Formations, and the Void Qi she has cultivated over her travels make her capable of being a steadfast defender when she is needed.",,,,,,
Ritveja 5,,,,,,"Leytik, Tian Yin",,,,,
Ritveja 6,,,,,,,,"Ritveja stands at 6’2” of height, with a somewhat broadly built frame, as is typical of all of her kind. Her brown fur, which is kept manageably trimmed at all times, is often speckled with simple braids and beads made from shells, rocks, and leather, complimenting the strange ensemble of items that dangle from her robes, causing a light clinking noise whenever she approaches. Apart from her various baubles and curios, she has precious little in the way of other possessions, aside from the large staff she uses to walk, and a large knapsack by her side, always empty.",,,
Ritveja 7,,,,,,,,,She/Her,,
Ritveja 8,,,,,,,,,,Yakshi,
Ritveja 9,,,,,,,,,,,Community
Robbins 1,38,,,,,,,,,,
Robbins 10,,,,,,,,,,,Hope
Robbins 2,,https://i.pinimg.com/736x/a6/bc/47/a6bc47b00ab3d263777b1e546b3edd7a.jpg,,,,,,,,,
Robbins 3,,,#80bfff,,,,,,,,
Robbins 4,,,,Loving Protector,,,,,,,
Robbins 5,,,,,"Robbins has lived all his life in the Kullroc Glacier, in Aldistir, and was given his intelligence already later in his life, choosing to maintain his animal form. 
In the Kullroc, he created a family for himself and has a partner and three children. Having a family brought a realization to Robbins' mind: he wants them to be safe. He then finds himself reluctant to associate with Kuzunoha, and finds Nimue's values a lot more sensible.
After Nimue's death, Robbins told his family he was going on a gastronomic adventure around the land, to come back with more recipes, but instead, he grabbed an Ald's helmet and left to protect the realm, as best as he could, hoping this would bring peace to his family.",,,,,,
Robbins 6,,,,,,"Kullroc Glacier, Aldistir",,,,,
Robbins 7,,,,,,,,"Robbins is a fat, but tall (for a penguin) creature, standing at 1.25 meters of height and a whopping 43 kilograms of weight. He is often found overencumbered, as he carries his many ingredients, as well as helmet or shields made for normal sized humans.
His bubbly and overly kind demeanor leads him to talk and offer help to just about anybody. While kindness has its bounds, Robbins' regularly increases to match the size of a request.",,,
Robbins 8,,,,,,,,,He/Him,,
Robbins 9,,,,,,,,,,Yokai (Penguin),
Robin 1,Died at 25,,,,,,,,,,
Robin 2,,https://i.imgur.com/zJCrx99.png,,,,,,,,,
Robin 3,,,,The Yielded Knight of the Sun,,,,,,,
Robin 4,,,,,"When he first arrived in Idyll, he wandered its peaceful lands before they were tainted by evil. His journey led him to Nirve, where he became Captain of the Guard. Empowered with authority, he was always ready to help those in need, his dedication serving as an inspiration to the people.

But after the fall of Idyll, something within him changed. Despite his relentless efforts to protect the realm, he eventually withdrew from the fight, abandoning his duties. No longer a hero, he became reclusive and aimless, the fire that once drove him extinguished, leaving behind only the shadow of a once-great leader.

Just like when he was still living in his own and much older Realm.",,,,,,
Robin 5,,,,,,"Nirve, Idyll",,,,,
Robin 6,,,,,,,,"Height: 175 Cm
Weight: 80 kg
Physique: Slim Effeminate

Unique Feature: Both of his arms are Spectral and See through. Within them you see different objects, from potions, to chains, to swords, to axes, and more. 

For Clothing and Looks use image as basis :3",,,
Robin 7,,,,,,,,,Any,,
Robin 8,,,,,,,,,,"Idyllic Soul, Human",
Robin 9,,,,,,,,,,,Doubt
Rokuro Tamashii 1,24,,,,,,,,,,
Rokuro Tamashii 2,,https://cdn.discordapp.com/attachments/848681529353306172/1258930493429252186/Rokuro_2.png?ex=6689d5e3&is=66888463&hm=2e1a228f67f3f3ca97f264a94082b3af2f741a1894ab9df6faad30a9ac1746de&,,,,,,,,,
Rokuro Tamashii 3,,,,Salesman of Souls,,,,,,,
Rokuro Tamashii 4,,,,,"Most of his history is kept a secret from others but regardless of where he goes he tends to cause rumors to emerge due to his off putting behavior.

The title Salesman of Souls comes from a belief that most of his wares are actually the souls of anything that crosses his path during his travels though the extent of this has varied with some claiming to have even have been saved from the clutches of monsters due to this tendency.

Some believe that he may have been a former member of a heritage of cultivators but it's been well known that any questions regarding this topic are often ignored.

Some even speculate that Tamashii isn't a real last name but something he simply made up during the fall of the gods.

The truth is that everything people speculate is much closer to fact than fiction yet one thing that's clear is a lack of willingness to share any details himself.",,,,,,
Rokuro Tamashii 5,,,,,,Tian Yin (Subrealm of Sangang-Daan),,,,,
Rokuro Tamashii 6,,,,,,,,"Brown hair but with streaks of a white that almost looks like the color was scraped out of it over time.

Often seen in his travelling clothes he always wears a calm smile. Because of this he is often seen as shady even by those he conducts business with.

He's taller than most at 6 feet yet not so much that it would seem abnormal.",,,
Rokuro Tamashii 7,,,,,,,,,He/Him,,
Rokuro Tamashii 8,,,,,,,,,,Human,
Rokuro Tamashii 9,,,,,,,,,,,Denial
Rolando Yitters | Sleepy Chef 1,37,,,,,,,,,,
Rolando Yitters | Sleepy Chef 2,,https://cdn.discordapp.com/attachments/1179610873271177236/1244330278974001232/a8fa7ba9fe23dee2bd87dec10a5b7c82.png?ex=6656b2a1&is=66556121&hm=f38055c951474957a140cd43b0c5f2cdf204c3d402d3de909589cb13df9aa7d3&,,,,,,,,,
Rolando Yitters | Sleepy Chef 3,,,,Let food warm the body and battlefield.,,,,,,,
Rolando Yitters | Sleepy Chef 4,,,,,"The Faerie Realm of Kor'Tarian, the home of the mystical and magical, hidden away from the mortal plane. A realm where maps are words and grass giggles beneath your feet. One would think that a denizen from that realm would be… boisterous, flamboyant, or even a little crazy…
Not sleepy and dozing off every few minutes.
Rolando Yitters, quite young for a Fae, is a former resident of the Faerie Realm, exiled by the court's decree after feeding mortals food of the Fae, resulting in a… messy outcome.
Being cursed to forever be drowsy and getting sent to the mortal plane wasn't enough to dampen Rolando's love of his craft, and when a realmstorm brought him to the Worldheim, he knew he could spread that love even further, never letting anyone go hungry while he was around.",,,,,,
Rolando Yitters | Sleepy Chef 5,,,,,,Exiled Fae from the Kor'Tarian Realm,,,,,
Rolando Yitters | Sleepy Chef 6,,,,,,,,"5’ 10” and weighing 177 pounds, he has a rather light stature, but not one that makes him look thin as he is most definitely not malnourished.",,,
Rolando Yitters | Sleepy Chef 7,,,,,,,,,He/Him,,
Rolando Yitters | Sleepy Chef 8,,,,,,,,,,Kor'Tarian Fae,
Rolando Yitters | Sleepy Chef 9,,,,,,,,,,,Heart
Ronan Ashwynd 1,28,,,,,,,,,,
Ronan Ashwynd 2,,https://i.imgur.com/x3cz9Hc.png,,,,,,,,,
Ronan Ashwynd 3,,,,The Dread Hunter,,,,,,,
Ronan Ashwynd 4,,,,,"Ronan Ashwynd was born into the storied Ashwynd Clan, renowned for their expertise in hunting demons and monsters. However, his heritage held a dangerous secret. His mother was a Fae, and his father kept this truth hidden for years. When Ronan was a teenager, the secret of his mixed blood was revealed, leading to his banishment from the clan. The betrayal cut deep, leaving Ronan with resentment toward the family that raised him yet rejected him for something beyond his control.  

Forced to survive alone, Ronan embraced both his Ashwynd training and his Fae powers, using them as tools in his quest to carry on the clan's mission. Despite his dedication, his Fae abilities often mark him as an outsider, drawing mistrust from the human populace. Now, Ronan wanders Kor'Tarion as a lone hunter, grappling with the weight of his dual nature and the shadow of his past while carving his path forward as both a protector and an outcast.",,,,,,
Ronan Ashwynd 5,,,,,,"Old Melin, Kor'Tarion",,,,,
Ronan Ashwynd 6,,,,,,,,"Ronan stands tall at 6'2"", his imposing presence enhanced by a cloak of dark fur draped over his shoulders. His skin carries a rich, sun-worn tone, complemented by dark brown hair that falls in unkempt waves. A single piercing sky blue eye peers out from beneath his brow, the other concealed beneath a weathered eyepatch. Beneath the cloak, he wears a black vest paired with rugged traveler’s garb, hinting at a life of constant motion. Rings of piercings adorn his ears, adding a touch of rebellious flair to his otherwise stoic appearance.",,,
Ronan Ashwynd 7,,,,,,,,,Uh/Oh,,
Ronan Ashwynd 8,,,,,,,,,,Half-Fae,
Ronan Ashwynd 9,,,,,,,,,,,Survival
Rosanna Westwood 1,23,,,,,,,,,,
Rosanna Westwood 2,,https://media.discordapp.net/attachments/1003362469495971840/1205351898878582865/Screenshot_2024-02-04_231327.png?ex=663b97af&is=663a462f&hm=8f9a16668f35ece0ea48c7f807ef907fb27544e8923958817d9517f3f1ac0d51&,,,,,,,,,
Rosanna Westwood 3,,,,Distant Protector with a Heart of Gold,,,,,,,
Rosanna Westwood 4,,,,,"Rosanna doesn’t like to talk about her past, but the fading, incomplete set of scaled brands that drift across her collar bone tell part of the story on their own. The usually reserved, often intimidating young woman sticks close to the companion she arrived with at all times, with the two of them frequently appearing to communicate nonverbally and always knowing how the other is feeling or what they’re thinking… Though only those with the ability to see souls would understand how this is accomplished. 

Her presence with the cat-eared young man at dinner every night is guaranteed, yet despite this, no one ever seems to see her eating. A keen eye could catch a glimpse of oversharp canines when she chances a smile. Rose seems to take much interest in experiencing new places, even if she would not admit it, and expresses fascination in what others would deem mundane. Although she appears aloof, even the most oblivious of people would notice how she drools at the sight of a candy shop.",,,,,,
Rosanna Westwood 5,,,,,,"Skamos, Nezmira",,,,,
Rosanna Westwood 6,,,,,,,,"Rosanna is a tall (standing at around 6’2”) young woman with bobbed pink hair and brown eyes. She opts to dress in purples and blacks at every opportunity, but doesn’t seem to mind lace or frills. Her default outfit consists of a dark purple off-the-shoulders shirt with wide sleeves (cinched at the elbows with ribbon), a dark corset, and a mid-calf black skirt overtop a layered purple and black petticoat. She also tends to wear an insulation layer on her legs, hidden beneath the layers of skirt and her boots.",,,
Rosanna Westwood 7,,,,,,,,,She/Her,,
Rosanna Westwood 8,,,,,,,,,,Human (vampiristic),
Rosanna Westwood 9,,,,,,,,,,,Hope
Rowan Sondergaard 1,54 years old,,,,,,,,,,
Rowan Sondergaard 2,,https://media.discordapp.net/attachments/257623687170097154/1179220308390051911/Kleimann-4-star.png?ex=663b72be&is=663a213e&hm=4ea7bbd83a8f976f1a0a052522476f35f2d043cb0b126f75d9036dfa5fdf7816&,,,,,,,,,
Rowan Sondergaard 3,,,,Tenured Professor of Nature,,,,,,,
Rowan Sondergaard 4,,,,,"At Hudal Academy, there's a common warning - ""Don't take Environmental Magic 101"".  The head of the Nature Department, Professor Sondergaard has been teaching at the academy for at least 25 years, and has gained a bit of a reputation for being a bit of a scary teacher. His unwavering love for all things natural can come off as a bit intimidating to other, but it is that fervor that has earned him such a prestigious position at the academy. 

Recently, he learned about the enigmatic phenomena known as Realmstorms, and he set off on a month long field trip with his students to investigate. When it was nearing the end of the trip, when Rowan was working throughout the night, he noticed this fantastical show of colours outside his tent, and ran to see what it was. He was greeted by what he'd been searching for, a Realmstorm! He grabbed whatever was near him and just started running towards it. One bright flash of light later, he found himself on the Worldhelm, surrounded by strange people.",,,,,,
Rowan Sondergaard 5,,,,,,Hudal Academy,,,,,
Rowan Sondergaard 6,,,,,,,,"Rowan stands at 5'11"" with a frail build befitting a researcher. He is always seen wearing his hat and visor, which glows a slight blue hue. Rowan sports a blonde beard he keeps well trimmed, although it can get unkempt if he delves too much into his research notes.  He wears a purple robe adorned with jewels and carries a botany textbook which doubles as a magic tome.",,,
Rowan Sondergaard 7,,,,,,,,,He/Him,,
Rowan Sondergaard 8,,,,,,,,,,Human,
Rowan Sondergaard 9,,,,,,,,,,,Curiosity
Roy ⚡ 1,19,,,,,,,,,,
Roy ⚡ 2,,https://images-ext-1.discordapp.net/external/ArX3HWU1PRRsXzz6I605hs7mWrnmTTb73BFGJVUQK4o/https/i.postimg.cc/Gh19ngxd/Gunvolt-GV3.webp,,,,,,,,,
Roy ⚡ 3,,,,Shy but Electric Inventor Who Can't Sit Still,,,,,,,
Roy ⚡ 4,,,,,"Roy is a young electric inventor who evades responsibility, often using the excuse of putting all of his effort into his self-named exosuit, ""Megasword"". 

Roy grew up in an impoverished family, he and his parents trying to become magitech engineers. His younger years were full of magitech study, his parents holding hope in Roy's genius. 

He was told as he was growing up to not to touch metal, others, or go swimming. They made one exception though, ""Megasword"". This was something Roy drew pictures of as a child, and worked on all the time. One day, a school friend tried to grab the compressed box that holds Megasword out of his hands, trying to pull a prank. Roy, out of surprise, shocked the heart of his friend until it stopped. The memory rings in his head to this day.

Roy left his only friends, his family, recently after his father begged him to leave the city that already shunned him. He only recently has begun to use his gifts for something other than keeping his family afloat.",,,,,,
Roy ⚡ 5,,,,,,Merrane,,,,,
Roy ⚡ 6,,,,,,,,"5' 10""
175 lbs.
Bolt Blue Eyes
Contact with Roy Can Shock",,,
Roy ⚡ 7,,,,,,,,,He/They,,
Roy ⚡ 8,,,,,,,,,,Electric-Soul Human,
Roy ⚡ 9,,,,,,,,,,,Self-Love
Ruby Rivers 1,"Early/mid twenties, biologically",,,,,,,,,,
Ruby Rivers 10,,,,,,,,,,"Human-appearing biological chimera, containing aspects of Lhodosian Nimue",
Ruby Rivers 11,,,,,,,,,,,Agency
Ruby Rivers 2,,https://i.imgur.com/GXSjkWA.png,,,,,,,,,
Ruby Rivers 3,,,#4c1313,,,,,,,,
Ruby Rivers 4,,,,Synthetic Demigod Born of War,,,,,,,
Ruby Rivers 5,,,,,"The perfect soldier, from what they had seen. Nightmare to hostiles, a killing machine.

Codenamed Project R. Instance labelled Rho-Beta. Her self-assigned name came much later.

Ruby is, as far as she's been made aware, the last living result of a Lhodosian black site project to replicate the power of the gods. An attempt to create the perfect adaptable supersoldier.

It didn't go well for them.

After escaping, Ruby was taken by the Worldhelm - presumably an attempt by Yubel to direct and corral this force of nature into something that could be used for good. Though she's certainly taken the long way around to do so, with the help of fellow Goldhearted, she's gotten there.

Of course, she DID have to kill and eat what was ostensibly her brother, but that's a story for another time.",,,,,,
Ruby Rivers 6,,,,,,"Caldera, Lhodos",,,,,
Ruby Rivers 7,,,,,,,"Project R, Rho-Beta",,,,
Ruby Rivers 8,,,,,,,,"Ruby is 6'0"", weighing 174 lbs. She is generally clad in loose, light clothing, and any extra layers are similarly light so they can be removed if necessary.

When her flesh warps through Akromorphosis or her Therioforms, it seems to liquify, appearing like a non-Newtonian fluid as it shifts into its new form.

Floating behind her at all times are the twin halves of the 77th Holy Sword, Damocles, earned and hard-fought for in a battle against Project Q, or Quinn.

Art from D&D's Tasha's Cauldron of Everything; if anybody finds the actual artist, let me know so I can update the bio.",,,
Ruby Rivers 9,,,,,,,,,She/Her,,
Rulekeeper 1,Originally 20 but unknown since entering the Faerie Realm,,,,,,,,,,
Rulekeeper 2,,https://i.postimg.cc/QCqywZfk/dgj09mj-ae050426-1e02-42ab-8864-2d1da50de0b7.jpg,,,,,,,,,
Rulekeeper 3,,,,"Borrowed Name, God of Vermin",,,,,,,
Rulekeeper 4,,,,,"Once a student who one day ventured too close to a Fae domain with their colleagues. They all became trapped in the Fae Wilds and eventually were pulled into the gloom. Only the Rulekeeper escaped by making a deal with a powerful Fae, agreeing to serve them and losing their humanity.

However, even the process of becoming a fae could not rid the gloom from them completely and it continues to draw him closer no matter how far he may flee.

Still, they have a large amount of gratitude both towards their Fae master who saved them and their fellow Goldhearted who he believes have saved him again and again.",,,,,,
Rulekeeper 5,,,,,,"The Faerie Realm, Domain of Equinox(Kor'Tarion)",,,,,
Rulekeeper 6,,,,,,,,"Wears a large black cloak with further black colored clothing underneath covering most of their body. Even their hands are covered in gloves and their feet with large boots.

They are heavily adverse to any of their skin being seen going as far as wearing a strange mask. The only thing that can often be seen is a pink glow from beneath the eye slots of the mask whenever they exercise their influence as a Fae.

Their exposed skin would reveal the illness that plagues them. A colorless haze that leaks from them as an indicator that the gloom once made direct contact.",,,
Rulekeeper 7,,,,,,,,,He/Him,,
Rulekeeper 8,,,,,,,,,,"Once Human, now fae servant to the Rulemaker",
Rulekeeper 9,,,,,,,,,,,Gratitude
Runihura 1,24,,,,,,,,,,
Runihura 2,,https://i.imgur.com/jEYnY7g.png,,,,,,,,,
Runihura 3,,,,Fated Survivor on the Run,,,,,,,
Runihura 4,,,,,"A ex-servant in the palace of the Alaoui family, witness to the destruction and decay left by Vanagandr. The ruin left in the wake was enough for Runihura to flee the city and so he did. His status since the incident has been vague with the occasional spotting in various Nezmiran cities.",,,,,,
Runihura 5,,,,,,"The City of Scales, Nezmira",,,,,
Runihura 6,,,,,,,,Runihura's scaled tattoos would run along their neck and chest depicting their knowledge in Entropism. He stands around 5'9 with long black hair that goes past his waist.,,,
Runihura 7,,,,,,,,,He/Him,,
Runihura 8,,,,,,,,,,Human,
Runihura 9,,,,,,,,,,,Acceptance
Sable 1,19,,,,,,,,,,
Sable 2,,https://i.imgur.com/j4aQFgd.png,,,,,,,,,
Sable 3,,,,Ambassidor of Ixital,,,,,,,
Sable 4,,,,,Sable is the Ambassidor of Ixatali and the Goldhearted. Once her people learned of the Worldhelms existence and Sable's gold-hearted status she was appointed Ambassador of her people to keep tabs on the potential danger something like the Worldhelm could hold on Samsara. More recently her people have begun casting a deadly doomsday spell on the people of Nezzmira below that she dose not support and has been tirelessly working to prevent.,,,,,,
Sable 5,,,,,,"Nezmira, Islands of Samsara",,,,,
Sable 6,,,,,,,,"Standing 177cm tall, regal pearlescent swan-feathered Ixitali, with large white wings that bridge out in iridescent color of all kinds. She holds her wings before herself when standing, forming a feathered dress-like visage, and tends to look at things suddenly and directly when giving something attention. The rest of her body is lightly covered in the same feathery down as her wings outside of her stomach area (usually covered by how she holds her wings together in front of her like a veil). Her legs are like two small long twigs ending in two very sharp looking three taloned feet.",,,
Sable 7,,,,,,,,,She/Her,,
Sable 8,,,,,,,,,,Ixitali,
Sable 9,,,,,,,,,,,Hope
Saga 1,???,,,,,,,,,,
Saga 2,,https://media.discordapp.net/attachments/1170112931187413082/1282863976895610941/7feb9ed34a0c1ea0a7892e38c6421a64.png?ex=66e0e7ae&is=66df962e&hm=c86c047ae2875f7e67501f0fa3e0747a73725cf005d44795adbff1511ff23988&=&format=webp&quality=lossless&width=&height=,,,,,,,,,
Saga 3,,,,A Story that Has Lost Their Title,,,,,,,
Saga 4,,,,,"Most of her own history is obscured to herself, she is aware that she was a Inkstone written to detail a story about Aldistir and often tells what little of the story she remembers. The stories of others, on that topic, seem to catch her attention rather well and this ship she has now found herself on has so many to record.",,,,,,
Saga 5,,,,,,"The Hollow Mountains, Aldistir",,,,,
Saga 6,,,,,,,,A generally humanoid woman at 5'10 with white hair that goes just past her shoulders though more notable would be various ink stains that coat their form and the long spindly fingers that constantly drip ink.,,,
Saga 7,,,,,,,,,She/Her,,
Saga 8,,,,,,,,,,Yokai (Suzuri no Tamashii-esque),
Saga 9,,,,,,,,,,,Understanding
Sahar'divh 1,32,,,,,,,,,,
Sahar'divh 2,,https://i.imgur.com/QA8692J.png,,,,,,,,,
Sahar'divh 3,,,,Seeker of Knowledge By Any Means,,,,,,,
Sahar'divh 4,,,,,"Sahar did not really know his parents, other than what they left behind for him and his two brothers. That primarily being the grand library of their house filled with collections of books and tomes and encyclopedias of the world from the time his parents traveled it. One day, they just never came back from their travels. So then as Sahar'divh grew up he buried himself in those books those same books that made him feel like his parents never really left. He had a love for reading and knowledge is what led to become a studious mage and travel the world to learn new things above all else to follow in their footsteps, and perhaps along the way, if he is incredibly lucky find his parents or at least find out what happened to them. All the while repressing the feelings he has of abandonment and resentment to those who were supposed to raise him.  As for Sahar'divh's brothers, they were all distant from one another and each pursues different paths. Despite only having each other.",,,,,,
Sahar'divh 5,,,,,,"Caer Laie, Kor'tarion",,,,,
Sahar'divh 6,,,,,,,,"Standing at 5 ft 10 inches with an ""unrefined"" build a pale non-threatening looking scholar adorned with purple robes, meanders about. A monocle adores his one eye. Whether or not it serves a purpose is hard to tell from a glance. An unkempt mess of light purple hair sits atop his head. At his side and often in his arms resides a book that is often different from day to day ranging from many topics. To describe him, physically, as a bookworm would be an understatement.",,,
Sahar'divh 7,,,,,,,,,He/Him,,
Sahar'divh 8,,,,,,,,,,Human,
Sahar'divh 9,,,,,,,,,,,Knowledge
Samuel Reyner 1,65,,,,,,,,,,
Samuel Reyner 10,,,,,,,,,,,Duty
Samuel Reyner 2,,https://i.pinimg.com/564x/d7/b7/8c/d7b78c990598bafef5de928dcae5cfa8.jpg,,,,,,,,,
Samuel Reyner 3,,,#8c8c8c,,,,,,,,
Samuel Reyner 4,,,,A Knight Past His Prime,,,,,,,
Samuel Reyner 5,,,,,"Born into Birghtshield, Samuel was a model citizen. Working as a guard in Brightshield for years before reaching the point in his life where he was happy to retire. Until demon attacks spiked and the city went into high alert. Being unable to provide proper work as a guard as his body isn't what it once was, he still looked for ways to help as he felt he still had a duty and responsibility to the city. Until something else called for his attention and now he is here.",,,,,,
Samuel Reyner 6,,,,,,"Brightshield, Kortarion",,,,,
Samuel Reyner 7,,,,,,,,"An older man, standing at attention at 6'0. Time already turned most of his hair to a light grey while smile lines and crows eyes helped show his age. Most would rarely see him with a supportive smile and a reassuring aura that comes with doing his job well for a long time.",,,
Samuel Reyner 8,,,,,,,,,He/Him,,
Samuel Reyner 9,,,,,,,,,,Human,
Sarah Montrofier 1,21,,,,,,,,,,
Sarah Montrofier 2,,https://cdna.artstation.com/p/assets/images/images/038/811/804/large/morry-eelene.jpg?1624128530,,,,,,,,,
Sarah Montrofier 3,,,,Urchin with a Dream,,,,,,,
Sarah Montrofier 4,,,,,"Growing up in slums of Tradefair in Kor'Tarion, Sarah always dreamed of leaving her life of poverty. Although she developed the skills to steal, she only really stole from the corrupt aristocrats of the city. At a certain point, she met a Dancer woman from a traveling show. Sarah saw immense beauty in the Dancer's art form, asking the woman to teach her how to dance, and so she was taught. Over the time that the Dancer was within Tradefair, she taught Sarah to the best of her ability, Sarah taking in every bit of information and move that she could. The Dancer woman eventually left, and Sarah left Tradefair herself to learn more Dancing and Roguish skills so that she could truly become a big shot.",,,,,,
Sarah Montrofier 5,,,,,,"Tradefair, Kor'Tarion",,,,,
Sarah Montrofier 6,,,,,,,,"Her skin is a deep tan, her short hair pitch black like the night sky, and her eyes are a grayish blue. She stands at 5'8ft with a slim yet lean athletic figure. Sarah wears a red cape with a hood over herself and her chest covered by a crimson wrap. Sarah's ears and neck are decorated with gemmed silver and gold jewelry, though most of it fake. Below the waist she wears incredibly baggy cloth pants held up by a leather and iron belt with a satchel attached, on her legs are leather boots the go up to her calf and shin. On her hands are fingerless leather gloves with bracelets gemmed with large opals, which are also fake.",,,
Sarah Montrofier 7,,,,,,,,,She/Her/Her's,,
Sarah Montrofier 8,,,,,,,,,,Human,
Sarah Montrofier 9,,,,,,,,,,,Hope
Saroja Narayan 1,29,,,,,,,,,,
Saroja Narayan 10,,,,,,,,,,,Justice
Saroja Narayan 2,,https://i.pinimg.com/564x/c6/6a/b8/c66ab811512c4703b65abd8235d3e965.jpg,,,,,,,,,
Saroja Narayan 3,,,#5D2AA8,,,,,,,,
Saroja Narayan 4,,,,Gardener in the Graveyard,,,,,,,
Saroja Narayan 5,,,,,"Saroja was born into one of the few villages hidden in the Viper Gardens. There one could say she had a quiet life, living amongst the dead. There she cultivated her own Purusa, connecting with the ambient flow of such things around her, to even gaining a connection with the beings that surrounded her home. So with care she strengthened this connection. And as her spirit connected with the world around her, her body began the spark of a physical transformation. A spark that has begun to be slowly tended to until it was left behind to fix a mistake she made.",,,,,,
Saroja Narayan 6,,,,,,"The Viper Gardens, Bahata Khajaana",,,,,
Saroja Narayan 7,,,,,,,,"Standing at 5'5 , Saroja is dressed in the simple and traditional clothing of her home. Now, she is often decorated with flowers to regain any semblance of who she was before.",,,
Saroja Narayan 8,,,,,,,,,She/They,,
Saroja Narayan 9,,,,,,,,,,Human,
Sasha 1,23,,,,,,,,,,
Sasha 2,,https://media.discordapp.net/attachments/1170110564819816468/1202600461883023390/msg120590343-31071.jpg?ex=663b7875&is=663a26f5&hm=b1de3442d6cc2eeb08a887d3efdd8b9df4b0a428e7d1b3e40768636f83515d96&,,,,,,,,,
Sasha 3,,,,Wayward Rebel,,,,,,,
Sasha 4,,,,,"Born in Merrane, his family left a few months after his birth. During the voyage, his mother and others of the group got captured by the Kingdom's army.
As a result Sasha grew up travelling with his father among the refugee camps at the border; he had a penchant for shenanigans and tricks, not knowing his father had built up a group of rebels to storm Merrane in search for intel on the lost members.
In time he got old enough to join the Wayward Bears in their quests, starting with the harshest training his father could devise, which clashed with Sasha's idea of life and got him his nickname ""Wayward Rebel"". When he finally grew strong enough he was assigned a mission, which went all kinds of wrong. Most of the group got captured, and he only saved himself by highjacking an old magitech Mech. Just when he was almost at camp a rainbow light hit him and he found himself on the Worldhem.",,,,,,
Sasha 5,,,,,,Karlsgard,,,,,
Sasha 6,,,,,,,,"Tall, well built human, usually wearing tank tops, cargo pants and other comfortable clothes. When in mission favours a dark tunic that offers limited protection and helps mixing with shadows. Has two daggers of different intent, one white, the other black",,,
Sasha 7,,,,,,,,,He/Him,,
Sasha 8,,,,,,,,,,Human,
Sasha 9,,,,,,,,,,,Justice
Satsori 1,30,,,,,,,,,,
Satsori 2,,https://i.postimg.cc/wj9q82Nv/image-2024-07-19-153502278.png,,,,,,,,,
Satsori 3,,,,Loyal Tough Mercenary,,,,,,,
Satsori 4,,,,,"Once part of the Caldera's infantry, Ogha's retired after a failed squirmish against a group of bandit left her scared from a while in both mental and physical state. She would spend the rest of her life training her body as a coping mechanism to forget this tragic event. She put on this face of a tough girl to hide her trauma. Now enlisted as a mech pilot, she hopes to at least prove herselft even if she's haunted by her past, to both herself and others.",,,,,,
Satsori 5,,,,,,"Caldera, Lhodos",,,,,
Satsori 6,,,,,,,,"6,0 ft, 200 lbs, broad muscular figure, scars, red hairs, red iris (right) and blue iris (left).",,,
Satsori 7,,,,,,,,,She/Her,,
Satsori 8,,,,,,,,,,Human,
Satsori 9,,,,,,,,,,,Ambition
Saya 1,27,,,,,,,,,,
Saya 2,,https://images-ext-1.discordapp.net/external/hn3hAxBoQNh63OKxLP7hTwfpPiuq7xOrnPgWMLXVzkU/%3F1675185339/https/cdna.artstation.com/p/assets/images/images/058/819/474/4k/dao-trong-le-murasaki-2.jpg,,,,,,,,,
Saya 3,,,,Fang of the Moon's Shadow,,,,,,,
Saya 4,,,,,"Saya hails from Ishiyama, the first Oni stronghold of the realm of Teisei. It is known that she shares a soul bond with some type of shadow spirit which appears to reside in the reliquary on her hip. She has spent recent years combatting evil Yokai and those that would follow them with the aid of her bonded spirit Kyoei, The Lunar Shadow.",,,,,,
Saya 5,,,,,,Ishiyama,,,,,
Saya 6,,,,,,,,"Saya appears to be in her 20's with white hair tumbled into a bushy ponytail. Her eyes are violet, matching the color of the shadow flame within her reliquary hanging from her belt. She stands roughly 5'6"" with a lean frame. She wears a white and black kunoichi garb accented with red bronze. Her bracers are inlaid with two amethysts from Ishiyama which she once called home. In her hair, a bronze ornament in the shape of two parallel horns. She wears an ornate katana at her side.",,,
Saya 7,,,,,,,,,She/Her,,
Saya 8,,,,,,,,,,Human,
Saya 9,,,,,,,,,,,Vengeance
Scarlet Alba 1,~30s?,,,,,,,,,,
Scarlet Alba 10,,,,,,,,,,Human? At one point.,
Scarlet Alba 11,,,,,,,,,,,Hope
Scarlet Alba 2,,https://i.imgur.com/lRe0oFN.png,,,,,,,,,
Scarlet Alba 3,,,#900000,,,,,,,,
Scarlet Alba 4,,,,The Bloody Mistake,,,,,,,
Scarlet Alba 5,,,,,"""They broke me, but they made a mistake... They made my body my weapon...""

Once, she was nothing. Tested and drained until all that remained was a pale, hollow shell—her skin, hair, and eyes stripped of colour as everything that made her human faded away. She had no name, no self. Only a designation: Project 0413.

But the blood remembers. And the blood evolves.

The blood remembered warmth, even when she did not. The blood remembered emotion, even when her heart had long been silenced. And when it finally tore through its prison, it remembered one last thing—not everyone is cruel. Not all hands reached for her with needles and chains. In the chaos of her escape, there were those who whispered her name instead of a number. Those who hid her, who opened doors meant to stay locked, who saw the ghost she had become and chose not to fear her.

A name was given to the ghost,  Scarlet Alba.

Now, she seeks to relearn. To rebuild. To remember, and to make sure no one suffers a similar fate.",,,,,,
Scarlet Alba 6,,,,,,"Secura, Terra",,,,,
Scarlet Alba 7,,,,,,,Project-0413,,,,
Scarlet Alba 8,,,,,,,,"Scarlet stands tall, her entire form devoid of colour—a striking canvas of pale white. The only contrast comes from the vivid crimson markings that slither across her skin like living tattoos, shifting and flowing at her command.",,,
Scarlet Alba 9,,,,,,,,,She/They,,
Selaphonea 1,24,,,,,,,,,,
Selaphonea 2,,https://cdn.donmai.us/sample/94/83/__laura_black_survival_and_1_more_drawn_by_mea_hwaksal__sample-94830043a3176ff59479a79a05da7c5b.jpg,,,,,,,,,
Selaphonea 3,,,,Aspiring Star,,,,,,,
Selaphonea 4,,,,,"Once a girl with a dream, to sing for the world with her wonderful voice, she has been disilusioned, still holding on to her dream however, hoping to one day change the world for the better through her voice.",,,,,,
Selaphonea 5,,,,,,Terra-Haven,,,,,
Selaphonea 6,,,,,,,,"A beautiful and enticing woman standing at a statuesque 6 feet 4 inches, she was engineered by SWORD to not only look as good as possible.",,,
Selaphonea 7,,,,,,,,,She/Her,,
Selaphonea 8,,,,,,,,,,Human,
Selaphonea 9,,,,,,,,,,,Dreams
Sella Askelson 1,21,,,,,,,,,,
Sella Askelson 2,,https://i.ibb.co/xH200wN/image0.jpg,,,,,,,,,
Sella Askelson 3,,,,Winged Paladin Blessed by Nimue,,,,,,,
Sella Askelson 4,,,,,"* Parents are nomads
* parents killed at Kald Forest, passerby warrior saves Sella
* brought to camp von Kibo, grow up
* aim to become a warrior to protect the weak
* in a nearby village when kitsune raid
* Sella attacc, Sella protecc
* Sella barely kill a bit kitsune
* Nimue blesses her
* later kidnapped by snowstorm to Worldhelm",,,,,,
Sella Askelson 5,,,,,,Camp von Kibo,,,,,
Sella Askelson 6,,,,,,,,"* Ald woman
* Tall, muscular build, 190cm
* Blonde hair she wears down, ice blue eyes
* Simple bronze sword + large runes-inlaid shield
* Bronze brigandine above chainmail, circlet
* White wings she can extend and retract from her body at will",,,
Sella Askelson 7,,,,,,,,,She/her,,
Sella Askelson 8,,,,,,,,,,Ald,
Sella Askelson 9,,,,,,,,,,,Protection
Selvaria Lightheart 1,42,,,,,,,,,,
Selvaria Lightheart 2,,https://cdn.donmai.us/original/6b/4b/__theresa_arknights_drawn_by_nueegochi__6b4bb21d7e2aa69a72cf1015fe36bd59.jpg,,,,,,,,,
Selvaria Lightheart 3,,,,Mistress of Light,,,,,,,
Selvaria Lightheart 4,,,,,"Not much is known about Selvaria besides the fact that she cared for those that resided in Camp Von Kibo as if they were her own children, helping the sick, the mournful, and the lost. Her history as being a prominent figure of tending to the wounds within the camp has led her to be known as a motherly woman, always willing to help others with grace even though she didn’t gain anything from doing so.

Even though her transfer to the Worldhelm was abrupt, Selvaria showed no sign of resentment towards her new surroundings but instead extended her own love and care to those around her once more - after all - even in the camp she tended to strangers, there was nothing different than tending to those who are deemed fit for this vessel. Though she often worries about those in the camp, hoping they’re alright - she hopes to visit them soon and aid them once more.",,,,,,
Selvaria Lightheart 5,,,,,,Aldistir - Camp Von Kibo,,,,,
Selvaria Lightheart 6,,,,,,,,"Standing about 5’11, Selvaria has a rather refined yet somber appearance. Wearing a long radiantly snow white dress with black accents, an ornamental pendant on the left side of her chest, and a shoulder pauldron to protect her from any light attacks. Being blessed as one of the Oni in Aldistir, Selvaria has a pair of long black horns fixed on the top of her head. 

Having long pink hair with redish tips, Selvaria conducts herself with grace and care as her vibrant light red eyes look around the Worldhelm for anyone needing assistance with any particular task or matter. Yet even as she conducts herself normally in her new found environment, Selvaria occasionally shines brightly like a beacon - like a heavenly angel with loving etiquette to match.",,,
Selvaria Lightheart 7,,,,,,,,,She/Her,,
Selvaria Lightheart 8,,,,,,,,,,Oni,
Selvaria Lightheart 9,,,,,,,,,,,Mercy
Sephi 1,18,,,,,,,,,,
Sephi 2,,https://media.discordapp.net/attachments/1196744996410380298/1200095951013023865/101030161_rank5_base.png?ex=663b9673&is=663a44f3&hm=f70aca987fdd62a2b2cf56d6ce9cf696f5ffad77320954e3c2098ed0705b8c77&,,,,,,,,,
Sephi 3,,,,Angel Replica Prototype,,,,,,,
Sephi 4,,,,,"She is A working product of the Cyborg-human experiments by Dr Caden. She was sent to an associate for research on mind-control methods, namely the implantation of a 'Control Module', containing an alternate personality which they can program, installing combat data obtained from WWA in hopes of her joining the ranks of the Merrani Angels. Despite their efforts, the attempts to control the other personality was unsuccessful, leading to her escape into the greater reaches of Lhodos.",,,,,,
Sephi 5,,,,,,Lhodos,,,,,
Sephi 6,,,,,,,,"Black, short-haired girl, red eyes, wearing a black dress with a small tie and a baggy overcoat. Cyan Magitechno markings strewn across her arms and clothes. She is 160 CM tall.",,,
Sephi 7,,,,,,,,,She/Her,,
Sephi 8,,,,,,,,,,Cyborg,
Sephi 9,,,,,,,,,,,Discovery
Seraphina 1,24,,,,,,,,,,
Seraphina 2,,https://cdn.discordapp.com/attachments/569098468694687786/1324670687062786108/alduin_the_elder_scrolls_and_1_more_drawn_by_kfre_gehm8472__a7d780072c29866c698732dcf8631668.png?ex=6778ff36&is=6777adb6&hm=9694c259168491463696908a5cbad75acbb7f8573382c404a95aa2232b6a04c8&,,,,,,,,,
Seraphina 3,,,,Wingless Dreamer,,,,,,,
Seraphina 4,,,,,"There isn't much to say in regards to Seraphina, she doesn't particularly enjoy people calling her Sera nor does she like to talk about her own past. What can be gleamed of her is that she has had a traumatic experience in Nezmira, being the source of a deep pool of hatred towards the Nezzim. 

Even though she appears to be 'happier' ever since arriving in the Worldhelm, she carries a rather fake smile, a defensive mechanism she uses to protect herself and to push those she doesn't find trustworthy away. One can only assume what has transpired in her life to make her such a way, but for those from Nezmira, it's an obvious case of what she is - an outcast who has lived for too long, a girl given another chance at life or another chance at something else...",,,,,,
Seraphina 5,,,,,,Nezmira - The City of Scales,,,,,
Seraphina 6,,,,,,,,"Standing about 5’7, Seraphina has a sleek yet foreboding appearance that could often be described as boyish. Wearing a white blouse with long sleeves and black accents, black trousers, and shin high steel tipped black boots. With long silky onyx black hair and crimson red eyes, her appearance leaves a striking impression with the addition of her pale white skin and the adornment of her pitch black draconic horns extruding from the top of her head.

Seraphina acts with suspicion yet expresses a friendly outgoing attitude, even on board the Worldhelm, she conducts herself with respect - one couldn't even know from a glance what her true emotions are underneath her protective facade. A part of her that she doesn't aim to reveal, not to no one but solitude itself.",,,
Seraphina 7,,,,,,,,,She/Her,,
Seraphina 8,,,,,,,,,,Ophidiya,
Seraphina 9,,,,,,,,,,,Vengence
Seraphine 1,25,,,,,,,,,,
Seraphine 2,,https://cdn.discordapp.com/attachments/1238169368811147314/1244330306777911406/93881114_p5_master1200.jpg?ex=6654b867&is=665366e7&hm=bad13d0aa8f391983f6758326b8a3ea5083b13e65947652137f1b439c216886d&,,,,,,,,,
Seraphine 3,,,,"A Magical Dancer, ready to protect those in need",,,,,,,
Seraphine 4,,,,,"Seraphine worked as a bodyguard and private dancer for some influential merchants before her work eventually led her to some unfortunate exposure to a moonshard, changing her forever. The big magical exposure made her able to adept using magic to changer her body much like the beasts mutated by those very shards. She now uses her new powers and her swift feet to aid those in need.",,,,,,
Seraphine 5,,,,,,"Kor'tarin, Tradefair",,,,,
Seraphine 6,,,,,,,,"Seraphine's attire is a blend of ornamental and functional elements. She wears flowing, vibrant garments that allow for fluid movement, adorned with gold and red hues. Her hair, often decorated with magical charms and ornaments, flows freely during her movements.",,,
Seraphine 7,,,,,,,,,She/Her,,
Seraphine 8,,,,,,,,,,Demi - Human (Cat Based),
Seraphine 9,,,,,,,,,,,Hope
Serena Ansaze 1,20 years old,,,,,,,,,,
Serena Ansaze 2,,https://media.discordapp.net/attachments/1080368816267214890/1193106513183653918/Airi_Bday.png?ex=663b3587&is=6639e407&hm=57e3209156f343176f790a9c192db79e69f121b1e0da0ad9ab5529ffbff36f9e&,,,,,,,,,
Serena Ansaze 3,,,,☆ Sparkling ⟡ Shining ♡ Ex-Propaganda Spewing Pop Star,,,,,,,
Serena Ansaze 4,,,,,"Serena grew up like many children in Merrane, listening to stories about brave  Merrani Angels and their good deeds. Unlike many Merrani children, she was gifted with musical talent: perfect pitch and a beautiful singing voice. Music was a part of her daily life, she'd sing songs about the food she ate, the people she loved, and those amazing heroes, the Merrani Angels.
Eventually, she was noticed by a talent scout, who immediately asked her to join their agency, promising much better equipment and other perks. She signed immediately, and began her career as the ""Pop Star of Gold, Seri-Nya☆"". She stopped writing songs of her own, instead singing songs by management with themes boasting of Merrane's imperialism, and painting them as heroic.
She lived a cushy life, becoming relatively well-known until she overheard her managers deriding, how it was nice to have such a naive mouthpiece. She took her things and ran. She came across a realmstorm, and wanting to disappear, let it take her.",,,,,,
Serena Ansaze 5,,,,,,"Caldera, Merrane",,,,,
Serena Ansaze 6,,,,,,,,"Serena is a 5'3"" girl with pink hair that is tied into pigtails. Out of costume, she dresses very plainly, a yellow blouse, brown skirt, and fake glasses to hide her identity. She walks with a hunch and is usually seen either frowning or a deadpan face. In costume, she wears a frilly, flowery, sparkling dress and carries a microphone. She always has a smile plastered on her face. Every now and then, wires can be seen running through the dress, connected to different speakers and mics in the costume.",,,
Serena Ansaze 7,,,,,,,,,She/Her,,
Serena Ansaze 8,,,,,,,,,,Human,
Serena Ansaze 9,,,,,,,,,,,Guilt
Sharry Skelter 1,32,,,,,,,,,,
Sharry Skelter 2,,https://media.discordapp.net/attachments/1170110980546637915/1196216749939499129/Comm._Sharry2.png?ex=663b5169&is=6639ffe9&hm=f56ac7d0eeb3382354984ab8c7285d5ae3604c52b96c2e9f3eb0a4d5773e237e&,,,,,,,,,
Sharry Skelter 3,,,,An Undead Necromancer,,,,,,,
Sharry Skelter 4,,,,,"Sharry was born in a small village that cant be found on the map but, according to her, its somewhere in the Albury Hills. Her memory fuzzy but she remembers having parents that loved her, and being alone in her house reading adventure and romance books. She remembers at some point in her young adult life, she was gifted a book by . . . someone. She cant remember who, just that it was someone who was not from her village. The book was on necromancy. She studied the ways of the undead.
She hardly remembers the night it happened but she remembers grabbing everything from her room and running into the forest. Then something or someone knocks her out and then she remembers falling off a cliff into the ocean.  She did not survive, but her necromancy helped her revive herself. She also says that her arms were mangled in some way and she had to get new ones but she never elaborates. Now, she is an adventurer  traveling the lands hoping to prove that she can be a hero.",,,,,,
Sharry Skelter 5,,,,,,Kor'Tarion,,,,,
Sharry Skelter 6,,,,,,,,"She is about 6'0"" tall human woman. She has pale white skin, silver-white hair, and red eyes. She usually wears black outfits, dresses for non-adventuring and dress pants and suits for adventuring. She always wears long, thick leather gloves and she never takes them off. She also wears the same black boots for all her attire.",,,
Sharry Skelter 7,,,,,,,,,She/Her,,
Sharry Skelter 8,,,,,,,,,,Human (Undead),
Sharry Skelter 9,,,,,,,,,,,Ambition
Shibana 1,30-40,,,,,,,,,,
Shibana 2,,https://i.imgur.com/ZP4SE2z.jpeg,,,,,,,,,
Shibana 3,,,,Fruit of Grudges and Dreams,,,,,,,
Shibana 4,,,,,"- Originated in the Feywyrd from a rosebush
- Retains the memories of past warriors from the war
- They journey Aldistir, broaching peace to Ald and Yokai alike
- Camp von Kibo has been the main area to sympathise with Shibana's attempts, in particular an Ald named Blom has become Shibana's mentor",,,,,,
Shibana 5,,,,,,"The Feywyrd, Aldistir",,,,,
Shibana 6,,,,,,,,"Shibana is a person born from a rosebush drenched in the blood of Ald and Yokai. Parts of their body are soft and light blueish green like a stem or leaf, others are coarse and grey like scar tissue. Brambles and purple roses wreathe their neck and form what might normally be hair. They wear clothes and armour, usually of Ald make. Around 5'8''.",,,
Shibana 7,,,,,,,,,He/any,,
Shibana 8,,,,,,,,,,Rose-person,
Shibana 9,,,,,,,,,,,Peace
Shiel Don 1,21,,,,,,,,,,
Shiel Don 2,,https://i.imgur.com/7a8DGiG.png?1,,,,,,,,,
Shiel Don 3,,,,Hero At Heart,,,,,,,
Shiel Don 4,,,,,"A Warden within the forces of the KPLA with big dreams of becoming his own hero, It is that dream to become a hero and to shield others from as much harm as possible that resulted in him being picked up by the worldhelm",,,,,,
Shiel Don 5,,,,,,"Lhodos, Karlsgard, Bastion",,,,,
Shiel Don 6,,,,,,,,"a 6'3 relatively muscular man with brown mid length hair and slight beard, wearing high tech (for the area he comes from) powered armor bearing iconography of the KPLA",,,
Shiel Don 7,,,,,,,,,He/him,,
Shiel Don 8,,,,,,,,,,Human,
Shiel Don 9,,,,,,,,,,,Hope
Shizuko and Tsubasa 1,28,,,,,,,,,,
Shizuko and Tsubasa 2,,https://i.imgur.com/Q8lbzfg.jpeg,,,,,,,,,
Shizuko and Tsubasa 3,,,,Witness of Cataclysm,,,,,,,
Shizuko and Tsubasa 4,,,,,"Shuzuko and Tsubasa are a pair entwined, their souls tangled inseparably due to the nature of the ritual Lorelei pulled them from the center of when they were young. Their rescue was violent, and fast, and thus their essences did not funnel back to their proper vessels in full.
During their time recovering in the care of Lorelei's retainers, the pair were discovered to have an aptitude for the arcane, bending both the physical and inner worlds to their will. It was found that in straying so very close to the center of things, being pulled against the seams of their realm, the sisters had on some subconscious level grasped the truth of it all. And to witness the truth of something, to see the whole of it, in many ways, is to claim the purest of powers over it.",,,,,,
Shizuko and Tsubasa 5,,,,,,"The Sea of Blizzards, Aldistir",,,,,
Shizuko and Tsubasa 6,,,,,,,,"Shizuko is a humanoid Yokai. She has a mane of pale white hair which extends far passed her shoulders, seeming to operate under slightly less gravity than the rest of her form as it flits and floats behind her while she moves. From her top of her ear extend two vulpine ears, clad in the same white hair, which twitch often in response to noise, as if always on guard. Her adornment is mostly simple, remaining lightly armored, apart from a white mask which often covers her face almost entirely, shielding her eyes from the sun's reflection on the snow of her homeland. 
Tsubasa is another vulpine Yokai, though her form is quadrupedal and much more bulky and athletic than Shizuko's. Her posture is similar to a typical canine, with rending claws and a thick mat of grey and white fur, though patches of incandescence give her the impression to sometimes be gleaming with a spectrum of light. Tsubasa is larger than most other fox Yokai, and is very capable of carrying another on her back.",,,
Shizuko and Tsubasa 7,,,,,,,,,She/They,,
Shizuko and Tsubasa 8,,,,,,,,,,Yokai,
Shizuko and Tsubasa 9,,,,,,,,,,,Duty
Shizuru 1,27,,,,,,,,,,
Shizuru 2,,https://comicvine.gamespot.com/a/uploads/scale_small/0/77/8204802-1440776312-latest.png,,,,,,,,,
Shizuru 3,,,,Unemployed Combat Maid,,,,,,,
Shizuru 4,,,,,"Shizuru was born a commoner in Caldera, she worked as a maid for a wealthy family. Her job gave her the means to attended the White Wing Academy in hopes of receiving enough training and recognition to become an imperial servant. However after losing an eye during combat drills, she was fired from her position as a maid for being ""disfigured"".  She dropped out of the academy believing her disfigurement put her dreams as an imperial servant out of reach, and is now a freelance adventurer.  However, she keeps a picture of Princess Cora von Merrane as a reminder of her loyalty to the Empire. She believes the Imperial propaganda, she doesn't hate the people of Karlsgard, she thinks they are simply ignorant and mislead by their leadership.",,,,,,
Shizuru 5,,,,,,"Caldera, Lhodos",,,,,
Shizuru 6,,,,,,,,"Shizuru is a girl who is short in stature and has reddish gold straight long hair. She wears an eyepatch over her left eye, her right eye is emerald colored. She wears a military camouflage pattern scarf, and a maid outfit. While her face is beautiful, her emotions can be hard to read.",,,
Shizuru 7,,,,,,,,,She/Her,,
Shizuru 8,,,,,,,,,,Human,
Shizuru 9,,,,,,,,,,,Loyalty
"Sigrid, Sister of the Branded 1",20,,,,,,,,,,
"Sigrid, Sister of the Branded 2",,https://i.pinimg.com/736x/ff/ec/5c/ffec5cc8983f8858c44fb561c3e9e0ff.jpg,,,,,,,,,
"Sigrid, Sister of the Branded 3",,,,Shield Sister of the Branded,,,,,,,
"Sigrid, Sister of the Branded 4",,,,,"* Born in a small village in Aldistir, named Sigrid Ralgarsdottir
* Trained to fight by her mother and father
* Her sister was banished when she was 15.
* Parents were killed by raiders when she was 19.
* Was found by a member of Brandr’s warband.
* Joined the warband after a bit of time. 
* Found her sister some time later, in X state
* Command grabbed by a Realm Storm",,,,,,
"Sigrid, Sister of the Branded 5",,,,,,"Feywyrd, Aldistir",,,,,
"Sigrid, Sister of the Branded 6",,,,,,,,"""When men encounter enemies in the fight, a robust heart is better than a sharp sword"" - Volsunga, c.19.

Standing at a paltry 6' and built like a small house, calling Sigrid strong is a little like calling Aldistir cold. It simply does not encapsulate all that the Ald is. Her fiery red mane gives hint to the open, eager woman that she is. She is as ready to fight as she is to love, and will drink you under the table as readily as she will either smash you with her shield or tell a delighted joke with you.",,,
"Sigrid, Sister of the Branded 7",,,,,,,,,She/Her,,
"Sigrid, Sister of the Branded 8",,,,,,,,,,Ald Human,
"Sigrid, Sister of the Branded 9",,,,,,,,,,,Ambition
Silida 1,26,,,,,,,,,,
Silida 2,,https://media.discordapp.net/attachments/1170110514588831815/1170173495699841045/76066-3.png?ex=663b7ebe&is=663a2d3e&hm=d991b08a5a40026c21815f5b6924b99ac2f5694529941ceca8ff64babbe605a5&,,,,,,,,,
Silida 3,,,,The Recorder of Histories,,,,,,,
Silida 4,,,,,"A painter from the ""free"" city of Blue, located on the southern coasts of the land of Nezmira, he owns a book of many stories and fables...it's contents shift and change based upon his own knowledge, and what little he can glean of its previous owners causes great consternation.",,,,,,
Silida 5,,,,,,The Blue City,,,,,
Silida 6,,,,,,,,"A boyish looking man of fair features and mid-length hair, he exudes an aura of scholarly wisdom...and mild trepidation.",,,
Silida 7,,,,,,,,,He/Him,,
Silida 8,,,,,,,,,,Human,
Silida 9,,,,,,,,,,,Doubt
Simone Katsav 1,31,,,,,,,,,,
Simone Katsav 2,,https://i.imgur.com/KNgsVwD.jpeg,,,,,,,,,
Simone Katsav 3,,,,Winged Officer of Nezmira,,,,,,,
Simone Katsav 4,,,,,"Simone was born in the Nezmiran city of scales to a family of butchers. As she grew older though, she would begin to feel that she could do more for her country and its people. So at the behest of her parents, she joined the Nezmiran Army

Her early days in the army were tough. But through the personal assistance of another officer, and her own effort, Simone was able to land herself a career as an officer. Reaching the title of captain due to her efforts in dealing with the Kiir.

However, one day she was given a personal invitation by Theoris himself. Ignorant of Theoris' malicious goals, she accepted it and ended up getting experimented on, gaining wings in the harrowing process.

She now assists the Worldhelm with her capabilities. Hoping to one day also relieve Nezmira of their senseless prejudice and create unity within its people.",,,,,,
Simone Katsav 5,,,,,,"City of Scales, Nezmira",,,,,
Simone Katsav 6,,,,,,,,"Simone is a 6'4"" Nezzim with Crimson colored scales, fiery orange eyes, and curved horns. She can normally be seen wearing either her Cobalt colored armor or her black and blue captains vestments. She carries herself a level of rigidness almost akin to a model soldier. The biggest oddity to her looks is the two large wings on her back, something that is not at all typical for Nezzim.
Her choice of armaments is usually a spear or some kind of polearm, supplemented with a round shield for protection.",,,
Simone Katsav 7,,,,,,,,,She/Her,,
Simone Katsav 8,,,,,,,,,,Nezzim,
Simone Katsav 9,,,,,,,,,,,Ambition
Sir Galahad & Lancelot Magnussen 1,25,,,,,,,,,,
Sir Galahad & Lancelot Magnussen 2,,https://cdn.discordapp.com/attachments/1030967148295770233/1312421195895017532/rwg.png?ex=674c6efc&is=674b1d7c&hm=20ccc233db1a092c9fc2e12577eb47b829b0c6af8233ef8116027dd149d9b496&,,,,,,,,,
Sir Galahad & Lancelot Magnussen 3,,,,Aspiring Griffon Knight for Man & Fey,,,,,,,
Sir Galahad & Lancelot Magnussen 4,,,,,"Galahad grew up within Midholde at a young age as a farmer's son, however he always strived and sought after doing far more in his life. From a young age he worked, physically and in all aspects he needed to rise as a squire and into a knight of Midholde. Once his position was secured, things were looking up in the young man's life. However, soon the events of the Bloodmoon would transpire and his home would become a smoldering ruin. If not for the aid of an unknown Fey to him, he too would join the villages devastation.

However he survived and endured, becoming one of many to take refuge in the city of Brightholde. Given his rank as a knight, the failings of Midholde would be a mark of shame on his name and honor. One he would see corrected. Trying to find any way he could be of assistance to not only the crown but her people, Galahad was recruited by Tristan Navarro to join an experimental group of Griffon Knights. Now with his young griffon partner Lancelot, their journey starts.",,,,,,
Sir Galahad & Lancelot Magnussen 5,,,,,,"Kor'Tarion, Brightshield",,,,,
Sir Galahad & Lancelot Magnussen 6,,,,,,,,"Galahad stands at around 6'2, built like a young man who's profession before being a knight was that of a farmer. Broad shouldered and more heavyset than thin. More than often he is adorned in heavy armor with a heavy axe strapped to his back. A bed of well groomed blond hair and green eyes, greeting the world with an everlasting smile.

Lancelot is a griffon mixed with both a Peregrine Falcon & a Cheetah. Where many griffon's are built big, Lancelot is on the smaller side being younger, roughly the size of a big dog currently. She tends to have a annoyed expression, as if in a moment's notice she's going to get up to something that isn't good. Regalia that would normally be put on a knight's mount adorns her body, save for a saddle.",,,
Sir Galahad & Lancelot Magnussen 7,,,,,,,,,"Galahad: He/Him 
Lancelot: She/Her",,
Sir Galahad & Lancelot Magnussen 8,,,,,,,,,,Human,
Sir Galahad & Lancelot Magnussen 9,,,,,,,,,,,Redemption
Skada Ralgarsdottir 1,23 years,,,,,,,,,,
Skada Ralgarsdottir 2,,https://imgur.com/7los9O7.png,,,,,,,,,
Skada Ralgarsdottir 3,,,,Disgraced Wild Monster Hunter,,,,,,,
Skada Ralgarsdottir 4,,,,,"• Born to the small village of high pass in Aldistir
• Trained in healing, and scholarly studies. Known for her kindness and love.
• Due to her younger sister, Sigrid, picking a fight with the Jarl's son and losing. Being the first of kin and Sigrid being a minor, the punishment and disgrace of the name Skada fell upon her.
• Lost a lot of her innate kindness in the struggle for survival in exile.
• Finally was found by Sigrid after Sigrid joined the Warband of the Branded, reuniting them, they were then gobbled by a realmstorm.",,,,,,
Skada Ralgarsdottir 5,,,,,,Alidstir,,,,,
Skada Ralgarsdottir 6,,,,,,,,"Standing at a lengthy and almost hostile 6'2, Skada is a woman with eyes that are as piercing and judgemental as a crow. Her straight red hair is draped over her shoulders in a slightly wild and unfettered manner, like the licks of angry flames. Her form is tense most of the time, ready. Just in case.

“The unwise man
    is awake all night
    worries over and again.
    When morning rises
    he is restless still,
    his burden as before.”  — The Havamal",,,
Skada Ralgarsdottir 7,,,,,,,,,She/her,,
Skada Ralgarsdottir 8,,,,,,,,,,Human,
Skada Ralgarsdottir 9,,,,,,,,,,,Redemption
Sloan Romani 1,39,,,,,,,,,,
Sloan Romani 2,,https://media.discordapp.net/attachments/1327412741916463215/1354577632775110756/GabMo1wXEAAFWIw.png?ex=67e5cc3a&is=67e47aba&hm=9c3782b6b15e9d4bce938333891fba5bf492afaa447444e80ba1a00fae343616&=&format=webp&quality=lossless&width=&height=,,,,,,,,,
Sloan Romani 3,,,,A Once Great Magician Chasing Magic,,,,,,,
Sloan Romani 4,,,,,"What was once the Pureblooded noble of Nezzmira, is now just a practitioner of the Arcane. No longer pureblooded nor blue scaled, Sloan Roman's heights were in shackling a spell around the Angel of the End, Loftur. Such an act was not left unpunished, as Loftur stripped her of her prestige and abilities, hurling her back to a beginning many Goldhearted start at. Where many would crumble or crack under such strain and torment, Sloan has never looked happier in her life. Able to carve her own path forward unshackled by the weight of her past, or defined by a need to do bad in the name of good. Now she is as any scholar should be, on the pursuit to learn. Setting her sights to better understand magic of every realm. 

""The study of the Arcane, is learning in the end you truly knew nothing and starting again. All it took for me to rekindle my desire to learn, was being a thorn in Loftur's side. Fret not, this is nothing to the likes of me. I will be great again, for I already am.""",,,,,,
Sloan Romani 5,,,,,,"Nezmira, City of Scales",,,,,
Sloan Romani 6,,,,,,,,"The once Blue-Scaled Nezzim now bears dark black scales, the occasional glint of purple and blue hues along them. A change in her very magical nature altering her physical form, showing the severing of her magic from the Dragonlords of Nezmira. Standing taller than most women due to her draconic nature, her stature denotes her as a scholar of the Arcane. She now bears the clothes of a wizard or witch, the styling that of Kor'Tarion of all places as if she found a fascination with their style. Even the looks of her magic altered and strange, now taking on dazzling colors and an otherworldly nature to it.",,,
Sloan Romani 7,,,,,,,,,She/Her,,
Sloan Romani 8,,,,,,,,,,Nezzim,
Sloan Romani 9,,,,,,,,,,,Litany
Sol 1,??,,,,,,,,,,
Sol 2,,https://i.imgur.com/ll4stAY.jpeg,,,,,,,,,
Sol 3,,,,Forgotten Guardian,,,,,,,
Sol 4,,,,,"Sol, once a powerful Archfey known as the ""Guardian of Protections,"" was revered for his mastery over all elements, including light and dark magic. After a great battle left him weakened, he retreated into a long slumber within an ancient tree to recover. For decades, he lay dormant while the world of Kor'Tarion transformed, ravaged by the destruction of the moon and the chaos of wild magic. Sol finally awoke after the Night of the Red Sky, stirred by the demonic invasion and the loss of life. Now, though greatly diminished, Sol must adapt to this new world. Discovering who he is beyond his time and accept this new life wherever it may lead.",,,,,,
Sol 5,,,,,,"Kor'Tarion, The Farwood",,,,,
Sol 6,,,,,,,,"A tall, slender man with long, wispy white hair cascading down his back, adorned with intricate runic tattoos etched along his limbs. Delicate wings made of faint rays of light extend from his back, shimmering softly with every movement.",,,
Sol 7,,,,,,,,,He/Him,,
Sol 8,,,,,,,,,,Fae,
Sol 9,,,,,,,,,,,Preservation
Solaraynn Ista 1,23,,,,,,,,,,
Solaraynn Ista 2,,https://media.discordapp.net/attachments/889392991096148008/1245633410215579749/image.png?ex=66597603&is=66582483&hm=8b1a24f94b7b5edffbd65caf0bc6eaa983a7b49a6bf2cbc2560d3cc7524bec0c&=&format=webp&quality=lossless&width=&height=,,,,,,,,,
Solaraynn Ista 3,,,,"""The Dancing sands of Skamos""",,,,,,,
Solaraynn Ista 4,,,,,"Another Ophidiya from Skamos who has rarely if ever been seen dancing in the Ruins of Ista or the coast between those ruins and the Cerulean Bay sometimes even in the dead of night. after many years of being an outcast living with their human parent on the outskirts of town nearly undiscovered, and gazing from across the Bay upon what he believed was Falak-Khan, but upon inquiring about him and seeing how much people were trying to cover up his existence... Solaraynn left home with some essentials, and a book of research that he still uses to improve his dance, with many questions burning in his mind such as ""Why was Falak-Khan cast back down to the ground for trying to escape circumstance?"" or ""What would life be like up there above the clouds looking down on the world that has cast you out?"" ... Solaraynn, too has begun to dream of the skies and beyond. but now a new question emerges, will he ever be able to reach that which he dreams of?...",,,,,,
Solaraynn Ista 5,,,,,,"Skamos, Nezmira",,,,,
Solaraynn Ista 6,,,,,,,,"slightly tan with a white, gold, and blue color scheme. Around 5' 11 in height, with some features of his non-human parent showing (such as his horns, tail, and patches of scales on his skin)",,,
Solaraynn Ista 7,,,,,,,,,He/Him,,
Solaraynn Ista 8,,,,,,,,,,Ophidiya,
Solaraynn Ista 9,,,,,,,,,,,Doubt
Solaris Storm 1,37,,,,,,,,,,
Solaris Storm 2,,https://i.pinimg.com/474x/d5/65/ff/d565ffea6a4289bae197e4144c1fe949.jpg,,,,,,,,,
Solaris Storm 3,,,,Lackadaisy Swordsman of the east,,,,,,,
Solaris Storm 4,,,,,loves mangos and was from The fire ant village before going on his own venture. Returned after hearing gold hearted were there and needs to find out why,,,,,,
Solaris Storm 5,,,,,,"Fire ant village, Tian Yin",,,,,
Solaris Storm 6,,,,,,,,"Lithe Physique, armor focused on protecting the legs more than the torso and up, and a massive slab of metal for a sword that ignites and reshapes to that of a sword. a bandana on his brow and short chopped hair. also just generally exudes heat indiscriminately.",,,
Solaris Storm 7,,,,,,,,,he/them,,
Solaris Storm 8,,,,,,,,,,Human/cultivator,
Solaris Storm 9,,,,,,,,,,,Pride
Solomon Winter 1,21,,,,,,,,,,
Solomon Winter 2,,https://media.discordapp.net/attachments/355940202461528064/1175176840122478642/Solomon.png?ex=663b3d78&is=6639ebf8&hm=c48c8a1360bce85926f4aa74cb3267f661c1d45f7cc39532dc565e1756fe8915&,,,,,,,,,
Solomon Winter 3,,,,Estranged Son of a Sorcerer King,,,,,,,
Solomon Winter 4,,,,,"Solomon Winter is not his actual name, but it's the one he gives out to people who ask. Born in Lastport to a merchant's daughter, his childhood was relatively rough, given the seeming lack of father. In his late adolescence, his grandfather disowned him, causing the young lad to adopt his new moniker and work in the streets of Caer Laie.

A few years later, Solomon traveled to Caer Oarid, where he found out the truth. His father was a reviled sorcerer lord, and his mother had wed him in secret. His grandfather, who had basically sold his daughter, was to raise a proper heir, but the boy turned out to be too soft. Distraught by this revelation, Solomon fled until he came upon a storm of myriad colors. Seemingly struck by lightning, he then woke up at the Worldhelm.",,,,,,
Solomon Winter 5,,,,,,"Lastport, Kor'Tarion",,,,,
Solomon Winter 6,,,,,,,,"A young man of middling height, Solomon Winter nonetheless stands out from a crowd. His hair is blond and tied back, his eyes a soft brown. His attire is an odd mix of a traveller's garb and finery. He carries himself with an air of nobility that belies his inner insecurities.",,,
Solomon Winter 7,,,,,,,,,he/him,,
Solomon Winter 8,,,,,,,,,,Human,
Solomon Winter 9,,,,,,,,,,,Belonging
Solána Olowe 1,28,,,,,,,,,,
Solána Olowe 2,,https://images-ext-1.discordapp.net/external/qohkzaSzukxcsg7p870Otq63WY2MS1qS_NpSZSKBlao/https/i.imgur.com/AecYdUQ.png,,,,,,,,,
Solána Olowe 3,,,,The Fearless Amber Flame,,,,,,,
Solána Olowe 4,,,,,"In her youth, Solána scoured her family's ancestral journals that contained stories of pursuits for ancient herbal knowledge beneath the sands. Her fascination with healing remedies blossomed, strengthening her desire to counteract the hardships burdening her people under the Scalefire Empire. While attempts at creating traditional medicine were mundane, her enthusiasm made up for it.

Years later, while wandering the hidden alleyways of the Blue City, Solána stumbled across a small, yet vibrant altar dedicated to Al-Shifā, The Maiden of Light. The energy that radiated from this sacred space beckoned her to stay, inviting her to reflect and draw  warmth from within herself. A night of clarity later, Solána felt something awaken within her, as if the very essence of the sun itself imparted her with a promise: to spread vitality to all those decaying under the Empire's malady.",,,,,,
Solána Olowe 5,,,,,,"Blue City, Nezmira",,,,,
Solána Olowe 6,,,,,,,,"As a young, statuesque woman standing at 5'8"", Solána carries herself with purpose and a dash of curiosity. Her rich dark skin serves as a canvas for the delicate spread of freckles across her nose, shoulders, and chest. Being a desert native, she often wears loose-fitting dresses, accessorized with bangle bracelets and large-hoop earrings that reflect the vibrant hues of her amber eyes.",,,
Solána Olowe 7,,,,,,,,,She/Her,,
Solána Olowe 8,,,,,,,,,,Human,
Solána Olowe 9,,,,,,,,,,,Justice
Sonam Kham 1,26,,,,,,,,,,
Sonam Kham 2,,https://i.imgur.com/XOHPT1j.jpeg,,,,,,,,,
Sonam Kham 3,,,,The Solitary Bowman Seeking to Rekindle A Dojo,,,,,,,
Sonam Kham 4,,,,,"What is more known about Sonam is the reputation of his father, a man who has a list of accomplishments that are rarely seen, including the fostering of a Dojo in the more distant lands of Leytik - Sansarko's Gasp. The dojo has since fallen in obscurity in recent years.  Sonam has been seen in various villages in those isolated islands, leaving as soon as he can, getting resources along the way though very occasionally he stops and gives his aid to the townsfolk.",,,,,,
Sonam Kham 5,,,,,,"Tian Yin, Ley'tik, Sansarko's Gasp",,,,,
Sonam Kham 6,,,,,,,,"Grey and brown mismatched eyes with and long black hair put in a ponytail, braids partially decorating the hair. A bulky build with several prayer beads and the like wrapped around his wrists. Silk, Furs, and leather belts draped across his form.",,,
Sonam Kham 7,,,,,,,,,He/Him,,
Sonam Kham 8,,,,,,,,,,Human,
Sonam Kham 9,,,,,,,,,,,Ambition
Song-5 1,19,,,,,,,,,,
Song-5 2,,https://media.discordapp.net/attachments/1170110980546637915/1177397526647808121/597bd66d38ce59ea79d70fdeeb4b2a26254fbebe.png?ex=663b68a5&is=663a1725&hm=68c0484b864afd7cfd69b87f92fa2eeb158f0530703d34b67c23686f73d11ef1&,,,,,,,,,
Song-5 3,,,,The Scared Singing Slime Girl,,,,,,,
Song-5 4,,,,,"Song-5 used to have a name, family, and home. Everything changed on the day she was about to be sucked up by the realmstorm. Pushed away by a foreign entity, she was instead yoinked through a dark magical vortex, waking up in the Spirit's Grove. Now with a new body and powers, there was no way she could go back home. Eventually after crying herself to sleep, the crackling of familiar sounding lightning came back for round two. Now she's here!",,,,,,
Song-5 5,,,,,,"Snowmaw, Kor'Tarion",,,,,
Song-5 6,,,,,,,,"5'5"" | 155 lbs",,,
Song-5 7,,,,,,,,,She/They,,
Song-5 8,,,,,,,,,,¿Oozian-Nymph?,
Song-5 9,,,,,,,,,,,Acceptance
Soot 1,22,,,,,,,,,,
Soot 2,,https://i.imgur.com/Fq0ImNv.jpeg,,,,,,,,,
Soot 3,,,,Long-eared Squire,,,,,,,
Soot 4,,,,,"The youngest child in a family of blacksmiths, Soot chose to follow a different path, training as a wielder of arms rather than crafter in the hopes of one day leaving the nest on some grand adventure or other. His coarse methods of self-instruction have likely left him with some bad habits notable to those more experienced in martial training. Though a self-admitted daydreamer, he is even-tempered and bears a strong sense of responsibility, particularly to those he has promised to protect.",,,,,,
Soot 5,,,,,,"Islands of Samsara, Nezmira",,,,,
Soot 6,,,,,,,,"An ashen-haired Hiear youth of slight build at 5'/152 cm, Soot hardly cuts an imposing figure. Yet beneath the armor is a body toned and shaped through many long, dedicated hours of harsh training under layers of metal heavier than himself.",,,
Soot 7,,,,,,,,,He/Him,,
Soot 8,,,,,,,,,,Hiear,
Soot 9,,,,,,,,,,,Duty
Soryn Camelia 1,22,,,,,,,,,,
Soryn Camelia 2,,https://media.discordapp.net/attachments/714227749077647450/1223130970677448824/FnWG5pCaEAIXk2i.jpg?ex=663b037c&is=6639b1fc&hm=4e0762edc2c9f6ddb347035388b268eaa4753bc3781933869d8263e17cbaaa77&,,,,,,,,,
Soryn Camelia 3,,,,Nomadic Mage Brawler,,,,,,,
Soryn Camelia 4,,,,,"Not much is known about Soryn besides him being usually found in the Blue City, as well as missing his right arm. He's known for assisting in hunting the Kiir from time to time, as well as being particularly quiet about his own magical prowess.",,,,,,
Soryn Camelia 5,,,,,,"Blue City, Nezmira",,,,,
Soryn Camelia 6,,,,,,,,"Soryn is a young man who stands at 6'1""/185cm tall. With long black hair, purple eyes, a muscular build, as well as having rabbit ears and a cotton tail that indicates traits as a hiear. Wearing green robes that he wears it in a half manner that shows much of his left arm and torso, as well as cotton pants and a pair of sandals.

One would be able to notice that he is missing much of his right arm, leaving a bandaged stump. Typically using the sleeve of the green robes to cover it.",,,
Soryn Camelia 7,,,,,,,,,He/Him,,
Soryn Camelia 8,,,,,,,,,,Hiear,
Soryn Camelia 9,,,,,,,,,,,Ambition
Stock Trinity 1,32,,,,,,,,,,
Stock Trinity 2,,https://images-ext-1.discordapp.net/external/in_Xw1zT1nMrbD-XNjO-JlimteGrHlvn1H35R2k9m6M/%3F1667368734/https/cdna.artstation.com/p/assets/images/images/055/617/450/large/leedonghyun-.jpg,,,,,,,,,
Stock Trinity 3,,,,Merrane's Number One Stock Trader (From Another Realm).,,,,,,,
Stock Trinity 4,,,,,"Stock’s whole life had been preplanned for her before she was even born. Her parents were lucky enough to work at the Trinity Inc and be allowed to carry a prestigious last name: Trinity; a last name many sought out to obtain. With it allowed to have only the best education and granted the purpose of working at the best company on Terra.  The organization that monopolized peace & saved Terra from itself. She loved the idea of being able to give back and earn money to help fund the prosperity that her future work environment already provided. 

""shit got fucked with a crazy storm and now i'm in this realm""

Stock struck a deal with a war factory owner in the Kingdom of Gold and with five years of work she still felt like she had only begun to scratch the surface of this land's different cultures, magics, and markets. After obtaining the owner of the war factory’s blessings and a parting heirloom to show their faith in her, Stock left the Kingdom of Gold to make her way to the Worldhelm.",,,,,,
Stock Trinity 5,,,,,,"The Kingdom of Gold, Merrane",,,,,
Stock Trinity 6,,,,,,,,"She has a slim muscular build with a 5'6"" frame that is often covered by magitech gear. Short black hair, with dyed ends, are usually managed by being tied up or hidden with a hat. She always has her heirloom in her hands and a backpack stocked with goods to sell. When her blue eyes aren't looking down at her heirloom she's looking confident towards her next investment.",,,
Stock Trinity 7,,,,,,,,,She/Her,,
Stock Trinity 8,,,,,,,,,,Human,
Stock Trinity 9,,,,,,,,,,,Hope
Storm 1,35,,,,,,,,,,
Storm 2,,https://media.discordapp.net/attachments/830108476948086785/1330668379635454113/image.png?ex=678ed100&is=678d7f80&hm=9c33f74254b63958188b939e217ba64cdc20d9ee50bfc93c79d8adcbb2b5ee43&=&format=webp&quality=lossless&width=&height=,,,,,,,,,
Storm 3,,,,Pirate Captain,,,,,,,
Storm 4,,,,,"A 'pirate' working for the KPLA, Storm's always had a knack for exploiting others' weaknesses and knowing exactly where to twist the knife, and used this mostly to take from those she thought could afford to lose (mostly the Empire of Merrane) and give to those who needed it more (keeping plenty for herself of course). After Merrane began their conquest, she decided to lend her services to the KPLA, more than happy to be as much a thorn in the Empire's side as she could.",,,,,,
Storm 5,,,,,,Lhodos,,,,,
Storm 6,,,,,,,,"Nearly six feet tall (6'10"" if you include the ears), Storm has dark skin that contrasts her silvery-white hair and ice blue eyes. She typically wears a sky blue coat fringed with white and her entire right arm, up to the shoulder, has been replaced with a metal prosthetic. (She always gives a different story when asked how it happened.)",,,
Storm 7,,,,,,,,,She/Her,,
Storm 8,,,,,,,,,,Demihuman,
Storm 9,,,,,,,,,,,Freedom
Suitori Izu 1,20,,,,,,,,,,
Suitori Izu 10,,,,,,,,,,,Ambition
Suitori Izu 2,,https://i.imgur.com/FoKoTAt.png,,,,,,,,,
Suitori Izu 3,,,,Agile Wardancer of Flowing Rivers,,,,,,,
Suitori Izu 4,,,,,"Suitori Izu is a girl born near Ishiyama, and raised by another Village after her home was raided, where she fled into the night and miraculously survived. 

Taught to dance by her mother, and learned to fight by watching and studying others until she found herself a mentor of the blade.

She picked up Cultivation, taking the paths of Water and Body; with a hand dipped into various bits before settling on two.

Now a Goldhearted, following the Dao of Water and seeking to Liberate Ishiyama, alongside pursuing Pursua in hopes of achieving her dream.",,,,,,
Suitori Izu 5,,,,,,"Teisei, near Ishiyama",,,,,
Suitori Izu 6,,,,,,,"Suitori Izu, Wardancer of Flowing Rivers, Jade Beauty of Ishiyama",,,,
Suitori Izu 7,,,,,,,,"Height: 160cm
Eyes: Deep sea Blue
Weight: None of your business.
Complexion: Pale
A rather beautiful young woman, with long dark silky hair, donning a dancers attire and carrying a varied selection of weapons (2 for now). Normally seen with a Ringblade roughly her size.

A sly smile, a curious gaze, a gentle touch. These are among many of the tools she has at her disposal.",,,
Suitori Izu 8,,,,,,,,,She/Her,,
Suitori Izu 9,,,,,,,,,,Human,
Summer Rain 1,23,,,,,,,,,,
Summer Rain 2,,https://media.discordapp.net/attachments/605938299655290891/1172557208748310558/Summer_Rain.jpg?ex=663b98ff&is=663a477f&hm=396c36f6f94df1a0875bcfd2a88b67e7330c0287ea7a9bf49de2a826516a2401&,,,,,,,,,
Summer Rain 3,,,,Exiled Oathbound Outlander,,,,,,,
Summer Rain 4,,,,,"Summer Rain lived their life with their clan. They taught Summer to hunt, eat, cook and how to survive the harsh wilderness of the mountains of Rhew by learning to fight like the savage beasts of the land do. 

Their tribe taught Summer to hide their body to all for they considered themselves not mortal, but spirits of the land who do not consider race and gender a thing. 

When Summer one morning found a man from outside the tribe being attacked by a beast, Summer went to rescue the man. They succeeded but in the skirmish their identity was revealed to the man from the outside world.

Summer's tribe demanded that Summer kill the man to keep him quiet forever. Summer refused to take another's life in such a way. Summer's tribe took the mans life anyway. For this Summer was exiled, which devastated Summer. But they figure that if they can kill enough legendary beasts and prove themselves a true spirit of the realms. They will be accepted back.",,,,,,
Summer Rain 5,,,,,,Mountains of Rhew (Kor'Tarion),,,,,
Summer Rain 6,,,,,,,,They appear to be very tall. Standing around 6'6. As for other physical attributes they cover their body in heavy layers of cloth and robe.,,,
Summer Rain 7,,,,,,,,,They/Them,,
Summer Rain 8,,,,,,,,,,Unknown,
Summer Rain 9,,,,,,,,,,,Ambition
Sunya 1,20s,,,,,,,,,,
Sunya 2,,https://i.imgur.com/iGyJmut.jpeg,,,,,,,,,
Sunya 3,,,,The Empty Musician,,,,,,,
Sunya 4,,,,,"Once a young mortal girl, then was indoctrinated into the Empty Monk order that prevailed over the lands of Leytik. Going on the path of becoming a cultivator by sacrificing their individuality, bit by bit.

Removing their name, their ambitions, their sense of self comfort, their bonds, their empathy... However, there was one thing that they never fully remove: their love for music. And that alone was the driving reason for abandoning her current path.",,,,,,
Sunya 5,,,,,,"Leytik, Tian Yin",,,,,
Sunya 6,,,,,,,,"White hair, usually tied in an elaborate manner and wearing white robes. Standing at 5'4, usually moving in a graceful manner. Expressionless yellow eyes gazing at the world around them. Sometimes carrying an ornate guzheng that they seem to guard jealously.",,,
Sunya 7,,,,,,,,,She/They,,
Sunya 8,,,,,,,,,,Human,
Sunya 9,,,,,,,,,,,Emptiness
Syl'thra 1,??,,,,,,,,,,
Syl'thra 2,,https://images-ext-1.discordapp.net/external/0fe0S4B8Kvy0uzUJ6nMNQZy3MLGMXKu2mLe_Ri2uer0/https/cdn.donmai.us/original/81/b3/__original_drawn_by_rain_03129__81b3a820179ec556cad814a4138fbd95.jpg,,,,,,,,,
Syl'thra 3,,,,Oblivious but Curious Moth Girl,,,,,,,
Syl'thra 4,,,,,"Syl hails from the distant Farwood, supposedly, but not even Syl knows where she’s really from. Nor does she know who - or what - she really is. All she knows is that she crawled out of a pale silk cocoon in a dark forest one day, and before her wings could properly dry, a terrible storm swept through the foliage… and in the chaos, she saw a beautiful light which beckoned her closer. Now, somehow, she’s here - and Syl intends to learn as much as she can about the various realms and their peoples. So much to see! So much to do! So many things for a little moth girl to experience!",,,,,,
Syl'thra 5,,,,,,"The Farwood, Kor'Tarion",,,,,
Syl'thra 6,,,,,,,,"Syl is about the size of a human child and looks similar, with pale skin and a humanoid body structure. However, what sets her apart from a human are her gossamer wings, which hang like a cloak from her back, as well as dainty antennae which twitch inquisitively atop her head. She is clad in robes that are seemingly made from the remnants of a silk cocoon, and clutches a curiously-shaped tree branch close to her at all times.",,,
Syl'thra 7,,,,,,,,,she/they,,
Syl'thra 8,,,,,,,,,,Moth?,
Syl'thra 9,,,,,,,,,,,Curiosity
Sylvaine Corinth 1,19,,,,,,,,,,
Sylvaine Corinth 2,,https://i.imgur.com/EZTqcdO.png,,,,,,,,,
Sylvaine Corinth 3,,,,Aspiring Paladin of Defiance,,,,,,,
Sylvaine Corinth 4,,,,,"Sylvaine's past is unlikely to be known by anyone on the Worldhelm. Those from Kaiway on the other hand would either know her as one of the top students from her class, and class representative of her class in Gnosis Academy. Having come from a Upper Class family of Graduates this is almost expected of her in some regard. She is the wielder of the Regalia known as The Hegemony, though she still refers to him by Myeongjun.",,,,,,
Sylvaine Corinth 5,,,,,,Heartdom - Kaiway,,,,,
Sylvaine Corinth 6,,,,,,,,"Sylvaine stands roughly at 5'10 without her heels on but stands closer to 6' with them. She holds herself to a level of prestige that many would make fun of. Her uniform is always well kept and the emblem of the House of Paladins always shown proudly on her shoulder. When she is without her Regalia she is usually unarmed, but in combat is seen wielding a machine gun known as The Hegemony.",,,
Sylvaine Corinth 7,,,,,,,,,She/Her,,
Sylvaine Corinth 8,,,,,,,,,,Human,
Sylvaine Corinth 9,,,,,,,,,,,Duty
Sūn Si Yu 1,26,,,,,,,,,,
Sūn Si Yu 2,,https://cdnb.artstation.com/p/assets/images/images/022/491/661/large/kang-heewon-rk-fighter-concept-illust.jpg?1575615278,,,,,,,,,
Sūn Si Yu 3,,,,The Fist of the Jade Art Sect,,,,,,,
Sūn Si Yu 4,,,,,"Born in Xuanwu Village to the mastery of a Minor Sect known as the Jade Art Sect.

Born male, but her father had found a pill that he used to help her transition when she realized she was femme

Trained in Cultivation under her father, showed a knack for Body Cultivation and Heavenly Qi.

The Jade Art Sect held onto 5 magical artifacts. A Spear, A Gauntlet, a Sword, a Bow, and a Hammer

Coveted by the Black Fist Sect, the major sect attacked it and managed to steal four of the artifacts.

Si Yu was able to escape only by fleeing with the gauntlet. Her father sacrificed himself to let her escape.

Her life was saved by Dehua. She did not trust the girl at first, but eventually came to rely on her after she was healed.

After 5 months, she was finally fully healed and ready to enact her vengeance. And then a Realm Storm happened.",,,,,,
Sūn Si Yu 5,,,,,,"Xuanwu City, Wujing Guo, Tian Yin",,,,,
Sūn Si Yu 6,,,,,,,,"A tall young woman at 5'8, Si Yu is a powerful woman. Her body is well muscled, and she wears clothes to show that off. Long brown hair hits the swell of her back, framing her body well.

Often on her right arm is a ludicrously large gauntlet motif'd with a dragon face. The gauntlet often catches fire, especially mid punch.",,,
Sūn Si Yu 7,,,,,,,,,She/Her,,
Sūn Si Yu 8,,,,,,,,,,Human,
Sūn Si Yu 9,,,,,,,,,,,Vengeance
T.R.E.E 1,Unknown,,,,,,,,,,
T.R.E.E 2,,https://media.discordapp.net/attachments/721758995567607848/1181984594518626394/9f5a61da0de6737c8fb4cc13a8e61b01.jpg?ex=663b9def&is=663a4c6f&hm=62352bfceb3ab7d1746cae3b0f5bdda07edc1c84cf98fa9c7d9277a1514d3b73&,,,,,,,,,
T.R.E.E 3,,,,Reanimated Robot Wildlife Photographer,,,,,,,
T.R.E.E 4,,,,,"*Upon asking T.R.E.E about their past, they always give the same general sounding response.*

""Hello there, I'm T.R.E.E, otherwise known as the Terrestrial Robotic Environmentalist Entity! Though the majority of my data repositories have become too damaged and corrupted over time to read, I am aware that my former duties consisted of documenting information regarding Lhodosian wildlife, and working towards the conservation of species that are affected by Merrani industrial efforts. I am to continue this mission here on the Worldhelm, and all the other realms, unless a future operating function forbids me otherwise! As for how I arrived here... I'm not very sure. Days and nights blur when you're sitting at the bottom of a pond for... I'm not sure how long, it seems my calendar module has been lost... Well, the water is murky, and storms are loud. One day those everyday ripples became surging waves, and in a flash, here I was. I hope this information can be of assistance to you!""",,,,,,
T.R.E.E 5,,,,,,"Forest Home, Merrane, Lhodos",,,,,
T.R.E.E 6,,,,,,,,"T.R.E.E stands at about 5'6"", and is unnaturally dense and heavy due to their construction. Each footfall leaves a dissonant clang as they walk. Where cogs and scrap metal fail them, however, overgrown, seemingly magical flora keeps their form together, and assists in their movements, as vines lace in-between each joint. They carry around a simple binder of magitech cards, and are able to capture photos of whatever they are looking at, as upon closer inspection, the magitech lenses in their eye sockets appear to extend and retract, and change aperture.",,,
T.R.E.E 7,,,,,,,,,they/them,,
T.R.E.E 8,,,,,,,,,,Magitech Construct,
T.R.E.E 9,,,,,,,,,,,Duty
Taavi 1,29,,,,,,,,,,
Taavi 10,,,,,,,,,,,Belonging
Taavi 2,,https://cdn.discordapp.com/attachments/785104439140810792/1353402752302059611/Taavi1.jpg?ex=67e18609&is=67e03489&hm=326e199971568458c7d28bed5f82237b0d477fcfb7bae879d2aed731f03ee23c&,,,,,,,,,
Taavi 3,,,#49552d,,,,,,,,
Taavi 4,,,,Wandering Peddler of the Tundra Clans,,,,,,,
Taavi 5,,,,,"- Human from  the aldish Clan in Gravernmarq, left some years ago to learn more about cooking in other dwellings.

- Since he seldom returned to his birthplace, he often had a longing to belong to the places he studied at.

- So when a group of Wandering Merchants came along, all from different parts of the Realm he joined them. The call themselves ""Catalysts of Commerce""

- While on a trip to Blood Pools to gather some bloody thistles for a dish, he was swept up in a Realmstorm and woke up in the Worldhelm",,,,,,
Taavi 6,,,,,,"Gravernmarq, Aldistir",,,,,
Taavi 7,,,,,,,,"Taavi is a light-skinned man with shortish brown hair. He wears a rather wide-brimmed green hat, sometimes decorated with multicoloured flowers.
The coat he wears is rather old and shabby looking, yet it has pleasant look about it.
He carries a bag on his back that contains all the things he needs in life.",,,
Taavi 8,,,,,,,,,He/Him,,
Taavi 9,,,,,,,,,,Human,
Takaoka Kiyo 1,38,,,,,,,,,,
Takaoka Kiyo 10,,,,,,,,,,,Coexistence
Takaoka Kiyo 2,,https://i.imgur.com/ykRPUWu.png,,,,,,,,,
Takaoka Kiyo 3,,,#581927,,,,,,,,
Takaoka Kiyo 4,,,,Devout Yet Warweary Tengu Swordswoman,,,,,,,
Takaoka Kiyo 5,,,,,"Kiyo was born and raised among a small group of tengu. A community of several families, all moving between the smaller mountains abutting the Kald Forest as needed. They brought her up as a devout follower of Kuzunoha, and Kiyo still keeps to that faith today.

Spending many years as a warrior, defending her community and fighting in the War of Fox and Hound. Nearing forty, however, the hatred has guttered. She is tired of conflict and bloodshed, and wants nothing more than for everyone to know peace; to live, and to let live. Nothing could be worth all the pain, the death, all the days and nights spent in terror of enemies finding you, the heartbreak of finding bloody corpses in family homes, of cradling a dying brother in your arms. Nothing. Not even spreading Kuzunoha's beautiful natural order.

After chancing upon the Worldhelm, Kiyo found herself driven to do what she could to help others. Without children or wife, she could leave her community behind for a while, to do her part.",,,,,,
Takaoka Kiyo 6,,,,,,"Mountains by Kald Forest, Aldistir",,,,,
Takaoka Kiyo 7,,,,,,,,"Height: 6'4"" / 194 cm
Wingspan: 10'9"" / 328 cm
Eye color: Golden yellow
Hair color: Dark brown / Black
Plumage: Mottled browns
Weight: Much less than you'd think.
Shoe size: Not in stock.

Kiyo strikes an impressive silhouette, even when her prodigious wings are folded in. Her clothing is loose and flowing, ornate but generously layered. Beyond the practical needs of any clothing made on Aldistir, it was made to catch the eye and accentuate movement. Her hair hangs straight and falls halfway down her back. It's usually kept either loose or in a high ponytail.

In contrast to her sheer size, when the shape isn't lost in her dress, her figure is quite slight and willowy. Lanky, really, by all rights *gangling.* Yet in motion she is fluidity and grace, nothing out of place and not a single wasted movement. She always carries herself with elegant poise, as it if is all effortless to her. It's anything but. Still, a tengu has her pride, you know.",,,
Takaoka Kiyo 8,,,,,,,,,She/Her,,
Takaoka Kiyo 9,,,,,,,,,,Yokai (Tengu),
Tanamachi Kaoru 1,27,,,,,,,,,,
Tanamachi Kaoru 2,,https://cdn.discordapp.com/attachments/569098468694687786/1275750813217853481/Mudrock_Kimono.png?ex=66c70708&is=66c5b588&hm=708a7826b5cd8df6e4c6088ff9bcbad1122f081cb047ef42de4c1673c85fbed1&,,,,,,,,,
Tanamachi Kaoru 3,,,,The Twilight Blade,,,,,,,
Tanamachi Kaoru 4,,,,,"A Swordswoman hailing from Teisei, known for carrying around a large greatsword that is as tall as her, is usually found and seen enjoying some sliced peaches by the wayside - out of sight. She doesn't say much about her life, as if not wanting to remember the past or wanting to make newer memories in the present and future... Strange, is it not? Either way, she isn't one for long dialogue but she won't turn away a potential snack partner.",,,,,,
Tanamachi Kaoru 5,,,,,,Tian-Yin: Teisei,,,,,
Tanamachi Kaoru 6,,,,,,,,"A 5'3 tall girl with pale white skin, snow white hair, and ruby red eyes. Adorn on the top of her head is two black horns, she has a firm and maintained build that still illustrates a natural figure. Despite her strange physical appearance, Kaoru usually dresses up in traditional Teisei garb - just to feel close to the place she calls home.",,,
Tanamachi Kaoru 7,,,,,,,,,She/Her,,
Tanamachi Kaoru 8,,,,,,,,,,Half-Oni,
Tanamachi Kaoru 9,,,,,,,,,,,Courage
Tatsuya Sakanagi 1,43,,,,,,,,,,
Tatsuya Sakanagi 2,,https://pbs.twimg.com/media/FFQjdpUXoAIqmQL.jpg,,,,,,,,,
Tatsuya Sakanagi 3,,,,Office Worker,,,,,,,
Tatsuya Sakanagi 4,,,,,"Tatsuya was a very dutiful man. Through long days, hard nights and extended required overtime, he gave long-standing years of hard work to NTTech. Always simply following what was needed to get the work done even if seemingly dubious though never illegal.

As a desk worker by nature he never cared for Temp work. The license he received from the company and the training was purely for the dangerous work.

The steadily growing feelings of discontent within him gave rise to a hidden desire new formed within his heart. He never considered himself to be a good person, and even less so someone who could stick their neck out for others in this city. However, once when overseeing the transfer of a monster and seeing said creature let loose on an agitated rampage into the city. All so that some forces could be dispatched to the scene and rewarded for stopping it. Instead of acting selfishly, Tatsuya found himself safely subduing the monster instead of executing it, to protect it and the people.",,,,,,
Tatsuya Sakanagi 5,,,,,,"Terra, Haven",,,,,
Tatsuya Sakanagi 6,,,,,,,,"A 5'10ft man, cleanly shaven and cleanly cut hair. Edged proper to standards of a professional working man. A Serious expression with sullen cheeks as a standard look, making it hard to tell whether or not they are upset about something, sad or otherwise from years of wearing the same look. Beautiful amber eyes dulled by a look of dispassion. While up there in age, maybe due to keeping fit or taking great care of his appearance, he does look maybe a few years younger than he actually is.",,,
Tatsuya Sakanagi 7,,,,,,,,,He/Him,,
Tatsuya Sakanagi 8,,,,,,,,,,Human,
Tatsuya Sakanagi 9,,,,,,,,,,,Guilt
Telerion 1,Old? Old.,,,,,,,,,,
Telerion 2,,https://i.ibb.co/BGJxH10/Telerion-Portrait-Only.png,,,,,,,,,
Telerion 3,,,,the former fae scout seeking a home.,,,,,,,
Telerion 4,,,,,"He is definitely from the Realm of Fae, but what he was doing on the Woldheim was anyone's guess.",,,,,,
Telerion 5,,,,,,Realm of Fae,,,,,
Telerion 6,,,,,,,,"The figure was humanoid, familiar, but thin like a tree sapling. His finely detailed face seemed sculpted from wood. Telerion's smile was small, soft, and warmed the room. He was not a captivating beauty, yet nothing was plain about him. Even when the slender figure stood still, the ends of the elf's dark hair softly waved like black birch branches in a wind. His sharp ears peeked out from his inky dark hair or held the hair back, which fell to below his shoulders when not gathered up. Something about his gentle voice reminded you of the wind rustling through trees. His laughter was a lilting, merry sound.

When Telerion looked at you, you knew you had his complete attention. The longer people spent with Teleri, as some call him, the more apparent it became he was not from around here.

It is also hard to ignore the rhyming. Telerion didn't speak in verse when surprised, stirred to wrath, or in depths of sadness, but when it happened it marked him as distinctly fae. He hated that.",,,
Telerion 7,,,,,,,,,He/Him,,
Telerion 8,,,,,,,,,,Elf,
Telerion 9,,,,,,,,,,,Guilt
Tenzin el-Shayekh 1,22,,,,,,,,,,
Tenzin el-Shayekh 2,,https://i.imgur.com/3oiIDAu.jpeg,,,,,,,,,
Tenzin el-Shayekh 3,,,,The Delegate of Time,,,,,,,
Tenzin el-Shayekh 4,,,,,"Tenzin spent his whole life forcibly worked and used as a test subject when it came to more magically dangerous areas. One day, when he was guided into an area of eldritch magic, it reacted to his own capabilities to channel ambient magic seeped into him, vastly changing his internal magical balances and making it difficult to keep himself grounded in the current time, space, and elements. 

This part is fixed now, and he's awkwardly getting used to being in the present; being more connected to people is more difficult than he thinks it would be.",,,,,,
Tenzin el-Shayekh 5,,,,,,"South of Halterian Heights, Nezmira",,,,,
Tenzin el-Shayekh 6,,,,,,,,Tenzin is 5'7 (170cm) with a slight build. He has dark skin and now bright white eyes and hair. On the left side of his face is the bright blue scales that showcase a magic user.,,,
Tenzin el-Shayekh 7,,,,,,,,,he/him,,
Tenzin el-Shayekh 8,,,,,,,,,,Human (Cursed),
Tenzin el-Shayekh 9,,,,,,,,,,,Introspection
Teodoro Deocampo 1,65+,,,,,,,,,,
Teodoro Deocampo 2,,https://i.imgur.com/pnHzVUd.png,,,,,,,,,
Teodoro Deocampo 3,,,,A Warm Summers Rain,,,,,,,
Teodoro Deocampo 4,,,,,"As the latest member of the Năm May Mắn Caravan, little is publicly known about mister Deocampo. Much like his acquaintances however, he too sells his own goods in the form of tea, and sweets that go well with said tea.

As a cultivator hailing from Sangan-Daan, his qi takes the form of water and ice, and while not the strongest amongst his peers his control over it only grows with every year. 

He is known to both guide and aid his companion and others from distance, in hopes that they might see a better tomorrow. It's uncertain if this is due to past experiences or if he simply fancies himself some sort of commander. The truth probably lies somewhere in-between.",,,,,,
Teodoro Deocampo 5,,,,,,"Sangan-Daan, Tian Yin",,,,,
Teodoro Deocampo 6,,,,,,,,"Even in his old age, Teodoro stands at an imposing six feet tall. It's uncertain if he's in fact blessed with an unnatural physique, or if he simply wears some rather tall wooden sandals.

His attire is rather unassuming for a cultivator of his caliber, choosing to drape his body in silken robes with the colors of Autumn, faded gold, orange and brown. While he is not as physically capable as some of his travelling companions, he still showcases remarkable flexibility for his age.",,,
Teodoro Deocampo 7,,,,,,,,,He/Him,,
Teodoro Deocampo 8,,,,,,,,,,Human,
Teodoro Deocampo 9,,,,,,,,,,,Hope
Thalia Cornerstone 1,24,,,,,,,,,,
Thalia Cornerstone 2,,https://media.discordapp.net/attachments/1170110980546637915/1177466715634946048/a233fd6cf58cfbc5603882c3e8e18c2e.png?ex=663b0055&is=6639aed5&hm=d6166630bd34a4c60e7f2bd23ca97f4084c7410fc7e78a0bbe4c782ce98b28e2&,,,,,,,,,
Thalia Cornerstone 3,,,,Determined Squire for The People,,,,,,,
Thalia Cornerstone 4,,,,,"Those who have been around Tradefair 10 years ago have seen a variety of bounties or warnings of a child who was a full-fledged part of a bandit troupe. Now, that same child is now one of their protectors of the city under the Golden Claw mercenaries' supervision. Regardless, to say that the Golden Claw's reputation had taken a plummet when that child was taken in would be taking it lightly. That is Thalia, seeking redemption for her actions, bracing herself for any ridicule, humiliations, or distain that comes across her path as her protects her land and her people.

And she has. Though it did take her family down below and her friends above to finally convince her of that fact. She has protected Kor'tarion time and time again. She's a bandit no longer. Not the ex-villain she made herself to be. A squire under the Marshall himself. A Knight of the Goldhearted Court. A blazing bonfire of Hope. That's who Thalia is. And she wouldn't have it any other way.",,,,,,
Thalia Cornerstone 5,,,,,,"Tradefair, Kor'Tarion",,,,,
Thalia Cornerstone 6,,,,,,,,"A short female human standing at 5'2 with short brown hair and green eyes. She is found consistently in her armor. Though more recently, she has started to come out of her metal shell.",,,
Thalia Cornerstone 7,,,,,,,,,She/Her,,
Thalia Cornerstone 8,,,,,,,,,,Human,
Thalia Cornerstone 9,,,,,,,,,,,Hope
The Assistant 1,N/A - They do not seem to age,,,,,,,,,,
The Assistant 2,,https://images-ext-1.discordapp.net/external/RDIjlDorhSi9qaOU2oyQXtmnpGzDMLgrRNunqXTuRzc/https/cdna.artstation.com/p/assets/images/images/062/854/856/large/nico-schmieder-rock-golem-beauty-5d.jpg,,,,,,,,,
The Assistant 3,,,,Passive Passerby Palliative Practitioner,,,,,,,
The Assistant 4,,,,,"Hailing from the Suntouched Isles of Nezmira, The Assistant awoke with one purpose: to aid, protect, and embetter those around them.
The folks of their home realm seem to disagree with that notion.

With their innate, primordial, magical talent, they can cast a wide variety of rituals and assistive spells, which is surely a boon to those venturing from the Worldhelm. They don't desire fame, fortune, glory, or anything of the sort... what *do* they want, anyway?",,,,,,
The Assistant 5,,,,,,"The Suntouched Isles, Nezmira",,,,,
The Assistant 6,,,,,,,,"Assistant is 7'8"", weighing 319 lbs. They seem to be always cloaked in rocks; though it's unclear where the rocks end and the body begins, this outer coating of rocks seems to differ from day to day.

Though they have no mouth, their ""speech"" seems to emanate from the crystal embedded in their ""face"", coming out alongside a low hum.

Art from [Nico Schmieder on Artstation](https://www.artstation.com/ultimakrecia)",,,
The Assistant 7,,,,,,,,,They/Them,,
The Assistant 8,,,,,,,,,,Lithic (Arboreal),
The Assistant 9,,,,,,,,,,,Self-Determination
TheresioldaGaratsumiYumikoDraugr 1,22,,,,,,,,,,
TheresioldaGaratsumiYumikoDraugr 2,,https://safebooru.org//samples/4619/sample_31e557f4021f6986e9b378dcb69667163db317d4.jpg?5036603,,,,,,,,,
TheresioldaGaratsumiYumikoDraugr 3,,,,Elemental Swordsyokai seeking purpose,,,,,,,
TheresioldaGaratsumiYumikoDraugr 4,,,,,"Born to a nomadic clan, this kitsune is used to the frozen hellscape that is known as Aldistir. Having studied the Elemental fusion style with the caravans chieftain, he now seeks to find the meanings for his masters words: If you want to be the strongest, you need to find a purpose for that strength",,,,,,
TheresioldaGaratsumiYumikoDraugr 5,,,,,,Aldistir,,,,,
TheresioldaGaratsumiYumikoDraugr 6,,,,,,,,"A small and seemingly fragile looking person, Due to his past he looks extremly effeminate and it would not be wrong to assume he be a woman. A fact he likes, simply because he likes womans fashion more than mens",,,
TheresioldaGaratsumiYumikoDraugr 7,,,,,,,,,He/HIm-She/Her,,
TheresioldaGaratsumiYumikoDraugr 8,,,,,,,,,,Kitsune,
TheresioldaGaratsumiYumikoDraugr 9,,,,,,,,,,,Perfection
"Theta-13, resident creature #3 1",19,,,,,,,,,,
"Theta-13, resident creature #3 2",,https://cdn.picrew.me/shareImg/org/202405/480390_sP1VZIfc.png,,,,,,,,,
"Theta-13, resident creature #3 3",,,,Government experiment,,,,,,,
"Theta-13, resident creature #3 4",,,,,"Theta's a government experiment made for military reconnaissance and scouting [aren't those synonyms?],they were created in a lab, a mix of...... so many kinds of DNA. mostly human though, she used to be fully organic but failure after failure led them just replacing more and more of him with robotics, at this point xe's 64.85% mechanical by the time she finds her way onto the worldhelm, they only recently escaped while on a scouting operation, as such she's incredibly paranoid about being re-contained by her creators, which, seeing as they've only been out for a week, is a fairly reasonable fear. it's goal at the current moment is simply ""to live"" to experience whatever life it has left, seeing as, to her knowledge she'll be dead by 20 years old. in actuality, she will not die at 20 tears old, she somehow broke her bio chip [ever watched the clone wars animated series? remember fives? good, you get the concept] and since that's broken. good news! she is not dying at 20!",,,,,,
"Theta-13, resident creature #3 5",,,,,,someplace up near Caldera,,,,,
"Theta-13, resident creature #3 6",,,,,,,,"6'2, pale skin, white hair, a thin tail, horns, one green eye one blue eye, pointy ears, it's outfit consists of a sleeveless shirt with basic armour plating over where his guts would be [y'know.... IF IT HAD ANY], as well as heavy duty black pants and combat boots.",,,
"Theta-13, resident creature #3 7",,,,,,,,,anything you can come up with. he's just happy you're treating xem like a living thing.,,
"Theta-13, resident creature #3 8",,,,,,,,,,I mean............. legally speaking it's human? granted it's mixed with so many other species that her dna looks like a mixtape.,
"Theta-13, resident creature #3 9",,,,,,,,,,,humanity
Tika & Bow 1,21,,,,,,,,,,
Tika & Bow 2,,https://media.discordapp.net/attachments/1169877627859914802/1235763496722104350/image.png?ex=665c7230&is=665b20b0&hm=2a845b7e6ec221be69ace1bf8898a730fa3f9f1f971b3ba4b5aad4aab6b7c0b5&=&format=webp&quality=lossless&width=&height=,,,,,,,,,
Tika & Bow 3,,,,Former Royal Engineer of Merrane,,,,,,,
Tika & Bow 4,,,,,"Tika was an engineering prodigy in Merrane. She's one of the youngest ever to attend the Caldera Engineering Academy, where work for the crown is designed and constructed. When the conquest of Karlgard began, bright minds from Caldera were put to work to win the war, Tika among them. She didn't approve, but she kept quiet and put herself to work on infrastructural studies that could prompt a more peaceful joining of nations. When she presented her findings to the regent, she was dismissed for her dissent.",,,,,,
Tika & Bow 5,,,,,,"Caldera, Merrane (Lhodos)",,,,,
Tika & Bow 6,,,,,,,,"This duo consists of a, like, 4'9"" pink engineer girl and a cat-size robot that's always either following her around, perched on her shoulders, or folded up into a briefcase somewhere on her person.

Tika's bag has downsized over time, but lots of technology is strewn about her person: a big capacitor on her hip, the butt of a bespoke rifle poking out of her pack, and all the tools somebody might need for impromptu invention.",,,
Tika & Bow 7,,,,,,,,,She/Her,,
Tika & Bow 8,,,,,,,,,,Wilkin,
Tika & Bow 9,,,,,,,,,,,Ambition
Timotee 1,Maybe 21,,,,,,,,,,
Timotee 2,,https://media.discordapp.net/attachments/976906540890066964/1304932727749083186/9ffbb72957ce201e93f1b0ef74fcdc78.png?ex=673130ce&is=672fdf4e&hm=51b98f25961afe39363427026fec24f33347b58bd88f31d427d41bb175e32b78&=&format=webp&quality=lossless&width=&height=,,,,,,,,,
Timotee 3,,,,"Friend-of-All , a strange engineer",,,,,,,
Timotee 4,,,,,"""Growing up in Constance, Timotee never knew war, not firsthand, at least. They had heard of it, sure, but it was nothing more than news and a distant thought. However, Timotee was not someone to stay back and watch, so when they came of age, they decided to take matters into their own hands: they took whatever they could from their lab, their last experiment, their instruments, their notes, anything light enough to be carried, and moved to the front, where they started helping the less fortunate recover when they came back injured from the trenches.
After the ceasefire was signed, they kept working in Vale, until a multicolored storm spirited them away to the Worldhelm...  (powered by 2NA)""",,,,,,
Timotee 5,,,,,,Costance - Lodhos,,,,,
Timotee 6,,,,,,,,"A human with a gentle appearance, almost invisible unless illuminated by sunlight. A very frail body, and the slight curvature of their back makes them even shorter than their already modest height. Luckily, their hat adds a few centimeters, and sometimes even R4 lends a hand",,,
Timotee 7,,,,,,,,,They/Them,,
Timotee 8,,,,,,,,,,Human,
Timotee 9,,,,,,,,,,,Happyness
Timothy Maclain 1,23,,,,,,,,,,
Timothy Maclain 2,,https://i.imgur.com/ZaYFUOP.png,,,,,,,,,
Timothy Maclain 3,,,,Psychic Programmer,,,,,,,
Timothy Maclain 4,,,,,"Timothy lived a relatively normal life before ending up on the worldhelm he took an interest in the inner working of computers at a relatively young age. This interest combined with natural proficiency would lead to him taking up a job as a programmer for SWORD, it was while working for SWORD on some project or another where Timothy would learn how to enter the Network of Souls itself which was simply fascinating, officially Timothy mostly just used these powers to solve relatively minor SWORD backend problems however on the side Timothy would solve problems for other individuals as a Soulrunner. It would be a gig gone horribly wrong that would cause Timothy to come into contact with a Realmstorm, with the next thing he knows being waking up in environment not all that dissimilar to a SWORD game like RWO but somehow feeling all the more real and not a cognitive projection",,,,,,
Timothy Maclain 5,,,,,,"Terra, Haven, Silver Rock",,,,,
Timothy Maclain 6,,,,,,,,"Timothy stands a relatively small and scrawny 5'5ft wearing what can affectionately be described as the cyberpunk equivalent of clothes you would throw on in a hurry to get to to work, glasses and in a sort of retro touch carries a wrist mounted computer despite having access to more efficient cybernetics",,,
Timothy Maclain 7,,,,,,,,,He/Him,,
Timothy Maclain 8,,,,,,,,,,Human,
Timothy Maclain 9,,,,,,,,,,,Perseverance
Tonis 1,22,,,,,,,,,,
Tonis 2,,https://imgur.com/g3oJvv9.png,,,,,,,,,
Tonis 3,,,,The Wandering Naive Bard,,,,,,,
Tonis 4,,,,,"Tonis was born a mute in Dryholde, growing up in the orphanage in The White Feather House he struggle at an early age to communicate
with others. However during his teenage years he fell in love with the strings seeing them play at the plaza. Once he started playing the cello himself he became more in tune with the souls of others making it easier to socialize have others understand him...however Tonis realize he was being too much in tune with others that he realize he was showing signs of being a mage. Luckily it was easy for him to hide his magic by just not playing as often as he would have like to however that changed when he was 19 years old. Tonis ended up using spiritist magic to heal a wounded construction worker after an accident, revealing himself as a mage to the public of Dryholde. Acting in haste Tonis had to quickly exile himself leaving his home behind with only his clothes and his cello.  However despite these events he is still very excited to explore the realms!",,,,,,
Tonis 5,,,,,,Kor'Tarin (Dryholde),,,,,
Tonis 6,,,,,,,,Blond Pompadour hairstyle with blue eyes. Wears a small goatee and white tattoos on his face.  He also wears a sword earring. His clothing is a simple blue over coat with a feather to its side.,,,
Tonis 7,,,,,,,,,He/Him,,
Tonis 8,,,,,,,,,,Human,
Tonis 9,,,,,,,,,,,Mercy
Trif 1,22,,,,,,,,,,
Trif 2,,https://i.imgur.com/I4MA7yG.png,,,,,,,,,
Trif 3,,,,Naive Gardener Harboring a Secret,,,,,,,
Trif 4,,,,,"Trif was born in The City of Nest and worked with her father at a young age to maintain the fields or the machines that do so. 
She was raised on company values and often found herself attached to her plants that she had once she was young.
She had made a name for herself, amongst others in various plant bioenginnering projects in Nest though never as the head researcher. Occasionally, she helped fix up any accidents within the workplace, if someone got injured handling a machine and so on and so forth.
And now she finds herself here!",,,,,,
Trif 5,,,,,,"Terra, City of Nest",,,,,
Trif 6,,,,,,,,"A short 4'10 gal, often found in baggy clothing that hides most of their physique, often stained with dirt given her prior and current occupation.",,,
Trif 7,,,,,,,,,She/Her,,
Trif 8,,,,,,,,,,Human,
Trif 9,,,,,,,,,,,Growth
Trinity Heartwell 1,30,,,,,,,,,,
Trinity Heartwell 2,,https://i.imgur.com/L0Vk0Go.png,,,,,,,,,
Trinity Heartwell 3,,,,Wildmagic Wizard,,,,,,,
Trinity Heartwell 4,,,,,Known to be a student at hudal academy. New to being goldhearted and was shown the ropes by Dul.,,,,,,
Trinity Heartwell 5,,,,,,Kor'Tarion,,,,,
Trinity Heartwell 6,,,,,,,,6 foot tall human male in blue and purple outfit,,,
Trinity Heartwell 7,,,,,,,,,He/Him,,
Trinity Heartwell 8,,,,,,,,,,Human,
Trinity Heartwell 9,,,,,,,,,,,Ambition
Tson Gongn 1,20,,,,,,,,,,
Tson Gongn 2,,https://images-ext-1.discordapp.net/external/Ypf77ZlviEwX9QCx6-4mgZhkU80Wc1v9A6oP_iwIoZw/https/imgur.com/Dz7YwXZ.png,,,,,,,,,
Tson Gongn 3,,,,Flame Prince,,,,,,,
Tson Gongn 4,,,,,"He grew up in the mountains of Tanngula, in a secret palace monastery, nestled between two great mountains. Once a seat of power to a great demon king, Niu Gongn, who ruled this valley with an iron fist. He and his wife, Tieshan Gongn, a human sorceress. The Gongn's, hides here. Away from the eyes of heaven, where the traitor sits. The family was once allied to the throne taker, Xiang Shinan, but he betrayed them and took the powers of the demon king for himself. Now this family survives on its ability to kill monsters and offerings from the local village as repayment. For many years, they stayed in the valley, away from the chaos of the world. The demon king and sorceress would eventually have a son, and they decided to train him in the ways of Qi and hand to hand fighting. Tson, their new born child, became a master of fire and martial arts, and a skilled monster killer. He trains to achieve immortality like his parents and then challenge Xiang Shinan. . .",,,,,,
Tson Gongn 5,,,,,,Tian Yin,,,,,
Tson Gongn 6,,,,,,,,"Tson is 5'10. He wears a long read robe with blue pants, and black slippers. He has a pair of black, armless sunglasses. His hair is a blazing red hair an his ponytail moves like flames, pointing up and flickering and moving. On his for head is a Bindi and has pointed ears, signifying his half-yokai heritage.",,,
Tson Gongn 7,,,,,,,,,He/Him,,
Tson Gongn 8,,,,,,,,,,Half-Yokai,
Tson Gongn 9,,,,,,,,,,,Pride
Tsuihō Hira 1,20,,,,,,,,,,
Tsuihō Hira 2,,https://imgur.com/8G5mbY1.png,,,,,,,,,
Tsuihō Hira 3,,,,The Pacifist Healer Of Flowers,,,,,,,
Tsuihō Hira 4,,,,,"Tsuihō Hira is a half-kitsune who grew up in the outskirts of Hanae, never been able to truly go into village proper though is not hunted down with a mixture of fear and cautious respect for his natural use of wood qi and healing the injured that comes by, With the Kitsune rejected him for being too young and the Humans out of fear, Hira decides to make a oath to pacifism out of spite to both of them while he tries to understand and learn from both races.

After a few missions with the Goldhearted he has grown a more distaste for violence while still searching where he truly belongs. Inari's Will, Humans. Yokai, or none at all?",,,,,,
Tsuihō Hira 5,,,,,,Teisei (Hanae),,,,,
Tsuihō Hira 6,,,,,,,,White hair fox ears. Wearing a blue overcoat with a set of flowers on them. (White Anemone),,,
Tsuihō Hira 7,,,,,,,,,He/Him,,
Tsuihō Hira 8,,,,,,,,,,Half-Yokai (Kitsune),
Tsuihō Hira 9,,,,,,,,,,,Belonging
Tsutsuji 1,Three?,,,,,,,,,,
Tsutsuji 2,,https://media.discordapp.net/attachments/685921506185969720/1220912769147207750/Untitled_Artwork.png?ex=663b835f&is=663a31df&hm=4f0f34caf86c4d7add48d340423e718163195bafc32b1099853ccdcfcceffcf6&,,,,,,,,,
Tsutsuji 3,,,,The Spring Herald of the Feywyrd,,,,,,,
Tsutsuji 4,,,,,"Tsutsuji is the warming breeze, the new life that grows from the fading of winter. Her appearance was first noted three years ago as she appeared in the Feywyrd on what would be the first day of spring, racing a path through the forest with lilies and azaleas blooming in her wake. She creates wild gardens with her natural magic and care, and any who end up within find respite from the bite of the Blood Grotto- lest they seek to trouble the Spring Herald or her wards.",,,,,,
Tsutsuji 5,,,,,,"The Feywyrd, Aldistir",,,,,
Tsutsuji 6,,,,,,,,"Tsutsuji is a large fox standing 4'2"" at her shoulder with pale blue eyes and a pure white coat. However, when flowers begin to bloom across her body, the fur beneath turns an earthy black. She has three ribbon-like tails that float around her and branches that sprout from her head like antlers, flowers often growing upon them. All manner of flora may take root where she once stepped.",,,
Tsutsuji 7,,,,,,,,,She/They,,
Tsutsuji 8,,,,,,,,,,Yokai,
Tsutsuji 9,,,,,,,,,,,Hope
Tucker Kawasaki 1,"37, and forklift certified",,,,,,,,,,
Tucker Kawasaki 2,,https://imgur.com/HgJr2sH.png,,,,,,,,,
Tucker Kawasaki 3,,,,Fortune Valley Outrider,,,,,,,
Tucker Kawasaki 4,,,,,"Mr. Kawasaki is a reckless man who is used to facing the consequences of their actions. It's just that its his family who has paid the cost of his mistakes up until now. 
Having gambled most of his savings away, Tucker Kawasaki now works for/around 777LC in Fortune Valley as a Security Detail on temporary contract. He always catches his mark, but the company often hesitates to actually make him work. This bastard costs the company more in damages than what they save by catching someone who thought they could cheat the Company. 

In addition to this main cashflow, he works Odd Jobs across the several territories of Haven, scrounging up what he to pay off his family's debts can before they end up being turned into Insolvents by ET Acquisitions.",,,,,,
Tucker Kawasaki 5,,,,,,"Silver Canyon, Haven, Terra",,,,,
Tucker Kawasaki 6,,,,,,,,"Tucker Kawasaki is an unkempt man who would seem to be homeless if not for the fact that he has a vehicle and the seemingly sufficient cash flow to maintain its performance. A weather-worn trench-coat is layered atop a plain beige button-up and patchy jeans that have been repaired on countless previous occasions.
He has a ""gun"" on his hip, but it's actually a toy. When activated it unfolds into a portable electronic table for playing card games.",,,
Tucker Kawasaki 7,,,,,,,,,He/Him,,
Tucker Kawasaki 8,,,,,,,,,,Human,
Tucker Kawasaki 9,,,,,,,,,,,Fate
Tylar Lin 1,27,,,,,,,,,,
Tylar Lin 2,,https://i.imgur.com/RPnTYPR.png,,,,,,,,,
Tylar Lin 3,,,,Solar Ascendant,,,,,,,
Tylar Lin 4,,,,,"That one day, Tylar Lin’s life would change forever. It was like any other day, he was working on his family’s farm, trying to meet ends meet, despite all of the trouble Teisei was going through with no Sun… he was truly happy. He had a true love named Mari, and he was going to live an ordinary life.

That was, until a group of Oni attempted to take down Murata for good. Tylar saw Mari get struck down by a cruel and careless Oni, and in that moment… something snapped inside of him. A passion. A light. A want to bring hope and make things right. Picking up the Katana of a fallen town’s guard, Tylar, alongside the assistance of the town’s guard, pushed back the Oni menace.

He had earned the power of the Sun long thought lost in Teisei. After driving the last Oni from the town… he found himself on the Worldhelm, separated from his home.  But with his hope and the power of the sun now in him, Tylar hopes for a future where he can restore the light to Teisei… and eventually returning home.",,,,,,
Tylar Lin 5,,,,,,"Murata, Teisei",,,,,
Tylar Lin 6,,,,,,,,"Tylar Lin is a 6' 1"" man with a lighter medium skin and a thin, but surprisingly bulky stature. He has long, ponytailed brownish hair, a light stubble, and brown eyes.

He wears what mostly looks like standard peasant's garb, but slightly modified with more practical adventuring gear. A gauntlet with shining jewels for his sword arm, a practical waist wrap, and better boots ready him for his journey.",,,
Tylar Lin 7,,,,,,,,,He/Him,,
Tylar Lin 8,,,,,,,,,,Human,
Tylar Lin 9,,,,,,,,,,,Hope
Tyra Godbinder 1,32,,,,,,,,,,
Tyra Godbinder 10,,,,,,,,,,,Forgiveness
Tyra Godbinder 2,,https://i.imgur.com/Sqxo4ub.png,,,,,,,,,
Tyra Godbinder 3,,,,The Witch of Death and Adoration,,,,,,,
Tyra Godbinder 4,,,,,"Apart from her parents, Tyra spent all her life in Aldistir being rejected and shunned for her half-blooded nature. Once they passed, she was left alone... just her and the snow. And so she wandered. She wandered until she found company in a fellow outcast, an old witch by the name of Olga, who taught her the blackened art of necromancy.

After some time, Tyra put theory to practice, and put life to the lifeless. With her talents, and some months of work, she created the being who would be her son. Though he seemed monstrous on the outside, she loved him with all her heart.

Recently, after an extended stay with the demon Sanctimony and their cult, Tyra has found a measure of confidence. Should the world shun her for her being, then let them do so. But never will she hide herself again.",,,,,,
Tyra Godbinder 5,,,,,,"Heart Hills, Aldistir",,,,,
Tyra Godbinder 6,,,,,,,The Corpse Witch,,,,
Tyra Godbinder 7,,,,,,,,"Tyra is an odd woman, standing at 5'8 with a build that ends up just on the chubbier side. Unlike before, she bares her arms and scars proudly, no longer will she be shamed for her past, not her present. She is covered in Aldistiri runes and tattoos, and scars from battle and blood sacrifice. Her cheek is marked with the brand of the archdemon Sanctimony, and her hair is tinged with gold and an otherworldly teal.

Her 'son', Utsuki Halfborn, is a hulk of a man, some eight feet tall with dark hair and fair skin. His flesh is marked across with stitches, and even though he doesn't talk much, there is a doubtless innocence in his eyes.",,,
Tyra Godbinder 8,,,,,,,,,She/Her,,
Tyra Godbinder 9,,,,,,,,,,"Half Ald, Half Yokai",
Tzera Crawford 1,28,,,,,,,,,,
Tzera Crawford 2,,https://media.discordapp.net/attachments/665760238141571083/1195415970353791078/danhu-moon-e-07.png?ex=663b0aa1&is=6639b921&hm=78e4ea516c31f323ac6bf0407653e9457096c627c5616948cd90e47dab407ac7&,,,,,,,,,
Tzera Crawford 3,,,,Ghost of the Corps,,,,,,,
Tzera Crawford 4,,,,,She might have been heard of as one of the captains of the White Saber mercenary group. A group of swords for hire that tended to move towards more organized monster exterminations for large cities. However no one has heard from them in months after they took a mission in the far north.,,,,,,
Tzera Crawford 5,,,,,,Kor'tarion,,,,,
Tzera Crawford 6,,,,,,,,A tall red haired woman with pointed wolf ears on the top of her head that seem to constantly be shifting towards the nearest sound. Her long mane of red hair is scruffy and full of split ends that seem to curl upwards. Her figure is on the more muscular side with thick arms and legs that are usually covered by the dark tunic and pants that she is wearing.,,,
Tzera Crawford 7,,,,,,,,,She/her,,
Tzera Crawford 8,,,,,,,,,,Human/beast features,
Tzera Crawford 9,,,,,,,,,,,Hunger
Uriel 1,???,,,,,,,,,,
Uriel 2,,https://i.pinimg.com/474x/62/4f/b0/624fb0fba12dd955e42e5b94df55187c.jpg,,,,,,,,,
Uriel 3,,,,Servant of Paradise,,,,,,,
Uriel 4,,,,,"Uriel has only ever known Paradise; they do not remember their life before Caladrius. Their body took shape to serve their lord even before the threat of corruption. Uriel being a Chaplain that quitely cared for the simple things such as the gardens and homes who lived there.

Their heart is soft and has never known the true hell that neighbors them.

And as any good devotee, they plan to share the gift of Paradise.",,,,,,
Uriel 5,,,,,,"Paradise, Idyll",,,,,
Uriel 6,,,,,,,,"A 6'0 humanoid being dressed in white ceremonial robes and gold embroidery. Their expression is unreadable behind the flurry of feathers and eyes. But behind their wings, there is a smile that has rarely left their face throughout their years.",,,
Uriel 7,,,,,,,,,Any/All,,
Uriel 8,,,,,,,,,,Angel,
Uriel 9,,,,,,,,,,,Devotion
Valen 1,24,,,,,,,,,,
Valen 2,,https://imgur.com/1j9CNEk.png,,,,,,,,,
Valen 3,,,,He who must fight,,,,,,,
Valen 4,,,,,"Born to the unforgiving lands of Aldistir, Valen was no different than the land itself. From an early age the lands taught him that the strong endure and this was drilled into him every day as he was being molded to be one worth remembering.

His father, Erik the Fierce, was the person that pushed him the hardest and Valen looked up to him as a role model. His tales of valor and combat told by anyone that trained him to be a warrior of his father's caliber. 

Reality reared it's head, in his 15th year of life his home was raided by Yokai seeking to eliminate them for their resources. Valen joined his father and the other warriors, and in this battle he saw why his father earned the title ""The Fierce"" as he stuck close to his side and did his best to imitate him. Valen fell in battle and the last sight was his father fighting alone against hordes of Yokai.

He awoke alone in the still simmering fires of his home, his father gone and the only thing he can do is be ensure the strong live.",,,,,,
Valen 5,,,,,,Aldistir,,,,,
Valen 6,,,,,,,,"Tall, pale skinned man and with scars, his brown eyes holding the burning signs of life in them. His no sign of facial hair along with little signs of aging in his face betrays his age allowing many to see his youth.",,,
Valen 7,,,,,,,,,He/him,,
Valen 8,,,,,,,,,,Alds,
Valen 9,,,,,,,,,,,Passion
Valen Bell 1,21,,,,,,,,,,
Valen Bell 2,,https://imgur.com/9usztpd.png,,,,,,,,,
Valen Bell 3,,,,Devoted Guard Who Cherishes Life,,,,,,,
Valen Bell 4,,,,,Valen Bell was born and raised in Ironholde living a laid back life living with his father and working as a guard and had plans on moving to Brightshield. Though sadly his planned trip was over before it even began when he got the news of his father's death when he was late to his post.  Valen was succumbing to grief until he took a chance in joining a church belonging to the rising Goddess Atee in which they welcomed him with open arms. After being converted and having a new view on life Valen sets out past Ironholde on a pilgrimage to protect the innocents while also spreading the word about the Goddess!,,,,,,
Valen Bell 5,,,,,,Kor'Tarion (Ironholde),,,,,
Valen Bell 6,,,,,,,,White hair novice looking male guard wearing outdated armor with a sword and shield.,,,
Valen Bell 7,,,,,,,,,He/Him,,
Valen Bell 8,,,,,,,,,,Human,
Valen Bell 9,,,,,,,,,,,Hope
Valentin Bernstein 1,26,,,,,,,,,,
Valentin Bernstein 10,,,,,,,,,,Augmented Human,
Valentin Bernstein 11,,,,,,,,,,,Duty
Valentin Bernstein 2,,https://i.imgur.com/OTSL6T3.png,,,,,,,,,
Valentin Bernstein 3,,,#6C3BAA,,,,,,,,
Valentin Bernstein 4,,,,Ex-Criminal Apprentice Butler,,,,,,,
Valentin Bernstein 5,,,,,It is apparent at first glance that Valentin still carries his former profession as a butler with him. He is open about the fact that he used to serve as one from his home in Terra.,,,,,,
Valentin Bernstein 6,,,,,,Terra,,,,,
Valentin Bernstein 7,,,,,,,Maximilian,,,,
Valentin Bernstein 8,,,,,,,,"Valentin is a 6'4'' tall augmented human, likening the appearance of an anthropomorphic tiger. His fur has an orange/cream tone. Usually he is clad in a tidy and expensive-looking suit, as well as a few distinct adornment, such as his gold necklace that holds a beautiful amber gemstone in it. Valentin's posture is quite proper and polished, adding to a perhaps imposing impression at first sight.",,,
Valentin Bernstein 9,,,,,,,,,He/Him,,
Vania 1,42,,,,,,,,,,
Vania 10,,,,,,,,,,,Discipline
Vania 2,,https://i.imgur.com/BWQliDy.png,,,,,,,,,
Vania 3,,,#3A3B3C,,,,,,,,
Vania 4,,,,Dedicated Instructor Suffering Malaise,,,,,,,
Vania 5,,,,,"Had been a career solider in the People's Guard with Merrane, standing out enough to gain respect from her superiors. However she developed an unknown illness that caused her to be removed from fieldwork as the illness caused her to begin internally bleeding if she became to stressed or strained her body. With her skills she became an instructor who over saw drill practices, eventually being stationed in Suntower. Having lived in Suntower for over a decade when the rumors of it seceding from Merrane arose, she made the decision to stand with Suntower. As such she began to prepare for the worst and began trying to resharpen her skills.",,,,,,
Vania 6,,,,,,Suntower City - Lhodos,,,,,
Vania 7,,,,,,,,"A middleaged woman standing at 5'7"" with long silvering hair and gray eyes, a beauty mark beneath her right eye. Typically dressed in a well kept uniform she carries herself with and air of discipline and confidence.",,,
Vania 8,,,,,,,,,She/Her,,
Vania 9,,,,,,,,,,Human,
Vanigad Ensed 1,Mid-20s,,,,,,,,,,
Vanigad Ensed 2,,https://i.imgur.com/6XBeiMR.jpeg,,,,,,,,,
Vanigad Ensed 3,,,,Temporal Trickster of the Fallen God,,,,,,,
Vanigad Ensed 4,,,,,"A follower of the fallen god in Aldistir, Vanigad just kind of showed up. He said he was a warrior, but he uses no axe. He said he was a hunter, too, but his archery skills are odd. No one recognized him, and no one could tell exactly where he was from. But whenever someone thought they had him figured out, he would be gone before they knew it.",,,,,,
Vanigad Ensed 5,,,,,,"Forgotten Shrine to the Fallen God, Aldistir",,,,,
Vanigad Ensed 6,,,,,,,,"A little shorter than average at 5'8"", Vani carries himself tall and proud. He has short blonde hair and tends to wear comfortable and well-worn gear suitable for his frozen homeland, though he likes to keep a set of nicer clothing for walking about, and he wears an eyepatch over one eye. His irises seem to shift in the light, so the color is difficult to pin down, but he always has a smile on his face, as if he knows a secret no one else could ever guess.",,,
Vanigad Ensed 7,,,,,,,,,He/Him,,
Vanigad Ensed 8,,,,,,,,,,Ald,
Vanigad Ensed 9,,,,,,,,,,,Mischief
Vanille Kuylenberg 1,38,,,,,,,,,,
Vanille Kuylenberg 10,,,,,,,,,,,Vengeance
Vanille Kuylenberg 2,,https://images-ext-1.discordapp.net/external/GQiM1rCzPXhrcz0w5fyDXISePl0I0iOBfYiTHAnSUNU/https/i.imgur.com/jtOUyHs.png,,,,,,,,,
Vanille Kuylenberg 3,,,#dcd6cf,,,,,,,,
Vanille Kuylenberg 4,,,,Culinarian Mother Left Behind,,,,,,,
Vanille Kuylenberg 5,,,,,"Although Vanille was an adventurer in her younger years, she retired at 19 due to a severe injury. She settled down in Dryholde, where she would eventually marry her husband Arthur and have a son, Donovan. Arthur made his living as a monster hunter, and Vanille found fulfillment in turning the spoils of his hunts into incredible home cooking. Life had its struggles, but the family found their way together.

That all changed a year ago, when a monster attack beset the village of Dryholde. In the chaos, Vanille was separated from Arthur and the then 13-year-old Donovan, and she was knocked unconscious. When she came to the following morning, she found no trace of her family. Since then, she's trained her body and her techniques to once again take up adventuring.

Now, Vanille has found her son - under the name Marcelo Brightshield, the young king, a pawn for the Merchant with no memory of his mother. She will do whatever it takes to see him safe, and get revenge on those who hurt him.",,,,,,
Vanille Kuylenberg 6,,,,,,Dryholde,,,,,
Vanille Kuylenberg 7,,,,,,,,"Vanille is a somewhat petite woman, who would only be about 5'2"" if she could stand. She has no use of her legs and so is always found in a wheelchair, either a ruggedized one for adventuring or a more basic one for more domestic affairs. Despite her disability, however, she maintains a strong physique, displaying lean muscles in her arms and upper body, though these are usually covered by her modest clothing.",,,
Vanille Kuylenberg 8,,,,,,,,,she/her,,
Vanille Kuylenberg 9,,,,,,,,,,Human,
Ven & Vid 1,???,,,,,,,,,,
Ven & Vid 2,,https://i.imgur.com/wq0UAj8.png,,,,,,,,,
Ven & Vid 3,,,,Gestalt Soul Seeking Itself,,,,,,,
Ven & Vid 4,,,,,"Cogitav was once a powerful demon. With its particular mastery over void qi, separating its victims' souls from their bodies, it terrorized the populace.
It never anticipated the advent of the Empty Monks - particularly one by the name of Ergo Nonsum.

After long duel, Cogitav finally landed the killing blow - but only as its opponent landed their own.
With Ergo able to turn Cogivatv's soul-rending against it, both of their souls got separated from both their bodies.
The maelstrom of shattered souls and bodies eventually settled down into a humanoid figure with an amalgam of souls combined into this gestalt of something entirely new, containing fragmented memories and traits of their components.

This gestalt soul wanders the land, trying to understand other creatures, their Qi, and how they all intertwine.
True to their origins, they excel at draining life energy and turning others' strengths against them - though they can infuse others with excess energy if necessary as well.",,,,,,
Ven & Vid 5,,,,,,"Sansarko Saas, Leytik, Tian Yin",,,,,
Ven & Vid 6,,,,,,,,"Ven is 6'0"", weighing 136 lbs. They seem to be frequently tired, though they frequently look around to gauge their surroundings.

Vid is a small, dark sphere with a single yellow light in the center. It seldom leaves Ven's side, floating around them and acting as their form of speech.",,,
Ven & Vid 7,,,,,,,,,"Ven: He/They
Vid: It/Its",,
Ven & Vid 8,,,,,,,,,,Gestalt Soul,
Ven & Vid 9,,,,,,,,,,,Curiosity
Verdugo 1,24,,,,,,,,,,
Verdugo 2,,https://media.discordapp.net/attachments/889392991096148008/1242010432756256858/image.png?ex=664c47da&is=664af65a&hm=4e1b444f7c2df956be29cd7f810b368e78c5f5eab29374e2a6929a3cdbf9ab03&=&format=webp&quality=lossless,,,,,,,,,
Verdugo 3,,,,Duelist of instinct and the wind,,,,,,,
Verdugo 4,,,,,A known Duelist from Lhodos with an unusual connection with the elements that he seems to keep hidden seemingly out of habit. mostly relying on instinct and melee weaponry paired with his passive observation and spacey expression he is often underestimated by his challengers. He prefers to be on the side of justice and often refrains from engaging enemies unless they are caught red handed breaking the law or if said enemy attempts the first attack and he must stand his ground,,,,,,
Verdugo 5,,,,,,"Merrane, Lhodos",,,,,
Verdugo 6,,,,,,,,"5' 10"" with a split aesthetic the white and gold representing the ""good"" side of justice such as returning stolen good or zennit to their original owner or breaking up a bar fight, but the red and black side to represent the ""dark"" side of justice such as carrying out a death sentence for a known killer, or fighting back against assassins sent after him. with more loose or comfortable clothing his movements remain unrestricted and allow ""flowy"" or ""smooth"" movements to be done easier a rapier to accompany his swift and adaptable fighting style",,,
Verdugo 7,,,,,,,,,He/Him,,
Verdugo 8,,,,,,,,,,Human,
Verdugo 9,,,,,,,,,,,Justice
Verge Forrester 1,4,,,,,,,,,,
Verge Forrester 2,,https://i.imgur.com/cXbFqpO.png,,,,,,,,,
Verge Forrester 3,,,,Nature-Loving Living Weapon,,,,,,,
Verge Forrester 4,,,,,"Verge was created as part of an experiment by Dr. Howard Forrester of Parabellum in order to assist in subduing and capturing dangerous monsters.  She developed a close relationship with her creator, however, for unknown reasons she was sold to Tubal and Cain, where she was abused and used for weapons testing.  After a full year she escaped, slaughtering her way through the corporate lab until she was chosen by the Worldhelm.  Verge seeks to find Dr. Forrester for answers on why she was betrayed, and if she so decides, revenge.

After a mission from the Worldhelm, Verge confronted Forrester and made peace with him before his death.  She returned with two sisters:  the Doctor's birth daughter and another living weapon created off his research.  She also gained an understanding that she had friends among the Goldhearted and didn't have to be so alone.",,,,,,
Verge Forrester 5,,,,,,"Secura, Terra",,,,,
Verge Forrester 6,,,,,,,,"Verge is a tall, dark-haired humanoid with pale skin and red eyes.  Her limbs and a portion of her face and torso are covered in dark purple scales.  Her hands and feet end in sharp black claws.  Her most obvious feature is a massive second set of limbs that grow from her back which she can morph into different appendages.  She wears a sleeveless bodysuit under a black trenchcoat.  Verge has a calm and unintentionally menacing demeanor.  She is poorly socialized and can come across as cold.",,,
Verge Forrester 7,,,,,,,,,She/They,,
Verge Forrester 8,,,,,,,,,,???,
Verge Forrester 9,,,,,,,,,,,Family
Vespa 1,32,,,,,,,,,,
Vespa 2,,https://i.imgur.com/HBYp9uv.jpg,,,,,,,,,
Vespa 3,,,,Scholar of the Past on a Mission of Altruistic Discovery,,,,,,,
Vespa 4,,,,,"An orphan she grew up on the streets of Windhaven her quick wit and keen eyes kept her out of trouble and once she found Brody he kept her safe. Once she was old enough she found work on expeditions until she could fund her own spending her time exploring ruins. When it came time to fight in the rebellion she did not hesitate, and seeks to discover new ways of helping anyone she can to this day.",,,,,,
Vespa 5,,,,,,"Windhaven, Nezmira",,,,,
Vespa 6,,,,,,,,"Hair: Curly Brown
Eyes: Blue
Skin: Freckled & Sunkissed
Height: 5'7""

A woman of average build usually sporting a collared shirt and bracers attached to well worn pants tucked into boots. 

She is never without her loyal hound Brody ever at her side.",,,
Vespa 7,,,,,,,,,She/Her,,
Vespa 8,,,,,,,,,,Human,
Vespa 9,,,,,,,,,,,Discovery
Vik (Vicorious) Aracar 1,28,,,,,,,,,,
Vik (Vicorious) Aracar 2,,https://i.pinimg.com/736x/23/36/bf/2336bf2a42397ff47ac72dfb61830102.jpg,,,,,,,,,
Vik (Vicorious) Aracar 3,,,,Merchant turned Potion Protector,,,,,,,
Vik (Vicorious) Aracar 4,,,,,"Vik devoted his life to being a helper. He worked as a tattoo artist, community worker, and occasionally even a hunter against Draugr in Aldistir. He fell behind in his hunting career as his merchant life developed, so to aid him in his adventures Vik was gifted a magical crossbow from his father. This crossbow was stolen from a mage, and one day Vik came back to see his father brutally murdered. It was a spontaneous discovery that shocked Vik so much that he packed what little of his things he had and left camp to clear his head. He ultimately couldn't find his way home and starved in the cold.

Vik awoke on a ship he didn't think he belonged in. People were kind where he was harsh, accepting while he was judgmental, and so skillful where he only had a few items. Since his adventures on the Worldhelm Vik has learned that his disliking to non-Alds was misplaced, and tries to build others up like they have helped him.",,,,,,
Vik (Vicorious) Aracar 5,,,,,,"Sixten Camp, Aldistir",,,,,
Vik (Vicorious) Aracar 6,,,,,,,,"Vik has a medium build but broader frame at 6'2 (short for an Ald) and has slightly messy long white hair. They generally travel light with a flowy outfit to show off their multitude of tattoos spanning his body. His smile is usually noticeably small but his eyes are approving, offering his support with a stern face. This merchant sports a heavy crossbow across their back with faint orange runes carved into it and always walks with the sound of clinking potions in their bag.",,,
Vik (Vicorious) Aracar 7,,,,,,,,,He/Him,,
Vik (Vicorious) Aracar 8,,,,,,,,,,Ald (Human),
Vik (Vicorious) Aracar 9,,,,,,,,,,,Empowerment
Vio Mortenkaisen 1,23 years old,,,,,,,,,,
Vio Mortenkaisen 2,,https://media.discordapp.net/attachments/963487842930130975/1218603978082750464/07998d26494b88ed3b3b1a5697315270.png?ex=663b0624&is=6639b4a4&hm=97ff6a6f61ec8b5005b940d5b909bb1505e33080d49337d2b93872df5e19e47b&,,,,,,,,,
Vio Mortenkaisen 3,,,,Selenic Swordmaster Aspriant,,,,,,,
Vio Mortenkaisen 4,,,,,"Vigo grew up in Brightshield, as a member of a small aristocratic house focused on the way of the blade. From a young age, she was trained with all manner of weapons and tactics, from swords to blunt weapons, and all sorts of combat strategies. Upon reaching her 21st birthday, as was custom for her house, she set out to make a name for herself, and would only return to claim the family name after doing so. She took the name Mortenkaisen, and now seeks to improve her skills out within the world.",,,,,,
Vio Mortenkaisen 5,,,,,,"Brightshield, Kor'Tarion",,,,,
Vio Mortenkaisen 6,,,,,,,,"Vigo is 5'10"", with black hair and blue eyes. She has a slim frame, but that misleads from the years of built muscle. Often times she can be found wearing her military uniform (as pictured in her art), and carrying her sword.",,,
Vio Mortenkaisen 7,,,,,,,,,She/Her,,
Vio Mortenkaisen 8,,,,,,,,,,Human,
Vio Mortenkaisen 9,,,,,,,,,,,Ambition
Viola Zabala 1,20s,,,,,,,,,,
Viola Zabala 2,,https://i.imgur.com/3f9tu3p.jpeg,,,,,,,,,
Viola Zabala 3,,,,The Naïve Visionary,,,,,,,
Viola Zabala 4,,,,,"Born into the lesser nobility family Zabala within Nezmira's rigid hierarchy, Viola led a charmed and privileged life. She was a bright, cheerful, and obedient child, embodying the ideal daughter, never giving her parents reason for disappointment or tears. If she ever made a misstep, she’d quickly confess, seeking absolution with an innocence that only won her more favor. 

This honesty, combined with her privileged upbringing, afforded her a quality of life beyond the reach of most outside Nezzim. Her parents, known for their generosity, even showed kindness to their slaves. A rare quality that led to their reputation as the ""belles of the ball"" as it were. Their halls had no room for talk of rebellion or animosity; all was safe, serene, and far removed from danger. 

That was, until the fires of rebellion began to rage across Nezmira. Viola may be unprepared for the cost of what lies ahead, but she’s determined to help restore the harmony she once knew.",,,,,,
Viola Zabala 5,,,,,,"City of Scales, Nezmira",,,,,
Viola Zabala 6,,,,,,,,"Standing at 5'10"" with a slender, serpentine frame, she has a body adorned with smooth white and peach-colored scales, accented by aquamarine markings along her ribs and tail. Her eyes are a striking rose-red, and she typically wears light armor in shades of white and gold, leaving her midriff exposed for a balanced blend of elegance and agility.",,,
Viola Zabala 7,,,,,,,,,She/Her,,
Viola Zabala 8,,,,,,,,,,Nezzim,
Viola Zabala 9,,,,,,,,,,,Optimism
Violet 1,30,,,,,,,,,,
Violet 10,,,,,,,,,,,Potential
Violet 2,,https://i.imgur.com/i8Y9wla.png,,,,,,,,,
Violet 3,,,#301934,,,,,,,,
Violet 4,,,,Heroine of Dual Identities seeking Potential,,,,,,,
Violet 5,,,,,"Violet is a highly skilled assassin, known for her cold efficiency and lethal precision. Little is known about her past or true identity, and her work with the Vignettes often ties her to the corporation 100G, handling high-stakes operations with subtlety and ruthlessness.

Behind her unfeeling exterior, Violet remains a mystery. Though disciplined and focused, her hidden motivations leave others unsure of what drives her. Despite her age, her reputation in the underworld is formidable—both a valuable asset and a potential wildcard.

Behind this Facade she goes by the Name of Carmelita who is one of the Cheiftains in charge of the Soul Guard project ensuring to Daemons are able to pass or if any do. Their Goal is to contain or eradicate any of these Daemons.",,,,,,
Violet 6,,,,,,Terra,,,,,
Violet 7,,,,,,,,"Violet/Carmelita stands at 5'7"", with striking white hair streaked with purple. She wears a sleek violet jacket over a black crop top, paired with white shorts and symmetrical stockings with sky-blue accents. Her white boots complete the sharp look.

Always ready for action, Violet carries two pistols holstered at her sides. Her stylish appearance blends cold professionalism with deadly efficiency.",,,
Violet 8,,,,,,,,,She/They,,
Violet 9,,,,,,,,,,Human [Demi-Rodent],
Viridian „Song“ Leafsong 1,?,,,,,,,,,,
Viridian „Song“ Leafsong 10,,,,,,,,,,,Freedom
Viridian „Song“ Leafsong 2,,https://i.postimg.cc/jdsNrZwG/IMG-4167.jpg,,,,,,,,,
Viridian „Song“ Leafsong 3,,,#008000,,,,,,,,
Viridian „Song“ Leafsong 4,,,,Fae Alchemist and Tailor,,,,,,,
Viridian „Song“ Leafsong 5,,,,,"Viridian always possessed a gift for transformation—turning one thing into another and crafting beauty as he saw it. So when his corner of the Faerie realm found a connection to a location near Tradefair, it felt natural to establish „The Verdant Thread & Vial“. The shop became a haven where travelers could rest, drink, and smoke while browsing his alchemical creations and finely tailored garments. It was also an effortless way to collect names, thanks, and apologies.

Perhaps it was too easy. Over time, Viridian grew careless. One fateful day, his recklessness cost him dearly: a powerful fey stole his true name. Ensnared by an enchantment, he was left unaware of who had taken it, and even worse, he was rendered incapable of speaking his full name. Now, he goes by the fragments ""Song"" or ""Green"" and devotes himself to the quest of reclaiming what was stolen.",,,,,,
Viridian „Song“ Leafsong 6,,,,,,"Fae Realm, Kor'tarion",,,,,
Viridian „Song“ Leafsong 7,,,,,,,,"On first glance the 6 feet tall Viridian could easily be mistaken for your average layed back human rocking a hippy vibe but the closer you look at him the clearer you can see hints of his fae nature. His long green hair that is braided in some parts turns into plant fibers on some parts, his iconic clothing has slightly moving patterns and his hookah often by his sides changes the color of the smoke coming out.",,,
Viridian „Song“ Leafsong 8,,,,,,,,,He/Him,,
Viridian „Song“ Leafsong 9,,,,,,,,,,Fae,
Vista Wynn 1,49,,,,,,,,,,
Vista Wynn 2,,https://images-ext-1.discordapp.net/external/VOsA0GcjSP2IoFePTUwiN4l6Q3-Fvn8GjbOuhmJbcKQ/https/i.imgur.com/MliOArG.png,,,,,,,,,
Vista Wynn 3,,,,Card Shark tired of swimming,,,,,,,
Vista Wynn 4,,,,,"Vista took up the role of croupier in one of Tradefair's more seedy gambling dens, in the hopes of fleecing some hotshot, big-name, more-money-than-sense merchants out of their zenit. It's not like they were using it, after all!

After some time, though, she realized that the more frequent customers were those who were already down on their luck, those in deep debt, who had already exhausted most means of recovery and were resorting to the riskier options - shady jobs, gambling, crime.

Vista was already able to bend her own luck when the time called for it. She couldn't change others', not like that. Not the way they needed it.

And when opportunity knocks, she flung the door open. Aboard the Worldhelm, all she wants is to make a decent living. Not necessarily an *honest* one, mind you - old habits die hard - but an above-board one.",,,,,,
Vista Wynn 5,,,,,,"Tradefair, Kor'Tarion",,,,,
Vista Wynn 6,,,,,,,,"Vista is 5'3"", weighing 159 lbs. She is always dressed smartly, though her outfit is loose enough to move about comfortably, and so she can have cards up her sleeves - both literal and figurative.
When the chips are down, she has her lucky dealer's visor, which might be a bit more special than just some purple-tinted eye cover...

Art from [very_ito on Twitter](https://twitter.com/very_ito/status/1404052790582792199), edited by Sawzie",,,
Vista Wynn 7,,,,,,,,,She/Her,,
Vista Wynn 8,,,,,,,,,,Human,
Vista Wynn 9,,,,,,,,,,,Aspiration
Vivian Ashblanc 1,27,,,,,,,,,,
Vivian Ashblanc 10,,,,,,,,,,,Belonging
Vivian Ashblanc 2,,https://cdn.discordapp.com/attachments/1179610873271177236/1334928500221546536/Alt_sky.png?ex=67bbfa4c&is=67baa8cc&hm=10a17f17816fda5ba8c24c9f2988b71a47bce380efa9e1b0cb19f540f5f1a4aa&,,,,,,,,,
Vivian Ashblanc 3,,,#0b162e,,,,,,,,
Vivian Ashblanc 4,,,,The Raven Seeking Reckoning,,,,,,,
Vivian Ashblanc 5,,,,,"Born to the Ashblancs in Dryholde, Vivian lived her life happily betrothed to Ronan Ashwynd. Hunters of the night, trained, tempered, ready to fight alongside the Ashwynds against the monsters that would bring ruin to the pockets of humanity across Kor'tarion. All that was changed when Ronan was cast out, Vivian nearly killed by a Moonshard monster as she pursued him, and left infused with ice magic as she was taken home. Sent to Hudal academy to deal with this new curse, she went for years, only for her life to be upended once again at the blood moon. Surviving and fighting off demons, she returned home- only to find Dryholde shattered, house empty, and her family missing.",,,,,,
Vivian Ashblanc 6,,,,,,Kor'tarion,,,,,
Vivian Ashblanc 7,,,,,,,,"Vivian stands at a shorter height of 5'6"", a lean figure draped in lightweight hunting gear of mixed leather and cloth with a black mantle edged with black feathers over her shoulders. A feather pendant rests perpetually over her chest, tied with old leather. Pigment seems to be lost in a patch on the right side of her face and on other parts of her body, turning her right eye a smoky grey and interspersing her hair with locks of white with patches of skin a pallid white. Her unaffected eye is an inky black, and her hair is dark brown.",,,
Vivian Ashblanc 8,,,,,,,,,She/Her,,
Vivian Ashblanc 9,,,,,,,,,,Human,
Vuk Yekno 1,36,,,,,,,,,,
Vuk Yekno 2,,https://images-ext-1.discordapp.net/external/6DwCv9Xudkr-LMJ3zTr7lXxGwMDImYot20sORWri-9w/https/i.pinimg.com/736x/f6/bc/22/f6bc223512905f16be02f5e82ca790ce.jpg,,,,,,,,,
Vuk Yekno 3,,,,"Vuk, The Red Hot Mercenary",,,,,,,
Vuk Yekno 4,,,,,"Born in The Scalefire Empire never knowing his mother or father, Vuk has lived his life seeking friends and family. Only thing he knows about his parents is one of them most have been an elemental. His dark red hue scales that always seem to be admitting heat from his body that burns red hot when near any fire source or when overexcited. With people seeing his,  he was seen as an asset for harsh environments that other's may not be able to deal with. With the harsh life that comes with  living/going outside the Empire walls Vuk has had to train and be as tough as possible. At a young age Vuk joined up  with guards, soldiers and mercenaries to gain experience in combat and working as a unit to protect the people he calls family.  With his training he has vowed to protect and see to it that young kids have a bright and happy future. Vuk wants to see kids  have a better childhood than he had going to great lengths seeing to it. Vuk travels the world helping who he can.",,,,,,
Vuk Yekno 5,,,,,,The Realm of Nezmira,,,,,
Vuk Yekno 6,,,,,,,,"Vuk comes in at an immense 7ft 4in, weighing 457 pounds with a dark red hue coming off  his dark green scales and white underbelly. His bright red eyes that that seem to have a fire  burning in them have people avoiding eye contact. People take one look at Vuk and see a massive,  scary and intimidating fellow. Anytime he opens his mouth to talk or eat you can see a small white cloud of smoke leave his mouth. His temper sometimes gets the better of him as he is  impatient and makes snappy judgments. You will never see Vuk without a cigar, even well sleeping.",,,
Vuk Yekno 7,,,,,,,,,He/Him,,
Vuk Yekno 8,,,,,,,,,,Lizardman (Croc-Man),
Vuk Yekno 9,,,,,,,,,,,Duty
Wanderer 1,18,,,,,,,,,,
Wanderer 2,,https://i.pinimg.com/736x/e1/4e/31/e14e31dac865ebd705f551a3f0d3c6e4.jpg,,,,,,,,,
Wanderer 3,,,,Wandering Paladin who believes in Good,,,,,,,
Wanderer 4,,,,,"Not alot is known about Wanderer's history, all people know is that he was there on the Night of the Red sky, presumably helping escapee's, he's been wandering ever since and keeps a Paladin book as well as a note book to keep journal entries",,,,,,
Wanderer 5,,,,,,"Dryholde, Kor'Tarion",,,,,
Wanderer 6,,,,,,,,"a 6'4 strongly built 18 year old man with a combat tunic with plates on it, as well as a basic bronze sword with a beautiful runic shield",,,
Wanderer 7,,,,,,,,,He/Him,,
Wanderer 8,,,,,,,,,,Human,
Wanderer 9,,,,,,,,,,,Hope
"Waylen Karson, AKA ""Millenium"" 1",23,,,,,,,,,,
"Waylen Karson, AKA ""Millenium"" 2",,https://i.pinimg.com/736x/e5/b4/75/e5b47580910e946e40a6c1a6c00bf5b0.jpg,,,,,,,,,
"Waylen Karson, AKA ""Millenium"" 3",,,,Masked Hero with a Heart of Gold,,,,,,,
"Waylen Karson, AKA ""Millenium"" 4",,,,,"Growing up in North Rock, Waylen never knew his mother, who had died when he was very young. His father did his best to take care of him. Through school and his starting job at a tech startup, Waylen's father was always there for him. But it wouldn't last. One day, his father went missing, and he took it upon himself to investigate.

He never found his father. But in the process, he found out about everything his father had done for him and his mother. The medical bills, the unpaid loans. None of it was good. And all of it pointed to a part of society in Terra that sickened Waylen. The corps would never truly help. And when they don't, many go to the gangs. And all that does is drag people further down. So, once again, he took it upon himself to set things right. He took the prototype device the startup was working on, a device to produce a suit of tech armor with enhanced abilities. He quit, and took up his mantle of Millenium, protector of the people, a masked hero",,,,,,
"Waylen Karson, AKA ""Millenium"" 5",,,,,,"North Rock, Haven, Terra",,,,,
"Waylen Karson, AKA ""Millenium"" 6",,,,,,,,"Dark skin, black hair, golden eyes, and angular features, Waylen's looks apparently take after his mother. Standing at 6'1"", athletic, and about 55kg, he physically takes after his father. Clothes tend to fit him well, if a little loose, though they never hang off of his frame. He tends to wear casual clothes, but he has some fancier outfits if he needs them.

With his Driver activated, Millenium wears a suit of purple tech-armor over black and dark blue synth-fabric, and a helm with wolf-ish angles and fiery electronics. The Driver itself has three coin slots, arranged diagonally from his right side down to his left.",,,
"Waylen Karson, AKA ""Millenium"" 7",,,,,,,,,He/Him,,
"Waylen Karson, AKA ""Millenium"" 8",,,,,,,,,,Human,
"Waylen Karson, AKA ""Millenium"" 9",,,,,,,,,,,Justice
Web 1,58,,,,,,,,,,
Web 2,,https://i.imgur.com/nBl8Jk9.png,,,,,,,,,
Web 3,,,,Forsaken Wanderer,,,,,,,
Web 4,,,,,"Though she was born in the Winter Court of Kor'Tarion's Fae Realm, and subsequently left before coming aboard the Worldhelm, Web has yet to speak openly about how this came about.",,,,,,
Web 5,,,,,,"Kor'Tarion - Fae Realm, Winter Court",,,,,
Web 6,,,,,,,,"A lithely built elf of average height, Web is often seen with a disinterest gaze on her face. Her violet eyes are often hidden under a snow white fringe, the rest of her long hair kept in a long single braid that reaches down to her waist. 

Most of the time she can be seen wearing dark clothes, favouring blacks and dark purples or blues. While she wears different styles, she generally favours looser clothing, and universally abhors sleeves.",,,
Web 7,,,,,,,,,She/They,,
Web 8,,,,,,,,,,Elf,
Web 9,,,,,,,,,,,Discovery
Wen Tian 1,18,,,,,,,,,,
Wen Tian 2,,https://i.imgur.com/58gRZ8H.jpeg,,,,,,,,,
Wen Tian 3,,,,Last Student of Forgotten Teachings,,,,,,,
Wen Tian 4,,,,,"There's not much to say about Wen Tian. He grew up poor on the fringes of Xiaohai, got lucky and learned from a master, and now he's on his way up in the world! Or, so he says at least...",,,,,,
Wen Tian 5,,,,,,"Xiaohai, Tian Yin",,,,,
Wen Tian 6,,,,,,,,"Wen Tian is a young man of average stature, standing at around 5'9'', with medium-ish length blue hair and a slightly tanned skin.",,,
Wen Tian 7,,,,,,,,,He/Him,,
Wen Tian 8,,,,,,,,,,Human,
Wen Tian 9,,,,,,,,,,,Ascension
Whispers 1,72,,,,,,,,,,
Whispers 2,,https://cdn.discordapp.com/attachments/1196744996410380298/1247569724930396201/2d295d465087176630710f9193d611ec.jpg?ex=6661d2d9&is=66608159&hm=62d958c6af1ec1bca11d2f513e07a1dc5f6a03136b029fa18f5b28f50dad388d&,,,,,,,,,
Whispers 3,,,,Lastport's Familiar Voice,,,,,,,
Whispers 4,,,,,"As rumors around lastport say. 'Whispers ring out in times of uncertainty, like an old friend. Listen to the voices and it'll all come true.'",,,,,,
Whispers 5,,,,,,"Lastport, Kor'Tarion",,,,,
Whispers 6,,,,,,,,"Varies per account, with a constant of eyes veiled in one way or another, flowy clothing and  a broken mirror held in hand.",,,
Whispers 7,,,,,,,,,Whatever you wish~,,
Whispers 8,,,,,,,,,,Shh.....,
Whispers 9,,,,,,,,,,,Truth
Winter 1,27,,,,,,,,,,
Winter 2,,https://media.discordapp.net/attachments/619597820588064770/1236314695884083366/b963ad7f4c15fa4098d95ea5706f8b8c.jpg?ex=663b83c9&is=663a3249&hm=78977338f0b5e53a796c0a4bd6fda8a6b51b60bd3ee78148df7cf30e5ff6ae50&,,,,,,,,,
Winter 3,,,,"Reformed Bandit, Future Knight",,,,,,,
Winter 4,,,,,"A bandit from the High Pass in Aldistir, a part of the Wisp Winds, Winter has committed many crimes in the interest of survival. Her bandit clan are dangerous and unforgiving, taking lives quickly with no remorse. Winter, however, grew to hate this. Having her humanity showing through and finally committed to leaving late during the night at the height of winter, hoping for some method of reprieve or to prove she was more than her past. This has lead her to the Worldhelm, and she sees this as a chance to earn her attonement for the many crimes committed.",,,,,,
Winter 5,,,,,,"High Pass, Aldistir",,,,,
Winter 6,,,,,,,,"A 5'6"" tall minotaur with fluffy legs and a cow's tail in a reddish brown matching her hair. Has large horns and a muscular build.",,,
Winter 7,,,,,,,,,She/Her,,
Winter 8,,,,,,,,,,Oni (Minotaur),
Winter 9,,,,,,,,,,,Forgiveness
Wyrt 1,28?,,,,,,,,,,
Wyrt 2,,https://media.discordapp.net/attachments/651183669503066129/1173134841911443476/71e4a59f5edca918497455237c438f25.png?ex=663b0ff6&is=6639be76&hm=aea0859fcebabec237f5b1da960e81dd68eed3c578f61fc179b8c477df36a73d&,,,,,,,,,
Wyrt 3,,,,"Plant Boy asking ""Why People?""",,,,,,,
Wyrt 4,,,,,"The likeness of this man has perhaps been seen in drawings along wanted posters, labeled criminal as one who assaulted lizardmen of The Bluescale Empire. He's moved to avoid such attention, favoring to do tasks of varying difficulty, from fighting to kitten saving. The only payment Wyrt asks is a few questions.. and money, I mean you need that to get around.",,,,,,
Wyrt 5,,,,,,"The Blue Scale Empire, The Realm of Nezmira",,,,,
Wyrt 6,,,,,,,,"Wyrt stands around 5 foot 8 inches, maybe 5 foot 6 and a half if you don't count the hat. Sized up at 186 pounds, the heavy clothes and wide brim hat obscure his features sans the eyes, which do carry a small light with them. His physical expressions are exaggerated to help make up the lace of facial tells.",,,
Wyrt 7,,,,,,,,,He/Him/It,,
Wyrt 8,,,,,,,,,,Human? (Plant),
Wyrt 9,,,,,,,,,,,Care
Xentrithia Mira Dregravor 1,"physical age seems to be around 35
she forgot her actual birthday",,,,,,,,,,
Xentrithia Mira Dregravor 2,,https://media.discordapp.net/attachments/1189280923062116483/1189282624682872832/whcharaction.png?ex=663b2401&is=6639d281&hm=5b355599354eb717c8ad359c72118720e55f82805e1d2e122797466771bf3e8f&,,,,,,,,,
Xentrithia Mira Dregravor 3,,,,Curseborn Apex,,,,,,,
Xentrithia Mira Dregravor 4,,,,,Ex soldier that had been cut off from her expedition party having been forced to survive in the woods as a monster herself for an unsure amount of time. Others of her squad think she is KIA.,,,,,,
Xentrithia Mira Dregravor 5,,,,,,Kor´tarion,,,,,
Xentrithia Mira Dregravor 6,,,,,,,,"Definetly on the larger side with a size of 2 meters something, she is also on the heavier side not just because her height but the mutations her corruption she suffered which mainly also affected her height having tried to transform her into a large predator of the woods but having failed.",,,
Xentrithia Mira Dregravor 7,,,,,,,,,She/Her,,
Xentrithia Mira Dregravor 8,,,,,,,,,,Human (corrupted),
Xentrithia Mira Dregravor 9,,,,,,,,,,,Defiance
Xing Wei 1,20,,,,,,,,,,
Xing Wei 2,,https://i.imgur.com/scoIZHX.png,,,,,,,,,
Xing Wei 3,,,,Rage-Empowered Demon Hunter,,,,,,,
Xing Wei 4,,,,,"At a young age, Xing Wei and his family were shunned from their village because of his powerful connection to demonic qi, afraid he would one day develop into a demonic cultivator. But that never happened. All it did was alienate them, and prevent anyone from helping when his parents were killed in their home by a hungry yokai. That was the first bit of real demonic qi he cultivated, and it is when he swore vengeance against all yokai and the cultivators that allow them to exist. He began to scavenge battlefields to cultivate, careful to avoid falling prey to the ease of corrupt cultivation. Slowly, he builds his power to fight against the yokai and the corrupted cultivators, and to protect the lost and the weak. However, even after all this time, he is still haunted by the shame and powerlessness he felt that first night.",,,,,,
Xing Wei 5,,,,,,"Stained Forests, Teisei, Tian Yin",,,,,
Xing Wei 6,,,,,,,,"5'10"", powerful, and a little intimidating with his facial scars, demon-aesthetic arms and armor, and constant glare, though some of his muscles are partially hidden beneath the yellows, greys, and browns of his second-hand robes. He has olive green eyes and long, dark hair he ties up, but a decent amount still falls in his eyes. Recent events have revealed the rage barely hidden within him.",,,
Xing Wei 7,,,,,,,,,He/Him,,
Xing Wei 8,,,,,,,,,,Human Cultivator,
Xing Wei 9,,,,,,,,,,,Hunger
Yarrow Cheung 1,36,,,,,,,,,,
Yarrow Cheung 2,,https://f2.toyhou.se/file/f2-toyhou-se/images/95235480_cmeonVSlR0PAjvs.jpg?1738731423,,,,,,,,,
Yarrow Cheung 3,,,,Born-Again Mercenary,,,,,,,
Yarrow Cheung 4,,,,,"Over years and decades, Yarrow Cheung built up a reputation as a reliable officer, bodyguard, mercenary, and employee in 100G. She put her heart and soul into her work, patrolling the city and guarding the powerful, whatever the cost. She built up her fair share of collateral damage along the way. But for so long, she tried to justify the blood on her hands by telling herself it was all in the name of protecting the people and preserving order. And besides: it was either keep doing this or risk poverty and destitution once more. 
Then, in a confrontation, she was seriously injured. Near death and unable to do her job, she found herself having to ponder the consequences of everything she’s done over the years.
She wants to do better. She has to do better. There’s got to be more to her life than being a hired gun until the next shot doesn’t miss.",,,,,,
Yarrow Cheung 5,,,,,,"Silver Rock, Haven, Terra",,,,,
Yarrow Cheung 6,,,,,,,,"A muscular, lean woman with a bleached-blonde buzz cut, tan skin, and narrow, dark blue eyes. Standing at about 5'10, her most defining feature is a series of burn scars that occupy most of the upper right side of her body. She typically wears casual attire, with compartments, belts, and pockets attached for anything she needs to bring with her at a moment's notice. The two things she consistently wears are the jacket she's had since she was a teenager and a sword  on her waist, always readied for combat.",,,
Yarrow Cheung 7,,,,,,,,,She/Her/Hers,,
Yarrow Cheung 8,,,,,,,,,,Human,
Yarrow Cheung 9,,,,,,,,,,,Redemption
Yin Yue 1,30,,,,,,,,,,
Yin Yue 2,,https://i.imgur.com/XYeh8SY.png,,,,,,,,,
Yin Yue 3,,,,The Jade Songstress,,,,,,,
Yin Yue 4,,,,,"Raised in the **Jade Bloom Pavilion** of **Xuanwu City**, Yin Yue grew up in a sanctuary of music and culture, guided by her renowned mother, **Yin Mei**, who taught her to cultivate through song rather than rigid forms. As a Bishi’e, she possessed an innate talent for harmonizing with the Dao, shaping the elements and fortifying herself through melody. 

Though sheltered within the Pavilion’s **Heavenly Blossom Theatre**, she could not ignore the corruption that tainted the city, where powerful sects practiced ruthless cultivation and mortals toiled in the blood mines. Yearning to restore harmony while forging her own legend, Yin Yue set out beyond her homeland, her voice not only a weapon but a promise. To bring balance back to a fractured world and leave behind a song that would be remembered for generations.",,,,,,
Yin Yue 5,,,,,,"Xuanwu City, Wujing Guo, Tian Yin",,,,,
Yin Yue 6,,,,,,,,"A woman with sun-kissed skin, her gaze is captivating. Light green horns emerge gracefully from her forehead, while two larger horns curve just past her temples. Her dark teal hair cascades around her, complementing the flowing attire of a traveling performer. Yet, it’s her eyes that demand attention. Expressive, enchanting, and filled with the allure of someone who knows the world is her stage.",,,
Yin Yue 7,,,,,,,,,She/Her,,
Yin Yue 8,,,,,,,,,,"Shibing, Bishi'e",
Yin Yue 9,,,,,,,,,,,Glory
Yorick Medraut 1,23,,,,,,,,,,
Yorick Medraut 2,,https://media.discordapp.net/attachments/1170110564819816468/1177541933355237376/Illustration2.png?ex=663b4662&is=6639f4e2&hm=ed1aafe26776a8b64f27cd051c972b35d9f79311df872b37ec2594c0deadd761&,,,,,,,,,
Yorick Medraut 3,,,,Pale Maelstrom of Skuala,,,,,,,
Yorick Medraut 4,,,,,"The Pale Maelstrom. A title known to those who frequent the human populated slums of Skuala, the largest coastal city in Nezmira, and the regions melting pot. A white haired man in colorful clothing who uses a children's toy made from the shells of Kiir to protect the people of the city. He's a bit of a vigilante, relishing in those both knowing his name, and singing his praise. He's well known for being a show off, and making a point to let his cutting words take the stage as much as his fighting ability.",,,,,,
Yorick Medraut 5,,,,,,"Skuala, Nezmira",,,,,
Yorick Medraut 6,,,,,,,,"Yorick is a 6'4'' well built man, who wears simple gear and baggy pants. He's about 200 pounds, and is rarely seen without his bandalore.",,,
Yorick Medraut 7,,,,,,,,,He/Him,,
Yorick Medraut 8,,,,,,,,,,Human,
Yorick Medraut 9,,,,,,,,,,,Vanity
Yorik Unfrid 1,25,,,,,,,,,,
Yorik Unfrid 2,,https://media.discordapp.net/attachments/1170110980546637915/1241541009968463942/image.png?ex=664a92ab&is=6649412b&hm=2af0a5ab6f981762e1877afb94433f7aa81c229ca9a253f294455e60d77020b0&=&format=webp&quality=lossless,,,,,,,,,
Yorik Unfrid 3,,,,"Warrior Poet, Seeking Justice",,,,,,,
Yorik Unfrid 4,,,,,"A worshipper of Vanagandr alongside his sister, Astrid, Yorik started life as a hunter. Channelling his ferocity and hatred into his hunts to cleave beast and yokai in twain and claim his bounty in response. One day, he was challenged to kill a powerful Oni at the top of the twin peaks, a worshiper of Nimue named Yosuke. The two met and fought for days and nights until the mighty Yosuke fell under Yorik's blade. Yorik claimed his sword and his heart as treasure, but was overwhelmed with a vision. Nimue, having lost a good warrior, bestowed a vision onto Yorik. The vision was of death, destruction, despair... But also of hope, and a golden airship. It was up to Yorik to decide what he would do, but in his heart he had already made up his mind. He would atone, and bring peace to Aldistir. And once he was done, all the realms.",,,,,,
Yorik Unfrid 5,,,,,,"Twin Peaks, Aldistir",,,,,
Yorik Unfrid 6,,,,,,,,"6'5 wall of muscle with gorgeous long blonde hair. He often wears furs and leathers of slain beasts, the most striking being one of a large bear-like beast. His skin is littered with tattoos",,,
Yorik Unfrid 7,,,,,,,,,He/Him,,
Yorik Unfrid 8,,,,,,,,,,Ald (Human),
Yorik Unfrid 9,,,,,,,,,,,Harmony
Yoyoy 1,75,,,,,,,,,,
Yoyoy 2,,https://i.pinimg.com/736x/80/3f/52/803f525be62ab4926e93eb3b3429cd10.jpg,,,,,,,,,
Yoyoy 3,,,,A Broken Man Retracing his Steps,,,,,,,
Yoyoy 4,,,,,"Until recently, Yoyoy's story was an ordinary one. Raised under the tutelage of a reputable teacher, he spent decades training until he had disciples of his own. Taking up residence in the mountains south of the Tikba rainforest, Yoyoy spent several more decades cultivating while guiding any who sought his wisdom.

Yoyoy's path eventually took a sharp turn as his residence was set ablaze by a sect of Defilers who took advantage of the chaos to capture Yoyoy and his disciples. The intense flames and the panic that beset Yoyoy triggered Qi deviation, rendering him powerless to aid his disciples as they were taken into Land of the Defiled to be used as sacrifices.

As they were dragged through the desolate sands of the Land of the Defiled, Yoyoy's disciples sacrificed themselves to create a window of opportunity for their master to escape. He fled, walking through the lifeless desert for days until his body failed. He collapsed, stricken with hunger and shame as the Worldhelm claimed him.",,,,,,
Yoyoy 5,,,,,,"Amihan, Sangang-Daan, Tian Yin",,,,,
Yoyoy 6,,,,,,,,"Standing at 5'6"", Yoyoy's body is emaciated and his skin has an almost rotten pallor as his own poisonous Qi runs amok due to deviation. Less than a dozen hairs cling desperately to his scalp, and his facial features are sunken in. His eyes are clouded with a red haze that glows dimly.

His belongings are limited to a well-worn robe and a thick rope belt, as well as a wooden staff which doubles as a walking stick.",,,
Yoyoy 7,,,,,,,,,He/Him,,
Yoyoy 8,,,,,,,,,,Human,
Yoyoy 9,,,,,,,,,,,Shame
Yui Kiddo 1,20,,,,,,,,,,
Yui Kiddo 2,,https://i.imgur.com/HdUMgaQ.png,,,,,,,,,
Yui Kiddo 3,,,,Delinquent Detective,,,,,,,
Yui Kiddo 4,,,,,"Before she was even in middle school Yui was already in deep shit. Her deadbeat dad would sometimes send money home but she never saw him. She was instead raised by her mother who always had a tough time with the law. But that relationship ended when Yui's mom was framed for murder by a corrupt private security group in order to save a high ranking CEO. Being the daughter of a convicted felon doesn't really bring in a lot of social credit.

From there, Yui has only had one purpose in life, sticking it to the corporate overlords in any way that she could. At first it was self serving; anger and violence, lashing out at those in power. But eventually Yui started standing up for those victimized by the system. She became known as a tough private investigator who would help anyone down on their luck, be they man or monster; so much so that Saki started to become something of a heroic but flawed figure to marginalized groups.",,,,,,
Yui Kiddo 5,,,,,,Secura - Terra,,,,,
Yui Kiddo 6,,,,,,,,"Yui has done everything she can to get away from being perceived as cute. Primarily this consists of body mods to make her teeth sharp with tusks that jut from the lower jaw, horns on her head, and red skin to make her look more a monster than a human. However she also carries herself with a tough no nonsense sort of attitude, standing at an impressive 6'1"" and  giving off a cool defiance to anyone who deals with her. She keeps her hair chopped short and dyed in an androgynous way.  

Even through all the toughness she still likes to appear somewhat feminine, she prefers dresses, and can often be seen wearing feminine accessories. Though she draws attention away from them with tougher looking clothing like, belts, chains, and leather. Despite the façade, she can't always hide her gentler side, she sometimes lights up when she sees something she finds cute, though these moments are brief.",,,
Yui Kiddo 7,,,,,,,,,She/They,,
Yui Kiddo 8,,,,,,,,,,Human with Oni Body Mods,
Yui Kiddo 9,,,,,,,,,,,Anger
Yukari (縁) 1,18,,,,,,,,,,
Yukari (縁) 2,,https://i.imgur.com/tH36WDF.png,,,,,,,,,
Yukari (縁) 3,,,,Waylost Trickster Fox,,,,,,,
Yukari (縁) 4,,,,,"Young, freedom-loving, and irreverent, Yukari was raised from a kit to protect her village's shrine from the Alds that roamed the forest. However, when she met one such raider-- a young lad named Jesper, wounded and lost-- she did not slay him on the spot. Instead, they would meet again and again over the next few moons, growing ever closer.

One day, she took him to the village in secret, to show him her favorite spot overlooking the shrine. The next, raiders were at their doorstep, Jesper among their number. There was pain in his expression. There was more of it in Yukari's heart.

The raiders were defeated, at great cost. Jesper fled. And Yukari, for her treason, was exiled, to wander the snowfields alone.

Two years later, believing in the Sunfire Citadel's promise of peace was a convenient lie to get a roof over her head. At least that's what she told herself. But when Ragnarok came, and she had the chance to flee... She didn't. And something in her heart changed that day.",,,,,,
Yukari (縁) 5,,,,,,"Hidden Lights Village, Aldistir",,,,,
Yukari (縁) 6,,,,,,,,"Standing a humble foot from paw to shoulder, Yukari is a white-furred arctic fox with blue-gray accents in her coat, adorned with a blue and violet shawl and an assortment of paper charms. Her eyes are a piercing magenta, and she bears an ever-present smirk that gives the air of someone who knows something you don't.",,,
Yukari (縁) 7,,,,,,,,,She/Her,,
Yukari (縁) 8,,,,,,,,,,Yokai,
Yukari (縁) 9,,,,,,,,,,,Connection
Yuki-Na 1,100+,,,,,,,,,,
Yuki-Na 2,,https://media.discordapp.net/attachments/1023826663429132308/1222623689770795129/IMG_1407.jpg?ex=663b254a&is=6639d3ca&hm=23d14b9b2b04fdef88f96fb71381d18d750e68dcc373f925f3d3d407d2a430df&,,,,,,,,,
Yuki-Na 3,,,,Verdant Guide of Lorelei,,,,,,,
Yuki-Na 4,,,,,"Yuki-Na, like most yokai, grew up a follower of Kuzunoha; an impersonal bond to the ""mother"" of yokai at best. Blessed with deep ties to the land around her, she lived a peaceful (for Aldistir) life of relative seclusion within the Farwood.
Such peace was broken some 60-70 years ago, when the darkened sky alit with fire and acrid smoke. A band of Alds, intent to push back against the local yokai in the name of Vanagandr, invaded the forest. Cornered between flashing steel and walls of flame, Yuki-Na found herself suddenly among the Sea of Blizzards. It was Lorelei, not Kuzunoha, who came to her aid in time of need, the aesir revealing herself to Yuki-Na.
From that point, her allegiances changed, and a goal was obtained; she would be a guide through the blistering snow of that other world, to lead others who wish for no part in the endless feud between Kuzunoha and Vanagandr.",,,,,,
Yuki-Na 5,,,,,,Farwood (Aldistir),,,,,
Yuki-Na 6,,,,,,,,"Standing at 7’3” to the top of her head, and upwards of 9’ with her ‘horns’, Yuki-Na cuts an imposing figure. 
Somewhat fox-like in appearance, by day her soft white fur flows across her pelt like snowdrifts and down to a long but flat, fluffy tail, while at night, the fur shifts to an onyx black. 
From her head sprouts horn-like tree branches, their appearance shifting with her mood and goals: at times, the branches spring with eternally falling cherry blossoms, while at others, they alight with a ghostly blue fire.",,,
Yuki-Na 7,,,,,,,,,"She/Her, They/Them",,
Yuki-Na 8,,,,,,,,,,Yokai,
Yuki-Na 9,,,,,,,,,,,Duty
"Yuna ""Mongrel"" Manami 1",23,,,,,,,,,,
"Yuna ""Mongrel"" Manami 10",,,,,,,,,,,Loyalty
"Yuna ""Mongrel"" Manami 2",,https://i.imgur.com/0K4gR3c.png,,,,,,,,,
"Yuna ""Mongrel"" Manami 3",,,,Operative turned Guinea Pig,,,,,,,
"Yuna ""Mongrel"" Manami 4",,,,,"""Mongrel"" has a past covered in black ink. She is a temp worker for E.T.A, that is where most knowledge of her existence ends. She's miles deep in debt and clearly holds no loyalty to the company besides the leash they have her on.  If someone was truly curious they could perhaps dig up her familiarity to a rookie swordsman ""Sparrow"" who was wiped out with her team a long time ago. But, that is only the things E.T.A couldn't have completely eradicated from the database.",,,,,,
"Yuna ""Mongrel"" Manami 5",,,,,,Silver Rock - Haven - Terra,,,,,
"Yuna ""Mongrel"" Manami 6",,,,,,,Subject E-124,,,,
"Yuna ""Mongrel"" Manami 7",,,,,,,,"Yuna is a average 5'5 woman with white hair. Her piercing red eyes are analytical and fierce. Hiding most of her feelings behind a stoic visage. Though this is not to say she is afraid of voicing them to most people. Yuna regularly wears robes passed down from her family, she rarely speaks about the significance of them as she has yet to speak to them since her incident.",,,
"Yuna ""Mongrel"" Manami 8",,,,,,,,,(She/Her),,
"Yuna ""Mongrel"" Manami 9",,,,,,,,,,Human,
Yunalesca 1,?,,,,,,,,,,
Yunalesca 2,,https://i.imgur.com/hvYJws6.png,,,,,,,,,
Yunalesca 3,,,,Cheerful Envoy of Caladarius,,,,,,,
Yunalesca 4,,,,,"Little is known for now, Yuna is still new to the Worldhelm, she says she comes from a place called Paradise and yet she appeared suddenly before a group of adventures in the depths of hell...",,,,,,
Yunalesca 5,,,,,,"Idyll, Paradise",,,,,
Yunalesca 6,,,,,,,,"Yuna is a young woman of average height with a lithe, athletic build, suggesting agility and quickness over brute strength. Her complexion is fair, with a healthy, slightly rosy undertone that complements her warm features. Her light auburn hair cascades just past her shoulders in soft waves, framing her face elegantly. Her large, almond-shaped eyes are a captivating shade of soft pink, exuding both warmth and a mischievous glint. She strikes a balance between grace and strength, making her presence both approachable and commanding, as if she’s equally at home in a noble gathering or the shadowy depths of hell itself.",,,
Yunalesca 7,,,,,,,,,She/Her,,
Yunalesca 8,,,,,,,,,,Human?,
Yunalesca 9,,,,,,,,,,,Joy
Yuri Sokolov 1,19,,,,,,,,,,
Yuri Sokolov 2,,https://images-ext-1.discordapp.net/external/3iHhDrsT3RukZLWlaa0tR96hlVvYHF8HjA_E7nRaduk/https/gbf.wiki/images/b/bf/Nighthound_gran.png,,,,,,,,,
Yuri Sokolov 3,,,,Tormented Sniper,,,,,,,
Yuri Sokolov 4,,,,,"Merrani war hounds are given experimental tech at a young age and trained to kill people. Normally, they don't get to see who they kill up close. The magitech war machines and guns allow for that degree of dehumanization. Yuri Sokolov was one such soldier. However, during a sniper duel, he had the misfortune of meeting his target up close, and seeing that it was another boy like him broke Yuri's mind. After deserting the army, Yuri found himself wandering Lhodos, until a Realmstorm brought him to the Worldhelm.",,,,,,
Yuri Sokolov 5,,,,,,"Suntower City, Merrane, Lhodos",,,,,
Yuri Sokolov 6,,,,,,,,"Yuri Sokolov is tall, sports a lithe frame with short brown hair and brown eyes. He has a state of the art combat attire, and an experimental bow. His demeanor is distant, he clearly has trouble making friends.",,,
Yuri Sokolov 7,,,,,,,,,he/him,,
Yuri Sokolov 8,,,,,,,,,,Human,
Yuri Sokolov 9,,,,,,,,,,,Guilt
"Yuruzu ""The Cobalt Scar"" Eiji 1",20s,,,,,,,,,,
"Yuruzu ""The Cobalt Scar"" Eiji 2",,https://cdn.discordapp.com/attachments/792706882397405196/1306110072379670599/shuai-jiang-2-2.png?ex=6735794b&is=673427cb&hm=e2cc02e1ccdc0c39d51e219745b227ff9791b8966326d1a21328e9f6b26286d8&,,,,,,,,,
"Yuruzu ""The Cobalt Scar"" Eiji 3",,,,The Young Noble Samurai,,,,,,,
"Yuruzu ""The Cobalt Scar"" Eiji 4",,,,,"Yuzuru is one of 100gs newer temp workers, physically able and magically gifted in using that edge to aid him in battle. Despite his rough and ferocious appearance, many compliment his professionalism and respect for others. Not the most open about his past or life, many know he works as hard as he does for his immediate family. Ensuring jobs go well to help pay for his younger siblings schooling, along with paying off his parents debt and ensuring his father lives a well off life despite now being an Insolvent. Many speak of rumors surrounding ""The Cobalt Scar"", speaking that he's been augmented with illegal body mods. The only truth to these statements are his current canine form, along with both mental and emotional changes in his personality when under copious stress during missions. And finally, his abilities in fueling his martial prowess with magic & Esper abilities through his blade. The other rumor revolves around the man desiring to become a legendary temp, none know why.",,,,,,
"Yuruzu ""The Cobalt Scar"" Eiji 5",,,,,,"Silver Rock, Haven, Terra",,,,,
"Yuruzu ""The Cobalt Scar"" Eiji 6",,,,,,,,"A broad and heavy body individual, a physique showing some time both honing oneself along with his fair share of fights. Standing well over 6 foot, despite his wolf like appearance he looks put together and profesional. Dressed usually in a white overcoat that resembles a modernized Hakama. His weapon of choice an augmented blade with multiple hilts that resemble Tengu masks. His two most striking features are his sharp eye, the other covered with an eyepatch. The color of them ranging from a piercing turquoise to an even sharper red. The second are his wolf augments throughout his body.",,,
"Yuruzu ""The Cobalt Scar"" Eiji 7",,,,,,,,,He/Him,,
"Yuruzu ""The Cobalt Scar"" Eiji 8",,,,,,,,,,Augmented Human,
"Yuruzu ""The Cobalt Scar"" Eiji 9",,,,,,,,,,,Honor
Zaid al Thuaban'n 1,Mid 20s,,,,,,,,,,
Zaid al Thuaban'n 2,,https://i.imgur.com/suq5Per.png,,,,,,,,,
Zaid al Thuaban'n 3,,,,Aspirant of the Wingless Serpent,,,,,,,
Zaid al Thuaban'n 4,,,,,A roamer of the sand dunes of Nezmira. Suspected ties to the revolutionaries in The Blue City.,,,,,,
Zaid al Thuaban'n 5,,,,,,"Endless Sand Dunes, Nezmira",,,,,
Zaid al Thuaban'n 6,,,,,,,,"Zaid is a white-haired, dark-skinned human in his mid-twenties. Around 6ft tall and lean. He has long white hair and wears distinctly Nezmiran clothing, under which he hides the religious tattoos of his family; golden scales on his arm, and a golden winged serpent above his covered eye. 
He manifests aspects of the serpent Falak-khan through bodily transformation, symbols and prayers.",,,
Zaid al Thuaban'n 7,,,,,,,,,He/him,,
Zaid al Thuaban'n 8,,,,,,,,,,Human,
Zaid al Thuaban'n 9,,,,,,,,,,,Ambition
Zamitra 1,22,,,,,,,,,,
Zamitra 2,,https://media.discordapp.net/attachments/648280741700042755/1193269893466959992/final_image-removebg-preview.png?ex=663b24f0&is=6639d370&hm=5c00dd50c570800cba0d51ca12840cc16b144dce5e7f97c3a59f626c87993670&,,,,,,,,,
Zamitra 3,,,,Gifted soldier from the desert,,,,,,,
Zamitra 4,,,,,"use to work like a soldier to protect Skamos from external threats, but living as a human in Skamos is hard.  One day some travellers saw him and wanted him to put his swordsmanship to beater use and even teach out what he had learned to others. He follow the travellers through a storm and ended up in a place called Worldhelm",,,,,,
Zamitra 5,,,,,,Skamos | Nezmira,,,,,
Zamitra 6,,,,,,,,"a very tall man 215cm/7,0 feet tall  and weighing 80 kg/ 176 pounds. He is clad in armor made from bugs material and  a sword taller than him. He has red eyes dark hair.",,,
Zamitra 7,,,,,,,,,He/ Him,,
Zamitra 8,,,,,,,,,,Human,
Zamitra 9,,,,,,,,,,,Duty
Zecht 1,40,,,,,,,,,,
Zecht 2,,https://images-ext-1.discordapp.net/external/YBWVbiAwILHuex2Utoe_tmljQP743WyVyI6269HcS_Y/https/i.imgur.com/1zkKwls.png,,,,,,,,,
Zecht 3,,,,Celebrant of Steel,,,,,,,
Zecht 4,,,,,"A man born behind the walls of Bastion in Karlite lands. After years of hearing stories the reckless conquest of Marrane, he decided to join the military to keep his family and friends safe. After a deadly skirmish in one of the border villages, Zecht lost a leg and an eye but earned a magitech gunsword that belonged to the equivalent of a Captain in the Royal Merrani Army. He was promoted to the rank of Warden soon after and his prospects looked promising, though the struggle of both the collossi and the Merrane conquest still troubled him. However, with his prosthetics and new experience under his belt he set out to bring hope in these dark times.
It seems the Worldhelm thought the same when a Realmstorm appeared and whisked him atop the dimensional ship....",,,,,,
Zecht 5,,,,,,Lhodos - Karlsgard,,,,,
Zecht 6,,,,,,,,"A man of a slightly muscular build with silver hair, standing at 6ft 2 inches. He wears vaguely eastern clothing while sporting a single prosthetic leg and an eye patch.",,,
Zecht 7,,,,,,,,,He/Him,,
Zecht 8,,,,,,,,,,Human,
Zecht 9,,,,,,,,,,,Hope
Zeul 1,33,,,,,,,,,,
Zeul 10,,,,,,,,,,,Duty
Zeul 2,,https://i.imgur.com/OMwNLml.png,,,,,,,,,
Zeul 3,,,#C30010,,,,,,,,
Zeul 4,,,,Priest Seeking to Unweave Fate,,,,,,,
Zeul 5,,,,,Very little is known of Zeul beyond that he was born into and grew up in The Oracle's Temple and became a chosen priest of Hakim. He was recently chosen to be an emissary of the temple to go out and seek those who can help undo the fate Nezmira is working itself towards.,,,,,,
Zeul 6,,,,,,The Oracle's Temple - Nezmira,,,,,
Zeul 7,,,,,,,,"Zeul is a winged man who stands at 5' 11'. He is typically dressed in a black and red hooded priest garb, he does normally keep his hood up. When his hood is down it can be seen that in his hair black feathers are mixed in revealing more of his Ixtali heritage.",,,
Zeul 8,,,,,,,,,He/Him,,
Zeul 9,,,,,,,,,,Ixtali,
Zexis 1,24 apparent,,,,,,,,,,
Zexis 2,,https://cdn.discordapp.com/attachments/626949017406013460/1242018948451401769/image.png?ex=664c4fc8&is=664afe48&hm=6e66699b4953ad1762fa79dbfe1a07eb47e24817963700a3a9313d98d9744e6f&,,,,,,,,,
Zexis 3,,,,Unexpected Magical Accident,,,,,,,
Zexis 4,,,,,"Zexis arrived on the Worldhelm due to very chaotic circumstances; according to him, shortly after his eyes opened, the world around him broke - shattered, like glass. He felt as though he was drifting in a void before the color returned and he was not where he was before. One could assume this was the result of a Realmstorm.",,,,,,
Zexis 5,,,,,,Nezmira,,,,,
Zexis 6,,,,,,,,"Taller than most Nezzim, Zexis stands at six feet and nine inches tall. With a bulk to match his broad shoulders, one could say Zexis might be a bodybuilder at first, suggesting he has a routine of rigorous exercise. His body is covered in pearlescent-white scales with horns to match. Dark markings frame his shimmering teal eyes, bringing to mind a likeness of eyeshadow.",,,
Zexis 7,,,,,,,,,He/Him/His,,
Zexis 8,,,,,,,,,,Nezzim?,
Zexis 9,,,,,,,,,,,Discovery
Zhao Tao 1,66,,,,,,,,,,
Zhao Tao 2,,https://i.pinimg.com/564x/8c/9d/bf/8c9dbf9e8b58371d906034e8df7d3ef7.jpg,,,,,,,,,
Zhao Tao 3,,,,Elderly Shapeshifting Empty Monk,,,,,,,
Zhao Tao 4,,,,,"Grew up in Leytik training as an Empty Monk. After seeing and doing horrible things, turns a new leaf in his old age, using his shapeshifting capabilities to try and do some real good in the world before his past catches up to him.",,,,,,
Zhao Tao 5,,,,,,Leytik,,,,,
Zhao Tao 6,,,,,,,,"Short and bald, covers most of his scarred body in martial arts garments.",,,
Zhao Tao 7,,,,,,,,,He/Him,,
Zhao Tao 8,,,,,,,,,,Human,
Zhao Tao 9,,,,,,,,,,,Mercy
Zid Galloway 1,27,,,,,,,,,,
Zid Galloway 2,,https://images-ext-1.discordapp.net/external/rJCgVmmoazeb7LqFd4A3uogxdNvFs82mCVaxHQTnu1Y/https/i.imgur.com/0dpTLf4.png,,,,,,,,,
Zid Galloway 3,,,,Kind Hearted Wandering Inventor,,,,,,,
Zid Galloway 4,,,,,"Born Human in the Nezmira empire, Zid spent a long portion of his life working hard labour, and had sought any means possible to escape the drab life he lived and go anywhere he pleased, without threat of punishment or being torn apart by the Kirr. So, he spent his nights working on a new invention, a magical device he would keep secret before leaving the small village. He dubbed it, 'Argonaut,' or Argie. And set off.

With his Magicannon, he began roaming the sands to explore and seek out new and exciting places to explore. Often taking detours to hide from those who wished to brand him a mage under the Blue Dragon Decree or saving wandering caravans from Kiir attacks. All the while crafting all the magical tech he could think up.",,,,,,
Zid Galloway 5,,,,,,Nezmira,,,,,
Zid Galloway 6,,,,,,,,"6'2, Scrawny, Dark skin and pink hair. His figure is very lanky and also pencil thin, his hands are calloused but his skin is near perfect with only a few blemishes here and there. He always wears a smile on his face",,,
Zid Galloway 7,,,,,,,,,He/They,,
Zid Galloway 8,,,,,,,,,,Human,
Zid Galloway 9,,,,,,,,,,,Discovery
Zmeika 1,18,,,,,,,,,,
Zmeika 2,,https://i.imgur.com/floBCY4.png,,,,,,,,,
Zmeika 3,,,,Balefire Daughter,,,,,,,
Zmeika 4,,,,,Not a lot is publicly known about her currently other then she is kind of funny and like to eat anything she can get her hands on.,,,,,,
Zmeika 5,,,,,,"Kor'Tarion, Balefire Isles",,,,,
Zmeika 6,,,,,,,,"Zmeika is a short large dragon horned girl. She has a long thick draconic tail as well, both are tinged with blue magic affuence at the tip of her left horn and tail. She has winged draconic ears and long silvery grey hair with crimson red lizard-like eyes. As well as a collar of scales around her upper chest. Her lower legs are also changed in a draconic nature scaled and clawed instead of normal human feet.",,,
Zmeika 7,,,,,,,,,She/her,,
Zmeika 8,,,,,,,,,,Balefire Daughter,
Zmeika 9,,,,,,,,,,,Growth
Zophiel 1,21,,,,,,,,,,
Zophiel 10,,,,,,,,,,,Faith
Zophiel 2,,https://i.imgur.com/mTS07kl.jpeg,,,,,,,,,
Zophiel 3,,,#DA422D,,,,,,,,
Zophiel 4,,,,Dreambearing Crusader,,,,,,,
Zophiel 5,,,,,"Zophiel was raised in Dryholde by her father, an alchemist of some repute. Her mother wasn't in the picture, though from what father told her, she was a generous research patron. 

Her father was a soft-spoken, thoughtful man, but prone to being taken advantage of, which led the willful Zophiel to often argue on his behalf.

She continued as his assistant for her formative years, until the Night of the Red Sky, the worst day of her life. She remembers her father burning in alchemist's fire. His voice telling her to run. She remembers crawling from the overturned wagon, and... that's it.

When she arrived in Brightshield, she had a fiery hand on her shoulder and an uncertain look in her eyes. When the Crusaders began recruiting to fight the demons, she joined them.",,,,,,
Zophiel 6,,,,,,Kor'Tarion - Brightshield,,,,,
Zophiel 7,,,,,,,,"A crusader from Brightshield with stark white hair. She stands at just over 5'5, with a trained, military posture, though her smile cuts through the severity. 

On her right shoulder rests a hand formed of magical fire that does not burn. It shares the same material as her form-shifting weapon, the legacy of her father.

She has small scar under her bangs where she once once burned by demonfire, but the other wounds have since healed.",,,
Zophiel 8,,,,,,,,,She/they,,
Zophiel 9,,,,,,,,,,Human,
Zora 1,28,,,,,,,,,,
Zora 2,,https://cdn.donmai.us/sample/28/5e/__selen_tatsuki_nijisanji_and_1_more_drawn_by_pnkkr4mune__sample-285e0093d88930754f355bc1836d00d9.jpg,,,,,,,,,
Zora 3,,,,Sentimental Killer for Hire,,,,,,,
Zora 4,,,,,"Zora was created as a weapon by the T&C company. She was tested on to find her limits until she eventually lashed out and escaped as a young teenager. Zora found herself on the streets for two years until she discovered the Vignettes and set ehr sights on proving herself. Zora built a name for herself under the alias ""Lady Z"" and moved to live alone in South Rock to spoil herself for the next few years..

That was until she found Vivian. She was a young orphan living on the streets like Zora was, and in seeing this child Zora took them in and spoiled them. For four years she lived with Vivian and the child taught her how to express herself, they even designed Zora's bike together!! Business boomed with Zora's positivity, and more business meant more money to spoil Vivian. Four years of bliss could only end in tragedy as T&C found Zora's apartment and killed Vivian. With her child dead Zora spent a year giving her money to any who opposed T&C..",,,,,,
Zora 5,,,,,,"South Rock, Terra",,,,,
Zora 6,,,,,,,,"Standing at 5'10, Zora is a tall female with pale skin. She has long purple hair that drapes to her knees to match her purple eyes (and blood if you ever see it). Zora's most defining trait is her blackened-clawed hand and leg that has a corruption seeping into her skin. It grows and shrinks the more she pushes herself but her forearm is always covered.",,,
Zora 7,,,,,,,,,She/Her,,
Zora 8,,,,,,,,,,Human (Experiment),
Zora 9,,,,,,,,,,,Confidence
ᵀʰᵉ Hegemon – Myeongjun Shin 1,19,,,,,,,,,,
ᵀʰᵉ Hegemon – Myeongjun Shin 10,,,,,,,,,,,Duty
ᵀʰᵉ Hegemon – Myeongjun Shin 2,,https://i.imgur.com/wmmoGtL.png,,,,,,,,,
ᵀʰᵉ Hegemon – Myeongjun Shin 3,,,#c89cd4,,,,,,,,
ᵀʰᵉ Hegemon – Myeongjun Shin 4,,,,"High-Strung Hermit, Hero Hopeful",,,,,,,
ᵀʰᵉ Hegemon – Myeongjun Shin 5,,,,,"The boy formerly known as Myeongjun Shin grew up an isolated and quiet kid among Heartdom's mossy skyscrapers. He found comfort in scavenged electronics, but the specter of Vanagandr and the grand designs of Lilith always loomed over him. Unable to stomach the idea of staying idle, he enrolled in the academy, and threw himself into the House of Blades.

In becoming a Regal Vessel, the Hegemon has chosen to surrender himself to the convictions and judgements of both Sylvaine, his childhood friend, and Lilith herself. And now, he surrenders himself anew to the Worldhelm and Yubel. But it can't be that bad. They all probably know how to save the realms - or at minimum, they sure know a lot better than he does.",,,,,,
ᵀʰᵉ Hegemon – Myeongjun Shin 6,,,,,,"Heartdom, Kaiway",,,,,
ᵀʰᵉ Hegemon – Myeongjun Shin 7,,,,,,,,"Myeongjun is a reedy, almost malnourished-looking boy, who has little presence despite standing at 6'2"". In his weapon form, he appears as a light machine gun.",,,
ᵀʰᵉ Hegemon – Myeongjun Shin 8,,,,,,,,,he/him,,
ᵀʰᵉ Hegemon – Myeongjun Shin 9,,,,,,,,,,Human (Regalia),
祟り蛙 (Tatarimokke) 1,24,,,,,,,,,,
祟り蛙 (Tatarimokke) 10,,,,,,,,,,,Humanity
祟り蛙 (Tatarimokke) 2,,https://media.discordapp.net/attachments/878694364778471464/1325282003557552170/FJkkCBQaQAMioRa.png?ex=677b388c&is=6779e70c&hm=617f73d98643dcd5bb72987ff1aea832671788737cae35e77dde742f509c7825&=&format=webp&quality=lossless&width=&height=,,,,,,,,,
祟り蛙 (Tatarimokke) 3,,,#c67f15,,,,,,,,
祟り蛙 (Tatarimokke) 4,,,,The Anguished Tool Without a Wielder,,,,,,,
祟り蛙 (Tatarimokke) 5,,,,,"Tatarimokke was born in the small village of Ishiyama, raised to be a tool for his master: the Tokiyasu-Oni. He has since learned that his master's ends are cruel, and so he has fled. The Worldhelm saved him from the reprisal of his fellow masked warriors.

He is to strike down the foul and to defend the righteous. There is no nobler a duty for a blade such as him.",,,,,,
祟り蛙 (Tatarimokke) 6,,,,,,"Ishiyama, Teisei, Tian Yin",,,,,
祟り蛙 (Tatarimokke) 7,,,,,,,,"Tatarimokke wears, at all times, a set of heavy robes and a mask meant to mimic an owl's face. These two things make it difficult to parse out all too much about his appearance, but a few things are still clear.

He stands just under six feet tall, though the boots he wears brings his height up an inch or so. His build seems an athletic one, enough to facilitate the physical feats Tatarimokke is capable of.

One other details of the owl-man are the two necklaces he wears. The first bears three small ofuda seals, while the second one holds five larger ones. They hold the symbols 恩 (meaning grace), 平和 (meaning peace), and 滅 (to destroy), which alternate in that order.",,,
祟り蛙 (Tatarimokke) 8,,,,,,,,,He/Him,,
祟り蛙 (Tatarimokke) 9,,,,,,,,,,Human (?),
