profile_name,Character Art,Character Bio Link,Character Sheet Link,Class List,Embed Color,Level,Origin,Other Names,Physical Description,Quirks,Rare Equipment,Related Arcana,Story Summary,Theme
"""Fenn"" 1",https://i.imgur.com/OANLfSO.png,,,,,,,,,,,,,
"""Fenn"" 10",,,,,,,,,,,,,,Fun
"""Fenn"" 2",,https://discord.com/channels/1169852846083153941/1170111183869706362/1336157095178932327,,,,,,,,,,,,
"""Fenn"" 3",,,https://docs.google.com/spreadsheets/d/1QkLNKpvHJsBMtrcuwM4pkP60ZmGtStF_dWw2Zlx-gQo/edit?gid=0#gid=0,,,,,,,,,,,
"""Fenn"" 4",,,,"Rogue 2
Symbolist 2
Chanter 2",,,,,,,,,,
"""Fenn"" 5",,,,,,6,,,,,,,,
"""Fenn"" 6",,,,,,,"The Faerie Realm, Kor'Tarion",,,,,,,
"""Fenn"" 7",,,,,,,,,"Fenn is a short foxlike humanoid with wild hair and a ceramic white mask that covers her face.  She wears simple clothing, and has emerald green eyes that can sometimes be seen behind her mask",,,,,
"""Fenn"" 8",,,,,,,,,,"**Outcast Fairy**
Speak to Beasts, Elementals, Plants
Learn 1 spell (Drain Spirit)
Do rituals
Use rituals to transport creatures into/out of faerie realm
Weakness: When Fenn loses their mask, they have to obey all commands they're given by the first person who's eyes they look into.  This effect is broken if she wears her mask again.",,,,
"""Fenn"" 9",,,,,,,,,,,,,"-Kicked out of Fairy Realm
-Kidnapped by a noble to Lastport
-Escaped and left him for dead
-Lived in Gwaed Forest
-Stole to survive",
"""Fox"" 1",https://i.imgur.com/uDwd1Cx.png,,,,,,,,,,,,,
"""Fox"" 2",,,https://docs.google.com/spreadsheets/d/1VXnTAITmHHuDCNxxF5O1cm5UjQhgtVYRCVXdu46YEhw/edit?usp=sharing,,,,,,,,,,,
"""Fox"" 3",,,,"2 Loremaster
3 Esper
1 Commander",,,,,,,,,,
"""Fox"" 4",,,,,,6,,,,,,,,
"""Fox"" 5",,,,,,,Silver Rock - Haven - Terra,,,,,,,
"""Fox"" 6",,,,,,,,,Fox stands roughly around 5'10 (177cm). He has vibrant blue hair thats been dyed from its normal colors. A pair of glasses rest neatly against his nose and a same color of blue fills his irises. Usually dressed in warmer clothing with a scarf around his neck. His jacket having the E.T.A  logo along the arm and back. On his back is a long bag with a zipper along the top of it. Usually he has a small wristpad that assists him with Soulrunning or technology usage in general.,,,,,
"""Fox"" 7",,,,,,,,,,,,,"- Was raised in a 'paycheck to paycheck' kind of family. Eventually wanted to make something of his life and started learning anything and everything he could.
- Eventually became a rising star in the area of Soulrunning. SWORD took notice of his work and hired him to lead a small team of Temps.
- Worked as a Temp for a few years till a new hire was assigned to his team by the name of Yuna. Soon after that the team was killed in an ambush besides for Yuna and Gabriel.
- ETA took notice of the failed job and forced them both into a debt that they needed to worked under ETA to pay off.
- Was assigned the Callsign ""Fox"" and Gabriel Astrea was pronounced KIA on the mission they failed.",
"""Fox"" 8",,,,,,,,,,,,,,Freedom
"""Kage"" 1",https://i.postimg.cc/c4fZycDT/Kage-banner-3.png,,,,,,,,,,,,,
"""Kage"" 10",,,,,,,,,,,,,,Guilt
"""Kage"" 2",,https://discord.com/channels/1169852846083153941/1170111183869706362/1354043829782708274,,,,,,,,,,,,
"""Kage"" 3",,,"[Silent shadow glides,
Soft whispers through moonlit trees,
Calm in night's embrace.](https://docs.google.com/spreadsheets/d/1DufpwzVEk9ytDnAG-xDGUtZUKD1B1i7frVJKckDY_5U/edit?usp=sharing)",,,,,,,,,,,
"""Kage"" 4",,,,"6 Elementalist
1 Weaponmaster
2 Daoist",,,,,,,,,,
"""Kage"" 5",,,,,,9,,,,,,,,
"""Kage"" 6",,,,,,,"Sakai, Teisei, Tian Yin",,,,,,,
"""Kage"" 7",,,,,,,,,"After a ritual that pushed her to her limits, Kage now resembles more of a person and less of a walking nightmare. Standing at roughly five feet four, the young Half-Kitsune seems far healthier than when she first appeared on the Worldhelm. She now possesses an athletic physique befitting her station, no longer marred by the side-effects of her training. While her almost glowing cyan eyes remain alongside the foxfire burning within her body, her expressions are no longer muted, wearing her emotions far more freely.

Her wardrobe consists of her old bodysuit, now far more distinguishable from her pitch black skin, however she no longer hides herself behind an oversized poncho, opting instead to wear a sleeveless open vest. Her attire is dotted with white and grey geometrical shapes and symbols, in the past she marked herself as such as to not truly disappear in pitch black darkness, nowadays however it’s simply to remember the past.",,,,,
"""Kage"" 8",,,,,,,,,,"Qi Specialist : Void

Change damage to Air | Resistant to Air | Weak to Light | Able to preform Void domain arcanism rituals",,,,
"""Kage"" 9",,,,,,,,,,,,,"- Born in the forests surrounding Sakai, after a failed Kitsune expedition from the south.
- Her parent, instead of leaving her to the elements choose to excommunicate themselves from Sakai
- Years later the child would return to Sakai, now changed and alone
- Taking up the name ""Kage"", she'd become a Disciple under the leader of Sakai, seeking to learn balance and perhaps one day reverse whatever have caused their body to change
- Despite never fully fitting in, she'd find companionship with several new pupils who see her for the warrior she is, and not the monster that others see
- Having reached a plateau in her cultivation, her master suggested her to leave for the deserts. To either overcome her trials, or to do what many before her has and slaughter Yokai.
- Seeking a better alternative for the people of Sakai, she'd try and overcome her trials, only to be left in a pool of her own blood. Not long after she was caught in an all too familiar storm, lifting her to the worldhelm.",
"""Mongrel"" 1",https://i.imgur.com/0K4gR3c.png,,,,,,,,,,,,,
"""Mongrel"" 2",,,https://docs.google.com/spreadsheets/d/1Na-MVZ-X2JSdoOHIM7mv7MeBts3YXsiWmvj1RDxJDXg/edit?usp=sharing,,,,,,,,,,,
"""Mongrel"" 3",,,,"Tinkerer 4, Weaponmaster 1",,,,,,,,,,
"""Mongrel"" 4",,,,,,5,,,,,,,,
"""Mongrel"" 5",,,,,,,Silver Rock - Haven - Terra,,,,,,,
"""Mongrel"" 6",,,,,,,,,"Yuna is a average 5'5 woman with white hair. Her piercing red eyes are analytical and fierce. Hiding most of her feelings behind a stoic visage. Though this is not to say she is afraid of voicing them to most people. Yuna regularly wears robes passed down from her family, she rarely speaks about the significance of them as she has yet to speak to them since her incident. They are painted over in black ink and dotted in minor tears.",,,,,
"""Mongrel"" 7",,,,,,,,,,,,,"||Yuna Manami was a starry eyed girl from South Rock when she first began her foraying into working as a temp. Born into a family of competent swordsmen, Yuna was directed onto the the temp worker path from a young age.

During her time she met a man named Gabriel, who served as a specialist and handler for a ragtag group of temp workers.

It wasn't long until Gabriel and her grew close. And she made fast friends with the other members of their group. Her future was looking bright, until a operation gone wrong took the lives of three of their group.

Pushed into a corner and desperate, her sword skills were not enough to save her friends. Despite the clear directions to not open the prototype box they had been tasked with collecting. Yuna did so, in the hopes that maybe whatever was in it would save her and allow her to avenge her fallen comrades.

Before she knew it, she had bound herself to the experimental weapon. Shackling her and the surviving members with debt to ETA.|| <- Gms :3",
"""Mongrel"" 8",,,,,,,,,,,,,,Loyalty
"""Trillion"" 1",https://i.imgur.com/ekvEbyt.png,,,,,,,,,,,,,
"""Trillion"" 10",,,,,,,,,,,,Devoted to Kuzunoha,,
"""Trillion"" 11",,,,,,,,,,,,,"- Once the leader of a great Circle in Idyll's Third Layer.
- No longer a Witch of the Circles, he now seeks to find a new way of surviving.
- Wishes to spread his pacifistic ideals in order to hopefully bring peace to Kuzunoha of Idyll.",
"""Trillion"" 12",,,,,,,,,,,,,,Pacifism
"""Trillion"" 2",,[**- Consult the Scribes of Idyll -**](https://discord.com/channels/1169852846083153941/1170111183869706362/1332873290246524949),,,,,,,,,,,,
"""Trillion"" 3",,,"[*""Any powerful demon's best kept secret is their true name."" - ""Trillion""*](https://docs.google.com/spreadsheets/d/1cscZWGXFaK-OtjjxxgLYjW-U8lW7lm0-lZ6JMSQPDiY/edit?gid=0#gid=0)",,,,,,,,,,,
"""Trillion"" 4",,,,"Floralist 6
Chimerist 1
Dancer 1",,,,,,,,,,
"""Trillion"" 5",,,,,#339acc,,,,,,,,,
"""Trillion"" 6",,,,,,8,,,,,,,,
"""Trillion"" 7",,,,,,,"Aaruna, Third Layer of Idyll",,,,,,,
"""Trillion"" 8",,,,,,,,,"""Trillion"" stands at a modest height of 5'9"", with a slim, athletic frame akin to that of a young adult. His youthful appearance is marked by his vibrant blue hair and glowing golden eyes; however, he is also easily distinguished by his demonic features that have manifested with his time as a revered Witch of Aaruna. Equally vibrant blue scales fleck across his face, neck, and limbs; and his slender fingers are complemented by long and sharp, black nails. Despite this, there is an overall welcoming warmth to his composure.",,,,,
"""Trillion"" 9",,,,,,,,,,Idyllic Soul (Demon),,,,
Abhila (Asva) 1,https://cdn.discordapp.com/attachments/1220388900703572018/1302062879234855054/undead_snake_by_piloufac_detlgtp-fullview.png?ex=672d578d&is=672c060d&hm=9c1b7a04153df663b5db6a3ee72eb143e9c00a5dbf5f4e653c6edfa02c21d346&,,,,,,,,,,,,,
Abhila (Asva) 2,,,https://docs.google.com/spreadsheets/d/1p6iqvB3B4O3W-AnFqmamVrUO9Ma0KiWPU9F9OkezMKY/edit?gid=0#gid=0,,,,,,,,,,,
Abhila (Asva) 3,,,,"Guardian 1
Dancer 1
Chanter 3
Chimerist **M**",,,,,,,,,,
Abhila (Asva) 4,,,,,,15,,,,,,,,
Abhila (Asva) 5,,,,,,,Bahata (Tiger Lands),,,,,,,
Abhila (Asva) 6,,,,,,,,,"A long green snake.....That is sadly is Asva who still holds glimmer of human sadness in his eyes. 
Now with his human voice stolen he fully fits the part of a snake.......he also got bigger.",,,,,
Abhila (Asva) 7,,,,,,,,,,Beast Who Spoke,,,,
Abhila (Asva) 8,,,,,,,,,,,,,,Atonement
Adelphel Durand 1,https://i.pinimg.com/736x/4c/9f/c3/4c9fc3968dc532d8bc53a35101b72578.jpg,,,,,,,,,,,,,
Adelphel Durand 2,,,https://docs.google.com/spreadsheets/d/1ndHlIeAhAsfyIXXFBLH72X_Bio8GqPcgrVvIIg7p9yA/edit?usp=sharing,,,,,,,,,,,
Adelphel Durand 3,,,,"1 Guardian
2 Lightblade
5 Spiritist",,,,,,,,,,
Adelphel Durand 4,,,,,,8,,,,,,,,
Adelphel Durand 5,,,,,,,"Kor'Tarion, Alder Wilds",,,,,,,
Adelphel Durand 6,,,,,,,,,"A man standing at about 5'11, medium length dark brown hair and a darker olive skin tone with hazel hued eyes, they have an odd faint glow about them in both eyes and body. Holding a genuinely young and kind expression that easily shifts to earnest one in times of hardship and danger. Their hands are somewhat bruised and rough from work and battle. They are very well acquainted to physical labor of many kinds for long hours just to get by during travels and it shows.",,,,,
Adelphel Durand 7,,,,,,,,,,The Long Dream,,,,
Adelphel Durand 8,,,,,,,,,,,,,"- Adelphel was initially a formless spirits that simply existed in nature until captured by a Necromancer to be used in a magical experiment for a subservient creation in the wake of recent disasters. They were augmented, altered and bound into a humanoid body, however all the changes caused instability in the magic and retained free will to act independently. Deemed a failure as a result.
- They have traveled throughout Kor'Tarion helping those they come across of all kinds when able without discrimination.
- They offer aid for many issues, from things like helping with a farm or defending people from life or death situations, doing so without want of reward in return.
- They appears to be a knight of some kind in attire but holds no real symbol nor claims any titles.
- They don't appear to have memories of their past, in a sense of they remember having parents and living in a nice village but nothing solid. The lack of past and memories causes them to cherish new meetings.",
Adelphel Durand 9,,,,,,,,,,,,,,Hope
Aelina Van Deivoet 1,https://i.imgur.com/TEktML0.jpeg,,,,,,,,,,,,,
Aelina Van Deivoet 2,,,https://docs.google.com/spreadsheets/d/134gqfUvaQQj35S-2OuDokqOuThYd9au-OJ_wcTxkUcw/edit,,,,,,,,,,,
Aelina Van Deivoet 3,,,,Invoker 7/ Elementalist 2,,,,,,,,,,
Aelina Van Deivoet 4,,,,,,9,,,,,,,,
Aelina Van Deivoet 5,,,,,,,"Ripplith, Kaiway",,,,,,,
Aelina Van Deivoet 6,,,,,,,,,"A purple haired woman wearing a prom and proper uniform of the Gnosis Academy, Aelina has fair skin and bright violet eyes. Two black horns poke out of the top of her head and her hands are adorned with 9 metal rings of various colors. 

Her sword form is a large curved blade with holes in the back with loose rings hanging from each one but the first.",,,,,
Aelina Van Deivoet 7,,,,,,,,,,Regal Vessel,,,,
Aelina Van Deivoet 8,,,,,,,,,,,,,"A student of the Gnosis Academy House of Treasures, Aelina has become a regalia of Kaiway. At home in Ripplith she is from a former noble house of storm sorcerers that is under the Mermaid Queen.",
Aelina Van Deivoet 9,,,,,,,,,,,,,,Abandonment
Aer Drasil 1,https://i.imgur.com/eRU7y6E.png,,,,,,,,,,,,,
Aer Drasil 2,,,https://docs.google.com/spreadsheets/d/1fmIqFIjipb6lhR3fMx_kplpEA9eAV1MsJT1YWqYRwac/edit?usp=sharing,,,,,,,,,,,
Aer Drasil 3,,,,"Guardian 4
Elementalist 2
Fury 1",,,,,,,,,,
Aer Drasil 4,,,,,,7,,,,,,,,
Aer Drasil 5,,,,,,,"Asga, Idyll",,,,,,,
Aer Drasil 6,,,,,,,,,"Aer stands tall at 6'0"", her posture ever straight, radiating poise and grace. Her long, curly brown hair cascades down past her waist, framing her commanding presence. She dons armor adorned in rich tones of brown, brass, and deep blue, exuding both strength and elegance. Black feathers accentuate her ensemble, lending her an air of formidable beauty and otherworldly might.",,,,,
Aer Drasil 7,,,,,,,,,,"You have spent a long, long time here in Idyll. Maybe a year, maybe a hundred. It's hard to tell. But you feel different now - more natural to the realm that has become your home. You've changed, hopefully for the better. Angel of Nimue

You may verbally communicate with any creature belonging to the demon, elemental, and undead Species.  

You learn one spell of your choice among those in the lists for the Elemental, Entro and Spirit Classes in the Core Rulebook: [Heal]

Weakness: Valkyrie's Mercy
Aer feels an unshakable compulsion to offer solace to the spirits of the dead or dying, unable to ignore their suffering or pass them by without a gesture of comfort",,,,
Aer Drasil 8,,,,,,,,,,,,,"Aer Drasil was a fearless huntress and protector, renowned for her skill with a spear and unwavering resolve. After falling heroically in battle, she awakened in Asga, a warrior’s paradise in the afterlife, where honor and strength were celebrated. However, this realm soon fell into madness, its duels turning into an endless cycle of carnage and death. Refusing to succumb, Aer became a Valkyrie, finding refuge in Salmon’s Reach and dedicating herself to shielding lost souls from the corruption that tainted her once-ideal afterlife. 

Yet now, with the chaos subsiding and her quarry defeated, she faces a new challenge. Discovering who she is beyond the battlefield and what her future may hold.",
Aer Drasil 9,,,,,,,,,,,,,,Justice
Aerah 1,https://i.imgur.com/4z9OGmU.png,,,,,,,,,,,,,
Aerah 10,,,,,,,,,,,Vocal Stabilizer - [WLP + WLP]+1 [HR+4] Energy Vampire,,,
Aerah 11,,,,,,,,,,,,,"- Was born with a magical mutation that causes her voice to be volatile if uncontrolled, as such she was told not to speak.
- Due to an outburst she ended up accidently killing one of her bullies as a child and harming other.
- This lead to law suits putting her family into debt, which her mother tried to gamble to get out of.
- 777LC saw potential with Aerah's talents and offered her a job to help pay off her family's debt.
- This lead to her joining their Roller Derby circuit that people bet on.",
Aerah 12,,,,,,,,,,,,,,Freedom
Aerah 2,,[Aerah Bio](https://discord.com/channels/1169852846083153941/1170111183869706362/1313024240634695710),,,,,,,,,,,,
Aerah 3,,,[Aerah Sheet](https://docs.google.com/spreadsheets/d/1fFKlS5IEx1x_GXiaMz8C_N772NXfd54ljt3ZzCmtQl0/edit?gid=0#gid=0),,,,,,,,,,,
Aerah 4,,,,Pilot 5 | Chanter 3 | Guardian 2,,,,,,,,,,
Aerah 5,,,,,#6C0BA9,,,,,,,,,
Aerah 6,,,,,,10,,,,,,,,
Aerah 7,,,,,,,Terra - Mount Providence,,,,,,,
Aerah 8,,,,,,,,,"Aerah is a 19 year old girl who is 5' 7"". She has long black hair with a bit of green tones in it. She is typically walking around in a body suit and fancy skates to allow her quicker movement.",,,,,
Aerah 9,,,,,,,,,,"Heirloom - Vocal Stabilizer
Flaw - When using a magichant GM can declare this item fails to work and Aerah begings breaking down into a coughing fit. The magichant isn't used but the MP and action are lost.",,,,
Agata Nergoth 1,https://i.imgur.com/KI4NYrO.jpeg,,,,,,,,,,,,,
Agata Nergoth 2,,,https://docs.google.com/spreadsheets/d/1X_UJz_yyYQDFazHLfTod4lJ0Y9DGpd4Uo70ZtbK6yw8/edit?usp=sharing,,,,,,,,,,,
Agata Nergoth 3,,,,Pilot (★)  Esper (★) Tinkerer (★) Entropist (★) Arcanist (9),,,,,,,,,,
Agata Nergoth 4,,,,,,49,,,,,,,,
Agata Nergoth 5,,,,,,,Hidela,,,,,,,
Agata Nergoth 6,,,,,,,,,Agata is a young woman standing at about 5'10 in height. She has long blonde hair tied back in a pony tail most times. Her clothes usually are stained with oil and grease as the scent of machinery follows her around.,,,,,
Agata Nergoth 7,,,,,,,,,,Cognative Spector,,,,
Agata Nergoth 8,,,,,,,,,,,,,-,
Agata Nergoth 9,,,,,,,,,,,,,,Belonging
Akahime Fuyumi 1,https://i.imgur.com/GiPzQkL.png,,,,,,,,,,,,,
Akahime Fuyumi 10,,,,,,,,,,,,,"- Serpentine yokai who guides lost souls through frozen Aldistir.

- Found the glowing Night Lantern at the Grasping Tree.

- Became a beacon for the lost- and threats.

- Trained to protect the souls she ferries.

- Hunts godblood corrupted beings to free them from torment.

- Thanks to the Worldhelm, she now travels between realms, continuing her sacred task.",
Akahime Fuyumi 11,,,,,,,,,,,,,,The Siren of Lost Souls
Akahime Fuyumi 2,,https://discord.com/channels/1169852846083153941/1170111183869706362/1354255225392861395,,,,,,,,,,,,
Akahime Fuyumi 3,,,https://docs.google.com/spreadsheets/d/1LDOTs4O8nw_HiJshhKN-ngt7e8b_P54XHmczQKnxm8A/edit?gid=0#gid=0,,,,,,,,,,,
Akahime Fuyumi 4,,,,"Chanter 3
Dungeoneer 1
Weaponmaster 1",,,,,,,,,,
Akahime Fuyumi 5,,,,,,5,,,,,,,,
Akahime Fuyumi 6,,,,,,,Aldistir,,,,,,,
Akahime Fuyumi 7,,,,,,,,,"Akahime, the Winter Serpent, is an ethereal being with a long, serpentine lower body that is is cloaked in obsidian-black scales, coiling with silent grace across the frozen wastes she calls home. Towering and poised, her upper half bears the countenance of a pale, silver-haired Ald—yet her piercing gaze and the faint, otherworldly glow in her pale eyes betray something far older and deeper.

She dons ornate, silver-on-black armor. Flowing silks trail from beneath the plate, catching ghostlight as she moves. In her hands, she wields the Night Lantern, a staff bound with chains and a crimson lantern that bleeds spectral mist. Its flickering light draws spirits near, some seeking peace—others, prey.",,,,,
Akahime Fuyumi 8,,,,,,,,,,"Heirloom: The Night Lantern

The Night Lantern guides the lost—those whose spirits wander through the bleak blizzards where even Akahime's sirenic voice cannot reach. Yet, the lantern’s light pierces through. Suspended from its chain at the end of her staff, it offers a sense of control, comfort, and quiet confidence to those nearby. In her hands, it becomes more than a beacon—it is a weapon, radiant and resolute, used to banish darkness in all its forms. Unfortunately, not everything the lantern attracts is friendly...",,,,
Akahime Fuyumi 9,,,,,,,,,,,"The Night Lantern

Custom Item: 
Base Form: Arcane, melee, [HR+7], [WIL + WIL], Transforming, Magic Defense Boost, Defense Boost, Damage type: Light
Transformation: Flail, melee, [HR+12], [DEX + WIL], Transforming, Accurate, Powerful, Damage type: Light
Rare Item Quality: Harmonious, Damage Change - Light""",,,
Akar Ceba 1,https://cdn.discordapp.com/attachments/678389560182439961/1341128004897738772/007f164ad2beea9c3f6651e98ff0aa55.jpg?ex=67b78149&is=67b62fc9&hm=7fe4ea9e2850fcbab7f90e978d3277dd07a725ede0a9d1055f20e31db96fcc86&,,,,,,,,,,,,,
Akar Ceba 2,,,https://docs.google.com/spreadsheets/d/1GlwfEpqclsQud0J47hR7ttoGoLDgolAsuNIfgQsbZX8/edit?gid=0#gid=0,,,,,,,,,,,
Akar Ceba 3,,,,"Guardian [1], Wayfarer [1], Weapon Master [3]",,,,,,,,,,
Akar Ceba 4,,,,,,5,,,,,,,,
Akar Ceba 5,,,,,,,Idyll,,,,,,,
Akar Ceba 6,,,,,,,,,"Akar wears a comfortable, white robe and a heavy, black robe over his left shoulder. The seams of both his tunic and his robe are adorned with soft sheep wool. Both his lower arms and ankles are covered in red threads. Akar wears many decorative charms and colourful decorations, including earrings and a talisman in the shape of a bell, which is tied to his collar. He almost never seen without his shepherd crook, which is also adorned with the same charms and bells he wears on his body.

His long, red hair is tied into a casual braid. The young shepherd has small goat horns, growing from just above his ears. Usually his face has a soft expression with a bright smile on his lips and shining, green eyes.",,,,,
Akar Ceba 7,,,,,,,,,,,,,"- Born and raised to a small family in the peaceful mountain ranges of Paradise on Idyll
- Shepherd of a small flock of sheep. He spent his time protecting and caring for them and his friends and family, with little of nothing to worry about.
- One day, one of his sheep, Nyima, gets lost in a Realm Storm and he goes off in search of her
- Now lost and confused in a world filled with strife and chaos, he tries to get back to his flock, but also take care of anyone he might meet along the way.",
Akar Ceba 8,,,,,,,,,,,,,,Kinship
Akiko 1,https://media.discordapp.net/attachments/1170110980546637915/1355191933202468934/IMG_6388.png?ex=67f29457&is=67f142d7&hm=864db9b4826fadaea32ea4ea1fefd3f3412ea874732aa93a12c392da6b35fd4f&=&format=webp&quality=lossless&width=&height=,,,,,,,,,,,,,
Akiko 10,,,,,,,,,,,"Radiant Runic Half (Runic Shield- Memorize [Flare])
Sanctuary Runic Half (Runic Shield- Antistatus [Poisoned])",,,
Akiko 11,,,,,,,,,,,,Amaterasu (Caladrius),,
Akiko 12,,,,,,,,,,,,,"Akiko was born in the village of Ishiyama. The same as every other human, she fell under the thumb of the Oni; though, with natural fire Qi affinity revealed, she was claimed by a powerful red Oni. They took her to the Temple of the Rising Sun as a living forge to make a powerful arsenal. 

This was where she found her shields, hidden beneath the rubble in a relic room long forgotten. Taking them in either hand lit her soul on fire, at long last ridding her of the hopeless fog that left her willfully chained under the Yokai. She fled, falling into a realmstorm and finding a new home in the Worldhelm. She has spent much of her time in isolation to cultivate her connection to Amaterasu, but only the desperate fight against Loftur has finally awakened a deeper understanding of her Dao: the Sunless Dawn.",
Akiko 13,,,,,,,,,,,,,,Hope
Akiko 2,,https://discordapp.com/channels/1169852846083153941/1170111183869706362/1326188897373393050,,,,,,,,,,,,
Akiko 3,,,https://docs.google.com/spreadsheets/d/1w01uKJMS0sL7sbUxopJqfR3YNH9Z6Qjos2QxomUmp1Q/edit?usp=sharing,,,,,,,,,,,
Akiko 4,,,,"Guardian ✹
Arcanist 3
Elementalist 3",,,,,,,,,,
Akiko 5,,,,,#f9c856,,,,,,,,,
Akiko 6,,,,,,16,,,,,,,,
Akiko 7,,,,,,,"Ishiyama, Teisei, Tian Yin",,,,,,,
Akiko 8,,,,,,,,,"Akiko is a muscular young woman standing at 5'8"" with long black hair and pale skin. Her eyes are a dull amber color, but a spark of light gleams within when she wields her black and gold shields that seem like two broken halves of one sun. Though once tense and rigid, she now smiles readily, her hope for the new dawn all but radiating from her demeanor.",,,,,
Akiko 9,,,,,,,,,,"Heirloom | Amaterasu's Relic Shield Halves
Susanoo's anger towards those who would wield his ashamed sister's relics chases them even across realms. Wherever these shield halves are, storms pursue. Upon Tian Yin, Susanoo's followers seek out this broken relic, and the pieces are a beacon to hungering Yokai.",,,,
Alaska Vertigo 1,https://cdn.discordapp.com/attachments/855109203785809921/1328167765504299171/aly-01-bigger.png?ex=678ba6df&is=678a555f&hm=9df2eca9748fd5320873b1e5fb9e2762b572e9b988e530d29bc8c6c1f9ceab58&,,,,,,,,,,,,,
Alaska Vertigo 10,,,,,,,,,,,,,"- Experimental digital backup of a Lorel.AI software engineer.
- Awoken under concerning circumstances with corrupted memories and a bounty on her head.
- Spent months evading Terra's authorities and doing soul net work for less than reputable benefactors to pay for repairs and upkeep.
- Became embroiled in the affairs of a group of Goldhearted, and took her chance to get aboard the Worldhelm to get out of dodge.
- Hoping to eventually figure out what she was doing before her memories were corrupted (and also who she even really is).
- Recently recovered data from a corrupted memory of her shooting someone.",
Alaska Vertigo 11,,,,,,,,,,,,,,Doubt
Alaska Vertigo 2,,https://discord.com/channels/1169852846083153941/1170111183869706362/1329576857133387797,,,,,,,,,,,,
Alaska Vertigo 3,,,https://docs.google.com/spreadsheets/d/12P-OfRCkgmDENcb9pF5hguepQnRVDwmLJ_GcJCYYmbk/edit?usp=sharing,,,,,,,,,,,
Alaska Vertigo 4,,,,"Entropist ★
Esper 2
Rogue 3
Tinkerer 1",,,,,,,,,,
Alaska Vertigo 5,,,,,#741b47,,,,,,,,,
Alaska Vertigo 6,,,,,,16,,,,,,,,
Alaska Vertigo 7,,,,,,,"Rhine Delta, Terra",,,,,,,
Alaska Vertigo 8,,,,,,,,,"Wrapped beneath a worn cloak, Aly occupies what was, at one point, clearly a streamlined, and admittedly compact, modern LUA chassis. She sports a concerning amount of wear and tear, along with mismatched and unlicensed replacement parts. From behind a cracked screen, she looks back at the world with eyes that manage to appear tired, despite their lack of detail.",,,,,
Alaska Vertigo 9,,,,,,,,,,LUA (Robot),,,,
Albreich Surtova 1,https://media.discordapp.net/attachments/1179610873271177236/1351736378375012533/Albreich_Surtova.png?ex=67dd705a&is=67dc1eda&hm=9b842ce54cf38677c03a260f92e5024013216d79804eeac531d448e4d2eaa763&,,,,,,,,,,,,,
Albreich Surtova 2,,https://discord.com/channels/1169852846083153941/1170111183869706362/1352733428692422737,,,,,,,,,,,,
Albreich Surtova 3,,,https://docs.google.com/spreadsheets/d/1OmssjYcZL1NQtnn4XKQLPYxie_Z_tpmOq9s60iB1UOU/edit?gid=0#gid=0,,,,,,,,,,,
Albreich Surtova 4,,,,"2 Weaponmaster
2 Rogue
1 Sharpshooter",,,,,,,,,,
Albreich Surtova 5,,,,,,5,,,,,,,,
Albreich Surtova 6,,,,,,,"Brightshield, Kor'Tarion",,,,,,,
Albreich Surtova 7,,,,,,,,,"Albreich stands at about 6'2"", 

Though he trains his body regularly he only does as much as he needs to wield his weapon comfortably, preferring to forgo the bulging muscles for a body that allows more dexterous movements.

He carries himself with the confidence and poise of a man with twice his experience, after all the best way to win a fight is to stop it from happening in the first place. 
(Will add more later, this is the thing I suck at most)",,,,,
Albreich Surtova 8,,,,,,,,,,,,,"A would be knight that ran away to become a mercenary after growing disillusioned by the crown's inability to take action. Deciding to serve his own interests rather than paying lip service to grandiose ideals like chivalry and knighthood.

After a couple winters working as a freelance mercenary he joined the Golden Claw Mercenaries, much to his surprise he was chosen as a Goldhearted a year after he'd joined the company.",
Albreich Surtova 9,,,,,,,,,,,,,,Ambition
Alder 1,https://i.imgur.com/qlfqHa3.jpeg,,,,,,,,,,,,,
Alder 10,,,,,,,,,,,,Caladrius,,
Alder 11,,,,,,,,,,,,,"- Lived with his nomadic people and family, the Deerfolk, following the guidance of the elementals via a Hearer, nurturing life along the way. 
- Before becoming Goldhearted, he was suddenly, mysteriously, shunted out from his mother's domain, and hasn't been able to get back in or find his family. 
- He has recently found his mother, Willow, learning that the Wyld Hunt has been responsible for hunting and tearing Fey, particularly those of the Spring Court, from their domains. He has also learned that his mother has had dealings with the Spring Court as well, but doesn't quite know how deep it runs.
- He still doesn't know that his mother managed to get Caladrius' favor to bestow upon Alder some of his power to protect him.
- Has yet to become fully aware of his aptitude as a Hearer for his people
- Yuzuru Eiji of Terra is his boyfriend. c:",
Alder 12,,,,,,,,,,,,,,Preservation
Alder 2,,https://discord.com/channels/1169852846083153941/1170111183869706362/1345218531884667011,,,,,,,,,,,,
Alder 3,,,https://docs.google.com/spreadsheets/d/1YwMUWKzE6skQ9bYAVsW0dzdhTAFkPyeuR18nm4xv6Y4/edit?usp=drivesdk,,,,,,,,,,,
Alder 4,,,,"Guardian 2, Spiritist 6, Arcanist ★",,,,,,,,,,
Alder 5,,,,,,18,,,,,,,,
Alder 6,,,,,,,"Kor'Tarion, Faerie Realm",,,,,,,
Alder 7,,,,,,,,,"Straight, tall, and lithe, covered in silver and white dappled fur, he stands at 5'11'' (not including the antlers) on deer-like hooves, peering at you with what look like distant reflections of stars in his blue(?) eyes. He usually wears a combination of shirts under knit sweaters, and maybe a night blue coat lined with white fur. He adorns himself with a pair of simple, hand-made necklaces, and a single earring on his left ear.",,,,,
Alder 8,,,,,,,,,,"Outcast Fairy
Drawback: Is compelled to heal nature that is hurting.",,,,
Alder 9,,,,,,,,,,,"- Fey's Light (Main hand.) (One-handed Staff. HR+3 Light.) (Blessed Bonds quality.)
- Tomagotchy Cell Phone (Accessory.) (Spell Splash quality)",,,
Aldrich S. Escher 1,https://images-ext-1.discordapp.net/external/tbNfGmUfRtytAy7nr___lXdnjMCLju9ULS9PsUPZfyQ/https/static.zerochan.net/Pengruoxi.full.927000.jpg,,,,,,,,,,,,,
Aldrich S. Escher 2,,,https://docs.google.com/spreadsheets/d/1M7-zjBO9Hs6STOJev9Io6vTKqil48wER2d2-QGVl8dA/edit?usp=sharing,,,,,,,,,,,
Aldrich S. Escher 3,,,,"Elementalist 4
Spiritualist 1
Entropist 2",,,,,,,,,,
Aldrich S. Escher 4,,,,,,7,,,,,,,,
Aldrich S. Escher 5,,,,,,,Kor'Tarion - Tradefair,,,,,,,
Aldrich S. Escher 6,,,,,,,,,"Slender and fragile-looking, but with a confident aura of power. Always carries his Tome, which doubles as his Journal, where he records his findings and experiment results.",,,,,
Aldrich S. Escher 7,,,,,,,,,,Heirloom,,,,
Aldrich S. Escher 8,,,,,,,,,,,Personal Tome (Tome + Spell Vamp),,,
Aldrich S. Escher 9,,,,,,,,,,,,,,Curiosity
Alec Lyon 1,https://i.imgur.com/JUnUIrv.png,,,,,,,,,,,,,
Alec Lyon 2,,,[NTTech's Detective is here!](https://docs.google.com/spreadsheets/d/1pe0NjuEc361ohO2OiIaB6o2m768KxKdHb5Z2WChYpcQ/edit?usp=sharing),,,,,,,,,,,
Alec Lyon 3,,,,"Lightblade 2
Spiritist 2
Guardian 1",,,,,,,,,,
Alec Lyon 4,,,,,,5,,,,,,,,
Alec Lyon 5,,,,,,,"Dawnstar Valley, Terra",,,,,,,
Alec Lyon 6,,,,,,,,,"Alec is a tall, athletic man who stands at 5'11"" (180cm). Usually wears a smile on his face when interacting with most people. Typically wears a set of battle armor when he's on the job, but otherwise the casual jacket and pants when not on the job. His grayish-white hair done in a stylish mess, with gentle amber eyes.",,,,,
Alec Lyon 7,,,,,,,,,,,,Kuzunoha (NTTech),,
Alec Lyon 8,,,,,,,,,,,,,"- Born to a working class family in Babyl City, Dawnstar Valley.
- Has a natural gift of controlling light and spiritual magic.
- Attended school normally, where he met and befriended Mae Lavery who was a grade year above him.
- Majoring in magic, he eventually graduated and took a position in working for a subsidiary of NTTech that enforces the regulations on magic. Training in both body and magic, putting his skills to use.
- Due to budget reasons, ended up moving into an apartment with Mae about 3 years prior. Then eventually formed a romantic relationship with her.
- 1 year prior to today, Mae Lavery suffered a tragic accident and died. Then she became an Insolvent with a debt over her head. Doing their best to live with the circumstances.
- Thanks to the use of his own spiritual magic and martial training, he was able to successfully mitigate casualties during the events of the Skyfall. Soon leading him to arrive on the Worldhelm, becoming a Goldhearted.",
Alec Lyon 9,,,,,,,,,,,,,,Mercy
Alejandra 1,https://cdn.discordapp.com/attachments/764533229435879496/1352524966796591104/Hound_3_waifu2x_art_scan_noise1_scalev.png?ex=67de5488&is=67dd0308&hm=8fe0d1b602d2f62bb3046ed646eebc3512d9e71857d6fcf09aacac00f874cd65&,,,,,,,,,,,,,
Alejandra 10,,,,,,,,,,,,Tubulcain,,
Alejandra 11,,,,,,,,,,,,,"* A plant native to Barza that awakened in the wake of being discarded by Tubulcain as unneeded in their grand design. 
* Seeking answers to their own existence, and the existence they seemed to have inherited by using the suit as their body.",
Alejandra 12,,,,,,,,,,,,,,Awakening
Alejandra 2,,https://discord.com/channels/1169852846083153941/1170111183869706362/1352525116722122782,,,,,,,,,,,,
Alejandra 3,,,"[This body we inhabit, the life we have assumed. Just who are we?](https://docs.google.com/spreadsheets/d/1xyGnsU-fai-OBW0JofqC_a7REKDjOt4IVDF_w8FJSWU/edit?usp=sharing)",,,,,,,,,,,
Alejandra 4,,,,"Guardian
Weaponmaster
Floralist",,,,,,,,,,
Alejandra 5,,,,,,5,,,,,,,,
Alejandra 6,,,,,,,Idyll- The First Layer Barza,,,,,,,
Alejandra 7,,,,,,,,Iron Vein,,,,,,
Alejandra 8,,,,,,,,,A suit of armor that moves with an unnaturalness. Almost as if mimicking the people around them.,,,,,
Alejandra 9,,,,,,,,,,Arboreal,,,,
Alexei Volkov 1,https://i.imgur.com/x2lsAei.jpeg,,,,,,,,,,,,,
Alexei Volkov 2,,,https://docs.google.com/spreadsheets/d/1TMNsiKWkap54YxUthwrwSaSI0aSXRPKlDi0zF3Qxyl0/edit?usp=sharing,,,,,,,,,,,
Alexei Volkov 3,,,,Necromancer 6 | Entropist 3 | Spiritist 1,,,,,,,,,,
Alexei Volkov 4,,,,,,10,,,,,,,,
Alexei Volkov 5,,,,,,,Dreadlan,,,,,,,
Alexei Volkov 6,,,,,,,,,"Alexei is of average to thin stature and around 5'7'' tall. He's pale, his eyes eerily empty of any colour besides white and grey, and his black hair mirrors this scheme with long streaks of white already showing on the otherwise seemingly young man's black hair. Most notably, Alexei has a large scar that runs down his left cheek, neck and further down. Its not certain how large the scar is, as it eventually disappears under his Gnosis Academy uniform.",,,,,
Alexei Volkov 7,,,,,,,,,,,,,"- Alexei attends Gnosis Academy and is on the Worldhelm as part of the school's new 'Exchange' program
- He has enjoyed a rather privileged life under his parents, who are both rather powerful spellcasters based out of Dreadlan
- Past encounters with members of Ursakk's Hoard have made him particularly opposed to the organization, though since entering the academy, he hasn't really had a chance to enact his negative feelings toward them",
Alexei Volkov 8,,,,,,,,,,,,,,Son of the Dread Mages
Alwyn 1,https://i.imgur.com/b7mZGIT.png,,,,,,,,,,,,,
Alwyn 10,,,,,,,,,,,,,,Ambition
Alwyn 2,,,https://docs.google.com/spreadsheets/d/1Ip8MIXAbiM58Pu1zdG2j1DITCPNyODQw56UVZVpS2_E/edit?usp=sharing,,,,,,,,,,,
Alwyn 3,,,,Weapon Master 3 / Sharpshooter 2,,,,,,,,,,
Alwyn 4,,,,,#D2042D,,,,,,,,,
Alwyn 5,,,,,,5,,,,,,,,
Alwyn 6,,,,,,,Lhodos,,,,,,,
Alwyn 7,,,,,,,,,"A relatively tall, well kept man with black hair wearing loose but well fitting clothes.",,,,,
Alwyn 8,,,,,,,,,,"Old Transport (Skyship)
You own an old vehicle that you love dearly. Unfortunately, the cursed thing barely
holds together and won’t stop causing you trouble. Did you build this vehicle yourself,
or did you receive it from someone? What very specific flaw or quirk makes it unique?
What makes it extremely recognizable?


- Can have technical issues due to Alwyn's lack of technical know how. Can be minor as screens not turning on or as major as key components shutting off.
- Easily Recognizable to those who have knowledge on the Red Roses.",,,,
Alwyn 9,,,,,,,,,,,,,"A wanted Sky Pirate whom currently flies alone. Though he is wanted for Theft and Assault, there is no evidence that he has done so to any non-noble/rich people/group.",
Amber 1,https://i.imgur.com/Ag8MCI8.png,,,,,,,,,,,,,
Amber 10,,,,,,,,,,,,,,Motherhood
Amber 2,,https://discord.com/channels/1169852846083153941/1170111183869706362/1328896659823788095,,,,,,,,,,,,
Amber 3,,,https://docs.google.com/spreadsheets/d/1wJCONq6EvAIInBysI6B9NcbMWc_hlSKvxAwL9CuJ8hw/edit?gid=0#gid=0,,,,,,,,,,,
Amber 4,,,,"Tinkerer 3
Merchant 2
Loremaster 1",,,,,,,,,,
Amber 5,,,,,#DAE8E2,,,,,,,,,
Amber 6,,,,,,6,,,,,,,,
Amber 7,,,,,,,"Ionian Village, Lhodos",,,,,,,
Amber 8,,,,,,,,,"Amber is a middle aged Felkin with thick black hair.  Her eyes shift between green and yellow depending on the light.  She wears round glasses, and a doctor's coat over basic clothes.  She's usually frowning and/or smoking.",,,,,
Amber 9,,,,,,,,,,,,,"A divorced single mom, her daughter ran away and she's trying to find her",
Ambrose 1,https://imgur.com/T8rFQ8r.png,,,,,,,,,,,,,
Ambrose 2,,,https://docs.google.com/spreadsheets/d/1i9XDCnAhiD8O_GCu10Jn772CVljrolOOqtw3Ut--qSk/edit?usp=sharing,,,,,,,,,,,
Ambrose 3,,,,"2 Alchemist 
3 Sharpshooter",,,,,,,,,,
Ambrose 4,,,,,,5,,,,,,,,
Ambrose 5,,,,,,,"Hudal Academy, Kor'Tarion",,,,,,,
Ambrose 6,,,,,,,,,"Ambrose is a small person at only 4'5"", whose lithe body is hidden underneath a couple layers of baggy mage clothing and alchemist tools laid atop them. He carries a large backpack covered in meticulously maintained labels. Any educated person in Kor'Tarion would quickly realize that this guy's inventory is stocked with magical payload that could easily raze a small town, if not most of a large city.

Dangling from a short rope attached to the wrist is a charred wand, with its core compartment and focus crystal empty, and waiting for its next configuration.",,,,,
Ambrose 7,,,,,,,,,,,,,,Vindication
Amelia Green 1,https://i.imgur.com/02zl44c.png,,,,,,,,,,,,,
Amelia Green 10,,,,,,,,,,,,,,Ambition
Amelia Green 2,,,https://docs.google.com/spreadsheets/d/1OYX-eIDZs2yBgGMhtAug3Cs8aOa9NjRYXLv1Wzyy9yc/edit?usp=sharing,,,,,,,,,,,
Amelia Green 3,,,,"Loremaster -1 
Chanter - 4
Arcanist - 1",,,,,,,,,,
Amelia Green 4,,,,,,6,,,,,,,,
Amelia Green 5,,,,,,,Terra,,,,,,,
Amelia Green 6,,,,,,,,,Amelia is a woman of average 5'4 stature with short pale yellow hair and bright red eyes. She often is dressed somewhat professionally and in light colors.,,,,,
Amelia Green 7,,,,,,,,,,Insolvent,,,,
Amelia Green 8,,,,,,,,,,,,"Vanagandr (Insolvent)
Banshee (Galeforce)",,
Amelia Green 9,,,,,,,,,,,,,"- Was born in North Rock and had an uneventful life, coming from two hardworking, low-income parents.
- Taking a leap as a young adult, she took out some loans to begin her college education, reasoning that she could surely pay it off once she found a proper career after graduation.
- After graduating, her friends treated her out to celebrate. Being as ecstatic as she was, she overindulged and died that night due to alcohol poisoning. This also soured many of her friendships once she returned as an Insolvent.
- She spent the last 5 years trying to live a normal life, having found an entry-level journalist position for one of Galeforce's smaller newspaper subsidiaries and struggling to move up in the company.",
Amina Grace 1,https://i.imgur.com/S23fc7m.png,,,,,,,,,,,,,
Amina Grace 10,,,,,,,,,,,,,,Truth
Amina Grace 2,,,https://docs.google.com/spreadsheets/d/1y2liFIbWxaHtaMsOs-EhVOGVAUxEhx1JckJd5Sn74L8/edit?usp=sharing,,,,,,,,,,,
Amina Grace 3,,,,"Ace of Cards 5
Entropist 1
Guardian 1",,,,,,,,,,
Amina Grace 4,,,,,,7,,,,,,,,
Amina Grace 5,,,,,,,"Haven, Terra",,,,,,,
Amina Grace 6,,,,,,,,,"Amina is a tall woman, with her most striking features being her pallid skin and her dull red eyes. She's garbed in an eccentric outfit, blending together old styles with modern utilities that end in her appearing like some sort of cosplayer, rather than an adventurer.",,,,,
Amina Grace 7,,,,,,,,,,Insolvent,,,,
Amina Grace 8,,,,,,,,,,,,Vanagandr(Insolvent),,
Amina Grace 9,,,,,,,,,,,,,"- In ancient Terra, a family of diviners made a deal with a dark group in the future, offering up one of their descendants as payment

- In the modern day, Amina, the last known descendant of that family and practitioner of their techniques, was wrapped up in a plot by ET Aquisitions, making her into an Insolvent 

- While using her predictive powers in service of ETA, she tried her best to help the people of Terra with her magic, efforts that eventually got her recognized by the Worldhelm",
Anahi Tanglao 1,https://media.discordapp.net/attachments/737973699336208428/1228456590156501072/Anahi_2.png?ex=663b459a&is=6639f41a&hm=3be60e6d434b1b202af9fc63ecd752d9716729999dc58897d46e0ce59fe2e8ec&,,,,,,,,,,,,,
Anahi Tanglao 2,,,https://docs.google.com/spreadsheets/d/11XbG4Ac2C06zVx-YmlaLmmP21s82r-zGrQQElz4ioJw/edit?usp=sharing,,,,,,,,,,,
Anahi Tanglao 3,,,,Floralist ★ | Weaponmaster (1) | Fury (1) | Mutant (8),,,,,,,,,,
Anahi Tanglao 4,,,,,,20,,,,,,,,
Anahi Tanglao 5,,,,,,,Sampaguita Village [Amihan | Tian-Yin],,,,,,,
Anahi Tanglao 6,,,,,,,,,"Anahi is a muscular, 5'11 human woman with ragged traveler's clothes. Her armor is made entirely of fibers and cloth with a strong floral scent.",,,,,
Anahi Tanglao 7,,,,,,,,,,,,,,Humanity
Anderth Rhastal 1,https://media.discordapp.net/attachments/271396222479106050/1237906313766506587/4bb4cb9d016b7a9b6d8be7df33642a40.jpg?ex=66414e18&is=663ffc98&hm=eaa43245c88ad49849dd6079c21feb556a43d83c5437ad0d5a71cf10ab585f85&=&format=webp&width=&height=,,,,,,,,,,,,,
Anderth Rhastal 2,,,https://docs.google.com/spreadsheets/d/1Fc9wfjGuoJGAR-ttIeh_ckSQ_MdBK0E4bANTmJSSmQA/edit?usp=sharing,,,,,,,,,,,
Anderth Rhastal 3,,,,Tinkerer 2 • Weaponmaster 2 • Wayfarer 1,,,,,,,,,,
Anderth Rhastal 4,,,,,,5,,,,,,,,
Anderth Rhastal 5,,,,,,,"Skamos, Nezmira",,,,,,,
Anderth Rhastal 6,,,,,,,,,"Anderth is a buff, stocky man who stands at 6'3"". He wears a thin, patchwork shirt and a durable pair of trousers. His boots are so dirty it's hard to tell where they end and where his legs begin. He carries a beat-up pickaxe with a bunch of counting marks on it. He also wears a utility belt that has all the essentials for a miner. A lantern, oil, rope, a hunting knife, several maps, and various satchels and pockets. Anderth is usually wearing a scowl.",,,,,
Anderth Rhastal 7,,,,,,,,,,,,,,Duty
Anise 1,https://images-ext-1.discordapp.net/external/G6bi_ti4o9F1c6-Verjf2_5dbkbmZ6UPxSx0nCYS1og/https/i.pinimg.com/564x/25/a0/01/25a001713602df9bd4a0a5407ab11778.jpg,,,,,,,,,,,,,
Anise 2,,,https://docs.google.com/spreadsheets/d/1AmuIQVeogXdI9d7O8_s_0pyHBX1J0duwy5sasUuQZ9M/edit?usp=sharing,,,,,,,,,,,
Anise 3,,,,"Darkblade [4], Esper [2], Weaponmaster [1]",,,,,,,,,,
Anise 4,,,,,,7,,,,,,,,
Anise 5,,,,,,,Nezmira,,,,,,,
Anise 6,,,,,,,,,"Anise is a tall and imposing woman, standing at around 6'0"" and wielding a large but otherwise ordinary greatsword. Her hair is light brown and often kept in the style of a chignon, pinned in place by the binyeo she wears. Up-close, scale-shaped brands can be seen going up her neck and parts of her face, though they are mostly hidden by her shawl and hair. Anise dresses in loose-fitting garb, accustomed to the heat of Nezmira. Other identifying features include her golden-yellow eyes, and small pieces of debris float around her at times, as if Anise had her own small gravitational field.",,,,,
Anise 7,,,,,,,,,,Fugitive Experiment,,,,
Anise 8,,,,,,,,,,,,,,Vengeance
Apollo Marinelli - ᵀʰᵉ Overture 1,https://cdn.discordapp.com/attachments/792706882397405196/1337190015217959032/Untitled1344_20250206162115.png?ex=67aa7f3f&is=67a92dbf&hm=512eb0dd5bb7a621d5c998463d6c4896038475e813daae0708e120a93b6b6603&,,,,,,,,,,,,,
Apollo Marinelli - ᵀʰᵉ Overture 10,,,,,,,,,,,,,"- Comes from a very toxic family of a distancing father and Egocentric mother
- Father is a well established and proficient paladin, Mother is a bureaucrat and spokeperson/negotiator for one of Heartdoms larger regions.
- At home was constantly abused for his lack of strength and capability. Mother only expects excellence to make herself look good, and her behaviour caused his golden child of a brother to do the same.
- Ran away from home to enroll into Gnosis Academy against his family's wishes, initially enrolled as a Paladin to get back at them by trying to be better than his brother.
- After his first year at the academy, seeing his overall results were not up to par, he changed to the House of Treasures to become a Regalia. Succeeding in the necessary measures to achieve that, Apollo now having become the Overture, he chose Perseus to become his Regent.",
Apollo Marinelli - ᵀʰᵉ Overture 11,,,,,,,,,,,,,,Belonging
Apollo Marinelli - ᵀʰᵉ Overture 2,,https://discord.com/channels/1169852846083153941/1170111183869706362/1337190261582856274,,,,,,,,,,,,
Apollo Marinelli - ᵀʰᵉ Overture 3,,,https://docs.google.com/spreadsheets/d/1faSRBsu26YcrmQsLpHBHl_YDf-H7pQxMP3vCZgep-Sg/edit?usp=sharing,,,,,,,,,,,
Apollo Marinelli - ᵀʰᵉ Overture 4,,,,"[2] Loremaster
[5] Dancer
[3] Chanter",,,,,,,,,,
Apollo Marinelli - ᵀʰᵉ Overture 5,,,,,#EF2B7C,,,,,,,,,
Apollo Marinelli - ᵀʰᵉ Overture 6,,,,,,10,,,,,,,,
Apollo Marinelli - ᵀʰᵉ Overture 7,,,,,,,"Heartdom, Kaiway",,,,,,,
Apollo Marinelli - ᵀʰᵉ Overture 8,,,,,,,,,"Standing at 5'7"" and carrying himself with dignity. Apollo is a Yellow-olive scale colored Nezzim with a dainty form. He sports two sets of horns, green eyes, and a pair of glasses, likely to help with reading all the books he tends to carry around. He can typically be seen wearing his Kaiway uniform. A fuschia-colored top with baggy upper-arm sleeves, a crimson scarf, and a pauldron, along with a courier bag containing all of his necessities. He moves with grace and fluidity, often carrying a smug expression on their face.",,,,,
Apollo Marinelli - ᵀʰᵉ Overture 9,,,,,,,,,,Regal Vessel (Two-Handed Gunblade),,,,
"Arasaka ""Saki"" Sasaki 1",https://i.imgur.com/wKvvc2w.png,,,,,,,,,,,,,
"Arasaka ""Saki"" Sasaki 2",,,https://docs.google.com/spreadsheets/d/1DywKjkog5iJLjYGQwUXMWM-SlbnnDwZHjg9iB9WE3N4/edit?usp=sharing,,,,,,,,,,,
"Arasaka ""Saki"" Sasaki 3",,,,Sharpshooter [10] Rogue [3] Weaponmaster [4] Wayfarer[1],,,,,,,,,,
"Arasaka ""Saki"" Sasaki 4",,,,,,18,,,,,,,,
"Arasaka ""Saki"" Sasaki 5",,,,,,,"Haven, Terra",,,,,,,
"Arasaka ""Saki"" Sasaki 6",,,,,,,,,Saki is a medium height at 4'11 very thin girl with long white hair. It often sticks up at odd angles either due to lack of care or to differentiate herself from her twin sister. Her normally blank expression hides eyes that seem to always be watching for trouble. She tends to wear heavier jackets that almost look too big for her and combat boots.,,,,,
"Arasaka ""Saki"" Sasaki 7",,,,,,,,,,,,,"A twin born in Haven to an affluent mother, she abandoned that life to work as a temp to support her sister.",
"Arasaka ""Saki"" Sasaki 8",,,,,,,,,,,,,,Family
Arashi 1,https://i.imgur.com/Htgg589.png,,,,,,,,,,,,,
Arashi 10,,,,,,,,,,,,,"* Was born during a Thunderstorm
* Became an Orphan
* Lives because others cannot
* Enjoys exploring",
Arashi 11,,,,,,,,,,,,,,Survival
Arashi 2,,,https://docs.google.com/spreadsheets/d/1fM3qJyZpVcZLDsAKrCthbJFTFgW_ArPCdgcvqN7Cg30/edit?usp=sharing,,,,,,,,,,,
Arashi 3,,,,"Sharpshooter 1, Rogue 4, Wayfarer 1",,,,,,,,,,
Arashi 4,,,,,,6,,,,,,,,
Arashi 5,,,,,,,"Aldistir, Feywyrd",,,,,,,
Arashi 6,,,,,,,,,Small Kitsune Ninja with silver hair and fur. Carries large Three Bladed Shuuriken and a goofy grin.  (WIP),,,,,
Arashi 7,,,,,,,,,,"Elemental Soul (Res Bolt, Vul Earth)",,,,
Arashi 8,,,,,,,,,,,"[Darkcloak Robes](https://discord.com/channels/1169852846083153941/1324240760479940629/1325882399917084774)
[Furious Flightweight Flinger](https://discord.com/channels/1169852846083153941/1170946655940530217/1333133300935557161)",,,
Arashi 9,,,,,,,,,,,,Kuzunoha,,
Argad 1,https://images-ext-1.discordapp.net/external/5ngY81-AgJJMM786N82zyjJgpYsQ7FfeEIcHRmhluLc/https/i.pinimg.com/originals/bb/53/51/bb53513b35f91c3b79e22d8c49107cbb.jpg,,,,,,,,,,,,,
Argad 2,,,https://docs.google.com/spreadsheets/d/1gU1_4FMZw9DNHExUcxOl2PNtMst5uCRjjTGf0hANeL8/edit?usp=sharing,,,,,,,,,,,
Argad 3,,,,"Commander 3
Guardian 2",,,,,,,,,,
Argad 4,,,,,,5,,,,,,,,
Argad 5,,,,,,,Kor'Tarion: The White Feather House of Youth,,,,,,,
Argad 6,,,,,,,,,"Argad is a tall person with a bulky muscular body. His hair, almost as black as obsidian, a meticulously groomed beard, and intense black eyes give him an even more intimidating appearance. If it weren't for the almost constant smile on his face, no one would approach him.",,,,,
Argad 7,,,,,,,,,,,,,,Honor
Aria 1,https://imgur.com/BjSe1xE.png,,,,,,,,,,,,,
Aria 2,,,https://docs.google.com/spreadsheets/d/1u8AxjQ4wICnBXsH3QVbVDdfw8ztdvcsJILu8DlLE23g/edit?usp=sharing,,,,,,,,,,,
Aria 3,,,,"[7] Weaponmaster
[3] Elementalist
[3] Arcanist",,,,,,,,,,
Aria 4,,,,,,13,,,,,,,,
Aria 5,,,,,,,Tian Yin (The Kabiya),,,,,,,
Aria 6,,,,,,,,,"Aria is a 5'4ft lady, with vibrant short red hair. She seems small at a distance but up close it easy to see she is containing muscles that have been honed for decades that allow her to back up the things she says.",,,,,
Aria 7,,,,,,,,,,,"A Conflux of Rivers (World Saver)
[DEX + MIG] + 5 [HR + 15] Bolt
Elemental: Bolt | Defensive | Powerful",,,
Aria 8,,,,,,,,,,,,,"-Born to one of the Matriarchs of Tangbawan.
-Was taught cultivation from Kabiya and traveled with them from a very young age
-Powerful Yokai assaulted a group she and Kabiya was apart of. Kabiya passed but Aria found a new mentor among the group.
-Soon after fell into a realmstorm and brought to the Worldhelm",
Aria 9,,,,,,,,,,,,,,Ambition
Arija Yamoshi 1,https://i.imgur.com/Yb46KoE.png,,,,,,,,,,,,,
Arija Yamoshi 2,,,https://docs.google.com/spreadsheets/d/1fmIqFIjipb6lhR3fMx_kplpEA9eAV1MsJT1YWqYRwac/edit?usp=sharing,,,,,,,,,,,
Arija Yamoshi 3,,,,"Guardian 3
Elementalist 2
Fury 1",,,,,,,,,,
Arija Yamoshi 4,,,,,,5,,,,,,,,
Arija Yamoshi 5,,,,,,,Skyfall Scion,,,,,,,
Arija Yamoshi 6,,,,,,,,,"Standing at 5'8"", Arija has an athletic build. She wears battle attire designed for agility on the battlefield. Her skin is fair, her eyes a striking sapphire blue, and her long brown hair is pulled into a wispy ponytail.",,,,,
Arija Yamoshi 7,,,,,,,,,,Heirloom: War King's Wrath,,,,
Arija Yamoshi 8,,,,,,,,,,,War King's Wrath,,,
Arija Yamoshi 9,,,,,,,,,,,,,,Justice
Ascalon Forseti 1,https://i.imgur.com/KnoigTJ.png,,,,,,,,,,,,,
Ascalon Forseti 2,,,https://docs.google.com/spreadsheets/d/1o67WGk04mti_WY-7FxMPhYTS2g8Kfx5jJjFJSa5SsuA/edit?gid=0#gid=0,,,,,,,,,,,
Ascalon Forseti 3,,,,"Guardian 3 
Weaponmaster 1 
Fury 1",,,,,,,,,,
Ascalon Forseti 4,,,,,,5,,,,,,,,
Ascalon Forseti 5,,,,,,,"Tradefair, Kor'tarion",,,,,,,
Ascalon Forseti 6,,,,,,,,,"A fair skinned male standing tall at 6'2'' with cyan hair. Decorated in earthern green heavy armor a look of starwartness and alertness is present on his face. At his side is a large regal axe and a shield matching the armor. Despite the weight or burden of the gear, his gait does not show strain or heavy steps.",,,,,
Ascalon Forseti 7,,,,,,,,,,,,,,Justice
Aslatiel 1,https://i.ibb.co/N6qGvs3b/image-2025-02-01-233527984.png,,,,,,,,,,,,,
Aslatiel 2,,,https://docs.google.com/spreadsheets/d/1Wxy8h9dhq3uQIKypfsSOc08GcHXF-RmegmVTV1cAXIo/edit?gid=0#gid=0,,,,,,,,,,,
Aslatiel 3,,,,"Elementalist, Entropist, Weaponsmaster",,,,,,,,,,
Aslatiel 4,,,,,,5,,,,,,,,
Aslatiel 5,,,,,,,kor'tarion,,,,,,,
Aslatiel 6,,,,,,,,,"blue robes, white hair, pointed ears, half side of body is covered in a shadowy scar",,,,,
Aslatiel 7,,,,,,,,,,outcast fairy,,,,
Aslatiel 8,,,,,,,,,,,,,an elven student banished from the hudal academy. He now searches for new purpose through being a goldhearted.,
Aslatiel 9,,,,,,,,,,,,,,guilt
Asuka Yumiko 1,https://i.imgur.com/fsciLHB.png,,,,,,,,,,,,,
Asuka Yumiko 2,,https://discord.com/channels/1169852846083153941/1170111183869706362/1312943915006951556,,,,,,,,,,,,
Asuka Yumiko 3,,,[Link](https://docs.google.com/spreadsheets/d/15wHjhX5Y_nDgiio8olKmlTXOiM1eyUlEE0LXMaATGlg/edit?gid=0#gid=0),,,,,,,,,,,
Asuka Yumiko 4,,,,"Sharpshooter 3
Rogue 2",,,,,,,,,,
Asuka Yumiko 5,,,,,,5,,,,,,,,
Asuka Yumiko 6,,,,,,,"Twin Peaks, Aldistir",,,,,,,
Asuka Yumiko 7,,,,,,,,,"A woman standing at 5'8 with luxurious eastern clothing and a large bow. She stands with an aloof but scrutinizing look, judging all in her sharp eyes.",,,,,
Asuka Yumiko 8,,,,,,,,,,,,,,Revenge
Auro Benites 1,https://media.discordapp.net/attachments/1179628690158657537/1179883047433289788/Auro_Headshot.jpg?ex=663b38f7&is=6639e777&hm=86bfe19f1aac2394ff35fc2c1cf6a425ca2915d14264a7c26eff3697c014bf69&,,,,,,,,,,,,,
Auro Benites 2,,,[Link](https://docs.google.com/spreadsheets/d/1_p57S3H8rGq6k56i4-ph8OF56Anolj7YRVJcpEMV0OI/edit?usp=sharing),,,,,,,,,,,
Auro Benites 3,,,,"Rogue
Dancer (Mastered)
Weaponmaster",,,,,,,,,,
Auro Benites 4,,,,,,18,,,,,,,,
Auro Benites 5,,,,,,,Blue City (Nezmira),,,,,,,
Auro Benites 6,,,,,,,,,5'9 (otherwise see art),,,,,
Auro Benites 7,,,,,,,,,,,"Energizing Armband
Desert Duelist",,,
Auro Benites 8,,,,,,,,,,,,,,Freedom
BRONZE GOLEM 1,https://media.discordapp.net/attachments/1092174633563869396/1314321186250948628/Untitled21_20240806122636.png?ex=6753587d&is=675206fd&hm=d7b37a2aec1d4e3935c88099e37382c492d3a54c0b308cfd1b77182de6a9ef39&,,,,,,,,,,,,,
BRONZE GOLEM 2,,,https://discord.com/channels/1169852846083153941/1170111183869706362/1314480795166965790,,,,,,,,,,,
BRONZE GOLEM 3,,,,Chanter 4 Fury 1,,,,,,,,,,
BRONZE GOLEM 4,,,,,,5,,,,,,,,
BRONZE GOLEM 5,,,,,,,Samsara,,,,,,,
BRONZE GOLEM 6,,,,,,,,,"6'3"" human man with a lean yet muscular build & fashionable clothes. Wields a magical staff, and bears a tattoo of a dragon across his back.",,,,,
BRONZE GOLEM 7,,,,,,,,,,,,,,Compassion
Baaxee 1,https://cdn.imgchest.com/files/pyq9cqz59m4.png,,,,,,,,,,,,,
Baaxee 10,,,,,,,,,,,,,,Reliability
Baaxee 2,,https://discord.com/channels/1169852846083153941/1170111183869706362/1287630595211661364,,,,,,,,,,,,
Baaxee 3,,,https://docs.google.com/spreadsheets/d/13V2sbrhGf10vEd3-BKao8dNdqRgFz4v_MGVOIT899SI/edit?gid=0#gid=0,,,,,,,,,,,
Baaxee 4,,,,"Guardian ⋆
Fury ⋆
Darkblade 7
Weaponmaster 2
Invoker 1",,,,,,,,,,
Baaxee 5,,,,,,30,,,,,,,,
Baaxee 6,,,,,,,Kor'Tarion - The Gwaed Forest,,,,,,,
Baaxee 7,,,,,,,,,"Baaxee is a 3'5 goblin, with the standard green skin of her people and with messy hair tinted purple by forest berries. Her head is wide, and her sharp grinning mouth, wider still. The sclera of her eyes is yellow, and the iris a solid red. More often than not, she is clad in armor across her whole body, save her arms, though those are often, instead, protected by dome-like shields that can link together into a closed sphere.",,,,,
Baaxee 8,,,,,,,,,,Outcast Fairy,,,,
Baaxee 9,,,,,,,,,,,,,"* Grew up amidst the tree of the Gwaed Forest like many goblins
* Would watch the actions of passing adventurers with rapt fascination
* Often attempted to perform heroic deeds like returning lost objects, finding children gone astray, and chasing away wildlife from human villages, to mixed reception
* Was taught the ways of the protector by an old hermit in the woods she kept bugging
* Found an abandoned keep and swiped equipment from it, right before being brought to the Worldhelm in time for the Bloodmoon",
Basim Kivain 1,https://media.discordapp.net/attachments/1180756757941866619/1180756770709311569/f7f36eaca54c7ff3943cecb1f55e5bb3.png?ex=663b1aef&is=6639c96f&hm=0d92fb1fb2e2aa27c61887f0c2b19bd5211235b3a4e944c8718db0a054b7a141&,,,,,,,,,,,,,
Basim Kivain 2,,,https://docs.google.com/spreadsheets/d/1HEmmp44A14-kqaaBpl2fi2kfs7KcwLLsEvfCe3S3D_s/edit?usp=sharing,,,,,,,,,,,
Basim Kivain 3,,,,"Weaponmaster 1
Elementalist 3
Arcanist 4",,,,,,,,,,
Basim Kivain 4,,,,,,8,,,,,,,,
Basim Kivain 5,,,,,,,"The Black Obelisk, Nezmira",,,,,,,
Basim Kivain 6,,,,,,,,,"A tall and bulky human male standing around 6'6 with their brown hair tied into a ponytail. Basim's form covered with several burn marks inflicted on him, the most notable of which being the one over the bandages that cover his eyes.",,,,,
Basim Kivain 7,,,,,,,,,,Heirloom,,,,
Basim Kivain 8,,,,,,,,,,,Training Spear [Heirloom],,,
Basim Kivain 9,,,,,,,,,,,,,,Hope
Bear 1,https://i.imgur.com/TEMIShx.png,,,,,,,,,,,,,
Bear 2,,,https://docs.google.com/spreadsheets/d/1fPROkw_ZbvL30n51J_Sa9Sv6l_rEz9zjgVM2gq9USlc/edit?usp=drivesdk,,,,,,,,,,,
Bear 3,,,,"Guardian 4, Darkblade 1, Weaponmaster 2",,,,,,,,,,
Bear 4,,,,,,7,,,,,,,,
Bear 5,,,,,,,Nezmira - Windhaven,,,,,,,
Bear 6,,,,,,,,,"A man standing at a strong 6'8"" and with a Himbo build: broad shoulders, wide chest, muscular, sturdy, and ""thicc."" He has a moderately tan complexion, like that of a perfectly baked loaf of bread. His hair is a deep burgundy and he keeps his full beard. Wearing short sleeves and more airy clothes reveals the surprising amount of body hair that earned him the name ""Bear,"" but he only wears so little while working out.",,,,,
Bear 7,,,,,,,,,,,,,,Guilt
Bellamie Ghoroznovich 1,https://i.imgur.com/2ooS6a8.png,,,,,,,,,,,,,
Bellamie Ghoroznovich 10,,,,,,,,,,,,,later,
Bellamie Ghoroznovich 11,,,,,,,,,,,,,,Duty
Bellamie Ghoroznovich 2,,,[Maybe today... I will be good enough.](https://docs.google.com/spreadsheets/d/14tTjpds9hesfT2KoGSiORhe7p_S_S-inR9Mqe1EOJmo/edit#gid=1773256488),,,,,,,,,,,
Bellamie Ghoroznovich 3,,,,"Sharpshooter ★, Tinkerer ★ Pilot ★, Arcanist 2, Weaponmaster 7, Fury ★, Guardian 1",,,,,,,,,,
Bellamie Ghoroznovich 4,,,,,,50,,,,,,,,
Bellamie Ghoroznovich 5,,,,,,,"Karlsgard, Little Ottington, Lhodos",,,,,,,
Bellamie Ghoroznovich 6,,,,,,,,,"Standing at 6'6 and several hundred pounds due to the metal under her skin and the heft of her gun arm, Bellamie is less an imposing figure, and more of an intimidating frame. Her silhouette is lopsided, her right arm much larger than the left due to the weaponry contained within. She still wears her old military jacket, and though it's old, it's been repaired and newly enchanted, giving it a near lunar shimmer in the right light, and a new confidence to boot.

But in her armor... Bellamie towers at 8'6"", with broad plates and a heavy steel gauntlet. Just to make appearances, she covers the large chassis in an equally massive war coat, decorated with pins and badges,",,,,,
Bellamie Ghoroznovich 7,,,,,,,,,,Metal Qi Specialist,,,,
Bellamie Ghoroznovich 8,,,,,,,,,,,"Heart of Gold Bio-Engine Mk.2: +5 Ranged damage.
War-Coat of The Lindwurm: Indomitable Driver.",,,
Bellamie Ghoroznovich 9,,,,,,,,,,,,"Qilin, bound
Yubel, bound",,
Benjamin Moore 1,https://i.imgur.com/d1ABbH9.jpeg,,,,,,,,,,,,,
Benjamin Moore 2,,,"[""Well hell, I guess I gotta show some no good doin' dastard the power of a solid barker, huh?""](https://docs.google.com/spreadsheets/d/1SGoVkzFY8tnzK7I_2yoWNMiGziZFsMZ1OfQrV-bAhtw/edit?gid=0#0gid=0)",,,,,,,,,,,
Benjamin Moore 3,,,,"Sharpshooter 3
Tinkerer 2",,,,,,,,,,
Benjamin Moore 4,,,,,,5,,,,,,,,
Benjamin Moore 5,,,,,,,"Nirve, Idyll",,,,,,,
Benjamin Moore 6,,,,,,,,,"Older man, kinda pudgy, sharp eyed and always having an easy smile on his face",,,,,
Benjamin Moore 7,,,,,,,,,,,,,,Belonging
Bishop Ruthven 1,https://i.postimg.cc/k4GvcR8D/noseferatu.jpg,,,,,,,,,,,,,
Bishop Ruthven 2,,,https://docs.google.com/spreadsheets/d/1f6hJnzEXULZVKtpcIjgw642tKzIzMuFuJJdM9NOT764/edit?usp=sharing,,,,,,,,,,,
Bishop Ruthven 3,,,,"Spiritist - 10
Entropist - 2
Elementalist - 1",,,,,,,,,,
Bishop Ruthven 4,,,,,#FF0000,,,,,,,,,
Bishop Ruthven 5,,,,,,13,,,,,,,,
Bishop Ruthven 6,,,,,,,"The Howling Woods, Kor'Tarion",,,,,,,
Bishop Ruthven 7,,,,,,,,,Always wearing a well kept red coat and holding a rather cold expression. His ears are pointed giving him almost an appearance that could suggest an elven origin if it weren't for the ominous red glow to his eyes.,,,,,
Bishop Ruthven 8,,,,,,,,,,Flight,,,,
Bishop Ruthven 9,,,,,,,,,,,,,,Virtue
Bjorn 1,https://images-ext-1.discordapp.net/external/9-j6oLC4OcBSPTg8asHUWrllwSDWJFCJF-xSn-tgq8Q/https/i.imgur.com/dvXbbOT.jpg,,,,,,,,,,,,,
Bjorn 2,,,https://docs.google.com/spreadsheets/d/1gT8E4s-MzCvnQaj7VQG0KczXUMAxa5cPHgsDnep8XCQ/edit?usp=sharing,,,,,,,,,,,
Bjorn 3,,,,Elementalist [4] | Weaponmaster [1] | Guardian [1],,,,,,,,,,
Bjorn 4,,,,,,6,,,,,,,,
Bjorn 5,,,,,,,Kor'Tharion | Dryholde,,,,,,,
Bjorn 6,,,,,,,,,"At exactly 6'0, Bjorn is a rather broad individual who has seen his fair days at an anvil and other forms of strenuous labor. While he current travels in a full set of armor including a helmet, underneath the attire lies a simple man with dirty-blonde hair and brown eyes. Behind his back lies a greatsword that rarely leaves his side, and the tips of his fingers crackle with a small jolt of electricity every so often.",,,,,
Bjorn 7,,,,,,,,,,,,,,Ambition
Brandr Vol 1,https://cdn.discordapp.com/attachments/862470700123029504/1243153540478664734/image.png?ex=66507074&is=664f1ef4&hm=d4877961e4c94139e943615081f9eb1146a66b9be2a0759bfd0be5f79ce62030&,,,,,,,,,,,,,
Brandr Vol 10,,,,,,,,,,,,,,Hope
Brandr Vol 2,,https://discord.com/channels/1169852846083153941/1170111183869706362/1308161708283396117,,,,,,,,,,,,
Brandr Vol 3,,,"[So long as this fire lives, so does my dream for a better Aldistir. One free of the Aesir's pointless wars.](https://docs.google.com/spreadsheets/d/1jtRDJ56-xhqrWvyF4ZzlKRF1ep2RO4Y9iFi4t_P-M-w/edit?usp=sharing)",,,,,,,,,,,
Brandr Vol 4,,,,"Fury 10 ★
Mutant 10 ★
Guardian 10 ★
Arcanist 10 ★",,,,,,,,,,
Brandr Vol 5,,,,,,40,,,,,,,,
Brandr Vol 6,,,,,,,Aldistir,,,,,,,
Brandr Vol 7,,,,,,,,,"Though only 5'10'' in height, Brandr is a unit of a man sporting only pants as most shirts are impossible for him to wear. Having a broad, wide, and stocky build that stores within it a well of power from his large arms and heavyset build. It is a form that opts for strength and brawn, visible in even subtle movements as what could be mistaken for pudge holds muscles underneath. His fiery mane of hair flickers and moves like a living flame. As he himself loses energy, though it takes on a black charcoal look to it. His skin is a dark ashen coloration and resembles scales or cooled plates of magma. Cracks and lines along it run heat akin to lava running through veins. Sporting light tribal markings along with piercings, many can tell he hails from Aldistir as an Oni if they're familiar with that realm. Despite his fanged maw, horned helm, and burning ember like eyes, Brandr comes off as a gentle giant or someone constantly trying to be friendly when not in the throes of combat.",,,,,
Brandr Vol 8,,,,,,,,,,Elemental Soul (Fire),,,,
Brandr Vol 9,,,,,,,,,,,,,"- Was born an Ald within a warband known as Foxhunt, hunters of Yokai.
- After being separated during an attack, he was left to wander the Kald Forest alone.
- Starving, he found the body of a near dead Yokai and in desperation consumed it's body and killed it.
- Due to this act, Kuzunoha cursed/blessed him with a Yokai's body (elemental soul & Mutant)
- He tried to return home, was almost murdered by his own family until he fled.
- Living out in the woods as a ""monster"", he stumbled onto Olia as a child.
- Her genuine innocence and sweet nature moved his heart, and he decided to raise and protect her.",
Braxus 1,https://images-ext-1.discordapp.net/external/E8gJ5u6Xl89lYpYseqBsA2BHQBtWaM8DvDFm5nffxpg/https/pbs.twimg.com/media/ECb-16PU4AAjh8b.jpg,,,,,,,,,,,,,
Braxus 2,,,<https://docs.google.com/spreadsheets/d/1zI6vS__DohYF3qfCXHnWMdxTLC3qqTVFsFcmkyX-T_k/edit?usp=sharing>,,,,,,,,,,,
Braxus 3,,,,"Weaponmaster 2, Darkblade 2, Guardian 1",,,,,,,,,,
Braxus 4,,,,,,5,,,,,,,,
Braxus 5,,,,,,,Kor-Tarion,,,,,,,
Braxus 6,,,,,,,,,A tall human man draped in well forged steel that has seen better days. Carries and even sleeps hugging a vicious large waraxe.,,,,,
Braxus 7,,,,,,,,,,,,,,Vengeance
Brigitta - ᵀʰᵉ Superstar 1,https://i.postimg.cc/08wm52Xt/Untitled1374-20250310105425.png,,,,,,,,,,,,,
Brigitta - ᵀʰᵉ Superstar 2,,,https://docs.google.com/spreadsheets/d/1tx3YxHm0CKCKVYWzLQqqomY83w0I_LaxS1MF-cyHHIo/edit?usp=sharing,,,,,,,,,,,
Brigitta - ᵀʰᵉ Superstar 3,,,,"Chanter 7
Rogue 2
Symbolist 1",,,,,,,,,,
Brigitta - ᵀʰᵉ Superstar 4,,,,,,10,,,,,,,,
Brigitta - ᵀʰᵉ Superstar 5,,,,,,,Heartdom - Kaiway,,,,,,,
Brigitta - ᵀʰᵉ Superstar 6,,,,,,,,,"Standing at a stunning 6'0, Brigitta sports a mane of sparkling, dark hair, with bangs that hide her eyes, but not her wide smile. It contrasts with her style of dress, favoring stage looks with bright, sunny colors, over-the-top choices like leotards and thigh-high gogo boots that have definitely had her yelled at by Gnosis faculty. Overall, it's hard to ignore, which is the point.",,,,,
Brigitta - ᵀʰᵉ Superstar 7,,,,,,,,,,,,,"* Born in the ruins of Heartdom, to a family of Lhodosian origins
* Would use the echo when climbing atop the metal skeletons of ruined skyscrapers to carry her words and song
* Applied to Gnosis Academy, intent on furthering her stage and find a cause
* Underwent the Rite of Bonding due to wanting to amplify other people's message, too, and be an echo for everyone
* Heads the Gnosis Student Radio, and spreads both upbeat song and a message against all tyranny
* Sent to remedial class due to a general flaunting of rules, especially dress code",
Brigitta - ᵀʰᵉ Superstar 8,,,,,,,,,,,,,,Connection
Bronzeheart 1,https://images-ext-1.discordapp.net/external/p5DdJNfesyjlg-wLbDPJttFQghc9HqsbfyW874UP31g/https/i.pinimg.com/564x/c1/3e/70/c13e704279523c60d77ea9917a64a851.jpg,,,,,,,,,,,,,
Bronzeheart 2,,,https://docs.google.com/spreadsheets/d/172yFs_ZD_jRdqX7rwhR6AaFCRv54betIpqffhuQWRG0/edit?usp=drivesdk,,,,,,,,,,,
Bronzeheart 3,,,,Guardian 5/Chimerist 2,,,,,,,,,,
Bronzeheart 4,,,,,,7,,,,,,,,
Bronzeheart 5,,,,,,,Kor'Tarion,,,,,,,
Bronzeheart 6,,,,,,,,,"An elvish woman of average height and muscular build, typically clad in heavy armor. Her red hair is decorated with flowers and, in battle, a mask resembling winding branches.",,,,,
Bronzeheart 7,,,,,,,,,,,,,,Justice
Brooks Howard 1,https://i.imgur.com/2tM1SvB.png,,,,,,,,,,,,,
Brooks Howard 2,,,https://docs.google.com/spreadsheets/d/1jCTkxq_zmreF2QviY7uSA9M_kBVMe69Exb0ZpRT9VVk/edit?usp=sharing,,,,,,,,,,,
Brooks Howard 3,,,,"Sharpshooter - 3
Tinkerer - 3
Dungeoneer - 6",,,,,,,,,,
Brooks Howard 4,,,,,,12,,,,,,,,
Brooks Howard 5,,,,,,,"Liberty Desert, Terra",,,,,,,
Brooks Howard 6,,,,,,,,,"A broad and slightly unkempt Insolvent standing at about 6'. He has dirty blonde hair, a beige coat over a dark green open shirt, dark cargo pants, and brown boots. He carries a well-kept modified shogun, a belt with magitech tools, and a greatsword.",,,,,
Brooks Howard 7,,,,,,,,,,Insolvent,,,,
Brooks Howard 8,,,,,,,,,,,,,"- Brooks Howard was born into wealth in Vinyard but lost everything when his father’s financial crimes led to the family’s exile and disgrace.

- Drifting far from Vinyard, he was forced to survive in Liberty Desert, Brooks became a rogue and mercenary, using his charm and cunning to carve out a living.

- He reunited with a woman named Esmeralda, a brilliant engineer and former love, rekindling their bond before her jealous husband orchestrated her tragic death.

- Stricken with grief, Brooks became an Insolvent, cursed to immortality until his debts are paid, clinging to her memory as his reason to endure.

- Over 120 years later, all he has left of Esmeralda is his shotgun, named after her, a fading relic of a life and love long lost.",
Brooks Howard 9,,,,,,,,,,,,,,Purpose
Brym Terablight 1,https://media.discordapp.net/attachments/1196744996410380298/1207124704905924658/commission_S_T.jpg?ex=663b733c&is=663a21bc&hm=57b1948e691938134bf6adb28d20cac3f630797801ee2a6fbab743761ddbb70c&,,,,,,,,,,,,,
Brym Terablight 2,,,https://docs.google.com/spreadsheets/d/1-fR0-7IYjtaOLB-zOoGOnEbme3ntdR8CTGT8KVEsyEs/edit?usp=drivesdk,,,,,,,,,,,
Brym Terablight 3,,,,"Invoker [3], Esper [3]",,,,,,,,,,
Brym Terablight 4,,,,,,6,,,,,,,,
Brym Terablight 5,,,,,,,"Skala, Nezmira",,,,,,,
Brym Terablight 6,,,,,,,,,"Blonde hair, orange eyes with a skinny build. He wears  a robe adorned with little decorations, The left side of his head containing a complicated brand running across his neck.",,,,,
Brym Terablight 7,,,,,,,,,,Flight,,,,
Brym Terablight 8,,,,,,,,,,,,,,Autonomy
Caelan Blacklaw 1,https://cdn.discordapp.com/attachments/764533229435879496/1355776528335769751/image.png?ex=67ead189&is=67e98009&hm=041310091031ac7302406fe43e11c464a3a567b3649321602767d7c64fa9437d&,,,,,,,,,,,,,
Caelan Blacklaw 2,,,[I'm tired of letting my life be dictated by a schedule. I'm going to reclaim it dammit!](https://docs.google.com/spreadsheets/d/1Yk_VL6ygokvF-hYuvgN4rcxMUhXp0vRtD5SvC7urVRI/edit?usp=sharing),,,,,,,,,,,
Caelan Blacklaw 3,,,,"Commander
Esper
Weaponmaster",,,,,,,,,,
Caelan Blacklaw 4,,,,,,5,,,,,,,,
Caelan Blacklaw 5,,,,,,,Terra,,,,,,,
Caelan Blacklaw 6,,,,,,,,,"A 5'10"" augmented human, canid type. Weighing 192lbs in total with all gear equipped. Locks of grey and darker fur cover the body along with scars of work that tell a story.

They carry with them a calm demeanor, speaking clearly but often quietly when in private settings.",,,,,
Caelan Blacklaw 7,,,,,,,,,,,,Qilin,,
Caelan Blacklaw 8,,,,,,,,,,,,,"* Eldest son of the Blacklaw Family, a line of employees that have worked with Qilink since it's early contracting days 
* As part of their job, Qilink has fitted Caelen with a Ester suite of Augments. Allowing them to tap into the soulnetwork to relay and gather info to the Link Engine.
* Was on the ground when a shard of the moon fell on Terra in the Skyfall event, the strange entropic magics wracked the body. Inflicting him with MDD.",
Caelan Blacklaw 9,,,,,,,,,,,,,,Yearning
Caelum Fulmin 1,https://i.imgur.com/AHbR8om.png,,,,,,,,,,,,,
Caelum Fulmin 2,,,https://docs.google.com/spreadsheets/d/1OmlqI0vr4gLmXp84AIj27YeUiEw9OZKEiX_QBvECqbk/edit?usp=sharing,,,,,,,,,,,
Caelum Fulmin 3,,,,"3 Mutant
2 Fury",,,,,,,,,,
Caelum Fulmin 4,,,,,,5,,,,,,,,
Caelum Fulmin 5,,,,,,,"Lhodos, Karlsgard",,,,,,,
Caelum Fulmin 6,,,,,,,,,"A male Humanoid standing at 5'7, green eyes with a faint glow. Several black markings scattered across his body, birth marks. He wears a common grey shirt underneath his combat clothing. His combat clothing being a long black coat, dark grey slacks, and black gloves. He walks around barefoot, however due to Merrane experimenting on his body, combat boots are formed whenever his feet come into contact with certain molecules. His clothes differ immensely from what he would normally wear, as they were given to him by Merrane.",,,,,
Caelum Fulmin 7,,,,,,,,,,,,,,Perseverance
Caerwyn 1,https://media.discordapp.net/attachments/1170110980546637915/1204239456765345792/zb6oz4hhltec1.png?ex=663b8024&is=663a2ea4&hm=a62b77d0dcc54a338473222dfb057eb80aae94a1ee0cf05a56563954619722f4&,,,,,,,,,,,,,
Caerwyn 2,,,https://docs.google.com/spreadsheets/d/1XVBTPf08rDai4lKLSYh0LSr1AZwykf3EO9iwQThDM2Q/edit?usp=sharing,,,,,,,,,,,
Caerwyn 3,,,,"Invoker [10], Darkblade [2], Fury [1]",,,,,,,,,,
Caerwyn 4,,,,,,13,,,,,,,,
Caerwyn 5,,,,,,,"Kor'Tarian, Charred Hills",,,,,,,
Caerwyn 6,,,,,,,,,"Caerwyn is a short, muscular blonde girl with a rigid stance and seething eyes. She will not be seen without her dark armor ridged in fiery red, an ashen cloak hanging from her shoulders.",,,,,
Caerwyn 7,,,,,,,,,,"Elemental Soul [Fire]
*Earth vulnerability*",,,,
Caerwyn 8,,,,,,,,,,,Meteoric-Topaz Embedded Magi-Bracer,,,
Caerwyn 9,,,,,,,,,,,,,,Anger
Calibre Harmony 1,https://i.imgur.com/SHLaMcM.jpeg,,,,,,,,,,,,,
Calibre Harmony 10,,,,,,,,,,,,,"- From Pikeway, a town taken over by Merrane and made into a labor camp for honorary citizens
- Deported, saved by Goldheart though they didn't know that at the time
- Joined the KPLA, and assigned to 21st Magitech Procurement squad meant to track valuable tech
- 21st Magitech followed the trail of a Dupartist lab where they were trying to link mortal to machine
- Merrani find them, ambush the lab, Calibre is forced to soul-link to the Gallant which contains a fraction of Lilith's power as glue for the link to function
- On the run, was picked up by a Realmstorm and joined the ship before they could be caught
- Had their soul treasure stolen within Banshee's Wind Temple of Kor'tarion 
- After seeing the gates of Oblivion, entered a contract with ETA, and encountered Loftur face-to-face
- The Gallant was redesigned as the Cerberus, and it was discovered the ghost of their dead mentor figure, Captain Lancaster, dwells within to prevent Vanagandr's influence.",
Calibre Harmony 11,,,,,,,,,,,,,,Retribution
Calibre Harmony 2,,https://discord.com/channels/1169852846083153941/1170111183869706362/1321898282125103186,,,,,,,,,,,,
Calibre Harmony 3,,,https://docs.google.com/spreadsheets/d/1ZFKeSY5We02BOc79P4T_CEr8jtaw7aYzyoLPpd3Yo4s/edit?gid=0#gid=0,,,,,,,,,,,
Calibre Harmony 4,,,,"Pilot ☆
Arcanist 8
Guardian ☆
Weaponmaster 2",,,,,,,,,,
Calibre Harmony 5,,,,,,30,,,,,,,,
Calibre Harmony 6,,,,,,,"Pikeway, Karlsgard Lhodos",,,,,,,
Calibre Harmony 7,,,,,,,,,"5'7, Brown-skinned, Androgynous, Average form in heavy armor. Wears beaten-up Karlsgard military surplus, customized through years of wear. Their pilot suit is armored, and directly links them into the machine interface of the Cerberus Armor.",,,,,
Calibre Harmony 8,,,,,,,,,,,"""Hallow Hope"" - World Savior Arcane Module
Soul-Link Sword - Multi Sword Module
Gate Keeper Gauntlet - Prowler Claw Module
""Your First Resort"" - Villain Hunter Firearm

[K]PL-A Module - Energy Thorns Standard Plating Module
ETA Cerberus Plating - Flawed Immunity Dark/Light Standard Plating Module
Citadel-Class Cavalier Suit - Indomitable Driver Steel Plate
S-Field generator - Aspiration Shield Module
Spell Ward Gauntlet - Magic Guard Shield
Scarlet Shield - Runic Shield
FI-HH Galeas - Magic Absorption Shield

End Bringer's Mantle - Lhodosian Vanagandr Soul Treasure Acces.
Carol Belles Faboulous Field Boiler - Iceborne Acces.
Havoc-Bringer Scabbard - Acces.
Fox Mother's Blessed Mask - Jack of All Trades Acces.
AI Navigation Device - Cautious Cavalier Acces.
Homebound Snowglobe -Acces.",,,
Calibre Harmony 9,,,,,,,,,,,,"Lilith (Lhodos)
Vanagandr (ETA-Terra/Lhodos)",,
Carmelita 1,https://images-ext-1.discordapp.net/external/nc02euqqZeo3iMuuojHh2Q8SSgj4FEqNjZtJ6i4FBwA/https/i.pinimg.com/564x/d6/41/10/d64110ba601f24616b2a6207fb19d06e.jpg,,,,,,,,,,,,,
Carmelita 2,,,https://docs.google.com/spreadsheets/d/1CcTunUcKzxO2FqSQlD8_-vskdvDe5wwnkr6TlySHCCo/edit?usp=sharing,,,,,,,,,,,
Carmelita 3,,,,Tinkerer 3 | Invoker 2,,,,,,,,,,
Carmelita 4,,,,,,5,,,,,,,,
Carmelita 5,,,,,,,Tangbawan [Sangang-Daan | Tian-Yin],,,,,,,
Carmelita 6,,,,,,,,,"Standing at 5'8 wearing a somewhat traditional traveler's outfit with her hair tied up with this red cloth, wearing this white croptop and red scarf and a long cloth with black pants and brown boots.",,,,,
Carmelita 7,,,,,,,,,,,,,,Connections
Carmine 1,https://i.imgur.com/O3ePRSz.jpeg,,,,,,,,,,,,,
Carmine 2,,,https://docs.google.com/spreadsheets/d/164O8e74_Kc_DdebYvVGwVfF4TMfEO0mLq97lHlvQyXE/edit?gid=0#gid=0,,,,,,,,,,,
Carmine 3,,,,"Pilot (1) 
Sharpshooter (2) 
Rogue (2)",,,,,,,,,,
Carmine 4,,,,,,5,,,,,,,,
Carmine 5,,,,,,,"Karlsgard Outskirts, Vale",,,,,,,
Carmine 6,,,,,,,,,"A young woman of reasonably muscular and athletic build. Her hair is wild, fashioned into unkempt spikes with shaved sides. She wears light armor, with a re-breather hung around her neck. Beneath her gauntlets are a pair of pistols, designed to be accessible in an instant should she need to defend herself.",,,,,
Carmine 7,,,,,,,,,,,,,,Anger
Carol Belle 1,https://media.discordapp.net/attachments/1316980555124051998/1329662277497917530/EBhVTUfUcAImoVI.png?ex=67acc63e&is=67ab74be&hm=d99c4a9cfd30b8141f13b0704a7380624bfeae55f5965632f89b034e1227ba64&=&format=webp&quality=lossless&width=&height=,,,,,,,,,,,,,
Carol Belle 2,,https://docs.google.com/document/d/1nYaDfpya467rAhy0rnfMKW26AUFL57YlGHq46zaf7FQ/edit?tab=t.0,,,,,,,,,,,,
Carol Belle 3,,,https://docs.google.com/spreadsheets/d/1H_v5CJKAtItZ_fnn2hzz3g6PXtV4AOLeU9ZJSrTumJs/edit?gid=0#gid=0,,,,,,,,,,,
Carol Belle 4,,,,"- Tinker 6
- Merchant 4
- Loremaster 1",,,,,,,,,,
Carol Belle 5,,,,,,11,,,,,,,,
Carol Belle 6,,,,,,,Lhodos,,,,,,,
Carol Belle 7,,,,,,,,,"Carol is a relatively diminutive person, only standing to about 5'4"" tall. This, combined with their cherubic, androgynous features gives them a very unthreatening appearance that makes it difficult for people to take them seriously. They are of fair skin tone, often somewhat flush. They have mid-length brown hair, impressing somewhere between tastefully curly and mildly unkempt. Their eyes are like plump cherries: red, wide, and bright. They wear practical adventuring gear, leather jackets, and are strapped with an array of gadgets. Their tools, trinkets, and otherwise useful items are kept in a large shoulder-strapped bag.",,,,,
Carol Belle 8,,,,,,,,,,,,,"Carol lived with their family, and many others in a frontier village at the very edge of the Marrane border. In semi-secret their family engaged in trade and barter with the travelers, settlers, and militia of Karlsgard. During this time Carol became a shrewd, and discerning businessman, but was later sent back to Korala to receive a proper education.

Carol received formal certification in R&D, and Engineering, as well as compelled military service training.

Upon returning home Carol discovered that their village, and others close to the border had been pillaged and bombarded in a push by revolutionaries to reclaim land. Despite only mild losses, the Marrane retaliation was massive, and deadly.

Carol was so distressed by the violence that they defected from Marrane, and assisted Karlsgard villagers in their efforts of recovery and defense. Despite their desperation Carols efforts were valiant, and in their darkest moment they were chosen to be Goldhearted.",
Carol Belle 9,,,,,,,,,,,,,,Unity
Caspian Riviera 1,https://i.imgur.com/hesUwXh.jpeg,,,,,,,,,,,,,
Caspian Riviera 2,,,[Caspian's Sheet](https://docs.google.com/spreadsheets/d/1feiF-kbdd9G1N7L5iRghrdV7S1SUJ5aQmac9nmczb4E/edit?usp=sharing),,,,,,,,,,,
Caspian Riviera 3,,,,"Arcanist 3
Weaponmaster 6
Guardian 1",,,,,,,,,,
Caspian Riviera 4,,,,,,10,,,,,,,,
Caspian Riviera 5,,,,,,,"Ripplith, Kaiway",,,,,,,
Caspian Riviera 6,,,,,,,,,"A young man with long, white hair. Standing tall at 6 foot. Fair skin and purple eyes, usually wearing a perpetual frown on his face. Wears the standard blue Gnosis Academy uniform, along with a hat.",,,,,
Caspian Riviera 7,,,,,,,,,,,,Lilith (Arcana),,
Caspian Riviera 8,,,,,,,,,,,,,"- Born to House Riviera, a knighted family that originated from Kor'tarion that serves under Galeo Empire currently. Renown for their combat prowess.
- Caspian is the third generation of this family, with a very strict upbringing. However he is usually overlooked often in Ripplith society, and thus developed an inferiority complex to his peers.
- Enrolled in Gnosis Academy at age 17 under The Regal House of Paladins.
- Was chosen to be the Regent of Aelina Van Deivoet, but then promptly chose to reject their ceremony in front of everyone. Internally reasoning to break Aelina from blindly following the expectations set for her. He never openly stated this except to a select few.
- Became an Arcanist of Lilith for the rebellious act itself, seeing him as someone who shows promise.
- Caspian does suffer a very negative reputation in the Academy as a result. Becoming much more distant than initially, feeling a perpetual sense of guilt around Aelina.",
Caspian Riviera 9,,,,,,,,,,,,,,Guilt
Cassandra Maldonado 1,https://media.discordapp.net/attachments/1170110564819816468/1353154088224952401/cyberpunk-3.png?ex=67e09e73&is=67df4cf3&hm=1be60042f88432a2da76fcf7c6d9b064c9c6ad9359fa6f1b4e81f900a00fafa4&=&format=webp&quality=lossless&width=&height=,,,,,,,,,,,,,
Cassandra Maldonado 10,,,,,,,,,,,,,,Family
Cassandra Maldonado 2,,https://discord.com/channels/1169852846083153941/1170111183869706362/1353164589461930015,,,,,,,,,,,,
Cassandra Maldonado 3,,,https://docs.google.com/spreadsheets/d/1JQrbo_MW1BWnMitAgHscHp3rEFLrbnzwHp8uAb0kd9Q/edit?gid=0#gid=0,,,,,,,,,,,
Cassandra Maldonado 4,,,,"2 Pilot
1 Tinkerer
1 Rogue",,,,,,,,,,
Cassandra Maldonado 5,,,,,,5,,,,,,,,
Cassandra Maldonado 6,,,,,,,El Barrio/Haven/Terra,,,,,,,
Cassandra Maldonado 7,,,,,,,,"Cass
Fixer",,,,,,
Cassandra Maldonado 8,,,,,,,,,"5'11""

Well toned body.

Often smells like grease and motor oil, occasionally covered in it.
(Will add more details later)",,,,,
Cassandra Maldonado 9,,,,,,,,,,,,,"She used to work at her grandfather's auto repair shop as a mechanic before he passed away. After the death of her grandparents she took over for a time before she was forced to sell the property to pay off some of the debt left to her.

She became a temp to try and maintain her younger siblings despite the risks.",
Cassius Caldonis 1,https://i.imgur.com/SEAO6dh.png,,,,,,,,,,,,,
Cassius Caldonis 2,,,https://docs.google.com/spreadsheets/d/1uZmPvvyKE5XRKmVO5FfyTg7f4Og4lAI0JdWs-F5Z-uw/edit?usp=sharing,,,,,,,,,,,
Cassius Caldonis 3,,,,"Weaponmaster
Rogue ★
Sharpshooter
Pilot ★",,,,,,,,,,
Cassius Caldonis 4,,,,,,25,,,,,,,,
Cassius Caldonis 5,,,,,,,Lhodos- The Observatory,,,,,,,
Cassius Caldonis 6,,,,,,,,,"Bearing pale skin and hair, standing at just 5'10"" A single braid of hair over the shoulder amidst a rather messy head of it. They sport gear suited for colder climates.",,,,,
Cassius Caldonis 7,,,,,,,,,,"[Heirloom]
A singular weapon made from the culmination of scavenged parts and trial and error. It operates off scavenged mech parts and the engine of an old vehicle. A true collaboration of old and new technology.

Though due to it's nature of being made of scavenged technology it's volatile in nature and prone to malfunctions, which can be quite detrimental health wise to the user.",,,,
Cassius Caldonis 8,,,,,,,,,,,"Engine Blade
Guilded Ricochet",,,
Cassius Caldonis 9,,,,,,,,,,,,,,Persistance
Cecile 1,https://images-ext-1.discordapp.net/external/TPvVM1YaGvdS-qB-IFyFN173-jheqr-WLWPFpA0TEwI/https/i.imgur.com/n7KpogI.png,,,,,,,,,,,,,
Cecile 2,,https://ptb.discord.com/channels/1169852846083153941/1170111183869706362/1303784601579163740,,,,,,,,,,,,
Cecile 3,,,[Cecile](https://docs.google.com/spreadsheets/d/1dmsKcYz9I9M-Q3nbcg5GEOaHXhwShm7oHzxc3_IJpug/edit?gid=776446167#gid=776446167),,,,,,,,,,,
Cecile 4,,,,"Rogue¹⁰
Dancer⁴
Entropist²
Tinkerer³
⁰ ¹ ² ³ ⁴ ⁵ ⁶ ⁷ ⁸ ⁹",,,,,,,,,,
Cecile 5,,,,,,20,,,,,,,,
Cecile 6,,,,,,,"Nezmira, Skvala",,,,,,,
Cecile 7,,,,,,,,,5'3'' Flyweight 125lb,,,,,
Cecile 8,,,,,,,,,,,,,,Avarice
Charlies erp Jagan 1,https://cdnb.artstation.com/p/assets/images/images/050/212/913/large/bruna-b-campos-otgw-fera-collab-post.jpg?1654310962,,,,,,,,,,,,,
Charlies erp Jagan 10,,,,,,,,,,,,,,discovery
Charlies erp Jagan 2,,,https://docs.google.com/spreadsheets/d/1ey0ylA-HJqwGk1nJIJbAsTIGegA6l42vJu2B5929Oyk/edit?usp=sharing,,,,,,,,,,,
Charlies erp Jagan 3,,,,"necromancer 10, sharpshooter 10, wayfarer 3",,,,,,,,,,
Charlies erp Jagan 4,,,,,,23,,,,,,,,
Charlies erp Jagan 5,,,,,,,Bahata Khajaana (Tian Yin),,,,,,,
Charlies erp Jagan 6,,,,,,,,,"A faceless creature with long deer-like antlers and two eyespots. Vantablack like skin seemingly woven in with the colors of old pages. Looking at them feels like looking hundreds of compressed books bound together yet freely move. No smile but their ""head"" compresses and shifts to changes shape to match silhouette of someone who is. No words ever leave their person. Only the sounds of fluttering paper appear to escape them to convey thoughts.",,,,,
Charlies erp Jagan 7,,,,,,,,,,Outcast Fairy,,,,
Charlies erp Jagan 8,,,,,,,,,,,[Removing Writing Mistakes](https://discord.com/channels/1169852846083153941/1170946655940530217/1286821888810815540),,,
Charlies erp Jagan 9,,,,,,,,,,,,,"Fake eyes where real eyes would be; karmic sight.

They can only read in brail

Books are their hyperfocus

Through game consequences have had their origin/history moved to tian yin.

Can read people's futures/pasts

Will NEVER spoil anything.

cannot lie

goal is to write the greatest book of all time.",
Ci-Ci 1,https://i.imgur.com/kihy1II.png,,,,,,,,,,,,,
Ci-Ci 2,,,https://docs.google.com/spreadsheets/d/1NlC3ZHDtWrbDvnyAS1PZL1vj4-A5LM43q17vQnJMR8A/edit?usp=sharing,,,,,,,,,,,
Ci-Ci 3,,,,"Chanter 5, Weaponmaster 2",,,,,,,,,,
Ci-Ci 4,,,,,,7,,,,,,,,
Ci-Ci 5,,,,,,,"Ripplith, Kaiway",,,,,,,
Ci-Ci 6,,,,,,,,,"Ci-Ci is a bubbly 4'11 girl with a lean but powerful physique. Her skin is a pastel shade of pink and her eyes sparkling a curious ocean blue. Her hair is a similar color to her skin, with accents of red.  No one is exactly certain why her eyes became hearts after her ritual with the Seamother, but she sure thinks it's cute. Other notable features is the quite large tail which serves greatly in the ocean, but seems to only enhance the girl's clumsiness on land.

Other notable features is the large seashell shaped weapon that she carries either on her shoulder or on her back. As she walks, you can hear the light clanging sound of symbol-like metal inside the shell. It is an heirloom she wields proudly.",,,,,
Ci-Ci 7,,,,,,,,,,,"Concussive Chorus (Heirloom Heavy Weapon)
Seamother's Pendant (No HR loss on vibrato when targeting ally with chant)",,,
Ci-Ci 8,,,,,,,,,,,,,"- Cecillia was born in Ripplith as a man, Her family carried a gift from the Ocean Singers, a magical weapon that resonates with songs of the ocean. She at first couldn't lift it.

- Even before her transition, she was talented in the roles of a woman, taking the skillset far easier than the ones given to her as a man, this helped her realize that she was more comfortable presenting as a girl. She sought out a Seamother.

- After going through the ritual, she found a weight lifted off of her and was able to carry her family heirloom. Her family sent her to Gnosis Academy.

- She is quite the character, and so regularly had friction with stricter teachers due to her bubbly and excitable personality.

- She didn't get into too much trouble thanks to good grades. But that all changed when she heard about remedial classes and the opportunity to go to new places.

- Despite the look on her academic record, she tanked her grades to get into the remedial course. She is hungry for adventure.",
Ci-Ci 9,,,,,,,,,,,,,,Joy
Circuit 1,https://i.imgur.com/b5O1miG.png,,,,,,,,,,,,,
Circuit 10,,,,,,,,,,,,,,Passion
Circuit 2,,https://discord.com/channels/1169852846083153941/1170111183869706362/1328071885430460576,,,,,,,,,,,,
Circuit 3,,,"[Hey, everyone! It's your bot, Circuit!](<https://docs.google.com/spreadsheets/d/1yDhhwH1ThooPU_z_Oc9FIPYfAYfsFqpG5_-1Sr-T_-M/edit?gid=0#gid=0>)",,,,,,,,,,,
Circuit 4,,,,Esper 7 / Fury 1 / Entropist 1,,,,,,,,,,
Circuit 5,,,,,,9,,,,,,,,
Circuit 6,,,,,,,"Silver Rock, Haven, Terra",,,,,,,
Circuit 7,,,,,,,,,"Circuit's frame is compact (5'8""), but bulky (223 lbs). Their attire for jobs (unless requested) is a tailored suit with the sleeves rolled up to keep the arms (and gauntlets) free. Gotta stay professional!",,,,,
Circuit 8,,,,,,,,,,LUA (Robot),,,,
Circuit 9,,,,,,,,,,,,,"- Commissioned at the [request of a LUA couple](<https://discord.com/channels/1169852846083153941/1170110466299809873/1291077076010668072>) in Silver Rock, Haven.
- Really enjoyed watching boxing and gladiator style matches, ""growing up"".
- Wanted to become a prize fighter, but they could not make the cut for a SWORD sponsorship.
- Eventually saved up for an ETA license and started doing Temp jobs to make ends meet. Has cultivated the suit and gauntlets image to make themselves seem more professional!
- It was during one of these jobs where they (and some others) fell foul of the leader of the Olympians...and they made their escape through a Realmstorm to safety.
- They're still looking for that big break that will make them famous...and maybe this Worldhelm can help them in that regard!",
Claire le Blanc 1,https://i.imgur.com/S1YVskS.jpg,,,,,,,,,,,,,
Claire le Blanc 10,,,,,,,,,,,,,,Redemption
Claire le Blanc 2,,,"[Claire's sheet, cleaned up](https://docs.google.com/spreadsheets/d/1802Cwx0jLa0eGEhza8hLSx2eryhFXkoQJlJ197cAe24/edit?usp=sharing)",,,,,,,,,,,
Claire le Blanc 3,,,,"Rogue ★
Guardian 1
Entropist ★
Pilot ★
Weaponmaster 2",,,,,,,,,,
Claire le Blanc 4,,,,,,35,,,,,,,,
Claire le Blanc 5,,,,,,,"Caldera, Merrane [Lhodos]",,,,,,,
Claire le Blanc 6,,,,,,,,,"A young woman with long black hair, a lithe build and light-brown eyes. She has wolf-like ears on top of her head, and a black wolf tail she maintains often. She stands at at 5'3""/160cm.

Within the Soul Network, her appearance changes to become moth-like. The most prominent being her wings.",,,,,
Claire le Blanc 7,,,,,,,,,,Cognitive Specter - Resistance to Dark/Light; Vulnerable to Bolt. Access to Soul Network Rituals.,,,,
Claire le Blanc 8,,,,,,,,,,,"Mage's Legacy
Padded Travel Robes
Olde Brightshield Emblem",,,
Claire le Blanc 9,,,,,,,,,,,,,"- From an orphanage, never knew birth parents. Briefly adopted by a retired People's Guard who owns a coffee shop, Louis le Blanc.
- Enrolled into White Wing Academy around age 12, meeting eventual Angels such as Moritz, Azzurra, Hailey, etc.
- Became an Angel, with Prince Dion overseeing her ceremony.
- Went on missions in either the warfront with Karlsgard or fighting the Colossi. Lost fellow teammates from the Colossi.
- Had to execute people in her squad after a disastrous loss in Karlsgard. Including her tactician, a loved one, named Estelle Richter. Driving her to desert from the military.
- Was declared KIA by the public.",
Colin Subar 1,https://i.imgur.com/t2Gh9Cx.jpeg,,,,,,,,,,,,,
Colin Subar 10,,,,,,,,,,,,,,Skepticism
Colin Subar 2,,[What I have seen](https://discord.com/channels/1169852846083153941/1170111183869706362/1276002578169204807),,,,,,,,,,,,
Colin Subar 3,,,[If only you knew](https://docs.google.com/spreadsheets/d/1ZWyc92o4CGCsPYxSp_UDPvNJyEZo9q4FKQXfIrIM9sw/edit?usp=drivesdk),,,,,,,,,,,
Colin Subar 4,,,,"Loremaster 5
Commander 2",,,,,,,,,,
Colin Subar 5,,,,,,7,,,,,,,,
Colin Subar 6,,,,,,,"Hemsway Village, Karlsgard",,,,,,,
Colin Subar 7,,,,,,,,,"6'8"", thin, pale. Short, dark brown hair, pale indigo eyes, and a sharp nose. He has two lines on his face that run from beneath his eyes to his jawline. He tends to wear simple slacks with a button down, a necktie, and a dark topcoat, and a pair of glasses. He's much heavier than he looks.",,,,,
Colin Subar 8,,,,,,,,,,Fugitive Experiment,,,,
Colin Subar 9,,,,,,,,,,,,,"- Genius boy from the village of Hemsway in Karlsgard
- Village sponsored him to go to the Academy of Korala
- Felt like a failure because he could never perform magic or utilize magitech crystals
- Was offered a chance to gain magical powers through experimental trials
- Experiments ended up being an attempt at creating daemon-less espers by using physical parts of monsters instead of soul network daemons
- Sickened by the experiments, he dropped out and began his investigation into the Academy
- Still no magic powers, and no ESP abilities, but he feels the presence of the monsters within him and knows they can be used for something, he just has to figure out what and how",
Cora 1,https://i.imgur.com/1Lnv5Ey.png,,,,,,,,,,,,,
Cora 10,,,,,,,,,,,,,,Humility
Cora 2,,,https://docs.google.com/spreadsheets/d/141fh-vHhqjuRoI9dapo-P82KEDlU2w3jBSwMjTZZU3k/edit?usp=sharing,,,,,,,,,,,
Cora 3,,,,"Arcanist Level 2
Orator Level 3
Spiritist Level 1",,,,,,,,,,
Cora 4,,,,,#ffd700,,,,,,,,,
Cora 5,,,,,,6,,,,,,,,
Cora 6,,,,,,,Realm of Kor'Tarion,,,,,,,
Cora 7,,,,,,,,,"Tall and decently built, with brown eyes and short dark hair. Wears a blue gemstome necklace and a flower crown",,,,,
Cora 8,,,,,,,,,,,,Nimue,,
Cora 9,,,,,,,,,,,,,"Living in relative luxary, Cora was an up and coming student at an academy until an incident where her instructor Theodore forced her to explore the outside world to learn humility and worldly knowledge",
Creed 1,https://images-ext-1.discordapp.net/external/eQJve9xkasrFDDE47uL1uVUWWkHFAu8U8OJoqlLFB48/https/i.imgur.com/7Z3NErj.jpeg,,,,,,,,,,,,,
Creed 2,,,https://docs.google.com/spreadsheets/d/1Rz0PYcG3pPHKh5uL05-DmSbYvOqq7pPbRAYgH-XsWc0/edit?usp=sharing,,,,,,,,,,,
Creed 3,,,,Guardian [3] Weaponmaster [2],,,,,,,,,,
Creed 4,,,,,,5,,,,,,,,
Creed 5,,,,,,,Kor'Tarion,,,,,,,
Creed 6,,,,,,,,,"Creed stands tall at an impressive 6 feet 3 inches, he weight approximately 240 lbs. He has a broad frame that exudes strength and resilience. His complexion is a nice brownish gold tan which speaks of a life spent constantly in the light of the sun.",,,,,
Creed 7,,,,,,,,,,,,,,Justice
Cressida Octi 1,https://media.discordapp.net/attachments/1170110564819816468/1216823600883961979/1707343366509.jpg?ex=663b2389&is=6639d209&hm=f074c6b9e5c37a5337bd5f37edb1c80a0a9e2749e03e45c29abaf2df0bdbef73&,,,,,,,,,,,,,
Cressida Octi 2,,,https://docs.google.com/spreadsheets/d/161kjOVHGrgnNVgIaP_wVx4oEvx3p1gn9rBx9tlsyTXQ/edit#gid=0,,,,,,,,,,,
Cressida Octi 3,,,,"Entropist 3, Esper 2",,,,,,,,,,
Cressida Octi 4,,,,,,5,,,,,,,,
Cressida Octi 5,,,,,,,Tradefair,,,,,,,
Cressida Octi 6,,,,,,,,,"Her figure is long and thin, with sharp features so that more than one mistake her for a young man. White long and straigh hair encompass her face, and she's rarely seen wearing something different than a long robe and pointy hat. Her book of tarots always by her side hides a set of deadly magic cards.",,,,,
Cressida Octi 7,,,,,,,,,,Elemental Soul Water+ /Lightning -,,,,
Cressida Octi 8,,,,,,,,,,,,,,Doubt
Crimson 1,https://media.discordapp.net/attachments/399110128458006529/1230637105424633977/image.png?ex=663b4b5e&is=6639f9de&hm=56f8c48063de4ca202b15edbcccaca433d96eb2f62d110eb550667d85d21752d&,,,,,,,,,,,,,
Crimson 2,,,https://docs.google.com/spreadsheets/d/1sNF3odIqN6Zbfyz0oufo0hYbQxAk20mqXa9yHaryjWo/edit?usp=sharing,,,,,,,,,,,
Crimson 3,,,,"Guardian 3, Weaponmaster 2, DarkBlade 4",,,,,,,,,,
Crimson 4,,,,,,9,,,,,,,,
Crimson 5,,,,,,,"Bastion, Karlsgard, Lhodos",,,,,,,
Crimson 6,,,,,,,,,"Height: 6'5""
Weight: 175 lbs",,,,,
Crimson 7,,,,,,,,,,,,,,Defiance
Crystalia 1,https://cdn.donmai.us/sample/94/83/__laura_black_survival_and_1_more_drawn_by_mea_hwaksal__sample-94830043a3176ff59479a79a05da7c5b.jpg,,,,,,,,,,,,,
Crystalia 2,,,[A backstage pass? Come right in!](https://docs.google.com/spreadsheets/d/1XbOJP4cg0QbpJ5-vUm_cIp-VPaa0SRjQh0D6vQYVEXc/edit?gid=1598952645#gid=1598952645),,,,,,,,,,,
Crystalia 3,,,,"Chanter
Pilot
Ace of cards",,,,,,,,,,
Crystalia 4,,,,,,12,,,,,,,,
Crystalia 5,,,,,,,Terra-Haven,,,,,,,
Crystalia 6,,,,,,,,,"A women at a statuesque 6f 4I, her company gave her surgeries and implants to make her as appealing and enticing as possible.",,,,,
Crystalia 7,,,,,,,,,,"Old transport
Long dream",,,,
Crystalia 8,,,,,,,,,,,,,"- Blue collar upbringing
- has a magical voice
- got borded by SWORD early
- is a very small performer
- augmented to look ""perfect and sirenlike""
- sold her face to sword to join, doesn´t own her identity as ""Crystalia""",
Crystalia 9,,,,,,,,,,,,,,Ambition
Cynthia 1,https://i.imgur.com/p3pR5tE.png,,,,,,,,,,,,,
Cynthia 10,,,,,,,,,,,,,"__**Wanderer**__
- She was alone in the Fae realm for 24 years, Unaware of herself. Sometimes in her dreams, she finds herself in a Cabin by a fireplace.
- One day a scholar wandered into her domain by accident. He was studying Fae, She was intrigued by him.
- Not knowing what to call her, the man gave her the name Cynthia.
- the man would periodically return w/ friends, but at some point, he just stopped showing up. Prompting Cynthia to travel Kor'Tarion as a traveling healer.",
Cynthia 11,,,,,,,,,,,,,,Discovery
Cynthia 2,,https://discord.com/channels/1169852846083153941/1170111183869706362/1328945877665972256,,,,,,,,,,,,
Cynthia 3,,,https://docs.google.com/spreadsheets/d/1JHf_ju5uM39W4Tr3pLg_M9lGW2YumO273YovHIJ04kc/edit?usp=sharing,,,,,,,,,,,
Cynthia 4,,,,"Chimerist [2]
Spiritist [3]",,,,,,,,,,
Cynthia 5,,,,,#3d860b,,,,,,,,,
Cynthia 6,,,,,,5,,,,,,,,
Cynthia 7,,,,,,,Kor'Tarion: The Faerie Realm,,,,,,,
Cynthia 8,,,,,,,,,"A wolven Fae hailing from the abstract wood of the faerie realm. Cynthia has a predominantly black furcoat with orange and cyan marking throughout.
Feathers also stick out from a numerous places in her fur, taking on similar colorations. 

She can typically be seen wearing a lightly colored hemp woven cloak over a piece of cloth covering chest and some baggy leggings. She's adorned with multiple different accessories made from twine, wood, and other greenery. While she doesn't seem to be carrying any weaponry, she typically can be seen walking around with a curved wooden staff",,,,,
Cynthia 9,,,,,,,,,,Outcast Fairy,,,,
Cyph 1,https://i.imgur.com/VqmVIsn.png,,,,,,,,,,,,,
Cyph 10,,,,,,,,,,,"Sanguine Song - Weapon Module withe the Symbiotic Quality

Acceleration Stabilizers - Accessory with the Composure Quality

Chorus of Chains - Custom Weapon with the World Saver Quality",,,
Cyph 11,,,,,,,,,,,,,"- Was placed into an experimental program of 100G's as a child by her parents for them to make a big paycheck.
- Most of her childhood is a blur because of this program.
- Program involved experimental weapons produced by Tubal & Cain that were biologically tied to the users.
- There were many complications behind the program that lead to its abolishment.
- Cyph being one of the promising users of one of these weapons came to an agreement with 100G that allowed her to continue to use her training and weapon for freelance work.",
Cyph 12,,,,,,,,,,,,,,Peace
Cyph 2,,[Cyph's Bio](https://discord.com/channels/1169852846083153941/1170111183869706362/1317721451213885440),,,,,,,,,,,,
Cyph 3,,,[Cyph's Sheet](https://docs.google.com/spreadsheets/d/1P4J4pObtNY1vw8CO5z3WA6cKI1ZeKaQKWsjDJiHfYXU/edit?usp=sharing),,,,,,,,,,,
Cyph 4,,,,Chanter [2] | Pilot [4] | Mutant [5],,,,,,,,,,
Cyph 5,,,,,#FFFFFF,,,,,,,,,
Cyph 6,,,,,,11,,,,,,,,
Cyph 7,,,,,,,North Rock - Terra,,,,,,,
Cyph 8,,,,,,,,,"Cyph is a woman who stands at 5' 5"" she has very long white hair and icey blue eyes. She seems to favor wearing an oversized jacket. Due to her weapon of choice being longer than she is tall she normally carries a zweihander over her shoulder as it's awkward to carry almost any other way.",,,,,
Cyph 9,,,,,,,,,,"__Heirlooms__
Sanguine Song and Acceleration Stabilizers. These are both pieces of experimental equipment.

__Flaws__
Sanguine Song - A weapon that can take a toll on its user after prolonged use.

Acceleration Stabilizers - Stabilization Braces that went put under too much stress may malfunction.",,,,
Cypher Yuten 1,https://cdn.discordapp.com/attachments/764533229435879496/1320883925106561129/Copy_of_DJs_TLEL_Format_NOW_WITH_THEMES_-_Please_make_copy.png?ex=676b3884&is=6769e704&hm=86e5461e3494ccf8043ea408fcc85dac88cd932ec5f1a21a3eee1c68ced603ef&,,,,,,,,,,,,,
Cypher Yuten 10,,,,,,,,,,,,,"* A no name paper pusher became the solo developer of a up and coming card game, accidentally bringing a daemon to life from the soul network. Now works to complete his work while saving the realms one mission at a time.",
Cypher Yuten 11,,,,,,,,,,,,,,Innovation
Cypher Yuten 2,,,"[Want a booster pack? I got one right here, super exclusive!](https://docs.google.com/spreadsheets/d/1FlshpGVcqaUkPo28JsETGRQlzZV-jTX0GJe49oxEVRI/edit?usp=sharing)",,,,,,,,,,,
Cypher Yuten 3,,,,"Ace of Cards ★
Arcanist
Wayfinder
Malefactor",,,,,,,,,,
Cypher Yuten 4,,,,,,17,,,,,,,,
Cypher Yuten 5,,,,,,,Terra- Silver Rock (South),,,,,,,
Cypher Yuten 6,,,,,,,,,"A thin framed snow leopard, sporting eye catching hair. Attire from the upscale side of Silver Rock, showing a modicum of skill to live such a lifestyle.

A plethora of both physical and mechanical augmentations decorate their body. Giving the likeness of a snow leopard",,,,,
Cypher Yuten 7,,,,,,,,,,Old Transport,,,,
Cypher Yuten 8,,,,,,,,,,,Portable Card Interface- Worldsaver,,,
Cypher Yuten 9,,,,,,,,,,,,Caladrius,,
Céline Brighttail 1,https://cdn.discordapp.com/attachments/937504200215130212/1339554192456683601/E9CuLKWWUAAv8EO.jpg?ex=67af248f&is=67add30f&hm=5aa8a897fec7db2521730ad1b2edf42b3932d533b30e0637ffd00cd37b9acdef&,,,,,,,,,,,,,
Céline Brighttail 10,,,,,,,,,,,,,"- Grew up in a warren in the fae realm, forbidden to leave ""for the safety of the clan""

- Dreamt of the night sky often, of asking the stars about the way the world worked

- One night, the stars answered, and led her to a ruined temple in the mortal realm

- She struck a bargain: the secrets of the stars, in exchange for one day restoring that place to its former glory

- To make good on that, she joined Hudal Academy to study magic and astrology

- After Project Bloodmoon shut it down for repairs, she took to wandering, eventually getting swept up by a Realmstorm and ending up in the Worldhelm

- Currently in a relationship with Cypher Yuten :3c",
Céline Brighttail 11,,,,,,,,,,,,,,Curiosity
Céline Brighttail 2,,,https://docs.google.com/spreadsheets/d/1K_2soMoHbsoXG97c7iIe_F_c2FuOs7xsiPbaYkFRa8c/edit?usp=drivesdk,,,,,,,,,,,
Céline Brighttail 3,,,,"Arcanist ★
Entropist 2
Wayfarer 5
Loremaster 1",,,,,,,,,,
Céline Brighttail 4,,,,,#20208B,,,,,,,,,
Céline Brighttail 5,,,,,,18,,,,,,,,
Céline Brighttail 6,,,,,,,"Hudal Academy, Kor'tarion",,,,,,,
Céline Brighttail 7,,,,,,,,,"""Many have told me that, when it comes to magic, the sky is the limit. I disagree. The sky is merely my starting point.""

Céline is a rat-like fae with soft white fur, large rounded ears, and sharp violet eyes. She is most often seen wearing a set of deep blue scholar's robes along with a black mask and a matching hat. Standing just under 4ft tall-- which she insists is quite tall for her kind-- she sports a delicate frame, though her ears give a significant height boost to her silhouette.",,,,,
Céline Brighttail 8,,,,,,,,,,Outcast Fairy (Weakness: Can't Lie or break her word),,,,
Céline Brighttail 9,,,,,,,,,,,"Stygian Deck (Damage Change: Poison)
Lovesick Bracelet (Arcane Regen +2, can spend value to form Bonds)",,,
Daga 1,https://i.ibb.co/bM5hfmBH/descarga-2.jpg,,,,,,,,,,,,,
Daga 2,,,https://docs.google.com/spreadsheets/d/1XPza6J4ndFmdO2X3w803NY2gQ2dKVFhMhb_xEF0ulcY/edit?usp=drivesdk,,,,,,,,,,,
Daga 3,,,,Rogue (2) / Orator (3),,,,,,,,,,
Daga 4,,,,,,5,,,,,,,,
Daga 5,,,,,,,City Of The SandSailors (Nezmira),,,,,,,
Daga 6,,,,,,,,,"He is a pale skinned guy, with slim complexion and brown hair, he carries a scarf in his head and usually wears green and baggy clothes. His eyes are as sharp as his tongue and his way of walking and corporal language is filled with confidence on himself, aside from that there is nothing more remarkable on his person.",,,,,
Daga 7,,,,,,,,,,,,,"He was a small boy with a huge dream, he wanted to scape from the earth and go to the sky, to the city on the sky.

To be able to do it so he became a scammer learned the ways of the tongue and made his way to obtain money in tons.

Achieving his objective becoming one of the best scammer in the city of the SandSailors, gathering money and power to acomplish his dreams. The after story of this is that, he became not only goldhearted but able to achieve his dreams for a better life, making money even if he had to risk his life to retire in abundance was a small price to pay.",
Daga 8,,,,,,,,,,,,,,Greed
Dai Shuye 1,https://i.imgur.com/LHB5Kj0.jpeg,,,,,,,,,,,,,
Dai Shuye 10,,,,,,,,,,,,,,Contrition
Dai Shuye 2,,,https://docs.google.com/spreadsheets/d/1-tFg3zRtNft21WcJb6cUyox3oqjSeT8GZcaRkz4xbxE/edit?usp=sharing,,,,,,,,,,,
Dai Shuye 3,,,,"Orator ★, Arcanist ★, Daoist ★, Loremaster",,,,,,,,,,
Dai Shuye 4,,,,,,39,,,,,,,,
Dai Shuye 5,,,,,,,Imperial Palace (Teisei),,,,,,,
Dai Shuye 6,,,,,,,,,"A woman on the shorter side, with unnaturally red skin and yellow eyes. She is rather thin, teetering on the edge of what could be considered healthy. She walks with slow poise, and has an understated presence. Her resting expression is downcast.",,,,,
Dai Shuye 7,,,,,,,,,,Qi Specialist (Void; Dark vuln),,,,
Dai Shuye 8,,,,,,,,,,,,Dao of the Taiji,,
Dai Shuye 9,,,,,,,,,,,,,"* Grew up in the palace serving previous emperor
* Oni attacked, turned emperor into tengu
* Shuye served under oni
* Picked up by goldhearted
* Is now nominally emperor",
Daisy Starbloom 1,https://i.imgur.com/sU47ADs.png,,,,,,,,,,,,,
Daisy Starbloom 10,,,,,,,,,,,,,,Ambition
Daisy Starbloom 2,,https://discord.com/channels/1169852846083153941/1170111183869706362/1346724595608059934,,,,,,,,,,,,
Daisy Starbloom 3,,,[Daisy’s Sheet](https://docs.google.com/spreadsheets/d/1cZvGZ1j8776wRFqeC2JQMc0VlBy5Wihb11lRKF6YoOI/edit),,,,,,,,,,,
Daisy Starbloom 4,,,,"Floralist 3
Gourmet 1
Elementalist 1",,,,,,,,,,
Daisy Starbloom 5,,,,,,5,,,,,,,,
Daisy Starbloom 6,,,,,,,"Gwaed Forest, Kor’tarion",,,,,,,
Daisy Starbloom 7,,,,,,,,,"A 5'2"" half-deer girl with dark-brown skin and white spots across her cheeks and ears. Voluminous, brown curls cover her shoulders and back, entwining the small antlers atop her head which bloom with seasonal flowers. Typically wears cottagecore dresses, sometimes paired with a half-apron. The sweet scent of honey, citrus blossoms, and fresh cinnamon follows wherever she goes.",,,,,
Daisy Starbloom 8,,,,,,,,,,"**Heirloom:** Verdant Heart (Accessory-Biofuel)
- **Flaw:** This necklace thrives on reciprocity and the natural order found throughout nature. The more power drawn, the more its wearer must find ways to reciprocate an offering towards their current environment, or otherwise endure negative physical effects from disrupting this balance.",,,,
Daisy Starbloom 9,,,,,,,,,,,,,"- Grew up with a coven of Forest Witches hidden in the far northeastern region of the Gwaed Forest below the Star Peaks.
- Received tutelage of a talented witch in the coven named Althea Starbloom, who became her mentor-mother figure.
- When Althea was called to perform an odyssey across Kor’tarion, she passed down her verdant locket as a gesture of motherly love.
- Upon adulthood, Daisy finally left her coven to attempt the odyssey herself, in hopes of one day reuniting with Althea and solidify her own competency as a green witch.",
Dandy The Hamster 1,https://cdn.donmai.us/sample/b7/aa/__si_kongqi_hua_jianghu_zhi_bei_mo_ting_drawn_by_si_kongqi_zhuye__sample-b7aaec55ce371287b6654e86beb74fdd.jpg,,,,,,,,,,,,,
Dandy The Hamster 2,,,https://docs.google.com/spreadsheets/d/1UnkvbTBAHRIZ1Ys_ao-v-DSR2_ClB5JMzB9hh5ialL4/edit?usp=sharing,,,,,,,,,,,
Dandy The Hamster 3,,,,"Florist (3), Weaponmaster (1), Dancer (1)",,,,,,,,,,
Dandy The Hamster 4,,,,,,5,,,,,,,,
Dandy The Hamster 5,,,,,,,"Sampaguita Village, Sangang-Daan, Tian Yin",,,,,,,
Dandy The Hamster 6,,,,,,,,,"A lavender swordswoman who leaves trails of vibrant peach blossoms in her path. Tall and slender woman with jet black hair tied in a high-top ponytail, eyes the color of violets, wears a slim battle tunic and pants, carries a Jian sword in the scabbard by hand. Height 5' 8"".",,,,,
Dandy The Hamster 7,,,,,,,,,,Flight,,,,
Dandy The Hamster 8,,,,,,,,,,,,,,Justice
Dante Calaviero 1,https://i.imgur.com/w2wp1Gf.jpeg,,,,,,,,,,,,,
Dante Calaviero 2,,,https://docs.google.com/spreadsheets/d/1BdW72HFz6bFFXREr4sySdVRu0zYr6eBbudh7JWoTvF4/edit,,,,,,,,,,,
Dante Calaviero 3,,,,"Ace of Cards (4)
Weaponmaster (1)",,,,,,,,,,
Dante Calaviero 4,,,,,#D70040,,,,,,,,,
Dante Calaviero 5,,,,,,5,,,,,,,,
Dante Calaviero 6,,,,,,,"Brightshield, Kor’Tarion",,,,,,,
Dante Calaviero 7,,,,,,,,,Well-built man of average height; there’s an air of gravitas around him that always seems to match the current circumstance. Long brown hair and the clothing and armor befitting the dashing hero that he is.,,,,,
Dante Calaviero 8,,,,,,,,,,,,,"A slightly washed up street performer in Brightshield, Dante has a heart of gold and a drive to be an actual hero. Hopefully he’ll get there soon.",
Dante Calaviero 9,,,,,,,,,,,,,,Infamy
"Daphila ""Daphy"" Tinkertop 1",https://i.imgur.com/a5P6hjH.jpg,,,,,,,,,,,,,
"Daphila ""Daphy"" Tinkertop 2",,,https://docs.google.com/spreadsheets/d/17bFiDq0OBqYwPpThDwyq3X73yR9giZiU1Gv5uHY4yA4/edit?usp=sharing,,,,,,,,,,,
"Daphila ""Daphy"" Tinkertop 3",,,,Tinkerer 8 | Wayfarer 2 | Rogue 3,,,,,,,,,,
"Daphila ""Daphy"" Tinkertop 4",,,,,,13,,,,,,,,
"Daphila ""Daphy"" Tinkertop 5",,,,,,,"Dazzleton, Faerie Realm, Kor'Tarion",,,,,,,
"Daphila ""Daphy"" Tinkertop 6",,,,,,,,,"Daphila stands at a staggering 3'2"". She has long sparkling purple hair and is usually carrying around a pack full of trinkets twice her size. Making jingles, and rattles everywhere she goes.",,,,,
"Daphila ""Daphy"" Tinkertop 7",,,,,,,,,,,,,"- Born in a small community of fae creatures who are adept at magic

- Never leanred how to wield magic, instead learns how to craft toys

- Gets inspired to leave her home when her toys bring joy to those around her. She leaves and starts a career as a traveling toymaker.",
"Daphila ""Daphy"" Tinkertop 8",,,,,,,,,,,,,,Compassion
Dastan of the Swirling Sands 1,https://i.imgur.com/3AtQnqw.png,,,,,,,,,,,,,
Dastan of the Swirling Sands 2,,,https://docs.google.com/spreadsheets/d/1TW5WigLZMLqlwdIUWdsT4HTkY1F2anrFEqeJrvLOiPM/edit?usp=sharing,,,,,,,,,,,
Dastan of the Swirling Sands 3,,,,Rogue 4 / Fury 2 / Weaponmaster 1,,,,,,,,,,
Dastan of the Swirling Sands 4,,,,,,7,,,,,,,,
Dastan of the Swirling Sands 5,,,,,,,"Northern Sand Dunes, Nezmira",,,,,,,
Dastan of the Swirling Sands 6,,,,,,,,,"Dastan is a human, 5'11 ft tall with a well built body. He has tanned skin, shoulder length blue hair and golden eyes. Often wearing ornate clothing that as well as jewelry.",,,,,
Dastan of the Swirling Sands 7,,,,,,,,,,"Heirloom:
Raging Sun

A large, blood-red gemstone set in brass. This cursed gem clouds minds with uncontrollable 
fury, driving nearby creatures into a frenzy of fight or flight. 
Forged from the crystallized blood of the Kiir, it irresistibly attracts them to its bearer.",,,,
Dastan of the Swirling Sands 8,,,,,,,,,,,"Raging Sun
Heirloom accessory with the goading quality

Flaw:
The Raging Sun attracts Kiir, it might also freak out other creatures triggering a fight or flight response.",,,
Dastan of the Swirling Sands 9,,,,,,,,,,,,,,Ambition
Dawn of Nezmira 1,https://i.imgur.com/PNNpZI0.png,,,,,,,,,,,,,
Dawn of Nezmira 10,,,,,,,,,,,,,,Forgiveness
Dawn of Nezmira 2,,,https://docs.google.com/spreadsheets/d/1BoKr1I4cEOex7AcfzjwUfG3C_rOY71j64R2ZSJS5hyo/edit?usp=sharing,,,,,,,,,,,
Dawn of Nezmira 3,,,,"2 Esper
5 Darkblade
2 Floralist
★ Arcanist",,,,,,,,,,
Dawn of Nezmira 4,,,,,#FFD700,,,,,,,,,
Dawn of Nezmira 5,,,,,,19,,,,,,,,
Dawn of Nezmira 6,,,,,,,Nezmira - Northern Sand Dunes,,,,,,,
Dawn of Nezmira 7,,,,,,,,,"Standing roughly at 5'8 (172 cm) she stands a few inches above average for her people. Before she was  malnourished and barely alive. Now, Dawn stands proudly for her people. Gifted with the power of Dusk and Dawn she glows faintly with an golden light. One of her eyes a crimson red and the other a pale turquoise. Proudly she shows off her draconic features, adorning her horns with jewelry to show devotion to the Dragonlord of Dawn.",,,,,
Dawn of Nezmira 8,,,,,,,,,,,"Ritual Dagger: Steady Bloodletting
Ritual Sealer: DMG change Light",,,
Dawn of Nezmira 9,,,,,,,,,,,,,"-An Ophidiya and descendant of the Dragonlord of Dusk Layl.
-Survived in the sand dunes and was hunted by the Nezzim.
-Picked up by Goldhearted after watching mom die from the Kiir.
-Survived the casting of the Song of Betrayal with the gift of Dawn from Dragonlord Atem.
-Has control over both the Dusk and Dawn with the power of an Arcanum from Atem.",
Deacon Farum 1,https://theboipoet.wordpress.com/wp-content/uploads/2015/04/taliesin.jpg,,,,,,,,,,,,,
Deacon Farum 2,,,https://docs.google.com/spreadsheets/d/1qb2S2nKYY9skNMniF9_GwjAxHqy-9FuYYZwGkExdjj8/edit?usp=sharing,,,,,,,,,,,
Deacon Farum 3,,,,Orater 3 / Chanter 2,,,,,,,,,,
Deacon Farum 4,,,,,,5,,,,,,,,
Deacon Farum 5,,,,,,,"Midholde, Kor'Tarion",,,,,,,
Deacon Farum 6,,,,,,,,,"Dirty blonde hair, skin white, and eyes green like emeralds. Deacon stands at a height 5'7ft, his physique skinny and average in almost every way, save for the fact that his face is as beautiful as that of an angel. Upon his head is a reddish orange and gold cap adorned with the exotic feathers of orange and yellow birds. He wears baggy and poofy pants alongside a shirt of similar fashion, sporting colors of scarlet and a dark yellow. Around his shoulders and neck is an emerald green scarf of great length, long enough to almost seem like a cape at times. His shoes are rather goofy, but are made of good quality leather.",,,,,
Deacon Farum 7,,,,,,,,,,,,,,Duty
Desoka Targandr 1,https://i.pinimg.com/736x/cf/8b/ee/cf8beef1508b61d3a918a9293b2640e7.jpg,,,,,,,,,,,,,
Desoka Targandr 2,,https://discord.com/channels/1169852846083153941/1170111183869706362/1339500431767896106,,,,,,,,,,,,
Desoka Targandr 3,,,https://docs.google.com/spreadsheets/d/1JXaXG0pt2QrBJNsfkf1iUBdECSnWgH3YDDnaoJ7QYcs/edit?gid=0#gid=0,,,,,,,,,,,
Desoka Targandr 4,,,,"Elementalist: 3, Weaponmaster: 2",,,,,,,,,,
Desoka Targandr 5,,,,,,5,,,,,,,,
Desoka Targandr 6,,,,,,,"Silver Spire, Aldistir",,,,,,,
Desoka Targandr 7,,,,,,,,,"A dark skinned young man, about 5'10 in a white combat tunic with a cloak and a large katana with a bronze grip. He has black hair and icy blue eyes, he typically has a mean look about him and always seems to be cold.",,,,,
Desoka Targandr 8,,,,,,,,,,,,,"* Aside from Backstory content, Desoka is just now joining the rest of the goldhearted on their adventures

* Is eager to fight alongside the goldhearted and has been training alot recently to prepare himself",
Desoka Targandr 9,,,,,,,,,,,,,,Survival
Despina — ᵀʰᵉ Deliverance 1,https://i.imgur.com/nTl1A72.jpeg,,,,,,,,,,,,,
Despina — ᵀʰᵉ Deliverance 10,,,,,,,,,,Regal Vessel,,,,
Despina — ᵀʰᵉ Deliverance 11,,,,,,,,,,,"Regalia: 1-handed broadaxe (heavy melee), +1 accuracy, Lifesteal Quality",,,
Despina — ᵀʰᵉ Deliverance 12,,,,,,,,,,,,,"* Humanoid born in Dreadlan to Lost parents who lived with a pack of Wild Souls (striped hyenas)
* Was the 'runt of the litter' but definitely loved and felt loved by her packmates
* Constantly tried hard to prove her worth, unlike her parents who were more hopeless, listless, just trying to get by
* One day her pack saw a lone human and the attempt to hunt them went poorly
* The human was a mage and killed a lot of the pack, including her parents
* The rest scattered, but she was seeing too much red to run
* He saw some use in a humanoid who still had a spark in her and so after forcing her to listen, made her an offer
* Desperate to cling on to life, she swallowed her pride and sorrow and agreed to be his servant and student, studying magic under him for the next few years
* Eventually his own patron proposed to send her off to Heartdom to get a Knight in their service
* Enrolled in the House of Treasures because she wants to be something stronger than a puny little human",
Despina — ᵀʰᵉ Deliverance 13,,,,,,,,,,,,,,Connection
Despina — ᵀʰᵉ Deliverance 2,,https://discord.com/channels/1169852846083153941/1170111183869706362/1338528271670710282,,,,,,,,,,,,
Despina — ᵀʰᵉ Deliverance 3,,,https://docs.google.com/spreadsheets/d/1pxeUa_4XFTh0r3yBec-LxYQT4dkc8OVg6dDf1pU1ouY/edit?gid=0#gid=0,,,,,,,,,,,
Despina — ᵀʰᵉ Deliverance 4,,,,"Darkblade [3]
Chimerist [2]
Ace of Cards [5]",,,,,,,,,,
Despina — ᵀʰᵉ Deliverance 5,,,,,7A1C1C,,,,,,,,,
Despina — ᵀʰᵉ Deliverance 6,,,,,,10,,,,,,,,
Despina — ᵀʰᵉ Deliverance 7,,,,,,,"Kaiway, Wastes of Dreadlan",,,,,,,
Despina — ᵀʰᵉ Deliverance 8,,,,,,,,"Despina Stripeless
ᵀʰᵉ Deliverance",,,,,,
Despina — ᵀʰᵉ Deliverance 9,,,,,,,,,"*Despina:*
5'2"" (158 cm)
Curly red hair, shy of chin length
Brown eyes with rectangular pupils
Light brown skin
Spiraling sheep horns
Wooly red tail, fairly long (like an undocked sheep)
Dressed in a Gnosis Academy student's uniform: a pink-purple shirt with gold accents, sleeves flaring at the elbows, with a darker undershirt going to the wrists; a red sash bearing the insignia of the Regal House of Treasures; off-white pants; and oddly shaped boots on her hooves.

*ᵀʰᵉ Deliverance:*
A one-handed axe with a haft that looks to be made of a long femur, cracked at its bottom. It is wrapped with fabric with white and black stripes to make a handle.
The axe is largely dark black, shifting to dark grey as it starts narrowing to the cutting edge. Symbols are etched onto the blade that dully glow when she is using her token magic while in her core.",,,,,
Devon 1,https://i.imgur.com/SksJLJf.png,,,,,,,,,,,,,
Devon 2,,,https://docs.google.com/spreadsheets/d/1GRzqw1hRF-fIOZSeasE4UlYi3XH9zY1XqaLb1i0A0gw/edit?gid=0#gid=0,,,,,,,,,,,
Devon 3,,,,"Chanter 7
Wayfarer 3",,,,,,,,,,
Devon 4,,,,,,10,,,,,,,,
Devon 5,,,,,,,"Terra, North Silver Rock",,,,,,,
Devon 6,,,,,,,,,"Devon is a 5-foot, 5-inch king. His whole body has been modified to look like a tiger shark, complete with teeth, webs between his fingers, and a fairly long tail. He's got short black hair, coffee-colored irises and the back of his tan-and-sand body is lined with darker stripes all the way down his tail.",,,,,
Devon 7,,,,,,,,,,,,,,Optimism
Dhata Chamomile 1,https://i.imgur.com/sF1CS0F.jpeg,,,,,,,,,,,,,
Dhata Chamomile 10,,,,,,,,,,,,,see character bio,
Dhata Chamomile 11,,,,,,,,,,,,,,Ambition
Dhata Chamomile 2,,https://discord.com/channels/1169852846083153941/1170111183869706362/1356461959360286915,,,,,,,,,,,,
Dhata Chamomile 3,,,https://docs.google.com/spreadsheets/d/1aI1-_xbp7sbU134rW-YDG9YBCG4-1G4B0qznkvOct3U/edit#gid=0,,,,,,,,,,,
Dhata Chamomile 4,,,,Floralist ★ /  Esper ★ / Loremaster ★ / Darkblade ★ / Tinkerer 3 / Orator 4 / Symbolist 3,,,,,,,,,,
Dhata Chamomile 5,,,,,#859155,,,,,,,,,
Dhata Chamomile 6,,,,,,50,,,,,,,,
Dhata Chamomile 7,,,,,,,Academy of Korala,,,,,,,
Dhata Chamomile 8,,,,,,,,,"Dhata stands at a little over 5'9"", with a rather reedy build. Their skin is dotted with scuffs and bandages from past training injuries. They carry themself with a calm, focused demeanor, their inner turmoil all but settled.",,,,,
Dhata Chamomile 9,,,,,,,,,,Fugitive Experiment,,,,
Doctor Love 1,https://i.imgur.com/ZYPY1QX.png,,,,,,,,,,,,,
Doctor Love 2,,,https://docs.google.com/spreadsheets/d/1nknlP9c0dhvKB3ZategOu4Dk6Rw61QV5XA8Z7EZnt8I/edit?usp=sharing,,,,,,,,,,,
Doctor Love 3,,,,Tinker 2 Orater 2 Sharpshooter 1,,,,,,,,,,
Doctor Love 4,,,,,,5,,,,,,,,
Doctor Love 5,,,,,,,Mt Providence Squatter,,,,,,,
Doctor Love 6,,,,,,,,,Flashily dressed scientist with pink/purple died hair constantly carrying gadgets,,,,,
Doctor Love 7,,,,,,,,,,,,,"-Parabellum field researcher
-Pirate Radio host
-Squatting in a super condemned mcmansion",
Doctor Love 8,,,,,,,,,,,,,,Inspiration
Donovan Goodwin 1,https://media.discordapp.net/attachments/257623687170097154/1175708904747962368/Donovan_Experimental_BG.png?ex=663b32be&is=6639e13e&hm=3c5555233fe4fb35779d3ae633d4d4aab52ac5c34f8e3cd5a1db54d022da242f&,,,,,,,,,,,,,
Donovan Goodwin 2,,,https://docs.google.com/spreadsheets/d/1awsm4pMVkweVmTqyJaj2nbr9g7PDa_kZpup7yjoFbFY/edit#gid=0,,,,,,,,,,,
Donovan Goodwin 3,,,,Dancer 4 • Rogue 2 • Sharpshooter 2,,,,,,,,,,
Donovan Goodwin 4,,,,,,8,,,,,,,,
Donovan Goodwin 5,,,,,,,Dryholde,,,,,,,
Donovan Goodwin 6,,,,,,,,,"Donovan is a tall, stocky, slightly intimidating human man dressed in plain religious vestments. On his shoulder he carries a long, golden cloth he uses in tandem with his fans for his performances. Despite his grey hair, he is, in his words, ""29 years young"".",,,,,
Donovan Goodwin 7,,,,,,,,,,,,,,Mercy
Doragon 1,https://i.imgur.com/xO0ds2T.png,,,,,,,,,,,,,
Doragon 2,,,https://docs.google.com/spreadsheets/d/17NdRg7rFT_v58zt55KtmZtqTvjqMPBuaLfhzaN1oLco/edit?usp=sharing,,,,,,,,,,,
Doragon 3,,,,"Elementalist 2
Fury 2
Chimerist 2",,,,,,,,,,
Doragon 4,,,,,,5,,,,,,,,
Doragon 5,,,,,,,"Nemira
Ophidiya
City of Scales",,,,,,,
Doragon 6,,,,,,,,,"6'5"" and 200 lbs pale skin being with silver scales lining the sides of their head, neck, arms, torso and legs. Black wings expand from the back and silver horns protrude from their head. They have white strait hair. They wear a long combat tunic that looks like a trench coat and have high black boots. Shirt and pants underneath their tunic.",,,,,
Doragon 7,,,,,,,,,,,,,,Doubt
Dorian 1,https://images-ext-1.discordapp.net/external/HxxNCutlqlxGsX614DSo52AjXVq6x5Mn5SuQ6rqXVvk/https/blogger.googleusercontent.com/img/b/R29vZ2xl/AVvXsEidynws4iWu0Vllx7J7kyoxtSFAqD3VupDmAm__aHtalFNc2Rbd_MUhNGfLgb2FnmCPCTHkIlWhvgLMeU54r8dW6C3hpJRn4aDSC6PKQ466v0KKJtIFPD0Yw0UYPutv2E_KGvwQj2TbCNIiT8RK_k_vA-NPR5cq8lo16LCIoFs63sHcuhy3cVrvMPQzqw/s797/Monk.jpg,,,,,,,,,,,,,
Dorian 2,,,https://docs.google.com/spreadsheets/d/1PHMt_sq7vKnpldlfk50Fw_uIRFu3GHt4OUkFFD5RUwc/edit?usp=sharing,,,,,,,,,,,
Dorian 3,,,,"Elementalist 3, Weaponmaster 2",,,,,,,,,,
Dorian 4,,,,,,5,,,,,,,,
Dorian 5,,,,,,,Kor'Tarion,,,,,,,
Dorian 6,,,,,,,,,"Dorian is an athletic human of slightly above average height from Kor'Tarion. He has black hair and brown eyes. Height 5'10"" Weight 160 lbs",,,,,
Dorian 7,,,,,,,,,,,,,,Ambition (become master of the spear)
Dr. Lawrence Faust 1,https://i.imgur.com/T9pVsON.png,,,,,,,,,,,,,
Dr. Lawrence Faust 10,,,,,,,,,,,,,,Meaning
Dr. Lawrence Faust 2,,https://discord.com/channels/1169852846083153941/1170111183869706362/1311976295994888199,,,,,,,,,,,,
Dr. Lawrence Faust 3,,,https://docs.google.com/spreadsheets/d/1Fx0Qlz7CJmnDJczI-LQQysI9O58egNKnbUsrkvMzXs8/edit?usp=sharing,,,,,,,,,,,
Dr. Lawrence Faust 4,,,,"- Arcanist [Associate]
- Gourmet [Pharmacist]
- Tinkerer [Chemist]",,,,,,,,,,
Dr. Lawrence Faust 5,,,,,,12,,,,,,,,
Dr. Lawrence Faust 6,,,,,,,Ever-Clocked-In Pharmacist Trying His Best,,,,,,,
Dr. Lawrence Faust 7,,,,,,,,,"Lawrence is a shorter man, with pale ashy skin, and faded crimson eyes. His hair is a light gray and he wears a similarly toned suit. He has minimal skin showing, and simple metal jewelry.",,,,,
Dr. Lawrence Faust 8,,,,,,,,,,,,"- Dahaka [Arcana]
- Vanagandr [Insolvent]",,
Dr. Lawrence Faust 9,,,,,,,,,,,,,"- Nearly twenty years ago, he took out a simple and manageable loan to open a pharmacy with a friend. However, not long after, just as the business was beginning to take a dip, the Baylore Company collapsed.
- His loan was now in the hands of ETA, and there was little he could do about it. In a stress-enduced bender one evening, Lawrence attempted to return home, intoxicated. Unaware, and delerious, - 
- Lawrence stepped out into traffic, and passed away. Since then, he's managed his pharmacy as a diligent, passionless worker, with glazed red eyes. ETA had returned him as an Insolvent, and he was now to work for the rest of days.",
Duan Nüying 1,https://i.pinimg.com/474x/9e/dd/2e/9edd2efaa42c64bfa032e8879d821bdb.jpg,,,,,,,,,,,,,
Duan Nüying 2,,,https://docs.google.com/spreadsheets/d/1x17U8eDk-hmeqLIrCdyYrZYZ0TZBTeHbAiijcXm_Bb8/edit?usp=sharing,,,,,,,,,,,
Duan Nüying 3,,,,"Malefactor - 3
Daoist - 3",,,,,,,,,,
Duan Nüying 4,,,,,,6,,,,,,,,
Duan Nüying 5,,,,,,,"XieXie Village, Wujing Guo, Tian-Yin",,,,,,,
Duan Nüying 6,,,,,,,,,"A woman standing at a proud 5'7, Nüying is often dressed in training clothing, and her long black hair pulled back. She holds a bamboo staff that has lost its vibrancy of life but still has yet to have rot stick to it.

The tips of her fingers seem to have been stained black due to her cultivation though she holds such things as a point of pride rather than worry.",,,,,
Duan Nüying 7,,,,,,,,,,Qi Specialist (Demonic),,,,
Duan Nüying 8,,,,,,,,,,,,,"- Born to a one of Xiexie’s servants, Nüying showed a promise for death cultivation quite young.
- Quickly Xiexie took Nüying under her wing and she became enamored by Xiexie’s gifts.
- Seeing the positives that not only came to her but her family as well under Xiexie’s praise, Nüying took to her training with more vigor than any would expect from someone her age. Any negative side affects of taking in so much death qi was waved off by her.
- Now with Xiexie’s guidance and training, Nüying would be proud of her skill but still strives for more.",
Duan Nüying 9,,,,,,,,,,,,,,Ambition
Dull Ahan 1,https://i.imgur.com/TbJqCnF.jpeg,,,,,,,,,,,,,
Dull Ahan 10,,,,,,,,,,,A riding horse (please dont kill ((YET)),,,
Dull Ahan 11,,,,,,,,,,,,,"Soul defender of village from undead after father retired
Tried to fight a necromancer and lost
got his soul treasure stolen and put into a monster
Monsters creation killed necromancer
remembered old morals, a desire to help and do good
despite helping people, he was treated like a monster by fellow Kor'Tarians",
Dull Ahan 12,,,,,,,,,,,,,,Justice
Dull Ahan 2,,https://discord.com/channels/1169852846083153941/1170111183869706362/1327490986326360084,,,,,,,,,,,,
Dull Ahan 3,,,https://docs.google.com/spreadsheets/d/1NPkmnTQhoYdKXNRZF6BuY7n-tTpE9ZaOeD6ioTUHNM4/edit?gid=0#gid=0,,,,,,,,,,,
Dull Ahan 4,,,,"Necromancer 10
Fury 1
weapon master 3
Pilot 3",,,,,,,,,,
Dull Ahan 5,,,,,8555b4,,,,,,,,,
Dull Ahan 6,,,,,,17,,,,,,,,
Dull Ahan 7,,,,,,,Kor'Tarian,,,,,,,
Dull Ahan 8,,,,,,,,,6:3 pumpkin headed man with an eternal lite in his eyes and mouth (literally) and eternal sinister smile. He is dressed in raggedy clothing with a cape and coat over his armor. The armor has a massive almost magical gash over its chest and a heart stitch where his heart SHOULD be. he has grafts over his body and clear stitching where he was sealed together,,,,,
Dull Ahan 9,,,,,,,,,,Elemental soul (Fire w Bolt Weakness),,,,
Ebb 1,https://i.imgur.com/8QkmV8Y.png,,,,,,,,,,,,,
Ebb 2,,,https://docs.google.com/spreadsheets/d/1lAqviD7-U1JUMCuZne6U1tEqVWQe1MGb7pfKAqdnK6c/edit?usp=sharing,,,,,,,,,,,
Ebb 3,,,,Entropist 3 | Spiritist 1 | Arcanist 2,,,,,,,,,,
Ebb 4,,,,,#C0C0C0,,,,,,,,,
Ebb 5,,,,,,6,,,,,,,,
Ebb 6,,,,,,,Elder's Crag - Kor'Tarion,,,,,,,
Ebb 7,,,,,,,,,"Ebb stands roughly around 4' (121cm), and is vaguely shaped as a normal person. Where there would be eyes are faint motes of light, similar to dim stars in the night. Their form matches the color of the space between the stars, a deep blueish black. Coming from the top of their head is a pair of antenna like pieces of 'hair'. Flowing down past their waist is seeming white colored hair, though it fades off into nothingness instead of normal ends of hair.",,,,,
Ebb 8,,,,,,,,,,Outcast Fairy,,,,
Ebb 9,,,,,,,,,,,,,,Destiny
Echo 1,https://i.imgur.com/u1w4SPQ.jpeg,,,,,,,,,,,,,
Echo 10,,,,,,,,,,,"Resonance Cuffs (World Saver Custom Arcane)

Medic's Cloak (When you cause one or more allies to recover Hit Points during a conflict, each of those allies gains Resistance to the next instance of physical damage they suffer before the start of your next turn. This benefit is not cumulative.)",,,
Echo 11,,,,,,,,,,,,,"-Though granted sapience and power as a young kit, Echo holds no particular loyalties to any of the Aesir, including Kuzunoha. 
-His early life was marked by the same strife as countless other residents of Aldistir, crafting barriers in his heart that have remained strong into adulthood. 
-Having been born and raised on the outskirts of Camp Von Kibo, Echo was known to associate minimally with the Aldish and other yokai, preferring his solitude whenever possible.",
Echo 12,,,,,,,,,,,,,,Harmony
Echo 2,,https://discord.com/channels/1169852846083153941/1170111183869706362/1330391422897094679,,,,,,,,,,,,
Echo 3,,,https://docs.google.com/spreadsheets/d/1nThq1n870-cObvePP0hmDGe_WQbxMZ-IRRny93lan18/edit?usp=sharing,,,,,,,,,,,
Echo 4,,,,"Chanter ★
Commander 1
Loremaster 3
Orator 1",,,,,,,,,,
Echo 5,,,,,,15,,,,,,,,
Echo 6,,,,,,,Yokai (Aldistir),,,,,,,
Echo 7,,,,,,,,Echoes Through the Canyon,,,,,,
Echo 8,,,,,,,,,A large red fox standing about 3' at shoulder-height and 5' long from nose to bushy tail. Distinguishable as a yokai from the soft golden glow of his eyes and the way wind seems to play a soft tune around him wherever he goes.,,,,,
Echo 9,,,,,,,,,,The Beast Who Spoke,,,,
Edward Lowell Jr. 1,https://media.discordapp.net/attachments/737973699336208428/1355391192908697670/Edward_Lowell_Jr._Banner.png?ex=67e8c1ea&is=67e7706a&hm=e6c399d09676205dccb94d7f23b6712f5f5bbc0ac7483f321415ef7d466ae1b9&,,,,,,,,,,,,,
Edward Lowell Jr. 2,,,https://docs.google.com/spreadsheets/d/1YyicmFHZ5MM15QCZU-jhTZOWMwNM2K43Oj11oQY9Wr0/edit?usp=sharing,,,,,,,,,,,
Edward Lowell Jr. 3,,,,Tinkerer (3) | Merchant (1) | Symbolist (1),,,,,,,,,,
Edward Lowell Jr. 4,,,,,,5,,,,,,,,
Edward Lowell Jr. 5,,,,,,,"South Rock, Terra (Billionaire Lane)",,,,,,,
Edward Lowell Jr. 6,,,,,,,,,"6'4"" | 174 lbs | Blue Eyes",,,,,
Edward Lowell Jr. 7,,,,,,,,,,,,,"- Edward Lowell Jr. (aka Ed) was born into Terra's 1%. He grew up in his mother's mansion in Billionaire's Row with his two older brothers. 
- While his life was pretty amazing growing up, it never felt like it was right. So although his brothers followed in their father's steps within the ET Corporation, Ed went off on his own to open up a small business. 
- The Million Mystery (aka Mystery Gang) is a private investigation company that looks into all sorts of information, specifically seemingly dead ends and supernatural requests. Charging affordable rates has caused his business to struggle, but with the help of his friends he's been able to keep it afloat. 
- He was subject to a kidnapping attempt after being blackmailed a few weeks ago, but a realmsgorm saved the day!
- Now, he's hopeful to discover the truths of Terra, and whatever realms Yubel calls him to!",
Edward Lowell Jr. 8,,,,,,,,,,,,,,Justice
Ekho 1,https://i.imgur.com/DinPySO.jpeg,,,,,,,,,,,,,
Ekho 2,,,"[""This one... Wards. Ready.""](https://docs.google.com/spreadsheets/d/1n8zJezIV5K7Snt02hM56cK3wMSeMKTpASszgOljgQFY/edit?usp=sharing)",,,,,,,,,,,
Ekho 3,,,,"Botanist (3)
Loremaster (1)
Symbolist (1)",,,,,,,,,,
Ekho 4,,,,,#227722,,,,,,,,,
Ekho 5,,,,,,5,,,,,,,,
Ekho 6,,,,,,,"???, Nezmira",,,,,,,
Ekho 7,,,,,,,,,"To the naked eye, Ekho resembles a green-skinned desert plant in the shape of a young woman, with black eyes and a stretched-out mouth, with a hair bun that allows this one to open their own head as one giant bulb.

Standing about five feet high, this one wears an old linen sack they were thrown in with, with a rope acting like a sash to hold some of their possessions, like water skins and seeds of ""little ones"". One may also spot this one with a wooden stake they use for movement, gardening and, occasionally, fending off hostile creatures.",,,,,
Ekho 8,,,,,,,,,,"Arboreal
- immune to **shaken**
- vulnerable to **ice**
- MP cost of Toxic Pollen reduced by 5 in sunlight",,,,
Ekho 9,,,,,,,,,,,,,,Caution
Elaine Sejr 1,https://i.imgur.com/tkBlFPV.png,,,,,,,,,,,,,
Elaine Sejr 10,,,,,,,,,,,,,"* Traumatic Childhood that lead to her Psionic Powers
* Ran away from home. Stole Model from her father's account (works as an admin for SWORD games) 
* Lives in a van. Donates blood and plasma to support herself as well as working for 100G0",
Elaine Sejr 11,,,,,,,,,,,,,,Rebellion
Elaine Sejr 2,,,https://docs.google.com/spreadsheets/d/12rjhoO6VoZWjHZJmc1OHII0_P4Ae2ReJ9UXM2hAn7Ko/edit?usp=sharing,,,,,,,,,,,
Elaine Sejr 3,,,,"Esper 5, Pilot 3, Guardian 2",,,,,,,,,,
Elaine Sejr 4,,,,,,10,,,,,,,,
Elaine Sejr 5,,,,,,,"Terra, Haven",,,,,,,
Elaine Sejr 6,,,,,,,,,"Height: 160cm

Elaine is a blonde haired female presenting individual from Terra. Rather petite figure and a patch covering her right eye. Usually wears rather loose clothes and looks mostly unbothered by most things.",,,,,
Elaine Sejr 7,,,,,,,,,,Old Transport,,,,
Elaine Sejr 8,,,,,,,,,,,"[Soul Hacker's Eyepatch](https://discord.com/channels/1169852846083153941/1170946655940530217/1332036570579996805)
[AR-W-01: Rhongomyniad](https://discord.com/channels/1169852846083153941/1188741294793691186/1324859793399218239)
[AR-01-HoR: Prydwen](https://discord.com/channels/1169852846083153941/1208284413864189993/1343608657832575027)
[Heartsleeve Decal (Support Module)](https://discord.com/channels/1169852846083153941/1170946571144265788/1343734865883041803)",,,
Elaine Sejr 9,,,,,,,,,,,,"SWORD (Nimue), 100G (Seraph)",,
Elara Alksnis 1,https://images-ext-1.discordapp.net/external/VvQ23qv-sA7i_YgeYWKVog7eLrUZzpEflnWQ6sU6d0o/https/i.imgur.com/nfAWiKy.png,,,,,,,,,,,,,
Elara Alksnis 10,,,,,,,,,,,"Multi on her cool Moonshard Railgun pistol
Physical Resistance armor or given to others on heal
Extra INS, FP on Discovery or Critical, Psionic Containment and Turning Leaflet",,,
Elara Alksnis 11,,,,,,,,,,,,,"- Orphaned and adopted by Caden Lockflint
- Raised to be a Magitech Engineer
- Latent unexplored magic made her fail Academy of Korala
- Sent out to become a mercenary with two full-metal animals
- Ended up at the Worldhelm a year ago
- Stayed mostly with Lhodos Goldhearted, both Merrani and Karlite
- Recently learned and accepted her past, unleashing her magic
- Abandoned the Lockflint name for Tika's Alksnis",
Elara Alksnis 12,,,,,,,,,,,,,,Ambition
Elara Alksnis 2,,https://discord.com/channels/1169852846083153941/1170111183869706362/1214281274542268467,,,,,,,,,,,,
Elara Alksnis 3,,,[Sheet](https://docs.google.com/spreadsheets/d/1kvoLdhXS3izDhaZk3fLPjOYe08SdO8u_HjzTAZ53akg/edit?usp=sharing),,,,,,,,,,,
Elara Alksnis 4,,,,"Commander ☆
Tinkerer ☆
Wayfarer☆
Pilot [6]
Sharpshooter [2]
Chimerist [2]",,,,,,,,,,
Elara Alksnis 5,,,,,#d1514e,,,,,,,,,
Elara Alksnis 6,,,,,,40,,,,,,,,
Elara Alksnis 7,,,,,,,"Lhodos, Korala",,,,,,,
Elara Alksnis 8,,,,,,,,"Elara Walden, Elara Lockflint",,,,,,
Elara Alksnis 9,,,,,,,,,"Wilkin girl, 155cm (5'1"") and 59kg (130lb).
Has a cool flying motorcycle called Percival.
Accompanied by a cooler cyborg crow called Quill.",,,,,
Elijah-2615 1,https://i.imgur.com/b1AHvlV.png,,,,,,,,,,,,,
Elijah-2615 10,,,,,,,,,,,,,"- Born to human parents living outside the Civilized Zone. Very sickly youth.

- Extended family chose to get barcoded and move into the Civilized Zone for his medical care

- Elijah was unable to leave bed for more than brief periods. Expensive and difficult to keep Elijah alive.

- Watched as mother grew ill and died, and his father came to resent the burden that Elijah was.

- Visited by a recruiter who took interest and pulled strings to get him an Envirosuit for mobility and disease prevention

- Joins the recruiter and goes to Heartdom, recruiter wants him to join Regalia, but he chooses Paladins instead out of fear of changing that much.",
Elijah-2615 11,,,,,,,,,,,,,,Duty
Elijah-2615 2,,https://discord.com/channels/1169852846083153941/1170111183869706362/1336095926099382272,,,,,,,,,,,,
Elijah-2615 3,,,https://docs.google.com/spreadsheets/d/1FSlnCUETsIPsJ3m2yogjzyJkbUoy45Lt8sr2NVlrtQo/edit?usp=sharing,,,,,,,,,,,
Elijah-2615 4,,,,"Elementalist 7
Entropist 2
Pilot 1",,,,,,,,,,
Elijah-2615 5,,,,,#3B6EA5,,,,,,,,,
Elijah-2615 6,,,,,,10,,,,,,,,
Elijah-2615 7,,,,,,,Steelbin - Kaiway,,,,,,,
Elijah-2615 8,,,,,,,,,"A lanky individual, a little over 6'1'' tall, with a face and body hidden inside an environmental isolation suit with a tabard, robes, and sigils atop, giving it the appearance of a strange mage's robes.

He carries a mechanized staff and a tome at his belt, as well as a wide variety of stimulants and medicine at his belt should his body begin to fail.",,,,,
Elijah-2615 9,,,,,,,,,,,,Lilith,,
Elk 1,https://fbi.cults3d.com/uploaders/16589214/illustration-file/89b2566f-51f6-448b-a97b-1b5551fe1238/image-champion-stag-knight.jpg,,,,,,,,,,,,,
Elk 2,,,https://docs.google.com/spreadsheets/d/1YEFECTonjQm9_toOq6ZIc7_KD5MJxHJmJ54vdfDjGQc/edit?gid=0#gid=0,,,,,,,,,,,
Elk 3,,,,Guardian 1/ Weaponmaster 5/ Wayfarer 1,,,,,,,,,,
Elk 4,,,,,,7,,,,,,,,
Elk 5,,,,,,,"The Faerie Realm, Kor'Tarion",,,,,,,
Elk 6,,,,,,,,,"A well built, 6' tall figure decked in full armor, distinguishable by the mighty anklers on his helm. His arms, though well-maintained, curiously lack any markings or emblems.",,,,,
Elk 7,,,,,,,,,,Outcast Fairy,,,,
Elk 8,,,,,,,,,,,,,,Memory
Eluna 1,https://i.imgur.com/tyznuee.png,,,,,,,,,,,,,
Eluna 10,,,,,,,,,,,,,"- Set out from her home looking to try and help make things better between fae and humans.
- Grew up in a village where singing is as second nature as breathing.
- Village did not fully support her goals, and doesn't wish to return until she has done so or has a very good reason.",
Eluna 11,,,,,,,,,,,,,,Determined
Eluna 2,,[Eluna's Bio](https://discord.com/channels/1169852846083153941/1170111183869706362/1290375606206468258),,,,,,,,,,,,
Eluna 3,,,[Eluna's Sheet](https://docs.google.com/spreadsheets/d/1PVAbJ51rNKCGz2m4dbNbZJdlqoSWYWRlXrD2TFlvRfs/edit?gid=0#gid=0),,,,,,,,,,,
Eluna 4,,,,Chanter [4] | Necromancer [2] | Elementalist [1],,,,,,,,,,
Eluna 5,,,,,#FFFFFF,,,,,,,,,
Eluna 6,,,,,,7,,,,,,,,
Eluna 7,,,,,,,"The Faerie Realm, Kor'Tarion",,,,,,,
Eluna 8,,,,,,,,,"Eluna stands at 5'2"" with silver hair, pointed ears and fangs. Most notably though is the faint fire the seems to dance in her the irises of her eyes that grows brighter as she sings.",,,,,
Eluna 9,,,,,,,,,,Outcast Fairy - Cannot refuse an encore to her singing or leave a song unfinished or else she will lose her voice. Until she is asked to sing without prompting or can soak in a flower petal infused bath.,,,,
Ember Wake 1,https://i.imgur.com/eDtBf99.png,,,,,,,,,,,,,
Ember Wake 10,,,,,,,,,,,,,,Burden
Ember Wake 2,,,https://docs.google.com/spreadsheets/d/1TANfQUAyAai4ESffD09CRr-EOOxHRe9QcThs1Y_HI6E/edit?gid=0#gid=0,,,,,,,,,,,
Ember Wake 3,,,,"Tinkerer 1
Entropist 2
Dungeeoner 2",,,,,,,,,,
Ember Wake 4,,,,,,5,,,,,,,,
Ember Wake 5,,,,,,,"Vinyard, Terra",,,,,,,
Ember Wake 6,,,,,,,,,"Ember is a 6'5, bulky figure in maintenance gear suited for 0-G and Vacuum usage. His skin is a faded, darker grey with the classical glowing red eyes indicative of Insolvency for Terrans. His beard is trimmed but somewhat shaggy, as is his hair.",,,,,
Ember Wake 7,,,,,,,,,,Insolvent,,,,
Ember Wake 8,,,,,,,,,,,,"Antikythera (Orrery)
Vanagandr (ETA)",,
Ember Wake 9,,,,,,,,,,,,,"- Came from a poor family
- Went into debt with ETA to get qualification through higher education
- Worked for Orrery for a long time, and finally got a chance to work in sub-orbital satellite maintenance through a work-visa for the Trans-Orbital Relocation Colum
- Skyfall destroyed many orbital structures, one of which he was working on
- He died, and was brought back as an Insolvent, and then got picked up by a realmstorm only days after",
Emi 1,https://cdn.discordapp.com/attachments/830108476948086785/1337797810250055700/rRopAu2h.jpg?ex=67a8c0cd&is=67a76f4d&hm=28fa089a8a5243afc9b41d0cb143386a3b6d46021c3180c334717d442790e4bb&,,,,,,,,,,,,,
Emi 2,,,https://docs.google.com/spreadsheets/d/1Vt54B18D_bF_fTc-sI7tos0T87GP8RiE6ob_ssWaOT4/edit?usp=drivesdk,,,,,,,,,,,
Emi 3,,,,Chanter 3 | Esper 2,,,,,,,,,,
Emi 4,,,,,,5,,,,,,,,
Emi 5,,,,,,,Terra,,,,,,,
Emi 6,,,,,,,,,"Emi is a short, pretty woman with medium length blonde hair, bright blue eyes, and a slight build. Her hair seems to be styled differently every other day, and always has some streak of bright pastel. Her wardrobe seems to be constantly shifting as well, though short skirts with fun patterns, thigh highs, jackets and crop tops are more common than anything else.",,,,,
Emi 7,,,,,,,,,,,,,"Emi is the first daughter of a well-to-do corporate family. Tired of the pressure and responsibility, she ran away from home when her uncle died, changed her name, and started a new life as a musician. She's been playing shows and trying to make a name for herself in Haven ever since.",
Emi 8,,,,,,,,,,,,,,Rebellion
Emile Holdermann 1,https://i.imgur.com/4Hp3go7.png,,,,,,,,,,,,,
Emile Holdermann 2,,https://discord.com/channels/1169852846083153941/1170111183869706362/1319277329049976862,,,,,,,,,,,,
Emile Holdermann 3,,,https://docs.google.com/spreadsheets/d/1Wd-YbByySLCGNhQO4ScWLx1VjcYOcVL2yyMKPyhhrV8/edit?usp=sharing,,,,,,,,,,,
Emile Holdermann 4,,,,"Loremaster [2]
Esper [3]
Darkblade [1]",,,,,,,,,,
Emile Holdermann 5,,,,,#000c66,,,,,,,,,
Emile Holdermann 6,,,,,,6,,,,,,,,
Emile Holdermann 7,,,,,,,Terra: Silver Rock (South Rock),,,,,,,
Emile Holdermann 8,,,,,,,,,"Emile can often be observed to be in a relatively calm state, typically either daydreaming or collecting his thoughts. He stands at roughly 5'6"" tall, with his visage being mainly that of a canine with doberman-esque appearance and and eyes shimmering a pearlescent white. He is typically seen wearing either relatively casual streetwear or the uniform from his local law enforcement branch. A pretty striking point of interest though is the augmented mechanical left arm, with it's metallic construction readily visible.

When out on the field he can be seen with a blade attatched to his belt and vest. Leaving an impression of close combat being their preference.",,,,,
Emile Holdermann 9,,,,,,,,,,,,,,Justice
Enlai 1,https://i.imgur.com/Y5LNb8W.png,,,,,,,,,,,,,
Enlai 10,,,,,,,,,,,,,,Joy
Enlai 2,,https://discord.com/channels/1169852846083153941/1170111183869706362/1354592811604774963,,,,,,,,,,,,
Enlai 3,,,[Enlai's sheet](https://docs.google.com/spreadsheets/d/1dub-wkUATXXjPtzFAebbdlr3UCLaeT-4tPHH4wVtNNc/edit?pli=1&gid=1820190587#gid=1820190587),,,,,,,,,,,
Enlai 4,,,,"Invoker 4, Fury 1, Dancer 1",,,,,,,,,,
Enlai 5,,,,,,6,,,,,,,,
Enlai 6,,,,,,,"Bingchuan Village, Jijing Xiantiao, Wujing Guo, Tian Yin",,,,,,,
Enlai 7,,,,,,,,恩来,,,,,,
Enlai 8,,,,,,,,,"The Vanara stands just over 5 feet tall with a lean toned physique earned from laborious farmwork. Wears peasant clothing, a straw hat slung over his back and a stalk of grass in their mouth. Rarely seen without a smile on his face and a bottle in his hand.",,,,,
Enlai 9,,,,,,,,,,,,,"- Resident of Bingchuan village where he earned a living as an ordinary farmer, gifted with a green thumb (or just plain good luck)
- Befriended a Jinshi martialist, Yang Xiang, who exchanges cups over discussing the Dao of the Drunken Master
- A yokai invaded the village and ruined their hard-earned crop, inciting Enlai to chase it furiously
- He unwittingly crossed a realmstorm onto the Worldhelm, and wishes to experience the joys of a broader world",
Enoch 1,https://media.discordapp.net/attachments/1203943383819878420/1204097166415765534/EnochGray3.png?ex=663ba45f&is=663a52df&hm=a669e45164fa7ab9e7d5dc1f056efe9040f03cb67171c50b978a3f031ded4b35&,,,,,,,,,,,,,
Enoch 2,,,https://docs.google.com/spreadsheets/d/1y7xDCaWHr0D0EZ_ZavpfV8nJkXJ6KMQDes7pqOIGhxA/edit?usp=sharing,,,,,,,,,,,
Enoch 3,,,,Weaponmaster 10/Darkblade 10/Loremaster 3/Entropist 6/Guardian 1,,,,,,,,,,
Enoch 4,,,,,,30,,,,,,,,
Enoch 5,,,,,,,Kor'Tarion,,,,,,,
Enoch 6,,,,,,,,,"An unassuming grey-haired young man, often seen with a mercenary jacket, a longsword and katana at his hip, and carrying a book that looks strangely like communist paraphernalia.",,,,,
Enoch 7,,,,,,,,,,Heirloom,,,,
Enoch 8,,,,,,,,,,,"Kisshoten-Ichimonji (Heirloom)
Invites misfortune to its wielder out of combat, or summons sword-wielding enemies",,,
Enoch 9,,,,,,,,,,,,,,Ambition
Ephraim 1,https://i.imgur.com/9Lywbf9.jpg,,,,,,,,,,,,,
Ephraim 10,,,,,,,,,,,,,,Circumstance
Ephraim 2,,,https://docs.google.com/spreadsheets/d/1bQQsetZ7RM9Quy5kr8NuAmWXabboFY63jXew1iQNhtU/edit?usp=sharing,,,,,,,,,,,
Ephraim 3,,,,"Spiritist 1
Ace of Cards ★
Fury 1
Orator 2",,,,,,,,,,
Ephraim 4,,,,,#6B2B45,,,,,,,,,
Ephraim 5,,,,,,14,,,,,,,,
Ephraim 6,,,,,,,Nezmira,,,,,,,
Ephraim 7,,,,,,,,,"Ephraim is a mercenary with an easygoing attitude. He stands at 5'11'' and has hair the color of tarnished bronze.

He can be seen playing with a shining gold coin that he always seems to have on him.",,,,,
Ephraim 8,,,,,,,,,,,"House's Cards:
Once per scene, when resolving a set using the Magic Cards skill, you may spend 10 Mind Points. If you do so, you can treat any one of the cards in your hand as a joker.",,,
Ephraim 9,,,,,,,,,,,,,"- An orphan bandit operating in the areas where Nezzim control was not so tight. Quit after a raid gone wrong became a village massacre.
- Captured and became slave to Nezzim masters. Eventually finds his way out of direct servitude and into 'working' for them instead, as a slave catcher.
- Becomes Goldhearted, and is shown a truth that the Nezzim and Humans share a common ancestry. Starts helping slaves escape from the Nezzim in secret.
- The Nezmiran Civil War against Theoris begins, and Ephraim throws in his lot with the Revolutionaries.",
Epsilon J. Affogato 1,https://i.imgur.com/qUmhuIa.png,,,,,,,,,,,,,
Epsilon J. Affogato 2,,,"[""Hey! Welcome in, what can I get started for ya? No, we don't have that on tap-""](https://docs.google.com/spreadsheets/d/1mnw_5_iJcSS81vUy0zBVVFLCq5w1zaOfPruhyiW-SwA/edit?usp=sharing)",,,,,,,,,,,
Epsilon J. Affogato 3,,,,"Gourmet (Bartender) 3
Orator 3
Merchant 2",,,,,,,,,,
Epsilon J. Affogato 4,,,,,,8,,,,,,,,
Epsilon J. Affogato 5,,,,,,,"Haven, Terra",,,,,,,
Epsilon J. Affogato 6,,,,,,,,,"A slim person with light brown skin, hair made white by their own choice, and a terrifyingly professional business sense of dress.",,,,,
Epsilon J. Affogato 7,,,,,,,,,,Beta-Stage Efficiency Upgrader Spinal Implant (Fugitive Experiment),,,,
Epsilon J. Affogato 8,,,,,,,,,,,,,,Aspiration
Erin Shephard 1,https://i.imgur.com/4o6dZB7.png,,,,,,,,,,,,,
Erin Shephard 2,,,https://docs.google.com/spreadsheets/d/1ieYWFRDhIZ4aSK2hgbcgO5Csb1N0Lw-MjhUUrWGBNog/edit?usp=sharing,,,,,,,,,,,
Erin Shephard 3,,,,"Pilot - 7
Tinkerer - 2
Guardian - 1",,,,,,,,,,
Erin Shephard 4,,,,,,10,,,,,,,,
Erin Shephard 5,,,,,,,"Steelbin, Kaiway",,,,,,,
Erin Shephard 6,,,,,,,,,Erin is a 5' 10 young woman with tan skin and shaggy brown hair. She is often seen in her uniform though it has the wear and tear of being in it when she is both training and working. A mechanical surfboard-esque thing is often slung over her shoulder that has become a staple for many who see her.,,,,,
Erin Shephard 7,,,,,,,,,,,,,"- Born and raised in Steelbin's Civilized Zone with her older brother, Anthony Shephard. Their parents made their living being mechanics for Machina.
- The two siblings were raised to be skilled craftsmen and Anthony gained patronage to the Academy due to engineering skills. Anthony then brought attention to his younger sister Erin, who held the same promising skills but seemed more focused on using it on her own projects.
- Under Anthony's recommendation, Erin received the same patronage but was more eager at the chance to leave Steelbin behind than learning new skills.
- Erin has been a student now for two years and while her brother was a perfect student, she failed to meet those expectations so she focused on proceeding to do the bare minimum to stay enrolled and no more than that.",
Erin Shephard 8,,,,,,,,,,,,,,Ambition
Eris L'arca 1,https://i.imgur.com/3GptfuG.jpeg,,,,,,,,,,,,,
Eris L'arca 2,,,https://docs.google.com/spreadsheets/d/1qnlfTzkHRmIXF1PjVZ5RCeE7rZgLNxY8HQWnK6RYXVk/edit?gid=0#gid=0,,,,,,,,,,,
Eris L'arca 3,,,,"Dancer, Rogue, Weaponmaster",,,,,,,,,,
Eris L'arca 4,,,,,,5,,,,,,,,
Eris L'arca 5,,,,,,,The Fae Realm of Kor'Tarion,,,,,,,
Eris L'arca 6,,,,,,,,,"Eris is a Faerie with many rabbit-like features standing at 4'1"". Small, but with plenty of presence. She has dark skin and short, puffy white hair with springy rabbit ears poking out from the top of her head and deep green eyes. Her favorite attire for dancing is a flowing green two-piece cloth that leaves plenty of room for her to breath during her performances. A small, round fluffy rabbit tail sits on her lower back.
During her dances, she sprouts graceful white bird wings that seem to radiate with the colors of a peacock, leaving a torrent of feathers in their wake, like confetti during a celebration.",,,,,
Eris L'arca 7,,,,,,,,,,,,,"• Lost from her family in the Fae Realm, wandered looking for them until being sent to the Ruined Kingdom

• Learned how to fight by a mentor in a town she stumbled upon, she used this talent to help the people bring light into the darkness of the realm.

• A Realmstorm suddenly hit her, losing another parental figure of hers. She goes on adventures to look for them and her birth family.

• She desires to bring peace, freedom, hope, and joy to any realms she visits.",
Eris L'arca 8,,,,,,,,,,,,,,Hope
Ernest 1,https://i.imgur.com/jDJ77kt.jpeg,,,,,,,,,,,,,
Ernest 2,,,https://docs.google.com/spreadsheets/d/1fTa5PN5PVrfQZnltU8dDPF6LiahMmWe7fQmf_gu-m84/edit?usp=sharing,,,,,,,,,,,
Ernest 3,,,,"Fury 4
Sharpshooter 3
Guardian 1",,,,,,,,,,
Ernest 4,,,,,,8,,,,,,,,
Ernest 5,,,,,,,"Hedgeberg, Lhodos",,,,,,,
Ernest 6,,,,,,,,,"""An older human. Their face is ugly with age, but their lineaments still have a softness to them. Their white hair is usually messily tied back, and it is not uncommon to see them wear a beret or cap.
They are always dressed with modest clothing, kept to near perfection.
Their posture is usually weary and tense; could it simply be the weight of their years?
Strange, they only go by their first name.""",,,,,
Ernest 7,,,,,,,,,,Old Transport,,,,
Ernest 8,,,,,,,,,,,\- **Arm-Mounted Cannon** [No Qualities],,,
Ernest 9,,,,,,,,,,,,,,Belonging
Evelyn Mayer 1,https://media.discordapp.net/attachments/351820925852712962/1203086972093210654/image.png?ex=663b434e&is=6639f1ce&hm=5da5ca5d4de3379bd10ed20083645514f7790770966d564836ce44c739a55536&,,,,,,,,,,,,,
Evelyn Mayer 2,,,https://docs.google.com/spreadsheets/d/1ayP-Rq-dFLkRa62vScZ-KVdM-DSbqiEdD7SE1SOKc0Y/edit?usp=sharing,,,,,,,,,,,
Evelyn Mayer 3,,,,"Tinkerer 3
Floralist 1
Rogue 2",,,,,,,,,,
Evelyn Mayer 4,,,,,,6,,,,,,,,
Evelyn Mayer 5,,,,,,,"Lhodos, The Boundless Ocean",,,,,,,
Evelyn Mayer 6,,,,,,,,,"Evelyn stands at 5'9"" with their messy blue hair only tied up with the ponytail behind then. A eyepatch over one of their eyes as they dress in an almost ostentatiously and aggressively in pirate fashion.",,,,,
Evelyn Mayer 7,,,,,,,,,,,,,,Enjoyment
Ezra White 1,https://media.discordapp.net/attachments/1191865670338613400/1191866600299700315/token_1_73.png?ex=663b5005&is=6639fe85&hm=024b2f2c3b43c2e58ad71468c0221469c9b2eed3ba001d87cb0c13c48068310f&,,,,,,,,,,,,,
Ezra White 2,,,https://docs.google.com/spreadsheets/d/1fLzpgkgcRVtz0uq8HXarCdhOXyS-yaEd2dG_WeOR5RA/edit#gid=0,,,,,,,,,,,
Ezra White 3,,,,Dancer 3 // Spiritist 1 // Weaponmaster 1,,,,,,,,,,
Ezra White 4,,,,,,5,,,,,,,,
Ezra White 5,,,,,,,Skamos (Nezmira),,,,,,,
Ezra White 6,,,,,,,,,A catboy with light red clothes and a fancy rapier at his side.,,,,,
Ezra White 7,,,,,,,,,,,,,,Justice
Fable 1,https://cdn.discordapp.com/attachments/636256402482135049/1320564023275688008/friend_w_hat-Portrait_45.png?ex=676a0e96&is=6768bd16&hm=ea2e698d6a0638cdf452ce90b781574dd52c205a6db012db6eaa33ce4eb7b338&,,,,,,,,,,,,,
Fable 2,,,https://docs.google.com/spreadsheets/d/1M8iKf4XgrZnEbpPParrjcxoFwbXX3lziEraS_5Yz0G0/edit?gid=0#gid=0,,,,,,,,,,,
Fable 3,,,,2 Entropist | 1 Weaponmaster | 2 Esper,,,,,,,,,,
Fable 4,,,,,,5,,,,,,,,
Fable 5,,,,,,,"The Gwaed Forest, Kor'Tarion",,,,,,,
Fable 6,,,,,,,,,"Fable is a little thing, still standing as tall as they can at 4' total (but they float to about 5'7"", usually) A body, bleak as ink, is blotted with tufts of fluffy snow-white fur. Flanking each side of their head are two perky, long ears like a rabbits, and a crown of jagged horns like those of an upturned buck. A floofy white tail, like a wolves sways behind them, and their slender legs end in a pair of tiny paws. They are decorated with muted cloths of black, and blue, bits of armor and metal protecting important bits. A large, blue-green gem hangs off their neck on a thick loop.

In total shadow, their moony yellow eyes breach the dark, as do the ends of their horns, and the bases of their ears in an eerie white and violet glow.",,,,,
Fable 7,,,,,,,,,,"Outcast Faerie
- Learned Spell: Drain Spirit
- Fae Weakness: Fable is unable to make willful contact with any iron or iron alloys unless it is to defend, save, or fight someone or something.
""Steel is not to be drawn, until it's purpose is to be fulfilled""",,,,
Fable 8,,,,,,,,,,,,,,Bravery
Fabri Caetspells 1,https://i.imgur.com/2MzQkh7.jpeg,,,,,,,,,,,,,
Fabri Caetspells 2,,,https://docs.google.com/spreadsheets/d/1yR3hxe9r7p9E9iStxGtbCKHqrsUWp5IgBcZKcAKT4nA/edit?gid=0#gid=0,,,,,,,,,,,
Fabri Caetspells 3,,,,"Tinkerer 3
Elementalist 1
Wayfarer 1",,,,,,,,,,
Fabri Caetspells 4,,,,,fdf900,,,,,,,,,
Fabri Caetspells 5,,,,,,5,,,,,,,,
Fabri Caetspells 6,,,,,,,"southrock, Terra",,,,,,,
Fabri Caetspells 7,,,,,,,,,"A smaller slightly wider woman with sparkly eyes and large poofy curly hair tied back with blue highlights in it. She is dressed as a lightning themed magical girl with slight Mechanical accessories, including her gloves that has her magispheres inside. She also has a cute little umbrella as her spellcasting implement",,,,,
Fabri Caetspells 8,,,,,,,,,,,,,"Comes from a family of rich celebrities from terra
Fabri's mother, Vindi, working for NTT is trying to rebrand magic to become a face of a group and gain even more fame
This skyrocketed the family into even more celebrity status due to controversy
Vindi as part of a magical rebranding stunt claimed that her daughter was a spell caster
Fabri being her oldest child was set up as said spellcaster despite not being able to cast spells
Uncle teaches Fabri to create spells via magisphere
uses it to ""fake it till she made it""
Vindi uses Fabri to try and push magic to be more ""friendly and light hearted"" to change public opinion
uses her connections to make Fabri a storm ""superhero"" as part of her brand
Fabri believes every word of it",
Fabri Caetspells 9,,,,,,,,,,,,,,Acceptance
Fafnir 1,https://cdn.donmai.us/original/e9/08/__leona_and_sunstone_alchemy_stars_drawn_by_blazpu__e9085e1277102360b734535254595356.jpg,,,,,,,,,,,,,
Fafnir 2,,,https://docs.google.com/spreadsheets/d/1SMs0XYaWD_F_krUIjt2GMoabmDZbef50Rb59qrF0l9Q/edit,,,,,,,,,,,
Fafnir 3,,,,"3 Mutant
1 Darkblade
1 Arcanist",,,,,,,,,,
Fafnir 4,,,,,,5,,,,,,,,
Fafnir 5,,,,,,,"Idyll, The Fifth Layer Asga",,,,,,,
Fafnir 6,,,,,,,,,"Tall with a head of red hair like blood and fire, eyes that smolder like the inside of a volcano. Red scales lineing different parts of her body in clusters from her scaled and clawed hands and around her neck. Two black horns coming from the top that curve and curl into sharpened points along with large black wings that sprout out from the back. She stands at 6'3 normally, constantly radiating warmth and at times under certain situations smells of blood.",,,,,
Fafnir 7,,,,,,,,,,,,,,Vengeance
Fang 1,https://media.discordapp.net/attachments/993669543471874120/1196310328242348083/IMG_0820_removebg.png?ex=663affd0&is=6639ae50&hm=6e6e6e5cbf291bdeb53ab39c73aa245c29dccfe26a8c74af98003682067bbe0d&,,,,,,,,,,,,,
Fang 2,,,https://docs.google.com/spreadsheets/d/1PimlatDpHKgR7xuCBfehZ7JNW7X-5PFv1ui8YWBA8Is/edit,,,,,,,,,,,
Fang 3,,,,"Dancer 7, Sharpshooter 2, Rogue 2",,,,,,,,,,
Fang 4,,,,,,11,,,,,,,,
Fang 5,,,,,,,Merrane,,,,,,,
Fang 6,,,,,,,,,"A quite effeminate young man with a lithe build, Fang stands at around 5’4” and 102 lbs. A pair of canine ears poke above a head of light auburn hair, tied back in a ‘stylishly unkempt’ ponytail and pigtails combo. A matching tail often swishes eagerly below any number of cute outfits, many of which were tailored by Fang himself.
He often wears a pair of odd gloves: stylish, but with a dull humming of magitech woven through the fabric that allows him to manipulate the small blades he utilizes in both dressmaking and combat.",,,,,
Fang 7,,,,,,,,,,,,,,Ambition
Fernia 1,https://i.imgur.com/NzN3me1.jpeg,,,,,,,,,,,,,
Fernia 10,,,,,,,,,,,"Ebonlight Vesture - Otherworldly Veil Runic Armor
Fernia's Parasol - Swordbreaker Runic Shield
Frozen Spark Lantern - Dual Resistance (Ice/Bolt) Runic Shield
Floracord Pendant - Kindred Accessory",,,
Fernia 11,,,,,,,,,,,,,"- Was a simple traveling botanist studying plants.
- Got rumors of strange flowers showing up in the Irathwood and went to investigate.
- While looking for the flowers in the rumors she was attacked by something and blacked out.
- When she awoke she found a flowering plant she did not know had begun growing on her and was holding her injuries together.
- When trying to remove the plant she was inflicted with intense pain that caused her to almost pass out. When she does things this bloom seems displeased with it causes her pain or discomfort.
- Over time the color in her hair and skin began to fade turning white and becoming pale.",
Fernia 12,,,,,,,,,,,,,,Perseverance
Fernia 2,,[Fernia Bio](https://discord.com/channels/1169852846083153941/1170111183869706362/1313555191999627316),,,,,,,,,,,,
Fernia 3,,,[Fernia Sheet](https://docs.google.com/spreadsheets/d/1GUHCTaSPSOCFntYS21Ig43NNTeJzEi958MZstNmemtY/edit?gid=0#gid=0),,,,,,,,,,,
Fernia 4,,,,Wayfarer ★ | Floralist 2 | Guardian 7 | Weaponmaster 1,,,,,,,,,,
Fernia 5,,,,,#18848E,,,,,,,,,
Fernia 6,,,,,,20,,,,,,,,
Fernia 7,,,,,,,Kor' Tarion - Irathwood,,,,,,,
Fernia 8,,,,,,,,,Pale skin and white hair due to the color being drained from them. Dresses modestly with most of her body covered and has an eye patch over her right eye. Seems to wear several flowers in her hair. But with close impaction or high observation skills can tell those flowers are actually growing from her body.,,,,,
Fernia 9,,,,,,,,,,Aboreal,,,,
Finch 1,https://images-ext-1.discordapp.net/external/Ethu6fcjyX-ZsX_8PWiZvfaNlf_rhJO9713Wu7PZ2ow/https/cdn.donmai.us/original/98/4c/__percival_granblue_fantasy_and_1_more_drawn_by_kanapy__984cd1dd15c026aaa950ae10632fc1ee.png,,,,,,,,,,,,,
Finch 2,,,https://docs.google.com/spreadsheets/d/1HUePIomwrmRhkDLvBf_EGuU9zMANeMQIbipZhIpeJUY/edit?usp=sharing,,,,,,,,,,,
Finch 3,,,,"Gourmet 2, Loremaster 2, Weaponmaster 1",,,,,,,,,,
Finch 4,,,,,,5,,,,,,,,
Finch 5,,,,,,,Kal'Tarion,,,,,,,
Finch 6,,,,,,,,,"Height: 5'11"" Eyes: Red
Weight: 195 lbs Hair: Light Red
Chest has a scar from his first battle against monsters. It is in the form of 3 claw marks.",,,,,
Finch 7,,,,,,,,,,"Elemental Soul (Fire, Wkn Ice)",,,,
Finch 8,,,,,,,,,,,,,,Ambition
Finnley 1,https://images-ext-1.discordapp.net/external/Li1OpxX-jJ3uTC1K6SMndtsVtt4jcMSBBvCdGQVI04Y/https/i.pinimg.com/564x/8d/91/a5/8d91a528c6b6b28787ab39a3c9e2de08.jpg,,,,,,,,,,,,,
Finnley 2,,,https://docs.google.com/spreadsheets/d/1_CUJI_J8fqezEjXQ5TwDKoGGXjYVgjE81VNA-mRCd3A/edit#gid=0,,,,,,,,,,,
Finnley 3,,,,"Chanter  3
Orator 2",,,,,,,,,,
Finnley 4,,,,,,5,,,,,,,,
Finnley 5,,,,,,,Kor'Tarion,,,,,,,
Finnley 6,,,,,,,,,"An average height individual of slim build adorned in ""stylish"" attire ,and pale hair",,,,,
Finnley 7,,,,,,,,,,,,,,Ambition
Flare 1,https://images-ext-1.discordapp.net/external/s2CAjMtZMrkXRdFiC83fZL6_vaNdyel8Ln_HVrJyVPc/https/i.imgur.com/m1LDWXb.png,,,,,,,,,,,,,
Flare 2,,,https://docs.google.com/spreadsheets/d/1OtHSa1g51KpMxss4BQrBolZZ821BHx_TXnHwQFzY7Hw/edit#gid=0,,,,,,,,,,,
Flare 3,,,,"Tinkerer 2
Floralist 3
Entropist 2",,,,,,,,,,
Flare 4,,,,,,7,,,,,,,,
Flare 5,,,,,,,"Dryholde, Kor'Tarion",,,,,,,
Flare 6,,,,,,,,,A man who has purple leaves instead of hair. Roots can be seen growing within parts of his skin. He wears a large cloak and long sleeves - likely to hide his unconventional appearance from others.,,,,,
Flare 7,,,,,,,,,,"The Long Dream
At the end of each session (approximately four hours of play), before assigning XP, roll 2d20. If you roll equal to or lower than your current character level, the last farewell grows closer. When a rule or ability requires you to spend Hit Points, Mind Points, or Fabula Points, you may instead ignore that cost. If you do, the last farewell grows closer; after you ignore a cost this way, if the last farewell has grown closer at least 10 times, the moment has come to leave the world of humans.",,,,
Flare 8,,,,,,,,,,,,,,Life
Florian Valstrider 1,https://images-ext-1.discordapp.net/external/62ct4S29xTxv5O7ChsfAg8WQa10oE1JXqTKv1wKSRho/https/i.pinimg.com/originals/bb/7b/35/bb7b35eb6ce75776ccc4ef6c8eba896f.jpg,,,,,,,,,,,,,
Florian Valstrider 2,,,https://docs.google.com/spreadsheets/d/1ivqBjCuNLESkIka43fydrBaMvUpqZiu3JD4EibKjuKM/edit#gid=0,,,,,,,,,,,
Florian Valstrider 3,,,,"Elementalist 2
Pilot 2
Chimerist 1",,,,,,,,,,
Florian Valstrider 4,,,,,,5,,,,,,,,
Florian Valstrider 5,,,,,,,"Forest Home, Merrane, Lhodos",,,,,,,
Florian Valstrider 6,,,,,,,,,"Moderately tall, and wiry for a would-be soldier, Florian dresses in a variety of well-tailored paints and vests with a long formal coat. Soft leather boots, suited for hiking, are the only part of his outfit that would suggest he was anything different than the average Merrani young noble or academy student. Wearing glasses over green eyes, his intricate staff and a crystal amulet tucked under his vest are the only weapons and/or magitech visible.",,,,,
Florian Valstrider 7,,,,,,,,,,,,,,Belonging
Flynn Hyacinthus 1,https://i.imgur.com/tLn1Thc.png,,,,,,,,,,,,,
Flynn Hyacinthus 10,,,,,,,,,,,,,"-Born and raised in Tradefair to a poor family
-Worked under a noble family as their servant and learned to dance there
-Left the house when he came of age and worked as a mercenary against L.U.T
-Now is apart of the Trueheart Coalition and working to become a noble in Tradefair
-Doesn't have his soul treasure, has his past lover's soul treasure inside him instead",
Flynn Hyacinthus 11,,,,,,,,,,,,,,Chivalry
Flynn Hyacinthus 2,,,https://docs.google.com/spreadsheets/d/1f-ARXQnbeS_UvCXAkttTGyOmaR6tJL-zdWfNFCNpWRM/edit?usp=sharing,,,,,,,,,,,
Flynn Hyacinthus 3,,,,"★ Rogue
★ Orator 
★ Dancer
2 Empath
1 Guardian",,,,,,,,,,
Flynn Hyacinthus 4,,,,,#FFBF00,,,,,,,,,
Flynn Hyacinthus 5,,,,,,33,,,,,,,,
Flynn Hyacinthus 6,,,,,,,Kor'Tarion - Tradesfair,,,,,,,
Flynn Hyacinthus 7,,,,,,,,,"Flynn stands roughly around 5'5 (165cm), decorated in noble styled clothing and different jewelry. On top of his head is a pair of cat ears with tuffs of fluff coming out of them. A large, fluffy tail that often tucked beneath his cloak. His hair a natural blonde, being normally unkempt despite his best efforts. An aura of confidence and chivalry comes from him and his actions. A smile always present on his face.",,,,,
Flynn Hyacinthus 8,,,,,,,,,,Goldhearted Faerie,,,,
Flynn Hyacinthus 9,,,,,,,,,,,"**Heartache:** - Status Plus (Poison) 
**Sunburn:** - Status Plus (Enraged)
**Duet's Finale:** - World Savior
**Bonded Bracelets:** - With Orion
**Petals of Matrimony**
**Duet's Accompaniment:** Lion's Health",,,
Gabriel Moonfallen 1,https://i.imgur.com/pVu6dW6.png,,,,,,,,,,,,,
Gabriel Moonfallen 2,,https://discord.com/channels/1169852846083153941/1170111183869706362/1305553854313529344,,,,,,,,,,,,
Gabriel Moonfallen 3,,,https://docs.google.com/spreadsheets/d/1xkVap4_iyL1R7jg4MY2oFdk6q99DIlTXk4g64mjGEOg/edit?usp=sharing,,,,,,,,,,,
Gabriel Moonfallen 4,,,,"Mutant 10
Weaponmaster 1
Tinkerer 1",,,,,,,,,,
Gabriel Moonfallen 5,,,,,,12,,,,,,,,
Gabriel Moonfallen 6,,,,,,,"The Gwaed Forest, Kor'Tarion",,,,,,,
Gabriel Moonfallen 7,,,,,,,,,"A six foot lean androgynous person, covered all over in white feathers with two large white wings on their back. They have clothing that covers part of their head and neck. Their chest is mostly exposed (they have a male body) and they have a skirt made out of their own feathers down to knee length. They have bird like claws instead of hands and feet.",,,,,
Gabriel Moonfallen 8,,,,,,,,,,Flight,,,,
Gabriel Moonfallen 9,,,,,,,,,,,,,,Understanding
Gabu 1,https://i.pinimg.com/736x/34/c7/f9/34c7f9d5e21c5b7688b464d48154fe37.jpg,,,,,,,,,,,,,
Gabu 10,,,,,,,,,,"Leadhearted Fae (modified Fettered Heart)

Commandments:
- **Never** let anyone else steal the spotlight
- **Always** repay an insult

Rules broken 4/7 times",,,,
Gabu 11,,,,,,,,,,,"- Bzzt Amulet (Accessory, Resistance to Bolt)
- Sea Trickster’s Robe (Combat Tunic, Marked-Dazed)
- Domain: Chaotic Winds (Accessory, briefly gain flight after dealing Air damage)
- Domain: Water Currents (Accessory, Frostbite - Ice, Slow)
- Hull Breacher (Heavy one-handed weapon, [MIG+MIG]+1; [HR+11] Dark damage, Symbiotic Weapon)
- Friend's Hat (Accessory, Reassuring)
- Demonsteel Claws (Dagger one-handed weapon, [DEX+MIG]+1; [HR+6] Dark damage, [Soulspeed](<https://discord.com/channels/1169852846083153941/1188741294793691186/1323766516117671977>))
- Lead Promise (Dagger one-handed weapon, [DEX+DEX]+1; [HR+7] Poison damage, World Savior)
- Soulbite (Dagger one-handed weapon, [DEX+MIG]+1; [HR+8] Physical damage, Status Plus: enraged)
- Ugly Duckling's Golden Feather",,,
Gabu 12,,,,,,,,,,,,,"- The current incarnation of the demon of Envy, whose essence was tampered with by the Dream Weaver to create something less dangerous
- They spent 72 years claiming a semblance of humanity, eventually making a name for themselves as Gabu, protector of the Mirland Coast
- Eventually, to save a friend they turned back into their old form, regaining their more demonic and envious persona. They are however trying to be better.",
Gabu 13,,,,,,,,,,,,,,Envy
Gabu 2,,https://discord.com/channels/1169852846083153941/1170111183869706362/1285505749514063932,,,,,,,,,,,,
Gabu 3,,,"[We tried, we really tried...](https://docs.google.com/spreadsheets/d/1ePv5OUvq3tGibPqlx-xQb0tBk7K5yfC2c0oCRx-PdqA/edit?usp=sharing)",,,,,,,,,,,
Gabu 4,,,,"Mutant [★]
Rogue [★]
Esper [★]
Weaponmaster [1]
Darkblade [6]",,,,,,,,,,
Gabu 5,,,,,#00ffe3,,,,,,,,,
Gabu 6,,,,,,37,,,,,,,,
Gabu 7,,,,,,,"Kor'Tarion, The Mirland Ocean",,,,,,,
Gabu 8,,,,,,,,"Those We Left Behind, Envy",,,,,,
Gabu 9,,,,,,,,,"A slender creature with a vague humanoid shape, with dark green rubbery skin, long messy hair, and bug, white, unblinking eyes. Pink markings reminding of demonic seals traverse their body.

They tend to stare silently at people, communicating through magically conjured pieces of written paper in fear of their voices. When they do speak, they do so in the voices of those the listener left behind in their life.

They aren't very expressive, but anyone getting too close may feel their self loathing in the air...",,,,,
Gaius Decimus 1,https://i.imgur.com/BjhNgl0.jpeg,,,,,,,,,,,,,
Gaius Decimus 10,,,,,,,,,,,,None,,
Gaius Decimus 11,,,,,,,,,,,,,"Originally born in Last Hold, Gaius came into contact with several key aspects of the Culture of the empire early on: Being oppressed due to being a human, the branding and exploitation of mages and the hunters, going out into the desert to cull the Kiir. All of this has influenced him to go out into the desert himself, to escape the constant oppression, but also to hide his nascent magical abilities from the Nezzim. He became a skilled hunter relatively fast, but much changed when he stumbled upon an old stone tablet, talking about Falak-khan in the Short Peaks. He had heard rumours of this god in the past, but was now completely fascinated with him.  Nowadays, he's wandering the dunes, trying to find a sign of this god to enkindle the spirits of his fellow oppressed  against the Nezzim. To this end, he's seeking out everybody who might know more about the ancient stories, but also talking to other people, especially hunters, to slowly spread the tales and a hope for a new dawn.",
Gaius Decimus 12,,,,,,,,,,,,,,Rebellion
Gaius Decimus 2,,https://discord.com/channels/1169852846083153941/1170111183869706362,,,,,,,,,,,,
Gaius Decimus 3,,,https://docs.google.com/spreadsheets/d/1mXNjDiNIQr8oxDxBbZNUQy7BZZ4eD0YAQiAVWNMR1iQ/edit?usp=sharing,,,,,,,,,,,
Gaius Decimus 4,,,,Loremaster 1 / Weaponmaster 2 / Lightblade 2,,,,,,,,,,
Gaius Decimus 5,,,,,,5,,,,,,,,
Gaius Decimus 6,,,,,,,"Nezmira, Scalefire Empire, Last Hold",,,,,,,
Gaius Decimus 7,,,,,,,,,"Gaius is of average high, but is obviously quite fit. His mid length hair is a wavy, dirty blonde and the most striking feature of his face are the odd-coloured eyes. One is brown and one is blue. He tends to wear rather light clothes under his armour and when he can he at least carries his weapon everywhere, but quite often he can be seen with his shield as well. 
While he often looks serious or even anguished, he has a light smile and a friendly demeanour once people talk to him, which can clash with his martial appearance.",,,,,
Gaius Decimus 8,,,,,,,,,,None,,,,
Gaius Decimus 9,,,,,,,,,,,None,,,
Gareth 1,https://i.imgur.com/mtgT3Xn.png,,,,,,,,,,,,,
Gareth 2,,,https://docs.google.com/spreadsheets/d/1orQdPJdB-qqIc5TYxRRnGfvBHQ6qPPyiKE8g8Q9vZMk/edit?usp=drivesdk,,,,,,,,,,,
Gareth 3,,,,"Guardian 3, Lightblade 2",,,,,,,,,,
Gareth 4,,,,,,5,,,,,,,,
Gareth 5,,,,,,,"Idyll, Sum",,,,,,,
Gareth 6,,,,,,,,,"Gareth is tall and pale blonde, with tan skin and dark eyes. He dresses in light layers and carries everything  he owns in a bag strung over his shoulders.",,,,,
Gareth 7,,,,,,,,,,,,,"He has lived in Idyll for as long as he can remember. He was originally born on Terra, but the memory has faded such that he doesn't know what his life there was like. He doesn't even remember how long he'd been in Barza when he met Mya. She was exactly what he needed to face the layers of Idyll-- quick and decisive when he was uncertain, ruthless and cutting when he was gentle. They made a good team. They made their way down over the course of years, until Gareth could scarcely remember a time before he had Mya. Down they went, layer by layer, until they got stuck in the sands of Sum. And when she hardened too much, when she turned to stone... he couldn't lose that. 
For the last two years, Gareth has been painstakingly moving Mya's statue with him through the sand. He is determined to find a way to fix her and bring her with him when he finally escapes Idyll for good.",
Gareth 8,,,,,,,,,,,,,,Devotion
Gaspar Pianissimo 1,https://i.pinimg.com/736x/3a/f3/85/3af385ed0b95d0fea2ac19940865cf9c.jpg,,,,,,,,,,,,,
Gaspar Pianissimo 2,,,[I'll let my music and my actions speak for me...](<https://docs.google.com/spreadsheets/d/1hUYsJspdHY6Uc0jfjzCq33pqfwuXy8MW4DtPZ2C01kI/edit?gid=0#gid=0>),,,,,,,,,,,
Gaspar Pianissimo 3,,,,"Entropist [2]
Necromancer [1]
Spiritist [2]",,,,,,,,,,
Gaspar Pianissimo 4,,,,,,5,,,,,,,,
Gaspar Pianissimo 5,,,,,,,"Paradise, Idyll",,,,,,,
Gaspar Pianissimo 6,,,,,,,,,"A tall and lean man with dark skin, white hair, and pointed ears. He always dresses elegant with perfectly tailored clothes in pastel colors and golden accents, accompanied with delicate golden accessories. He always carries with him his violin, a gift received centuries ago from someone he deeemed important, but can't quite remember.

Bearing a curse from the Lord of Paradise, ghostly butterflies always follow him and dance to the sound of his music, always ready to silence him at the slightest sign of insubordination.",,,,,
Gaspar Pianissimo 7,,,,,,,,,,The Long Dream,,,,
Gaspar Pianissimo 8,,,,,,,,,,,,,,Doubt
Gianna Tomaris 1,https://i.postimg.cc/Cxz9TpGt/Gianna-1.png,,,,,,,,,,,,,
Gianna Tomaris 10,,,,,,,,,,,"- Tomaris Great Gauntshield (Heirloom, Runic Shild with Frost Aura-Dazed)
- Dragonfang Cape (Accessory, Memorize-Terra)
- Bloodmaid's Dress (Steel Plate with Otherworldly Veil)
- Evercold Shield Projector (rare runic shield, Ice damage resistance)
- Portable Fulguractite Refractor (rare runic shield, Bolt damage resistance)
- Burning Lava Magigauntlet (rare runic shield, Fire and Earth damage resistance)
- The Scarlet Phylactery (accessory, Vicious)
- Restrictive Arm Cage (accessory, Mindful)
- Day's End Medallion (accessory, Marked: dazed)
- Broomstick: Firearm ◆ Two-Handed ◆ Melee ◆ [INS + MIG] ◆ [HR + 12] physical ◆ Quality: Street Sweeper
- Beatstick: Heavy ◆ One-Handed ◆ Melee ◆ [INS + MIG] ◆ [HR + 10] physical ◆ Quality: Vengeful Retaliation
- Absolute Greatshield (Quality: Embankment)",,,
Gianna Tomaris 11,,,,,,,,,,,,,"- Former factotum at her family's inn in Lhodos' Northern Tundra, eventually her house/inn got burned down by unknown people
- Before going back to try and save the family from the burning building, her father handed her the family heirloom, a magitech gauntlet
- She tried to save her family herself, but failed and is saved from certain death by a realmstorm
- During her time as a hero, she discovered she can cast magic on her own. She's still unsure how to feel about it",
Gianna Tomaris 12,,,,,,,,,,,,,,Anger
Gianna Tomaris 2,,https://discord.com/channels/1169852846083153941/1170111183869706362/1283790985968746511,,,,,,,,,,,,
Gianna Tomaris 3,,,[How can I be of assistance?](https://docs.google.com/spreadsheets/d/1Qb-ePsdM0lIAYT7QKh_Ls7uIFAqFLyTDsMa8I9TpPZc/edit?usp=sharing),,,,,,,,,,,
Gianna Tomaris 4,,,,"Elementalist [★]
Fury [★]
Guardian [2]
Pilot [3]
Spiritist [2]",,,,,,,,,,
Gianna Tomaris 5,,,,,#734300,,,,,,,,,
Gianna Tomaris 6,,,,,,27,,,,,,,,
Gianna Tomaris 7,,,,,,,Lhodos (Yorme),,,,,,,
Gianna Tomaris 8,,,,,,,,,"Gianna stands at 5'11'', carrying herself proudly and elegantly with a stylish walking cane she retains from a period of struggle. She can be usually seen in a maid's attire, complete with even an apron filled with pockets where she keeps all sorts of useful stuff. Lately, she picked up on dressing with more casual clothes, too. Whatever her outfit, she always wears her magical gauntlet, since it tends to react violently when separated from her.
Brown eyes, brown hair kept loose that seem to be burning at the tips",,,,,
Gianna Tomaris 9,,,,,,,,,,"Heirloom: The Tomaris Great Gauntshield
- Flaw: due to the unstable nature of its magic crystals, it reacts violently with ambient magic, creating heavy explosions",,,,
Gin 1,https://i.imgur.com/1yBLBXy.jpeg,,,,,,,,,,,,,
Gin 2,,,https://docs.google.com/spreadsheets/d/1oiSMUaqDOyMNS69ucVHiGT71BcvPRej44cUucVr6nt8/edit?gid=1554050592#gid=1554050592,,,,,,,,,,,
Gin 3,,,,"☆Onmyoji [Arcanist]
☆ Sword Saint [Weaponmaster]
4 Emperor [Commander]
5 Awakened Soul [Esper]
1 Warlord [Guardian]",,,,,,,,,,
Gin 4,,,,,,30,,,,,,,,
Gin 5,,,,,,,"Tian Yin, Teisei, Shrine of Inexorable Tides",,,,,,,
Gin 6,,,,,,,,,"A lithe swordsman with feminine features, Gin stands at roughly 5'3""/160cm. Cerulean hair cascades over sapphire eyes and porcelain skin.

Their neutral expression conveys mixed feelings. A stern countenance wrought by grief and obligation, but a soft look in their eyes that conveys deep empathy for the pain of others.",,,,,
Gin 7,,,,,,,,,,"Water Cultivator
> Can change damage dealt to Ice
> Vulnerable to Earth damage
> Can do Elementalist Rituals that relate to the Water/Ice element",,,,
Gin 8,,,,,,,,,,,"Gin's Red String of Fate [Shuye]
> When Gin invokes their Bond with Shuye during a Check, he recovers 5 HP/MP. If Shuye is in the scene, you recover 10 HP or MP instead.

Gin's Divine Guzhuang, Silken Tapestry of Waves, Mantle of he who bears the Mandate of Heaven and Dominion over the Realm of Mortals
> 12 Def
> Resistance to Spell Damage. Gin regains 5 MP when hit by a Spell.

Gin's Yasutsuna - The Onislayer, Divine Legacy of Nobunaga, Lodestar of the War of Heaven
> [WLP/WLP +8][HR+10] Light Melee ✦ Weapon
> Multi [3]

Gin's Singing Sword, Melody of Eternal Battle, Divine Elegy of Endless Morale, Warbanner of Teisei 
> [WLP/WLP +8][HR+8] Bolt Melee ✦ Weapon
> Energy Vamp",,,
Gin 9,,,,,,,,,,,,,,Destiny
Godric 1,https://i.imgur.com/dgmyAYW.png,,,,,,,,,,,,,
Godric 10,,,,,,,,,,,"Recover 5 MP on attack, Mindful and +2 SL on Resonance",,,
Godric 11,,,,,,,,,,,,,"- Only son of a family of corrupt merchants in Brightshield that hates mages
- Learned magic despite parents disapproval, they cause an accident and blame him for it, forcing him to abandon magic for years
- Renounces his name after discovering what happened, becoming a ""hero"" and a failed mercenary
- __Ends up at the Worldhelm__
- Gets involved with the Yokai of Aldistir due to Sakura
- Works as a mercenary in Kor'Tarion and has to deal with Rosalia
- Grows close to Dai Shuye and works with Gin to save her",
Godric 12,,,,,,,,,,,,,,Duty
Godric 2,,https://discord.com/channels/1169852846083153941/1170111183869706362/1277735434373562429,,,,,,,,,,,,
Godric 3,,,https://docs.google.com/spreadsheets/d/1vROwnfMglyfblPwBAFg0F-sINqlh7pemzahCobp5faA/edit,,,,,,,,,,,
Godric 4,,,,"Chanter ★
Esper ★
Guardian ★
Pilot [2]
Elementalist [1]",,,,,,,,,,
Godric 5,,,,,#fee89e,,,,,,,,,
Godric 6,,,,,,33,,,,,,,,
Godric 7,,,,,,,"Brightshield
Kor'Tarion",,,,,,,
Godric 8,,,,,,,,Godric Ashmont,,,,,,
Godric 9,,,,,,,,,"Haughty looking 6'0"" guy in shiny armor and a big shield.

In fights, he uses wide range aura magic that comes from his body, usually star-shaped through intentional effort.",,,,,
Graveyard 1,https://i.imgur.com/CPnFxyn.jpg,,,,,,,,,,,,,
Graveyard 2,,,"[Greetings. If I had a name, it is lost to me, but my favorite poem from a scroll I found on one of my friends is as follows: ""Bitter Winter Ground, The Graveyard Empty and Still, Welcoming The Warmth""](https://docs.google.com/spreadsheets/d/1JJj-cHTJJPxTGfQCFhQ_9tEjDA25Mv0UYPhfBOq5lMg/edit?gid=0#gid=0)",,,,,,,,,,,
Graveyard 3,,,,"Mutant
Fury
Necromancer",,,,,,,,,,
Graveyard 4,,,,,,5,,,,,,,,
Graveyard 5,,,,,,,"Teisei, Tian Yin [The Temple of Broken Blades]",,,,,,,
Graveyard 6,,,,,,,,,"Light brown skin, a youthful and hale visage, empty yellow eyes, and wisdom that also forgets how much time has passed.",,,,,
Graveyard 7,,,,,,,,,,Cultivator (Void/Air. Weak to Heavenly/Light),,,,
Graveyard 8,,,,,,,,,,,,,,Duty
Grimalkin II 1,https://i.imgur.com/3eHqDMs.png,,,,,,,,,,,,,
Grimalkin II 10,,,,,,,,,,,,,"- A young cat yokai that has lost his mama
- Lived all around the forests of Aldistir
- Became blessed with speech by Kuzunoha one day
- Subsequently whisked away to the Worldhelm while searching for his mother, Grimalkin I",
Grimalkin II 11,,,,,,,,,,,,,,Innocence
Grimalkin II 2,,[=^ The Legend of Grimalkin ^=](https://discord.com/channels/1169852846083153941/1170111183869706362/1324857206750973973),,,,,,,,,,,,
Grimalkin II 3,,,"[*""You look like fun! Let's play until Mother comes back.""*](https://docs.google.com/spreadsheets/d/1Bz840uXxcDw91U5jycAKlSN98RSBtuKLaHu6a5z6tRg/edit?gid=0#gid=0)",,,,,,,,,,,
Grimalkin II 4,,,,"Mutant 3
Pilot 4
Entropist 1",,,,,,,,,,
Grimalkin II 5,,,,,#FF7600,,,,,,,,,
Grimalkin II 6,,,,,,8,,,,,,,,
Grimalkin II 7,,,,,,,Forests of Aldistir,,,,,,,
Grimalkin II 8,,,,,,,,,"Grimalkin II is reminescent of a calico cat (albeit much larger), with the apparant mannerisms of housecat. The similarities stop there however, as Grimalkin II now walks on his hind legs for most of his immediate travel, he dawns a colorful cloak as a form of attire, and his tail is split in two at the base. When in his beastial form, Grimalkin II returns to his quadrapedal stride, and his body grows in proportion to that of a true coeurl (9 feet long, 600lbs).",,,,,
Grimalkin II 9,,,,,,,,,,The Beast Who Spoke,,,,
Guo Mùchén 1,https://i.imgur.com/md0ibnz.png,,,,,,,,,,,,,
Guo Mùchén 10,,,,,,,,,,,,N/A,,
Guo Mùchén 11,,,,,,,,,,,,,"- Born to a human mother and Cultivator father within Bingchuan Village. Marriage was unhappy, father abusive/prone to anger.
- Mother prayed to the God Li Jing, bearer of the hundred-tiered pagoda and god of protection. Desiring a son who would protect her from her partner and the village as a whole.
- Born a Jinshi with an innate connection to Blood Cultivation, a mixture of Wood & Water Qi.
- Raised into a protector of the village alongside other Jinshi.
- Upon being older, discovered his father was indulging in Corrupt Cultivation through cannibalism in secret.
- Had him thrown out to safeguard the village.
- Recently buried his mother as she succumbed to old age.",
Guo Mùchén 12,,,,,,,,,,,,,,Ambition
Guo Mùchén 2,,https://discord.com/channels/1169852846083153941/1170111183869706362/1344173208563089489,,,,,,,,,,,,
Guo Mùchén 3,,,https://docs.google.com/spreadsheets/d/1XSfyxu38kmDLn7F97G06Wly_537RBD21Gbq5eXBsknw/edit?usp=sharing,,,,,,,,,,,
Guo Mùchén 4,,,,"Rogue 5 
Dancer 2
Weaponmaster 1",,,,,,,,,,
Guo Mùchén 5,,,,,,8,,,,,,,,
Guo Mùchén 6,,,,,,,"Tian Yin, Wujing Guo, Jijing Xiantiao, Bingchuan",,,,,,,
Guo Mùchén 7,,,,,,,,"Guo 
Mù
Chén",,,,,,
Guo Mùchén 8,,,,,,,,,"A dark skinned and tall man, bearing clothing of Tian Yin, specifically that of Wujing Guo. Loose and open robes along with more martially inclined clothing. Underneath these robes a more tight black outfit that hugs his body. Lion like ears sprouting from his head and a lion's tail flicking behind him. His eyes bear with them an animalistic look, his expression is usually calm or a tame smile. His body denotes one who relies on strength, having more of a ""strong man's"" build rather than one aesthetically please. Heavy and dense muscles lining his body from top to bottom. On top of his clothing he wears what looks like hand-made jewelry.

When he is fighting, on occasion scarlet red blood can be seen as he uses his very own blood as a form of cultivation. The energy itself being derived from both Wood & Water Qi, a crimson hue that matches his hair.",,,,,
Guo Mùchén 9,,,,,,,,,,Hunted Emissary - Boon of Self Perfection - Natural Weapon [MIG+DEX+1],,,,
Gwyneth 1,https://media.discordapp.net/attachments/1170110564819816468/1341513663269572630/token_2.png?ex=67b64575&is=67b4f3f5&hm=ab36f96d8f9704bc228473b8a8fa730d36351c1943cbb95e6c905bb4267e1597&=&format=webp&quality=lossless&width=&height=,,,,,,,,,,,,,
Gwyneth 2,,,https://docs.google.com/spreadsheets/d/10UFuPwlouQA9MQRn33M-O8NBz5wspODJrJV6ZjOjtPM/edit?usp=sharing,,,,,,,,,,,
Gwyneth 3,,,,"Guardian 4, Fury 1",,,,,,,,,,
Gwyneth 4,,,,,,5,,,,,,,,
Gwyneth 5,,,,,,,"Traeth Village, Kor'tarion",,,,,,,
Gwyneth 6,,,,,,,,,"Taller than most. Carrying a larger axe than most. Eats more than most. What isn't clad in armor is her face. She wants to assure others that she isn't a threat.

Smiles often. Laughs even more.",,,,,
Gwyneth 7,,,,,,,,,,,,,"* Found in a basket, fished out of the ocean by fishers in Traeth Village.
* Grew up taller, stronger, much hungrier than a normal person.
* Took up the axe and armor to be the local guardian of Traeth.
* Inspired by the acts of heroism spreading throughout the realm, leaves to help who she can.",
Gwyneth 8,,,,,,,,,,,,,,Hope
Gyalwa Jigme 1,https://i.postimg.cc/yx4F60pH/gyalwa.png,,,,,,,,,,,,,
Gyalwa Jigme 10,,,,,,,,,,"**Cultivator (Heavenly Qi)**
- You gain resistance to Light. Additionally, whenever you deal damage, you may change its type to Light. However, you also become Vulnerable to Dark.
- You gain the ability to perform Rituals of the Arcanism discipline with the domain of Order",,,,
Gyalwa Jigme 11,,,,,,,,,,,"- Rebellious Claw Blades 【DEX + INS】+1 |【HR + 13】dark | Brawling, melee | Custom Weapon (Quick, Elemental) | Pilot’s Blade
- Lightning-Charged Straw Hat (damage change: Bolt)
- Phoenix Earring (damage change: Fire)
- Crystalline Pendant (damage change: Earth)
- Coolshard Earring (resistance: ice)
- Fresh Breeze Ring (status immunity: shaken)
- Blackhearted Memento (dark damage claymore module w. multi 2)
- Postulate Upholder (poison damage sword module w. left hook - slow)
- Ghostfire Blade (fire damage sword module w. interrupt)
- Reforged Tool of Slaughter (sword module W. exhausting)
- Protective Padding (combat tunic with Exotic Explorer)
- Fractal’s Fivefold Fortune (Flexible Plating with Composure)
- Snakeskin Vest",,,
Gyalwa Jigme 12,,,,,,,,,,,,,"- She grew up as a monk in the Temple of Strife, absolutely hating every moment of it
- Eventually, she decided to make it a problem to the monks, getting known as the biggest nuisance to the resident Lama
- At one point, she discovered a passion for math and physics, steering her cultivation towards this knowledge and body cultivation, developing her own very odd dao and demonstrating a natural inclination towards Heavenly Qi
- During her adventures on Terra she had her soul partially digitalized, but she managed to include that in her cultivation basis
- Breaking through to a new level of cultivation she inherited the Harmonic Spiral and vowed to claim the Temple of Strife",
Gyalwa Jigme 13,,,,,,,,,,,,,,Ambition
Gyalwa Jigme 2,,https://discord.com/channels/1169852846083153941/1170111183869706362/1299138051712221260,,,,,,,,,,,,
Gyalwa Jigme 3,,,[My Dao will pierce through the Heavens!](<https://docs.google.com/spreadsheets/d/14lMl0yBd8qQ8ZYHbQziiEVfbuR1qRPa4ri8eYkCxNjo/edit?gid=0#gid=0>),,,,,,,,,,,
Gyalwa Jigme 4,,,,"Dancer [★]
Weaponmaster [5]
Pilot [★]
Esper [4]",,,,,,,,,,
Gyalwa Jigme 5,,,,,#ff9600,,,,,,,,,
Gyalwa Jigme 6,,,,,,29,,,,,,,,
Gyalwa Jigme 7,,,,,,,"Tian Yin, Leytik, Temple of Strife",,,,,,,
Gyalwa Jigme 8,,,,,,,,Fractal (Terra TEMP alias); Khenmo Jigme,,,,,,
Gyalwa Jigme 9,,,,,,,,,"A woman with a tan complexion, orange hair, and orange eyes. Usually wears comfortable clothes, and has recently picked up Terra's fashion for everyday life on the ship.
She displays quite the attitude, when she's not slacking off in the weirdest places, usually very inconvenient spots like a doorstep or the middle of the road.
As of her recent breakthrough, her eyes constantly glow golden, and her skin in inscribed with the teaching of the Golden and Harmonic Spiral Cultivation",,,,,
Haoran 1,https://i.imgur.com/imf0PhA.jpeg,,,,,,,,,,,,,
Haoran 2,,,https://docs.google.com/spreadsheets/d/1a3ZXzZGyarjOeEStVNwrJgJ4J8cVDOub8e3aYvcLaJA/edit?usp=sharing,,,,,,,,,,,
Haoran 3,,,,"Weaponmaster 1
Guardian 1
Elementalist 3",,,,,,,,,,
Haoran 4,,,,,,5,,,,,,,,
Haoran 5,,,,,,,"Tian Yin - Wujing Guo, Secret Fern Village",,,,,,,
Haoran 6,,,,,,,,,"With a body mostly covered in shimmering scales the color of sapphires, he possesses luxurious white hair which winds down his back and along the thin tail behind him. Additional lengthy tufts at his elbows and knees lend a gentle countenance to him, reflected with his equine-esque face, plated ridges along the bridge of his nose leading to a single antler-horn arcing gracefully from the middle of his forehead.",,,,,
Haoran 7,,,,,,,,,,Qi Specialist - Metal (Ice Vulnerability),,,,
Haoran 8,,,,,,,,,,,,,"Haoran used to be a dancer in his village, but was chosen as a sacrifice to the Beast King. He fled and ended up on the Worldhelm.",
Haoran 9,,,,,,,,,,,,,,Patience
Heinrich 1,https://i.imgur.com/mccKh2Z.jpeg,,,,,,,,,,,,,
Heinrich 2,,,https://docs.google.com/spreadsheets/d/10sMe7dg5oarCo77MgiOm2MLvonuE3V4G_5O0lX2WG_k/edit?usp=sharing,,,,,,,,,,,
Heinrich 3,,,,"Invoker 9
Guardian 1
Tinkerer 4",,,,,,,,,,
Heinrich 4,,,,,,14,,,,,,,,
Heinrich 5,,,,,,,Empire of Merrane,,,,,,,
Heinrich 6,,,,,,,,,"183 cm tall, average build

Usually seen in silver armor with blue accents covering his whole body, especially the helmet. Even without it he usually wears clothes with long sleeves and high collars.

His body is covered with ugly scars that glow and buzz with elemental energies, which is why he prefers to keep himself hidden beneath armor. His hair is green, short and unkept, his pale skin has strange green tinge to it that makes him appear sickly, his face seems to have settled into a permanent frown, and his nose looks like it got broken and healed improperly. His eyes too glow with elemental energies, changing colors with his surroundings, and his Heterochromia is the only part of his looks that he actually likes.",,,,,
Heinrich 7,,,,,,,,,,Fugitive Experiment,,,,
Heinrich 8,,,,,,,,,,,,,"- Believed in Merrane propaganda, wanted to join the army
- Got dragged into human experimentation
- Survived, gained Elemental powers
- Was to be tested on the battlefield, saw the reality of the war, deserted, managed to escape
- Became Goldhearted while planning to fight against the Empire",
Heinrich 9,,,,,,,,,,,,,,Anger
"Helios, the First 1",https://i.imgur.com/emJBF7q.png,,,,,,,,,,,,,
"Helios, the First 10",,,,,,,,,,,,,"- His people are warriors that revere the Dragonlords; especially Sumi'shna
- Studied the ancient art of the Dragoons and fought in the Colosseum of the Ancient Dunes
- Has known only peace and prosperity, but fights to liberate the enslaved of Nezmira
- Stays aboard the Worldhelm so that he may better serve the realms, and so that he may gather the strength he needs to effect a change in Nezmira
- Soulbonded with the last vestige of love from Dragonlord Sumi'shna: the white and gold wyvern, Phaethon",
"Helios, the First 11",,,,,,,,,,,,,,Justice
"Helios, the First 2",,"[SAMSARAN RECORDS: Helios, the First](https://discord.com/channels/1169852846083153941/1170111183869706362/1323478540766810172)",,,,,,,,,,,,
"Helios, the First 3",,,"[""Come, Phaethon. Let us show them our might.""](https://docs.google.com/spreadsheets/d/1B2bxA99PcXU-ypQWqVdBfZpTVLjrYL7bVUtFGKq_CqE/edit?gid=0#gid=0)",,,,,,,,,,,
"Helios, the First 4",,,,"Weaponmaster ★
Elementalist 3
Guardian 7
Wayfarer 5",,,,,,,,,,
"Helios, the First 5",,,,,#FFFFFF,,,,,,,,,
"Helios, the First 6",,,,,,25,,,,,,,,
"Helios, the First 7",,,,,,,Islands of Samsara,,,,,,,
"Helios, the First 8",,,,,,,,,"Helios has been described as a stoic, but gentle person with a fierce aura of determination and purpose. He stands relatively taller than most of his kin at 6 feet, 6 inches tall (198cm), and sports a short cut to his shock white hair. His eyes are a piercing gold compared to his complexion and armor. He also has a notable scar across his left cheek and lips.",,,,,
"Helios, the First 9",,,,,,,,,,,"Dawn Piercer (World Saver)
Daybreak Armor (ICE/DRK Res)
Dragoon Helm (Memorize: Soaring Strike)",,,
Hiya 1,https://imgur.com/3u1RXxh.png,,,,,,,,,,,,,
Hiya 2,,,https://docs.google.com/spreadsheets/d/1n-aPQdATedwtT1Gz0gbAyPFTFvZVn4ChbUza3MVVRJI/edit?usp=sharing,,,,,,,,,,,
Hiya 3,,,,"Tinkerer 1
Elementalist 1
Wayfarer 6",,,,,,,,,,
Hiya 4,,,,,,8,,,,,,,,
Hiya 5,,,,,,,"Pagapalay Village, Sangang-Daan, Tian-Yin",,,,,,,
Hiya 6,,,,,,,,,"Hiya Salamin is a boyish Bakla standing at a meek 5'4. She has a small frame with lightly discolored hands from the labor of glassblowing. She prefers comfortable clothes that do well to insulate her skin to the sweltering heat. She has two orange irises and black hair.

She does battle using a glass construct she calls Pagninilay, that resembles one of the four auspicious beasts, the beast of summer. It has red stained glass feathers and crystal clear complexion.",,,,,
Hiya 7,,,,,,,,,,Cultivator (Fire),,,,
Hiya 8,,,,,,,,,,,,,"• Born to a lineage of glass cultivators in Pagapalay Village, a village at the base of Mt Magayon.

• She grew up under the tutelage of the fire cultivators and her father in spite. Because she was born a man, and is currently a Bakla. She didn't receive the same opportunities as her mother did.

• She was trained in both alchemy and general medicinal expertise as well, being trained to be partly a guide amongst the volcano with her fire ki.

• She carries a urn that was an heirloom passed down from generations, carrying molten glass that she can control.",
Hiya 9,,,,,,,,,,,,,,Discovery
Horoko 1,https://i.pinimg.com/736x/37/fe/0a/37fe0acaf3d213d0d155080f6d688b63.jpg,,,,,,,,,,,,,
Horoko 10,,,,,,,,,,,,,,Hope
Horoko 2,,,https://docs.google.com/spreadsheets/d/1H3_Hn0PfChYBp5FxcuFY8TBT4PjWAiFS0EPBj5tZVis/edit,,,,,,,,,,,
Horoko 3,,,,"Weaponmaster 10
Arcanist 3
Dancer 2
Darkblade 5",,,,,,,,,,
Horoko 4,,,,,,20,,,,,,,,
Horoko 5,,,,,,,"Realm of Tian Yian, Sub Realm of Tei Sei, village of Hanae",,,,,,,
Horoko 6,,,,,,,,,"Horoko isn't outwardly a terribly intimidating presence. She is calm and quiet, often seen smiling when not in the middle of a battle. She wears a simple blue kimono and hakama, and carries a rather nondescript katana at her left hip. She'd almost be easy to miss if not for the striking white hair and icey blue eyes that make even her smile just a little disconcerting. Still, she seems harmless enough, and her light, cheerful voice always speaks words of encouragement and cheer.",,,,,
Horoko 7,,,,,,,,,,,"Senbonzakura (Katana w/ Multi)
Katon's Katana (Katana w/ Undodgeable)
Yami to Hikari (Katana w/ Inexorable Strike)",,,
Horoko 8,,,,,,,,,,,,"Musashi (Antikythera), ~~Yubel~~ (not unlocked)",,
Horoko 9,,,,,,,,,,,,,"* Was found in Hanae at roughly 4 years old with no memory of parents.
* Original guardians were disappeared. She became a vagrant.
* Was kicked out of Hanae during a food shortage :(
* Was found in the forests by Musashi!
* Trained by Musashi
* Returned to Hanae 4 years later
* Had helped keep the village safe in exchange for shelter
* Yoinked by the Worldhelm while scouting the forests.",
"Howi ""Atlas"" 1",https://cdn.discordapp.com/attachments/1076838064846012438/1327032597770928180/FAbula_Ultimate_Atlas_Yak_2.png?ex=678196ea&is=6780456a&hm=63e29e6ecd04610a8dd462d54fa87bf6b4b4471750452c2cc5a0bb2eca8d5064&,,,,,,,,,,,,,
"Howi ""Atlas"" 2",,,https://docs.google.com/spreadsheets/d/1bf2pmmw-T4ONc-xFnVZkA1w8cO-mLJAoAuGirH_YczE/edit?gid=0#gid=0,,,,,,,,,,,
"Howi ""Atlas"" 3",,,,"Weapon Master Lv. 1
Guardian Lv. 1
Fury Lv. 3",,,,,,,,,,
"Howi ""Atlas"" 4",,,,,,5,,,,,,,,
"Howi ""Atlas"" 5",,,,,,,"Temple of Fortitude,Leytik,Tian-Yin",,,,,,,
"Howi ""Atlas"" 6",,,,,,,,,Standing at 10'5 wearing what most would consider rags or basic leather armor eitched with runes and markers. Brown fur with spots of reds mostly around the head with a small puff of jet black hair at the top.,,,,,
"Howi ""Atlas"" 7",,,,,,,,,,,,,,Mercy
Hua Ying 1,https://media.discordapp.net/attachments/1109284101426528306/1347739650327969853/301d797009cb532785b51aef987d2677.jpg?ex=67cee61c&is=67cd949c&hm=858bab5d9c2d966ec521ba88804e2b1d31f9e8db2ef8b120e202f54db3161380&=&format=webp&width=&height=,,,,,,,,,,,,,
Hua Ying 10,,,,,,,,,,,,,,Doubt
Hua Ying 2,,https://discord.com/channels/1169852846083153941/1170111183869706362/1348784690517114960,,,,,,,,,,,,
Hua Ying 3,,,https://docs.google.com/spreadsheets/d/1D2XWzAWXVhvIGuL0UXfujPj2FrOYYAsOpt9VxpmYzmg/edit?gid=0#gid=0,,,,,,,,,,,
Hua Ying 4,,,,"2 Weaponmaster
3 Elementalist
1 Symbolist",,,,,,,,,,
Hua Ying 5,,,,,,6,,,,,,,,
Hua Ying 6,,,,,,,Bingchuan Village/Wujian Guo/ Tian Yin,,,,,,,
Hua Ying 7,,,,,,,,,"Hua Ying stands at a respectable 5'5"" (horns and okobo included), paired with her slender and androgynous build people foolishly assume her to be younger than she actually is, much to her ire. For the sake of her pride she goes to great lengths to combat these assumptions, painstakingly curating every aspect of her appearance and the way she is perceived by others, making a point to always carry herself in a dignified and sophisticated manner.

In these efforts she takes special care of her hair horns and tail, despite the latter's constant betrayal of her emotions at inopportune situations.",,,,,
Hua Ying 8,,,,,,,,,,Qi Specialist,,,,
Hua Ying 9,,,,,,,,,,,,,"✦She was born and partly raised in Bingchuan by her adoptive father who taught her the art of cultivation. 

✦With each passing year her father grew more desperate to reach the peak of cultivation that his ancestors once did, causing them to isolate themselves from the village as their training became ever harsher.

✦One fateful day on a pilgrimage to Xiaohai she was suddenly attacked by her father, beaten within an inch of her life and left for dead.

✦Though she managed to survive she became a husk of her former self, now consumed with a burning doubt. She strives to learn the reason behind her father's change and will do so at any cost.",
Hue 1,https://i.pinimg.com/control/564x/24/b2/55/24b255c4acedb3f4878667782d4717d2.jpg,,,,,,,,,,,,,
Hue 2,,,https://docs.google.com/spreadsheets/d/1FbhmtpnnZsS3itIKmnOi7rBnAZZn88U43POp4EQFsnA/edit?usp=sharing,,,,,,,,,,,
Hue 3,,,,"3 Symbolist 
1 Merchant
1 Entropist",,,,,,,,,,
Hue 4,,,,,,5,,,,,,,,
Hue 5,,,,,,,"Feyrealm, Kor'tarion",,,,,,,
Hue 6,,,,,,,,,"A humanoid-looking 6'8 creature, their body itself has little to no color. Their hair though often times swirls with different hues and shades of color that they pull from for their art. The only thing that seems human being stray articles of clothing they have picked up over the years simply because ""they looked nice.""",,,,,
Hue 7,,,,,,,,,,Outcast Fairy,,,,
Hue 8,,,,,,,,,,,,,,Excitement
Huong Jin 1,https://i.imgur.com/PMgaRfY.png,,,,,,,,,,,,,
Huong Jin 10,,,,,,,,,,,,,"- Lived in Hedgeburg doing odd jobs during their college years
- Had a rough childhood due to poor parenting, may as well be adopted
- Learned alchemy and chemistry during school and nurse side hustle, took on engineering based on their missing father's notes (or they think it's him)
- Despite all, worked in the lab built in the shed till it blew up and the Realmstorm sucked them in
- Co-founded The Future's Anvil, built their own warehouse called JR&D
- Ended up in a relationship with Gianna Tomaris
- Joined the Goldhearted Court as a fully-fledged fae",
Huong Jin 11,,,,,,,,,,,,,,Ambition
Huong Jin 2,,,"[""Measure once, strike twice. Repeat until the job's done.""](https://docs.google.com/spreadsheets/d/1SxRirYw8H_lHRjdrSS-pgfrcgbxayAnfy6SJ0AtnyGg/edit?usp=sharing)",,,,,,,,,,,
Huong Jin 3,,,,"Tinkerer [★]
Fury [★]
Weaponmaster [★]
Rogue [9]
Loremaster [6]",,,,,,,,,,
Huong Jin 4,,,,,#cc3333,,,,,,,,,
Huong Jin 5,,,,,,45,,,,,,,,
Huong Jin 6,,,,,,,"Free City of Hedgeburg, Lhodos",,,,,,,
Huong Jin 7,,,,,,,,,"Standing at 5'10"" and weighing 145 lbs, Huong Jin boasts a slender but defined figure with feminine features, which they proudly boast through the crimson flak jacket, simple brown pants with a belt that stores their infusion ampules, and some leather boots made for kicking. They sport medium-length black hair, ruby red eyes and pointy ears.

A couple of braces contain Malice and Mayhem - the twin gauntlets that act as their self-forged weapon of choice, which are fed by the various ampules they carry on their belt.",,,,,
Huong Jin 8,,,,,,,,,,"Goldhearted Fairy
(Overwhelming Presence: Iron Key, High Volume, Haunting Tone)",,,,
Huong Jin 9,,,,,,,,,,,"Brand-new Longcoat - Accuracy Up
PROTOTYPE: Malice & Mayhem - Magitech Armament (Melee, Brawling)
~~Riot Gauntlet (x2) - Blunted~~
~~Warding Breeze Earclip - Dual Res (Wind, Poison)~~
Flux Capacitors - Cartridge Boost Plus",,,
Hydrangea 1,https://i.pinimg.com/564x/ea/bc/8c/eabc8cad1268f2da80a406fa0eeae515.jpg,,,,,,,,,,,,,
Hydrangea 2,,,https://docs.google.com/spreadsheets/d/1fDCYnIDspNxO0Nn-PGeSSz-6b0RA9dLwV4pLVAidbtE/edit?gid=0#gid=0,,,,,,,,,,,
Hydrangea 3,,,,"3 Floralist
2 Darkblade",,,,,,,,,,
Hydrangea 4,,,,,,5,,,,,,,,
Hydrangea 5,,,,,,,Dryholde,,,,,,,
Hydrangea 6,,,,,,,,,"Normally seen in wooden armor, Hydrangea is a 5'8"" collection of plants in the shape of an average human woman. Most of her leaves are a bright green in colour that get lighter in the face, with a large flower on her head that changes based on which magiseed she is using. She has short ""hair"" black eyes and a mouth with noticeable fangs. She is normally seen with a hopeful smile across her face.",,,,,
Hydrangea 7,,,,,,,,,,,,,,Hope
Iara Amrade 1,https://i.imgur.com/RoTQzOB.png,,,,,,,,,,,,,
Iara Amrade 2,,,https://docs.google.com/spreadsheets/d/1Tr4y7sbAQOs-Yq0NrIaDd43aSZckNAwk7UNmE5-8Bb4/edit?gid=0#gid=0,,,,,,,,,,,
Iara Amrade 3,,,,"Spiritist 3
Entropist 2",,,,,,,,,,
Iara Amrade 4,,,,,,5,,,,,,,,
Iara Amrade 5,,,,,,,"Dryholde, Kor'Tarion",,,,,,,
Iara Amrade 6,,,,,,,,,"Tall, Silver-eyed lady with blue eyes. Often gazing at the horizon when lost in thought.",,,,,
Iara Amrade 7,,,,,,,,,,,,,,Belonging
Icarus Vittore 1,https://i.imgur.com/bzouLiI.png,,,,,,,,,,,,,
Icarus Vittore 10,,,,,,,,,,Levitation (Flight Quirk),,,,
Icarus Vittore 11,,,,,,,,,,,,There are no gods.,,
Icarus Vittore 12,,,,,,,,,,,,,"- A ""failed"" experiment, created by a scientific collaboration between NTTech and DHK Heavy Industries.
- Left to die in NTTech Territories, but managed to survive despite the odds.
- Part human, part avian DNA with apparent Esper abilities.
- Worked as an assassin-for-hire as part of the Vignettes.
- Discovered his own humanity when deciding to decline a hit on children.
- Hunted down by the Vignettes, but suddenly appeared on the Worldhelm.
- Dreams of one day opening up an orphanage.",
Icarus Vittore 13,,,,,,,,,,,,,,Mercy
Icarus Vittore 2,,[**~~NTTECH CLASSIFIED INFORMATION~~**](https://discord.com/channels/1169852846083153941/1170111183869706362/1342337462768373800),,,,,,,,,,,,
Icarus Vittore 3,,,"[*""Don't look at me like that.""*](https://docs.google.com/spreadsheets/d/1veT-xvK8ZCcXhgrrregESUi2p5iyp8QxeK_R51KYV6o/edit?gid=0#gid=0)",,,,,,,,,,,
Icarus Vittore 4,,,,"Sharpshooter 1
Tinkerer 4
Esper 1",,,,,,,,,,
Icarus Vittore 5,,,,,#FFFFFF,,,,,,,,,
Icarus Vittore 6,,,,,,6,,,,,,,,
Icarus Vittore 7,,,,,,,"Silver Canyon, Terra",,,,,,,
Icarus Vittore 8,,,,,,,,I.V.,,,,,,
Icarus Vittore 9,,,,,,,,,"Icarus is a very slender, young man with a permanent grimace towards the world. He moves with a graceful precision, and his fierce golden eyes convey a sense that he is always intently focusing on something about to happen. He has light skin, and even lighter, platinum blonde hair. When fully clothed in his traditional Terran streetwear, one would not be remiss to assume him to be a perfectly normal human being. However, when exposed, one can see transluscent feathers erupting from the skin on his forearms and calves. These are a mark of his experimentation, and he hides them at all costs, ashamed that they remind him of failure.",,,,,
Ineza Brightscale 1,https://i.imgur.com/IXzsphS.png,,,,,,,,,,,,,
Ineza Brightscale 2,,,https://docs.google.com/spreadsheets/d/1dmTJ48ANBWvL1oKN3ZCdiR3vHUND05PWQazbcYChVAA/edit,,,,,,,,,,,
Ineza Brightscale 3,,,,"Merchant 2, Tinkerer 1, Guardian 2",,,,,,,,,,
Ineza Brightscale 4,,,,,,5,,,,,,,,
Ineza Brightscale 5,,,,,,,The City of Scales (Nezmira),,,,,,,
Ineza Brightscale 6,,,,,,,,,"At a mere 4’7”, the oversized merchant backpack Ineza carries around with her only serves to help make her look even smaller. Sporting bright red scales and the piercing eyes of a saleswoman always ready to make a deal, her practiced grin is about equally likely to bring comfort as it is mild suspicion.",,,,,
Ineza Brightscale 7,,,,,,,,,,Heirloom,,,,
Ineza Brightscale 8,,,,,,,,,,,Mom’s Old Pack (Heirloom),,,
Ineza Brightscale 9,,,,,,,,,,,,,,Justice
Ioes 1,https://cdn.discordapp.com/attachments/1163695638739955742/1354149554043359243/IMG_0497.png?ex=67e4e64c&is=67e394cc&hm=c16810236115c0b0234ed3124ed93c05778f3b416f0348dee7f320e57eb3aa5b&,,,,,,,,,,,,,
Ioes 2,,,https://docs.google.com/spreadsheets/d/1EZQDzprV0a5lGbdj2Zz7r5mmn-_HQQB5zi6q0UZ-ysc/edit,,,,,,,,,,,
Ioes 3,,,,"2 Sharpshooter
3 Tinkerer",,,,,,,,,,
Ioes 4,,,,,,5,,,,,,,,
Ioes 5,,,,,,,"Terra, The City of Nest",,,,,,,
Ioes 6,,,,,,,,,A Terran with brown hair with a black and blue aesthetic wearing armor similar to what an android would look like. Often carrying around a railgun under his big cloak. His armor seems flexible to where even his helmet asks more as a mask with how it comes on and off with a simple press of a button.,,,,,
Ioes 7,,,,,,,,,,,,,"Born and raised in a small town in Terra his life was immediately ruined by his parents overbearing nature which caused him to resent and despise them with no access to any entertainment. One way or another he eventually found out about twinworld and was enamored with its style and mechanics. He decided one day that this was the life for him so he left home and decided to work for sword to both earn a living, get a T.E.M.P. License and save enough money to be able to play triworld. Casually walking the streets looking like a warrior Ioes is nothing more than a huge nerd for a game he’s really really into, so into in fact that even his cosplay is considered military grade.",
Ioes 8,,,,,,,,,,,,,,Obsession
Iori Hirose 1,https://i.imgur.com/mKxFwH5.jpeg,,,,,,,,,,,,,
Iori Hirose 10,,,,,,,,,,,,,,Rebellion
Iori Hirose 2,,,https://docs.google.com/spreadsheets/d/1m_N7-QrbLJHG6SYy_Kl3fez4N_lOMRTCUTofZmAcfSc/edit?usp=sharing,,,,,,,,,,,
Iori Hirose 3,,,,"Weaponmaster Lvl 2
Arcanist Lvl 2
Entropist Lvl 1",,,,,,,,,,
Iori Hirose 4,,,,,,5,,,,,,,,
Iori Hirose 5,,,,,,,"Sakai, Teisei, Tian Yin",,,,,,,
Iori Hirose 6,,,,,,,,,"She stands at 5'8, carrying herself with unwavering pride, her stance firm and assured. Once a deep, natural black, her hair now bears a striking lavender hue. A permanent mark of her ordeal. She wears a modified off-the-shoulder yukata, tailored for combat, blending elegance with practicality. A simple black eyepatch conceals her ruined eye, a silent testament to the day the beneath the rain.",,,,,
Iori Hirose 7,,,,,,,,,,"Flight
You are able to fly. In addition to the obvious advantage in mobility, your melee attacks can target flying creatures and you cannot be targeted by melee attacks unless the attacker is flying or is somehow able to reach flying targets.

While in Crisis or unable to fly freely (such as when you’re inside a vehicle designed for human-sized creatures or in a narrow corridor), you lose all benefits granted by this Quirk. 

Additionally, when you suffer air, bolt or ice damage during a conflict scene, you lose the benefits of this Quirk until the start of your next turn. [Flavored as lightning stepping, teleporting with lightning, moving through metal as lightning, etc.]",,,,
Iori Hirose 8,,,,,,,,,,,,Susanoo,,
Iori Hirose 9,,,,,,,,,,,,,"Born into the Hirose Clan, Iori was destined for a life of silk and servitude, but her father defied tradition, to forge her into a warrior. In Sakai, even daughters bore steel, and she was no fragile flower. She was a rose with thorns, both beautiful and deadly. When the Oni came, the capital fell, the emperor was slain, and the samurai, refusing to kneel, waged one final battle. Beneath a rain-darkened sky, they were defeated. Ready to die, Iori was instead forced to flee by her father, carrying the shame of survival.

Beneath the raging storm, she cursed the gods, demanding a reason for her survival. And one answered. Lightning struck, searing through her, leaving power thrumming in her veins. When she awoke, she was changed. Now she is a Rōnin. A wandering blade with no master, no home, and a single vow. Never again would she bow to an emperor, never again serve a noble. Her sword would be sworn only to a cause worth dying for.",
"Iris Blue, The Bleeding Heart 1",https://i.imgur.com/0VQLwKP.jpeg,,,,,,,,,,,,,
"Iris Blue, The Bleeding Heart 10",,,,,,,,,,,,,"Parents made a trade and cost Iris her freedom
had to work for a hivemind fae group to capture other people
was forced to be a slaver for a while and hated it
became a Kor'Tarian folk tale
Gold hearted did a hostage rescue and broke out a bunch of people
Iris used this confusion to break free and sneak onto a realmsplitter
it did not spit her out because she is a gold hearted and couldnt be teleported because of fae stuff",
"Iris Blue, The Bleeding Heart 11",,,,,,,,,,,,,,Pain
"Iris Blue, The Bleeding Heart 2",,https://discord.com/channels/1169852846083153941/1170111183869706362/1319378601065451582,,,,,,,,,,,,
"Iris Blue, The Bleeding Heart 3",,,https://docs.google.com/spreadsheets/d/1YNWBlHj7xMVahwBliOQmJS_lWMgGczKAJvGIjwjg9o0/edit?gid=0#gid=0,,,,,,,,,,,
"Iris Blue, The Bleeding Heart 4",,,,"Floralist 3
Darkblade 2
Mutant 2",,,,,,,,,,
"Iris Blue, The Bleeding Heart 5",,,,,2f02d5,,,,,,,,,
"Iris Blue, The Bleeding Heart 6",,,,,,7,,,,,,,,
"Iris Blue, The Bleeding Heart 7",,,,,,,"Snowmaw, Kor'Tarian",,,,,,,
"Iris Blue, The Bleeding Heart 8",,,,,,,,,"Iris is a 6:3 thin rail of a woman with the look of failure that can be easily spotted under the bags under her eyes. She has long black curly hair that looks unkempt and is over one of her eyes. she is wearing black leathers with a hunters skirt over her legs and riding boots, both with old insignia scratched out. around her wrists and her neck is a large thorned vine that moves on its own. the ones around the wrists curl up to the elbows and the ones around her neck dangle down like a danger scarf with a blue bleeding heart flower that hangs lie a tie in front of her",,,,,
"Iris Blue, The Bleeding Heart 9",,,,,,,,,,Outcast fairy,,,,
Isagani 1,https://i.imgur.com/UVomk3G.png,,,,,,,,,,,,,
Isagani 10,,,,,,,,,,,,,,Ambition
Isagani 2,,,https://docs.google.com/spreadsheets/d/1ch_KTzgUZ7dFWEan40iSLsnmqmlGkbAHtA8klJWsgeg/edit?usp=sharing,,,,,,,,,,,
Isagani 3,,,,"Mutant 2
Weaponmaster 3
Rogue 1",,,,,,,,,,
Isagani 4,,,,,#4C1130,,,,,,,,,
Isagani 5,,,,,,6,,,,,,,,
Isagani 6,,,,,,,"Kabiyan Nomad, Sangang-Daan, Tian Yin",,,,,,,
Isagani 7,,,,,,,,,"A muscular woman standing at 6' even. She has multiple piercings, tattoos, and scars, and its often indistinct which is which.

She wears simple clothing, usually favoring styles that fit lightly or that leave her arms bare. She moves with an easygoing confidence, though it is harder to read her expressions on account of her yellow, catlike eyes.",,,,,
Isagani 8,,,,,,,,,,"Earthly Phase: Earth
Rituals involving earth/rocks
Damage may be changed to Earth
Vulnerable to Poison (Wood)",,,,
Isagani 9,,,,,,,,,,,,,"-Born in Tangbawan to the sister of a Matriarch, making her the Matriarch's niece.

-As a child, she was older and more skilled at cultivation than her cousin, the Matriarch's daughter. So, the Matriarch wants her out of the picture in order to secure succession.

-At 12, she is taken from her family and given to the Kabiya. She's old enough to understand why this is happening and is bitter about it.

-Lives among the Kabiya, learning how to survive the dangerous wilderness. Focuses on cultivation and self-reliance rather than trusting people.",
Iseult Medicus 1,https://cdn.donmai.us/sample/ab/45/__warrior_of_light_final_fantasy_and_1_more_drawn_by_bushi_shui_zi_ba__sample-ab45bd22fb8ba7af087343e6d9d57029.jpg,,,,,,,,,,,,,
Iseult Medicus 2,,https://discord.com/channels/1169852846083153941/1170111183869706362/1290090238806589472,,,,,,,,,,,,
Iseult Medicus 3,,,https://docs.google.com/spreadsheets/d/1agT4jBxcDP_WUHvyCoeSKaxJ0SyiLfEbmYaJif4_VPI/edit?gid=0#gid=0,,,,,,,,,,,
Iseult Medicus 4,,,,Spiritist 4 | Guardian 1,,,,,,,,,,
Iseult Medicus 5,,,,,#C0C0C0,,,,,,,,,
Iseult Medicus 6,,,,,,5,,,,,,,,
Iseult Medicus 7,,,,,,,"Vale, Karlsgard, Lhodos",,,,,,,
Iseult Medicus 8,,,,,,,,,"5'9"" | 140 lbs. | Silver-y Blue Eyes",,,,,
Iseult Medicus 9,,,,,,,,,,,,,,Duty
Ishaan & Ignacio Vol Sieve 1,https://cdn.imgchest.com/files/yd5ce95dqe4.png,,,,,,,,,,,,,
Ishaan & Ignacio Vol Sieve 10,,,,,,,,,,,,,,Hope
Ishaan & Ignacio Vol Sieve 2,,,"[""No request is too small.""](https://docs.google.com/spreadsheets/d/1V2ke_TNYqNIO0spjMQ-3kIR2cVYRmUsnJugIQrh5V6E/edit?usp=sharing)",,,,,,,,,,,
Ishaan & Ignacio Vol Sieve 3,,,,Wayfarer (★) / Commander (★)  / Weaponmaster (★) / Rogue (6) / Floralist (3) / Chimerist (1),,,,,,,,,,
Ishaan & Ignacio Vol Sieve 4,,,,,,40,,,,,,,,
Ishaan & Ignacio Vol Sieve 5,,,,,,,Kor'Tarion - Tradefair,,,,,,,
Ishaan & Ignacio Vol Sieve 6,,,,,,,,,"Ishaan is a tan-skinned man with red hair tied in a ponytail, standing at 177cm (5'10""). He has a bit of fuzz of a goatee. He's adorn in a blue long coat with a sash around his waist, and beige pants with traveling boots.

Ignacio stands at 390cm (13') as a griffin of the twilight. His upper body is similar to an eagle with black, shimmering feathers while the hindside is that of a lion. Despite the black feathers, there is a hint of radiance from the griffin.",,,,,
Ishaan & Ignacio Vol Sieve 7,,,,,,,,,,Old Transport - Ignacio (Flying Mount),,,,
Ishaan & Ignacio Vol Sieve 8,,,,,,,,,,,"**Weapon**
Shining Force (World Savior; transforming custom wpn)
Jarwood's Retribution- Phys (Status+: Enraged)
Mk. 20 MOD D High Caliber Precision Rifle - Dark (Villainous)
Rider's Lance  (Kindred Protector)
**Armor**
Beberoka Vest (IM: Poisoned)
Mystic Aegis (Shield)- Dark+Light+Poison RS
Miracle Bracer (Shield) - Phys RS
**Accessory**
Hand Telescope - Bypass Danger TR w/ Aerial Mount
Aina's Love (Wanderer's Luck)
Soulweave Pendant (Competitive - WLP)
Homebound Snowglobe (immune to environment of Realm Origin)",,,
Ishaan & Ignacio Vol Sieve 9,,,,,,,,,,,,,"- Earliest memory is surviving in the slums as a child.
- Rescued a poached griffin while stowing away in a merchant caravan.
- Raised by the Witch of the Jarwood alongside the griffin, Ignacio.
- Reintegrated into Tradefair under the Helping Hands guild, gaining renown as fearless couriers tackling extreme conditions.
- Earned heroic recognition for aiding Hafod (Midday Sun) and Doana Village (development & Night of the Red Sky defense).
- Knighted in Brightshield on ‘Knight’s Day’ during King Marcello’s coronation.
- Marked by battle scars from Sakura the Skald, slew the Sinner, and embraced the Vol Sieve family.
- During a battle for the fate of Kor'Tarion, as Ishaan rose back from defeat, Ignacio evolved into a more divine form",
Isobel Ashwynd 1,https://i.imgur.com/I5hw73D.jpeg,,,,,,,,,,,,,
Isobel Ashwynd 2,,,https://docs.google.com/spreadsheets/d/16EJiDyfRn_Y5__qAXDyW_amfUWrEDBAsXYTwSeCGR9w/edit?gid=0#gid=0,,,,,,,,,,,
Isobel Ashwynd 3,,,,"Mutant 7
Loremaster 1
Chimerist 3",,,,,,,,,,
Isobel Ashwynd 4,,,,,,11,,,,,,,,
Isobel Ashwynd 5,,,,,,,"Old Melin, Kor'Tarion",,,,,,,
Isobel Ashwynd 6,,,,,,,,,"Tall, and with a body that shows clear signs of a physical life, one spent fighting. Those that knew her before would notice her slightly more angular features, and how her naturally tanned skin has grown ashy and pale from extended lack of sunlight.",,,,,
Isobel Ashwynd 7,,,,,,,,,,Fugitive Experiment,,,,
Isobel Ashwynd 8,,,,,,,,,,,,,"Isobel, a wolf of the Ashwynd family, the heir to the legacy, or at least she was. But now she's been claimed by the Worldhelm, and has returned - changed. Can she find a cure or a way to channel these abilities to be worthy of going home? Will she find a new family in the mean time?",
Isobel Ashwynd 9,,,,,,,,,,,,,,Belonging
Isolde Forvelkanta 1,https://i.imgur.com/c1ERaKk.jpeg,,,,,,,,,,,,,
Isolde Forvelkanta 10,,,,,,,,,,,,Lilith (Kaiway),,
Isolde Forvelkanta 11,,,,,,,,,,,,,"- Was found in Heartdom as a child and adopted by a Paladin + Regalia, raised with the expectation that she would one day follow in their footsteps.
- Is a fey-adjacent child, existing in an unstable state—she is slowly fading from memory, unable to form lasting bonds with others.
- Her adoptive parents can remember her, and their unwavering love and support have kept her spirits high, even as the rest of the world finds it hard to remember her.
- She was denied the chance to become a Regal Vessel due to her affliction, as she cannot bond with a partner.
- The Headmaster is also a person who can completely remember her, though they have never explained why.
- With no other path forward, she remains at Gnosis Academy, placed in a remedial class as she searches for a way to anchor herself in reality.",
Isolde Forvelkanta 12,,,,,,,,,,,,,,Connection
Isolde Forvelkanta 2,,https://discord.com/channels/1169852846083153941/1170111183869706362/1337971239725305959,,,,,,,,,,,,
Isolde Forvelkanta 3,,,"[""This time for sure...""](https://docs.google.com/spreadsheets/d/1XxnFIM_CXXotN8Ze5pl4yxACQdK83j1g6hF1Vt4RxGU/edit?usp=sharing)",,,,,,,,,,,
Isolde Forvelkanta 4,,,,"Spiritist [7] 
Floralist [3]",,,,,,,,,,
Isolde Forvelkanta 5,,,,,,10,,,,,,,,
Isolde Forvelkanta 6,,,,,,,"Heartdom, Kaiway",,,,,,,
Isolde Forvelkanta 7,,,,,,,,,"A young woman often seen with a warm smile and a relaxed posture. She has short, wavy platinum hair that has been seemingly dyed mint-green at the ends and bright green eyes. Her outfit consists of a long-sleeved uniform sweater with the Regal House of Warden's emblem on the chest, layered over a dark high-collared shirt and vest. Like many other Kaiway students, an armored pauldron rests on her right shoulder. She also wears a dark brown skirt over tights and lace-up boots.",,,,,
Isolde Forvelkanta 8,,,,,,,,,,"Outcast Fairy
Weakness: **Isolde has a fading presence. Someone who should remember her suddenly struggles to recall details about her, even in the middle of an interaction. They might forget her name, her role, or why she's even there, causing confusion or hesitation. Villains are not affected and Kaiway Students/Goldhearted are resistant.**",,,,
Isolde Forvelkanta 9,,,,,,,,,,,"Sindri: Accessory - **Memorize: Heal**
Healer's Glove: Weapon - **Blessed Bonds**
Warden's Sanctuary: Armor - **Healer's Ward**",,,
Ixtab K'awixi 1,https://media.discordapp.net/attachments/737973699336208428/1219036433491165314/Ixtab_1-removebg-preview.png?ex=663b4766&is=6639f5e6&hm=db1c690db60b916f2d6511bd94c34058b718f05552e03620a15732b2e81c76e9&,,,,,,,,,,,,,
Ixtab K'awixi 2,,,https://docs.google.com/spreadsheets/d/18Ulqihqlicmz1MOAX368PBpIk9FNMWUBGr55txmdhb0/edit?usp=drivesdk,,,,,,,,,,,
Ixtab K'awixi 3,,,,Wayfarer [★] | Arcanist [3] Symbolist [2],,,,,,,,,,
Ixtab K'awixi 4,,,,,,15,,,,,,,,
Ixtab K'awixi 5,,,,,,,"Skamos, Nezmira",,,,,,,
Ixtab K'awixi 6,,,,,,,,,"6'7"" | 171 lbs. | Red Eyes w/ White Scales",,,,,
Ixtab K'awixi 7,,,,,,,,,,,"Traveling
- Tonya's Travel Garb
- Staff of Vengence

Combat
- Hexgarb 
- Staff of Vengence",,,
Ixtab K'awixi 8,,,,,,,,,,,,,,Generosity
Izanami Shoshio 1,https://i.imgur.com/jJWzIOM.png,,,,,,,,,,,,,
Izanami Shoshio 2,,,https://docs.google.com/spreadsheets/d/1lVj_Pqf7S-jl49M8dbq22Dmt-Oj_JkB3aooxHd9_IAo/edit?usp=sharing,,,,,,,,,,,
Izanami Shoshio 3,,,,"Necromancer 2
Fury 3
Spiritist 1",,,,,,,,,,
Izanami Shoshio 4,,,,,,6,,,,,,,,
Izanami Shoshio 5,,,,,,,"Hearthills, Aldistir",,,,,,,
Izanami Shoshio 6,,,,,,,,,"A woman with long, red hair and an athletic build, she is dressed in the traditional warrior garments of her homeland. Her hazel eyes hold a sharp, determined gaze, and she wears sturdy battle gloves.",,,,,
Izanami Shoshio 7,,,,,,,,,,"Heirloom <Soul Maw> 

Complication: ""Soul Hunger"" – Anyone slain by Soul Maw has their soul consumed by the blade’s insatiable hunger. This creates a compulsion for Izanami to kill any champion or villain she faces. However, death brings no peace. Every night at the witching hour, the voices of the devoured rise from the sword, haunting Izanami as they become one with Soul Maw’s unending thirst for souls.",,,,
Izanami Shoshio 8,,,,,,,,,,,Hierloom: Soul Maw,,,
Izanami Shoshio 9,,,,,,,,,,,,,,Wrath
J'Yuto 1,https://cdn.discordapp.com/attachments/764533229435879496/1353042543079850004/token_1_3.png?ex=67e03690&is=67dee510&hm=49959ae590aa6433e4eaf4e5a87904804417d806d03014f0b68b5ec9584bd5bd&,,,,,,,,,,,,,
J'Yuto 10,,,,,,,,,,,"* Demon Heart Pendant (Anti-Status)
Immune to Shaken

* The Mana Scar (Magic Up)
+1 to Magic Checks

* J'yuto's Grimoire (Spell Up)
+5 Damage when casting Spells",,,
J'Yuto 11,,,,,,,,,,,,"Vanagandr
Zendrytan",,
J'Yuto 12,,,,,,,,,,,,,"* A banished and disowned son of the Dragon Tyrant Zafar, who now fights to free Nezmira of this imposed history of Nezzim supremacy with the power of the Icons.

* Retained the ancient memories of the dead dragonlord Zendyrtan

* Sacrificed Zendyrtan's spirit to instill a seed of Hope within a Utopian.",
J'Yuto 13,,,,,,,,,,,,,,Hope
J'Yuto 2,,https://discord.com/channels/1169852846083153941/1170111183869706362/1353042008653959189,,,,,,,,,,,,
J'Yuto 3,,,"[Me? I'm just another mage of Nezmira, would you like to sit and chat a while?](https://docs.google.com/spreadsheets/d/1dnI_gVL8_YrrrffV3GRXhNDZiViPnvMKctaI3XXV8rc/edit#gid=0)",,,,,,,,,,,
J'Yuto 4,,,,"Arcanist★
Elementalist★
Spiritist★
Loremaster★
Fury
Chanter
Entropist",,,,,,,,,,
J'Yuto 5,,,,,,49,,,,,,,,
J'Yuto 6,,,,,,,Nezmira-Lasthold,,,,,,,
J'Yuto 7,,,,,,,,"Inheritor of the Will of Zendrytan
He who shall bring death to Nezmira",,,,,,
J'Yuto 8,,,,,,,,,"A Nezzim of blue and white scales, standing 6 foot even, light blue eyes and legs that end in three clawed feet. A long tail accentuates their backside",,,,,
J'Yuto 9,,,,,,,,,,Goldhearted Faerie,,,,
"Jacomo ""Jack"" Seidita 1",https://i.imgur.com/uJsooJl.png,,,,,,,,,,,,,
"Jacomo ""Jack"" Seidita 10",,,,,,,,,,The Long Dream,,,,
"Jacomo ""Jack"" Seidita 11",,,,,,,,,,,,Antikythera (Savior),,
"Jacomo ""Jack"" Seidita 12",,,,,,,,,,,,,"- Hidela Academy drop out, and overall hooligan.
- Penchant for flirting and pranks
- Attempted a very high level ritual which failed
- Ripped from space and time; saved by Antikythera
- Currently fading from existence",
"Jacomo ""Jack"" Seidita 13",,,,,,,,,,,,,,Mischief
"Jacomo ""Jack"" Seidita 2",,"[**~*** INVOKE THE STARS, WITNESS THE DREAM ***~**](https://discord.com/channels/1169852846083153941/1170111183869706362/1350113153169621095)",,,,,,,,,,,,
"Jacomo ""Jack"" Seidita 3",,,"[*""Now you see me... Now you- Ah! Wait! Give me a second!!""*](https://docs.google.com/spreadsheets/d/1uMF3FRT49KmBlmrQVlh_QdBJJlg_6Hd_qabZh2QQXdc/edit?gid=0#gid=0)",,,,,,,,,,,
"Jacomo ""Jack"" Seidita 4",,,,"Ace of Cards 3
Entropist 2
Rogue 1",,,,,,,,,,
"Jacomo ""Jack"" Seidita 5",,,,,#FF0000,,,,,,,,,
"Jacomo ""Jack"" Seidita 6",,,,,,6,,,,,,,,
"Jacomo ""Jack"" Seidita 7",,,,,,,"Hidela, Lhodos",,,,,,,
"Jacomo ""Jack"" Seidita 8",,,,,,,,"The Jack of Hearts
The Devil
Jackie Six-Fingers",,,,,,
"Jacomo ""Jack"" Seidita 9",,,,,,,,,"At 6'0"", Jacomo is moderately tall, but exceedingly thin. In fact, his presence often goes unnoticed despite his statue; something that he often uses to his advantage. His hair is a raven shade of black, and his eyes are a dull crimson hue. He dresses in dark robes, which conceal the many surprises he has up his sleeve.",,,,,
James Braughton 1,https://cdn.discordapp.com/attachments/1168978976828575874/1346207447702044712/IMG_0425.png?ex=67c758e2&is=67c60762&hm=5ddf2486ddc0a08b6663a9e58456938f800076335e483141b53a0dd4f8f50ef1&,,,,,,,,,,,,,
James Braughton 2,,,https://docs.google.com/spreadsheets/d/1z5sm0OIfof2tSmnSUmwrWe8kn75WugksxNuLXlNUGbs/edit,,,,,,,,,,,
James Braughton 3,,,,"Guardian 8
Weaponmaster 1
Fury 1",,,,,,,,,,
James Braughton 4,,,,,,10,,,,,,,,
James Braughton 5,,,,,,,"The Realm of Aldistir, Camp Von Kibo",,,,,,,
James Braughton 6,,,,,,,,,"A 6’ 2” man wearing a suit of armor that covers every inch of their body. When their armor comes off it’s easy to see their several scars and golden blond body hair. Their helmet however, never comes off.",,,,,
James Braughton 7,,,,,,,,,,,,,"• Known as a proficient warrior and terrifying adversary back in his homeland under a name he no longer claims as his own.

• Left his homeland after a terrible battle where he was the only survivor. This lead him to see the errors of his ways while beginning to learn to protect rather than destroy.

• Lives his life through kindness instead of hate being friendly to all and accepting people despite their flaws. Still refuses to ever talk about their past.",
James Braughton 8,,,,,,,,,,,,,,Compassion
Jiafei Lanying 1,https://i.imgur.com/3tFWnfv.png,,,,,,,,,,,,,
Jiafei Lanying 10,,,,,,,,,,,,,,Potential
Jiafei Lanying 2,,,https://docs.google.com/spreadsheets/d/1EDUB4wvCentOcAGzao67y5ZT-NGjJzn9o_IErtLyLEY/edit?usp=sharing,,,,,,,,,,,
Jiafei Lanying 3,,,,"- Daoist [TY Esper]
- Loremaster
- Weaponmaster",,,,,,,,,,
Jiafei Lanying 4,,,,,739BD0,,,,,,,,,
Jiafei Lanying 5,,,,,,5,,,,,,,,
Jiafei Lanying 6,,,,,,,"Bingchuan, Wujing Guo",,,,,,,
Jiafei Lanying 7,,,,,,,,,"Jiafei is a just under six foot tall thinly built man. He has a mane of thick white hair that frames his face, and falls far down his back to nearly his knees. His two lion ears flick side to side passively at each noise or voice.",,,,,
Jiafei Lanying 8,,,,,,,,,,Hunted Emissary,,,,
Jiafei Lanying 9,,,,,,,,,,,,,"The only member of this generation of his family of guardians who had protected the Jijing Xiantiao for as long as they've been around. While normally they have many children, which all train to be powerful warriors, the hard times of the recent century have limited offspring. Only Jiafei has managed to survive to adulthood. Despite this, he fails to live up to his families warrior reputation, and has been cast aside by the common people as the end of his lineage. The Lanying family has lost it's prestige.",
Jodi Finch 1,https://i.imgur.com/Xz0b9af.png,,,,,,,,,,,,,
Jodi Finch 10,,,,,,,,,,,,,,Doubt
Jodi Finch 2,,https://discord.com/channels/1169852846083153941/1170111183869706362/1331802841324585063,,,,,,,,,,,,
Jodi Finch 3,,,"[Don't touch anything, some of it's explosive](<https://docs.google.com/spreadsheets/d/1dub-wkUATXXjPtzFAebbdlr3UCLaeT-4tPHH4wVtNNc/edit?pli=1&gid=49895568#gid=49895568>)",,,,,,,,,,,
Jodi Finch 4,,,,"Tinkerer 3, Esper 2, Merchant 1",,,,,,,,,,
Jodi Finch 5,,,,,,6,,,,,,,,
Jodi Finch 6,,,,,,,"North Rock, Terra",,,,,,,
Jodi Finch 7,,,,,,,,,"Jodi's curly short black hair frames a pale and unemotional countenance. She wears overalls with Tubal & Cain's logo, has a toolbelt and miscellany around her waist. Often has coffee to hand. She lives in a battered old helicopter, which doubles as her workshop.",,,,,
Jodi Finch 8,,,,,,,,,,Old Transport (a battered old helicopter),,,,
Jodi Finch 9,,,,,,,,,,,,,"- Talented engineer from a young age with a promising future, ended up working at Tubal & Cain for weapons development.
- Awakened to psychic powers mysteriously one day. Jodi became disillusioned with their life and their work which supports war and Terra's status quo. Felt the need to make a change.
- Began procuring military supplies, gadgets from T&C contacts. A decommissioned heli falls into their possession before being scrapped. Wanting something new that breaks their stifling routine, Jodi works on it, renovating most of the passenger bay into a workshop/sleeping area where they now live.
- About six months into this phase of Jodi's life of adjusting to psychic powers, they find themselves on the Worldhelm. Is this a second chance to do good?",
Jodie 1,https://images-ext-1.discordapp.net/external/2FBoll8_qE3q4YuPwIL-DPJRqK7DP9_RV_X4VqvgP14/https/i.imgur.com/pWb4TdC.png,,,,,,,,,,,,,
Jodie 2,,,https://docs.google.com/spreadsheets/d/1COAzd-_gLezdTFxeKLQG7wfQmLNqDr-vrpYW6YPq6wE/edit#gid=0,,,,,,,,,,,
Jodie 3,,,,"Rogue 3, Fury 1, Weaponmaster 1",,,,,,,,,,
Jodie 4,,,,,,5,,,,,,,,
Jodie 5,,,,,,,Kor'Tarion,,,,,,,
Jodie 6,,,,,,,,,"A tiny woman, she stands at 4'11 and has a very lithe, lean body that contorts well. There aren't any major blemishes in her skin, although she does carry a few scars beneath her cloak from close calls. She has bright orange hair and always has a stupid smirk on her face",,,,,
Jodie 7,,,,,,,,,,,,,,Greed
Johann Ackroyd 1,https://i.imgur.com/AgITPyP.png,,,,,,,,,,,,,
Johann Ackroyd 2,,,https://docs.google.com/spreadsheets/d/1LTyDsAUxJbB-AoQ9Klf0yObj_VhbCDC5VUDjXQUGrYo/edit?gid=0#gid=0,,,,,,,,,,,
Johann Ackroyd 3,,,,"Weaponmaster-2
Rouge-1
Loremaster-2",,,,,,,,,,
Johann Ackroyd 4,,,,,,5,,,,,,,,
Johann Ackroyd 5,,,,,,,Kor'Tarion,,,,,,,
Johann Ackroyd 6,,,,,,,,,A lanky man with long red hair pulled into a short braid with a rapier and parry dagger sheathed over a long coat.,,,,,
Johann Ackroyd 7,,,,,,,,,,,,,"*Used to be a full time detective
*Took up the blade to fight against those who get away with crime thanks to money/corruption
*Breaks into houses under the guise of the Night Thief Dismas comiting the perfect robberies
*Strong sense of justice and abhorrence for murder",
Johann Ackroyd 8,,,,,,,,,,,,,,Justice
Johanna Atherton Verstappen 1,https://i.imgur.com/af1Vv58.jpeg,,,,,,,,,,,,,
Johanna Atherton Verstappen 10,,,,,,,,,,,"Lilith's Adjudicator (World Saver)
Cape of the Heartless (Bulwark)
Frostlight Lantern of the Guide",,,
Johanna Atherton Verstappen 11,,,,,,,,,,,,"Lilith (Idyllic Soul/Arcanist)
Yubel (Arcanist)",,
Johanna Atherton Verstappen 12,,,,,,,,,,,,,"- Died and went to Idyll, where she spent her time wandering the fields of Hinno
- After the corruption started to spread, she picked up a sword and began to defend those that couldn't do it themselves, joining up with the Caravans
- Was given the choice to become an Angel and defend the Caravans or to rest in Nirve
- Arrived onto the worldhelm and lost her soul treasure after an excursion to a Temple of Banshee in Kor'Tarion, and later experienced Ego Death
- Had a ritual to give her emotions again, albeit volatile.
- Has reclaimed her soul treasure and made whole.",
Johanna Atherton Verstappen 13,,,,,,,,,,,,,,Retribution
Johanna Atherton Verstappen 2,,https://discord.com/channels/1169852846083153941/1170111183869706362/1350115709480603679,,,,,,,,,,,,
Johanna Atherton Verstappen 3,,,https://docs.google.com/spreadsheets/d/1XvYclNklJaUFOrPz7CUgMoYwuSmbISO6kRyIyCjl608/edit?usp=sharing,,,,,,,,,,,
Johanna Atherton Verstappen 4,,,,"Weaponmaster - [★]
Guardian - [★]
Fury - [1]
Symbolist - [1]
Arcanist [5]",,,,,,,,,,
Johanna Atherton Verstappen 5,,,,,#FF0000,,,,,,,,,
Johanna Atherton Verstappen 6,,,,,,27,,,,,,,,
Johanna Atherton Verstappen 7,,,,,,,"Idyll, Nirve",,,,,,,
Johanna Atherton Verstappen 8,,,,,,,,,"Verstappen is a tall woman with an imposing, almost oppressive presence. Her long blonde hair is kept practical, usually tied in a high bun to not interfere with her duties. Despite the wear and tear on them both, her plate armor and weapon are immaculately well maintained, serving both a practical purpose and steadfast devotion to her lord. There are a striking pair of black wings on her back, though they are not majestic and regal in any way. They’re scarred and covered in burn marks. Her glowing crimson eyes have returned, shining fiercely bright. They easily show whatever emotion she may be wearing.",,,,,
Johanna Atherton Verstappen 9,,,,,,,,,,"Idyllic Soul (Angel)
- Due to her connection and loyalty to Lilith, Verstappen cannot disobey a direct order from Lilith or any angel above her own station. Doing so will severely weaken her both physically and mentally and in extreme cases, outright no longer make her an angel.",,,,
Kaiten 1,https://images-ext-1.discordapp.net/external/Nq3fKrpVd2RM2mhgfuOGCD_3gJjs5CmBzs2NTUmrKNU/https/i.imgur.com/1bSdYAh.jpeg,,,,,,,,,,,,,
Kaiten 2,,,https://docs.google.com/spreadsheets/d/17zpB68gTUsJNZ47HypPS7nUzHsl2_N1MLLONln2F2xQ/edit#gid=0,,,,,,,,,,,
Kaiten 3,,,,"Tinkerer [2], Wayfarer [3], Rogue [2]",,,,,,,,,,
Kaiten 4,,,,,,7,,,,,,,,
Kaiten 5,,,,,,,Kar'Tarion - Dryholde,,,,,,,
Kaiten 6,,,,,,,,,"Kaiten-Shi is 5ft 10 inches tall. He has short, unkempt black hair. His face sports permament peach fuzz adorned on his tanned skin.",,,,,
Kaiten 7,,,,,,,,,,,None,,,
Kaiten 8,,,,,,,,,,,,,,Belonging
Kana Hyderlan 1,https://images-ext-1.discordapp.net/external/tF3UiOuliG-yu_ID17qa7Hx47Abkw95dAroButK0Vm4/https/i.imgur.com/fTVSQGv.png,,,,,,,,,,,,,
Kana Hyderlan 2,,,https://docs.google.com/spreadsheets/d/1_z5c4HeELDZIAF__OCARCN_JNQseizL-WrIBKBeLiLU/edit,,,,,,,,,,,
Kana Hyderlan 3,,,,Spiritist 3 | Darkblade 2,,,,,,,,,,
Kana Hyderlan 4,,,,,,5,,,,,,,,
Kana Hyderlan 5,,,,,,,Nezmira,,,,,,,
Kana Hyderlan 6,,,,,,,,,"A short, pale human girl standing at 5’7”. Her horns are the result of a volatile reaction between her magic and her brand, and her clothes over her tribe’s tattoos.",,,,,
Kana Hyderlan 7,,,,,,,,,,,,,,Duty
Kanon (賀音) 1,https://imgur.com/YYjdOgV.png,,,,,,,,,,,,,
Kanon (賀音) 2,,,https://docs.google.com/spreadsheets/d/1xIsOQcZchlty-Lzc9eFmAdlthb6CqH0cs5hmwsyWoZI/edit?usp=sharing,,,,,,,,,,,
Kanon (賀音) 3,,,,"Esper 3, Orator 2, Chanter 4",,,,,,,,,,
Kanon (賀音) 4,,,,,#ff94a4,,,,,,,,,
Kanon (賀音) 5,,,,,,9,,,,,,,,
Kanon (賀音) 6,,,,,,,Teisei,,,,,,,
Kanon (賀音) 7,,,,,,,,,"5'7""
silky pink hair, mysterious and kind pink eyes	
Androgynous with feminine curves
If you do a double take for how attractive he is, they wouldnt blame you.",,,,,
Kanon (賀音) 8,,,,,,,,,,,,,"(Maiko) geisha trained under a palace geisha in Teisei.

Dual cultivation

Became a slave

A proud geisha who's only real intelligence is that, a himbo in most aspects. Who needs intelligence in their own head when he will live rent free in yours ( ͡° ͜ʖ ͡°)",
Kanon (賀音) 9,,,,,,,,,,,,,,Love ( ͡° ͜ʖ ͡°)
Katya Yakhina 1,https://i.imgur.com/ffa2cyo.jpg,,,,,,,,,,,,,
Katya Yakhina 10,,,,,,,,,,,,Kuzunoha (NT-Tech TEMP),,
Katya Yakhina 11,,,,,,,,,,,,,"* A septid who grew up in a random dying podunk in the deserts of Central.

* Her mother was formerly with NT-Tech working in the Old World, and Katya grew up as an NTT booster who loved the sound of nature. Something went down and had her uproot so drastically. Her other mom had grown up in a Septid slum, and went to Central as a step up, whoof.

* Likes scrap and fiddling with things, doing repairs and kludges. Especially loves working with plants and medicines, got real good at it.

* Found a weird engineered snake somebody had dumped after their exotic pet got too big to be cute anymore. Named her Kelly. Quickly became inseparable.

* Her mom had some unburnt connections good enough to help get Katya a TEMP license from NTT.

* Did a bit of travel around Central, selling things and doing repairs, trying to make a living and also breathe some life back into her home and places like it.",
Katya Yakhina 12,,,,,,,,,,,,,,Hope
Katya Yakhina 2,,https://discord.com/channels/1169852846083153941/1170111183869706362/1332486517318357042,,,,,,,,,,,,
Katya Yakhina 3,,,https://docs.google.com/spreadsheets/d/1VVGvmTP0sKC2r7JXKpuZX6FZYo5wwfbydqszuI4HnVk/edit?gid=0#gid=0,,,,,,,,,,,
Katya Yakhina 4,,,,"Merchant [4]
Tinkerer [5]
Wayfarer [1]",,,,,,,,,,
Katya Yakhina 5,,,,,3F5727,,,,,,,,,
Katya Yakhina 6,,,,,,10,,,,,,,,
Katya Yakhina 7,,,,,,,"Terra, Central",,,,,,,
Katya Yakhina 8,,,,,,,,,"3'8"" (112 cm) tall

Orange eyes with distinctive 'bar' pupils

Long, shaggy grey hair

Pale greyish skin, getting progressively greener in her extremities

Dresses in practical, worn clothing, fairly covered up; fit for the desert. Has a big, wide-brimmed hat. Looks so much like a witch.",,,,,
Katya Yakhina 9,,,,,,,,,,,Formulaic Accessory (Roll +1 dice when using Alchemy),,,
Kazuko Imaya 1,https://i.pinimg.com/736x/d6/f0/7c/d6f07c6d0417d2c6cfbac120308da1e7.jpg,,,,,,,,,,,,,
Kazuko Imaya 2,,,https://docs.google.com/spreadsheets/d/1ZsEinw5SKgW7GuDNo3WFDRG6yeBFcYGkR-2X6sDBE1w/edit?usp=drivesdk,,,,,,,,,,,
Kazuko Imaya 3,,,,"Orator 3
Spiritist 1
Commander 2",,,,,,,,,,
Kazuko Imaya 4,,,,,,6,,,,,,,,
Kazuko Imaya 5,,,,,,,"Haven, Terra",,,,,,,
Kazuko Imaya 6,,,,,,,,,"Kazuko Imaya certainly dresses the part of a punk. Leather jackets? Check. Spikes? Check. Pants that don't have extraneous holes? What are you, a cop?

She is tall at 5'9 and rather curvy. Her long hair is often in a ponytail, though some times she'll let it flow down to her waist. She's attractive, she's spunky. And she's down to rouse people into a fucking fight.",,,,,
Kazuko Imaya 7,,,,,,,,,,,,,"* Born in Haven.
* Parents worked for DHK. DHK gave them a discounted rate to get Kazuko the trans related surgeries that she needed (yay!)
* But they couldn't pay the debts and were disappeared (Not yay :( )
* Kazuko got mad and started singing about it.
* Became a minor celebrity among the disenfranchized. Sings her heart out about her anger, regardless of its actual justification.
* Got bamfed to the worldhelm to fight for those who can't fight for themselves.",
Kazuko Imaya 8,,,,,,,,,,,,,,Defiance
Keiko 1,https://i.imgur.com/7IPiiNC.png,,,,,,,,,,,,,
Keiko 10,,,,,,,,,,,,,,Love
Keiko 2,,https://discord.com/channels/1169852846083153941/1170111183869706362/1324962711506784337,,,,,,,,,,,,
Keiko 3,,,https://docs.google.com/spreadsheets/d/1RxOEhZk_-mJ6jve_0V0ghLsOdrisN_m0gP1n-SeaOrY/edit?gid=0#gid=0,,,,,,,,,,,
Keiko 4,,,,"Weaponmaster ★
Rogue 2
Dancer 7",,,,,,,,,,
Keiko 5,,,,,#E0B0FF,,,,,,,,,
Keiko 6,,,,,,19,,,,,,,,
Keiko 7,,,,,,,"Yamashita, Teisei, Tian-Yin",,,,,,,
Keiko 8,,,,,,,,,"Keiko is a tall woman wearing colorful clothes and a bright expression.  She carries a sword in a lavender sheath and moves with exceptional grace.  A small scar crosses her nose, and she has an almost permanent smile on her face.",,,,,
Keiko 9,,,,,,,,,,,,,"-After her sister killed everyone in their village, Keiko searches for vengeance.
-Failing her lover Horoko in battle, her heart no longer glows in Tian Yin
-She managed to find her sister and save her from becoming corrupt, she became a Goldhearted",
Keith Walker 1,https://cdn.imgchest.com/files/yrgcnx2q5j4.png,,,,,,,,,,,,,
Keith Walker 10,,,,,,,,,,,"- Beat 'em Up Wrappings (Weapon - Form I: Quick / Form II: Accurate, Powerful; Quality: Specialist)
- Compressive Hand Wraps (Weapon - Therapeutic)
- Usurper's Bladed Armguard (Weapon - Mindbreaker)
- The Payback Generator Vest (Armor - Retribution)
- Air Blessed Silk (Armor - RS Bolt)
- Champion Jacket (Armor - IMM: Weak)
- Champion's Belt (Armor - Dissuade)
- Rixa Ultima (Accessory - Dual Specialist for Brawling and Thrown)
- Jizou Wooden Doll Keychain (Accessory - Wanderer's Luck)
- Cool Shades (Composure)",,,
Keith Walker 11,,,,,,,,,,,,,"- His life prior to the experimentations remain a mystery due to all traces of his life wiped from the record, though there are hints of a highly-televised and tragic sports-related incident, and association with a terrorist group
- Keith was kidnapped as a candidate of the ""Farseer Project"", joint project between DHK and 100G to create Psycho Powered super-soldiers
- Escaped the lab and found life in North Rock under the care of Marcus Almasi and Maya Smith through the Rogue Reactor
- Gained notoriety ""The Stray"", a Temp found aimlessly wandering the streets and getting into brawls with various gangs throughout Haven, mostly North Rock (Akuma, Bolters, etc)
- Recently infected with Demonic Qi during a battle against a Corrupted Cultivator, but was able to manifest the Qi, albeit roughly, as his own",
Keith Walker 12,,,,,,,,,,,,,,Discovery
Keith Walker 2,,https://discord.com/channels/1169852846083153941/1170111183869706362/1324906564460478487,,,,,,,,,,,,
Keith Walker 3,,,"[""Y'know, maybe some people don't wanna be found.""](https://docs.google.com/spreadsheets/d/1SvsSbXt5Bthh7PcDHIpFhqVdkqcz9DQK6--2z0LKiAg/edit?usp=sharing)",,,,,,,,,,,
Keith Walker 4,,,,Boxer (Weaponmaster) ★ / Brawler (Fury) ★ / Esper 4 / Malefactor 4 / Rogue 2,,,,,,,,,,
Keith Walker 5,,,,,,30,,,,,,,,
Keith Walker 6,,,,,,,"North Rock, Haven, Central, Terra",,,,,,,
Keith Walker 7,,,,,,,,"""The Stray"" (Temp tag)
Subject #500, S500, S-Five-Zero-Zero (Experimental Origin)",,,,,,
Keith Walker 8,,,,,,,,,"Keith is a very tall dark brown-skinned man at 200cm (6'6"") with his hair braided in cornrows. He is often with a black hooded jacket, a green undershirt, gold chained necklace, and a pair of black slacks.",,,,,
Keith Walker 9,,,,,,,,,,Fugitive Experiment,,,,
Kelden 1,https://i.ibb.co/jP12G1jm/c8ba63a9432501fc5be638fe469e2c26.jpg,,,,,,,,,,,,,
Kelden 10,,,,,,,,,,,,,,Change
Kelden 2,,,https://docs.google.com/spreadsheets/d/1BRtAwsaPZlDREuCYjSZPvgTMJ67OcP4tK2KKA_J9y_w/edit?usp=sharing,,,,,,,,,,,
Kelden 3,,,,"Wayfarer 2
Dancer 2
Fury 1",,,,,,,,,,
Kelden 4,,,,,#008080,,,,,,,,,
Kelden 5,,,,,,5,,,,,,,,
Kelden 6,,,,,,,"Dorlak Village, Leytik, Tian Yin",,,,,,,
Kelden 7,,,,,,,,,"Kelden is a taller man, knocking about 180cm/6'. He has long, white hair braided behind him, a single teal horn protruding from above his right ear. He's dressed in loose Tian Yin clothing and always has a determined expression on his face.",,,,,
Kelden 8,,,,,,,,,,Qi Specialist (Wood),,,,
Kelden 9,,,,,,,,,,,,,"Kelden grew up as the prodigy of a small Leytik village that believed in a philosophy of ""Cycles"". 
He was imprisoned for wanting to leave, and so was a snake spirit beast the village's elder had captured. The two, putting their strength together, escaped and hid in the mountains while Norbu taught Kelden cultivation, then started wandering and exacting change. Eventually they found themselves on the Worldhelm as they fell into a ravine where a Realmstorm saved them.",
Khaal 1,https://i.imgur.com/FtZowtz.png,,,,,,,,,,,,,
Khaal 2,,,https://docs.google.com/spreadsheets/d/12Lwu8qJj1Cgn_i_IqFZyF1gZirYX4d9xJo2Co20lVSU/edit?usp=drivesdk,,,,,,,,,,,
Khaal 3,,,,"Rogue [★], Fury [★], Dancer 4, Mutant 3, Entropist 1",,,,,,,,,,
Khaal 4,,,,,,28,,,,,,,,
Khaal 5,,,,,,,"Bahata Khajaana, Tiger Lands",,,,,,,
Khaal 6,,,,,,,,,"Khaal stands tall at 7'8 feet, with an athletic, muscular build. Tiger ears emerge from his head, complementing his slitted pupils, black stripes that run down his body, and lethal claws.",,,,,
Khaal 7,,,,,,,,,,,,,"Born a half-Rakshasa, Khaal is the son of a Rakshasi woman and a father who relentlessly honed his mind and body. In the Tiger Lands, he walked the middle path between humanity and the bestial spirit. From his father, Khaal learned the importance of self-improvement, striving to be just a little better each day. His mother instilled in him a deep connection to the land and an unwavering courage. With these principles guiding him, Khaal faces the world, always ready to test his claws and be a steadfast ally and supporter. Now he travels to discover who he is apart from devotion to his home and its myriad conflicts.",
Khaal 8,,,,,,,,,,,,,,Courage
Kit 1,https://64.media.tumblr.com/397e48067858005b13b78a6301ac4e7a/4182473ee4fb32bc-53/s1280x1920/41612327d450da2c4dbaac340160e6cfd5dada12.jpg,,,,,,,,,,,,,
Kit 2,,https://discord.com/channels/1169852846083153941/1170111183869706362/1319428220134625393,,,,,,,,,,,,
Kit 3,,,https://docs.google.com/spreadsheets/d/1kMlC0kQYlshK299evtpUjAiA3PBC2zaF_0kn7KAiHLQ/edit?usp=sharing,,,,,,,,,,,
Kit 4,,,,"Floralist 2
Mutant 4
Tinkerer ★
Wayfarer 3",,,,,,,,,,
Kit 5,,,,,,19,,,,,,,,
Kit 6,,,,,,,"North Rock, Terra",,,,,,,
Kit 7,,,,,,,,,"Standing at 5'9"" with a fairly average build, Kit has tanned skin and hair that is dyed bright blue. His most notable feature is his right arm, coated in a layer of misshapen flesh which seems to shift and undulate when watched closely.

He wears a white overcoat while working, and carries a variety of supplies to provide medical treatment even in harsh environments.",,,,,
Kit 8,,,,,,,,,,,,,"An abandoned experiment from North Rock who was raised by a slum doctor. After the doctor's violent death, Kit continues to work as an itinerant doctor, treating those who cannot afford medical care.",
Kit 9,,,,,,,,,,,,,,Hope
Klyra 1,https://i.imgur.com/v8nSctl.png,,,,,,,,,,,,,
Klyra 2,,,https://docs.google.com/spreadsheets/d/1Bx7_n-nHYzwaTHL5V09WWP4WgD-dhTd4GuIsNfRZtLU/edit?gid=0#gid=0,,,,,,,,,,,
Klyra 3,,,,"Mutant 3
Rogue 1
Weaponmaster 1",,,,,,,,,,
Klyra 4,,,,,,5,,,,,,,,
Klyra 5,,,,,,,Terra - Helios,,,,,,,
Klyra 6,,,,,,,,,"Klyra is usually completely obscured by a massive dark purple cloak that reaches the floor, containing a plethora of archaic technology from The Old World, and a mask that covers her face. In this outfit she appears around 190cm but in actuality she's a shortstack who wears stilts and the intimidating garb to try and look more villainous. She's always accompanied by a pair of floating masks similar to the one she wears, one blue, the other a dull magenta.",,,,,
Klyra 7,,,,,,,,,,,,,,Duality
Kohaku Aiuchi 1,https://i.imgur.com/og5QfJQ.jpeg,,,,,,,,,,,,,
Kohaku Aiuchi 2,,,https://docs.google.com/spreadsheets/d/1kRXghi30OV7_5OneIFr5eanajnW_BiRwwJX5E91_MQY/edit?gid=0#gid=0,,,,,,,,,,,
Kohaku Aiuchi 3,,,,"Orator 10
Rogue 2
Esper 3
Commander 3",,,,,,,,,,
Kohaku Aiuchi 4,,,,,,19,,,,,,,,
Kohaku Aiuchi 5,,,,,,,"Tian Yin, Murata.",,,,,,,
Kohaku Aiuchi 6,,,,,,,,,"Kohaku is a slender man, standing at 5'9"" typically wearing formal garments - strangely immaculate and obsessively clean exterior though suitable for his vocal occupation.",,,,,
Kohaku Aiuchi 7,,,,,,,,,,,,,"- Born from a fallen noble house as a consequence of the shattering.
- He became a negotiator of Murata that aided the mayor directly.
- Occasionally, he traveled to surrounding villages to ensure safe transport of food and other supplies from Murata. 
- He left when the first goldhearted returned.
- He later became the Senechal-in-Training on behalf of Teisei.",
Kohaku Aiuchi 8,,,,,,,,,,,,,,Safety
Koishi 1,https://i.imgur.com/swyFngf.png,,,,,,,,,,,,,
Koishi 10,,,,,,,,,,,,,,Anger
Koishi 2,,https://discord.com/channels/1169852846083153941/1170111183869706362/1322290628972908555,,,,,,,,,,,,
Koishi 3,,,[It's Koishi I'm afraid](<https://docs.google.com/spreadsheets/d/1dub-wkUATXXjPtzFAebbdlr3UCLaeT-4tPHH4wVtNNc/edit?pli=1&gid=1457444738#gid=1457444738>),,,,,,,,,,,
Koishi 4,,,,"Dancer 9, Fury 2, Merchant 2",,,,,,,,,,
Koishi 5,,,,,#d3291e,,,,,,,,,
Koishi 6,,,,,,13,,,,,,,,
Koishi 7,,,,,,,"Ishiyama, Teisei, Tian Yin",,,,,,,
Koishi 8,,,,,,,,,"Koishi is a half-red oni girl in her late teens with two red horns protruding from her head, slightly covered by a huge mane of white hair. She stands tall at 6ft and lugs around a great pickaxe by her side.",,,,,
Koishi 9,,,,,,,,,,,,,"Born a half-red oni in the oni stronghold Ishiyama, she and her frail mother had to beg to survive. 
At the age of 6 Koishi's mother passed away, leaving her wracked with anguish.
The pain and anger of losing her mother, and the tyranny and poverty they all endure, solidify into Koishi's raison d'etre. 
Koishi continues to grow and train, biding time until unleashing a revolt against the oni masters and reclaiming the name granted by her mother.",
"Koishikawa ""Kawa"" Sasaki 1",https://i.imgur.com/TwsIino.jpeg,,,,,,,,,,,,,
"Koishikawa ""Kawa"" Sasaki 2",,,[Kawa's Sheet!](https://docs.google.com/spreadsheets/d/1CZRU6DkAvmpfzTsRKfS_vy9jU8EruOMvxVqlMwrxjCI/edit?usp=sharing),,,,,,,,,,,
"Koishikawa ""Kawa"" Sasaki 3",,,,"Loremaster ★
Sharpshooter 2
Tinkerer 8",,,,,,,,,,
"Koishikawa ""Kawa"" Sasaki 4",,,,,,20,,,,,,,,
"Koishikawa ""Kawa"" Sasaki 5",,,,,,,"Haven, Terra",,,,,,,
"Koishikawa ""Kawa"" Sasaki 6",,,,,,,,,"Kawa is 4'11"" with a thin frame and pale skin. With long, white hair that is typically stylized and well-kept. She is fairly expressive, wearing a smug smile in conversations with strangers. Typically wears a jacket, with a tank top underneath, as well as pants, and boots. But likes to dress up often.",,,,,
"Koishikawa ""Kawa"" Sasaki 7",,,,,,,,,,,,Seraph (100G); not bound,,
"Koishikawa ""Kawa"" Sasaki 8",,,,,,,,,,,,,"- Their mother is Sayumi Sasaki, an executive in 100G Security.
- Was the highest scoring student in her school. Almost entered a prestigious college sponsored by Orrery until she declined.
- Became a TEMP with her twin sister, ""Saki"", using Sayumi's connections to get a license.
- Both of them briefly worked with the Goldfingers.
- Their main goal is to help gather funds for their younger sister, ""Mina"", to a good school and to look out for her.",
"Koishikawa ""Kawa"" Sasaki 9",,,,,,,,,,,,,,Family
Kori von Kleist 1,https://i.pinimg.com/736x/08/89/4b/08894bdc558bad6167f31b2696a9e6f6.jpg,,,,,,,,,,,,,
Kori von Kleist 2,,,https://docs.google.com/spreadsheets/d/1TXRG07kwL4VFYJJ5ggoAT1_BVhgIgqs7mSxIkF-7V3s/edit?gid=0#gid=0,,,,,,,,,,,
Kori von Kleist 3,,,,"Loremaster 7
Orator 1
Elementalist 2",,,,,,,,,,
Kori von Kleist 4,,,,,,10,,,,,,,,
Kori von Kleist 5,,,,,,,Weapon seeking her own Path,,,,,,,
Kori von Kleist 6,,,,,,,,,"Kori is a relatively tall woman at 5'6. The best word to describe her would be: Well put together. Her brown hair is immaculately kept, her glasses are always clean. If she is not wearing her school uniform (always pressed), she is wearing a lovely, regal green dress (always immaculate). The closest to 'unkempt' one could argue for her is her freckles, which she never bothers to cover up with her make up.

Kori never wields a weapon, and the reason why becomes very clear as soon as conflict begins: She becomes a long, heavy spear. The spear has an impressively keen edge, and seems to truly come to life when battling truly impressive foes.",,,,,
Kori von Kleist 7,,,,,,,,,,,,,"* Born fifth generation of an old family. 
* Her parents expected her to follow the family tradition of enrolling as a Paladin. 
* She tried to help her brother get ready to also enroll, but her parents were awful to her about it.
* She passed the entrance exams well, but surprised (and angered) her parents by joining the House of Treasures.
* Sped run through getting to the rite of binding. Her father is angry and wants the rite removed from her, but even if it could be she wouldn’t.
* Father has been harassing her non stop. This has affected her ability to get good grades and socialize.
* To alleviate this, she is yeeted off to the remedial class.",
Kori von Kleist 8,,,,,,,,,,,,,,Connection
Kris Terasu 1,https://i.imgur.com/rqDhhuV.jpeg,,,,,,,,,,,,,
Kris Terasu 10,,,,,,,,,,,,,"A second generation racing prodigy from Terra, Kris was expected to carry on his parents legacy in the augmented reality racing leagues and potentially win the Grand Prix. During his school days he usually kept to himself, focusing on his studies mostly due to people picking on him for being ""different"".

On his 17th birthday, both his parents suffered bad crashes and  mysteriously disappeared forcing Kris to sell off most of his family's racing machines and tech in order to stay financially afloat, and even entered the league himself to find out what happened to his parents.

During one such race, he was struggling due to heavy resistance from the other racers, and was close to his racer breaking down. Instead of pulling in and retiring from the race, He found a fire within and contuined on, and on the final lap, a Realmstorm hit, just as he crossed the finish line, disapearing in a bright light, which was assumed to be a pyrotechnic stunt.",
Kris Terasu 11,,,,,,,,,,,,,,Doubt
Kris Terasu 2,,TBD,,,,,,,,,,,,
Kris Terasu 3,,,https://docs.google.com/spreadsheets/d/1_D5r3CBAZmIkT8ZED7IbsEMl7CULhZ1cknkPY1e1U2U/edit?usp=sharing,,,,,,,,,,,
Kris Terasu 4,,,,"Pilot 3
Entropist 2",,,,,,,,,,
Kris Terasu 5,,,,,,5,,,,,,,,
Kris Terasu 6,,,,,,,"Herring Harbour, Terra",,,,,,,
Kris Terasu 7,,,,,,,,,"172 cm tall, paleish skin, blueish green eyes. slightly spiky brownish blonde hair, commonly wears a blue jacket and dark orange jeans, headphones and respirator",,,,,
Kris Terasu 8,,,,,,,,,,N/A,,,,
Kris Terasu 9,,,,,,,,,,,None yet,,,
Kunzang 1,https://images-ext-1.discordapp.net/external/An6i3Y7Bx55ShBrFXrKHts7nMFs-9gbZW8QMt5S0wl8/https/i.imgur.com/QKWNp5n.jpg,,,,,,,,,,,,,
Kunzang 2,,,[Yak Attack](https://docs.google.com/spreadsheets/d/1kPUWmfJnzjUik3mUezniqv9brge2p2PeeUNd4zyemRw/edit?usp=drivesdk),,,,,,,,,,,
Kunzang 3,,,,Fury 3 / Weaponmaster 3 / Rogue 1,,,,,,,,,,
Kunzang 4,,,,,,7,,,,,,,,
Kunzang 5,,,,,,,"Leytik, Tian Yin",,,,,,,
Kunzang 6,,,,,,,,,"Standing at a rather imposing 8'5"" before factoring in his horns, and weighing in at roughly 650 lbs, Kunzang is an absolute fucking unit, even for his people. This massive specimen sports a two-tone fur pattern of white and red, large horns that turn black as they go on, and traditional clothing of the Holy Harmony's practitioners.",,,,,
Kunzang 7,,,,,,,,,,,,,,Justice
Kurso Armstrong 1,https://i.imgur.com/EDrcOdt.png,,,,,,,,,,,,,
Kurso Armstrong 10,,,,,,,,,,,,,"- Born in Korala with his Father and His mother.
- Mother went Missing.
- Kurso was taken out mid education to help with Full Metal Militia.
- Kurso Rebelled and Escaped his father after freeing a bunch of people that were being experimented on.
- Arrived and was forcibly signed up to the KPLA in Bastion.",
Kurso Armstrong 11,,,,,,,,,,,,,,Perseverance
Kurso Armstrong 2,,https://discord.com/channels/1169852846083153941/1170111183869706362/1283453436372848722,,,,,,,,,,,,
Kurso Armstrong 3,,,[The young Aspiring Engineer](https://docs.google.com/spreadsheets/d/1oejoHjgCE10a0j4aPrAzT0AzhzBeKuYEqUTE2zGthEg/edit?gid=564984213#gid=564984213),,,,,,,,,,,
Kurso Armstrong 4,,,,Pilot 10🥽/Sharpshooter 10🔫/ Loremaster 2📙/ Tinkerer 4🔧/ Rogue 1 🔪,,,,,,,,,,
Kurso Armstrong 5,,,,,#800000,,,,,,,,,
Kurso Armstrong 6,,,,,,27,,,,,,,,
Kurso Armstrong 7,,,,,,,Korala [Lhodos],,,,,,,
Kurso Armstrong 8,,,,,,,,,"Standing at 5'0 ft tall with Dirty blonde hair, wearing a white jacket and carrying a brown backpack, he carries a Standard Issue Rifle from the KPLA and also has a prosthetic arm due to him losing his original one on his operations to fight merrane.",,,,,
Kurso Armstrong 9,,,,,,,,,,,"Runewright Prosthetic Arm: Reduce IP Cost by 1 per scene

Pilot Concentration Interface Goggles: Immunity to Dazed

KE-Tech Switch Revolver : [INS+ INS+1] [HR + 10 Light] +5 Damage to Humanoids and constructs

Necklace of Two Parts: While you have one part of the necklace equipped, you can use the Protect skill to take the place of the creature who wears the other, even if you have not acquired that skill. If you have acquired Protect, you can use it one extra time between each of your turns to protect the creature who wears the other part.

First Resort: DEX + DEX + 1|HR + 10 physical
Firearm ◆ One-handed ◆ Ranged ◆ This Weapon deals 5 extra Damage to Villains.

Bison Dynamics: Charged Sniper Rifle Module
[DEX+INS]+1 [HR+12 Physical] 
If you have acquired the Hawkeye Skill, treat your Skill Level in it increased by 2 (up to a maximum of SL 7).",,,
Kviss Dhata Nergath 1,https://i.imgur.com/apgdEli.png,,,,,,,,,,,,,
Kviss Dhata Nergath 10,,,,,,,,,,,,,"Was Cecrae
Met God
Not Cecrae >:(
Now Hero >:D",
Kviss Dhata Nergath 11,,,,,,,,,,,,,,Discovery
Kviss Dhata Nergath 2,,,[Link](https://docs.google.com/spreadsheets/d/1Af_q5oD19d-9ah8Dm-0XcncJJFhfL2CiwqtsD71ZVMc/edit?usp=sharing),,,,,,,,,,,
Kviss Dhata Nergath 3,,,,"Arcanist ★, Entropist ★, Floralist ★, ~~Tinkerer~~ Visionary",,,,,,,,,,
Kviss Dhata Nergath 4,,,,,#1f8572,,,,,,,,,
Kviss Dhata Nergath 5,,,,,,34,,,,,,,,
Kviss Dhata Nergath 6,,,,,,,The Moon (Kor'Tarion),,,,,,,
Kviss Dhata Nergath 7,,,,,,,,,"A 5'4"" human woman who only looks human to a non-human. She has purple eyes, and hair that's green on one side and white on the other. Her skin is a bark brown color. Her attire is a weird mix of Kor'Tarion and Lhodos, wearing a wide poncho with several completely unnecessary belts. For those well acquainted with Dhata, they seem like they could be cousins, aside from all the clearly inhuman influences.",,,,,
Kviss Dhata Nergath 8,,,,,,,,,,Inventor Prodigy,,,,
Kviss Dhata Nergath 9,,,,,,,,,,,"Cloak of House Peppermint
10-foot Pole
Psionic Containment Net
Ritual Robes
Karmic Needle
Misc Story Based Items",,,
Kxaxukluth 1,https://media.discordapp.net/attachments/1177471729371717683/1177471946275946506/EeryF4WXgAMdE6O.png?ex=663b0534&is=6639b3b4&hm=0d31dc4ef44839ab26306942379b5a3284e7d1bc22b2688303e4f9f6cfd00a14&,,,,,,,,,,,,,
Kxaxukluth 10,,,,,,,,,,,,,,Hope
Kxaxukluth 2,,,https://docs.google.com/spreadsheets/d/1p4du4k7MMwVLo1694rxcqp98iS4MYZi8rSqSQTnqveE/edit,,,,,,,,,,,
Kxaxukluth 3,,,,"Chimerist ★
Fury ★
Mutant ★
Orator Lv. 4
Weaponmaster Lv. 1
Empath Lv. 1",,,,,,,,,,
Kxaxukluth 4,,,,,,36,,,,,,,,
Kxaxukluth 5,,,,,,,"Caer Moryd, Kor’tarion",,,,,,,
Kxaxukluth 6,,,,,,,,,"This lean humanoid usually resembles a bipedal cat, just over 5'6"". The resemblance is superficial. The line that runs across their back is not coloration; it is a long row of teeth and fangs which open to a terrible tendril-filled maw that spans its entire body. To be polite, Kxax covers this unnatural form with nice ponchos and a pointy purple hat.",,,,,
Kxaxukluth 7,,,,,,,,,,Fugitive Experiment (0 Instability),,,,
Kxaxukluth 8,,,,,,,,,,,"Hero’s First Blade
Cloak of House Peppermint
Necklace of Two Parts
Birdwatching Goggles
Summer Robe
Beast Armor",,,
Kxaxukluth 9,,,,,,,,,,,,,"A monster created in secret beneath Caer Moryd. He rejects the urges of his nature to do good and has a mostly-positive track record of doing so.

Since becoming a Goldhearted, he's pursued academia at Hudal Academy, cast his lot against the crown with the Truehart coalition, and dreams of establishing a place where folks like him - unusual but well-meaning - can find peace.",
Köll Vol 1,https://i.imgur.com/Q0j1QZI.jpeg,,,,,,,,,,,,,
Köll Vol 10,,,,,,,,,,Elemental Soul (Ice),,,,
Köll Vol 11,,,,,,,,,,,,"Lorelei, Kuzunoha",,
Köll Vol 12,,,,,,,,,,,,,"- Lost his memories after being touched by Godblood.
- Koll is basically a draugr, with all that entails.",
Köll Vol 13,,,,,,,,,,,,,,Delusion
Köll Vol 2,,https://discord.com/channels/1169852846083153941/1170111183869706362/1343262523616657492,,,,,,,,,,,,
Köll Vol 3,,,"[""Save Aldistir!""](https://docs.google.com/spreadsheets/d/1Zdway8anWupTfkrBZbW1Q0WepbIrrgao_S99hhqTOxE/edit?gid=0#gid=0)",,,,,,,,,,,
Köll Vol 4,,,,"Mutant [★]
Dancer  [★]
Guardian [★]
Arcanist
Sharpshooter
Weaponmaster",,,,,,,,,,
Köll Vol 5,,,,,#b8bcde,,,,,,,,,
Köll Vol 6,,,,,,40,,,,,,,,
Köll Vol 7,,,,,,,Aldistir,,,,,,,
Köll Vol 8,,,,,,,,Akihiko (Currently stolen),,,,,,
Köll Vol 9,,,,,,,,,"A short and meek boy, Köll wanders the tundra of Aldistir. His pale skin and silver hair clash with the black of his eyes, revealing the Godblood within.

Altough he is a Yokai, his only bestial trait are his sharp claws and teeth. He wears a fur mantle to keep the cold away, and his hood is decorated with fluffy canine-like ears to be more easily recognized as a Yokai.

The slight smell of blood follows him around...",,,,,
Lady Kezhari 1,https://media.discordapp.net/attachments/1179610873271177236/1195514537517002834/a3ad5b07d87ff062c94adec782ce0ca8.png?ex=663b666d&is=663a14ed&hm=e18dccb02d0f471e3367641115b5a574bd7037c152ae4064d0ed3d8344bb083d&,,,,,,,,,,,,,
Lady Kezhari 2,,,https://docs.google.com/spreadsheets/d/1rAfoFScBGXuOauJUkRIK3sLxeQkvG6LMAI96fVx9uHY/edit#gid=0,,,,,,,,,,,
Lady Kezhari 3,,,,"3 Spiritist, 1 Commander, 1 Gourmet",,,,,,,,,,
Lady Kezhari 4,,,,,,5,,,,,,,,
Lady Kezhari 5,,,,,,,"Skamos, Nezmira",,,,,,,
Lady Kezhari 6,,,,,,,,,"A tall, lizardlike humanoid standing at 6'2"". Kezhari's purple scales are smooth to the touch, and she has floppy ears with a doglike muzzle to boot. She typically wears a long, flowing robe and hats of questionable fashion sense.",,,,,
Lady Kezhari 7,,,,,,,,,,,,,,Mercy
Lei-Lei 1,https://media.discordapp.net/attachments/1339473858733936770/1339475538116345866/image.png?ex=67b76d0e&is=67b61b8e&hm=0969c02edb09dd693fb9eb22786fa9886ac3719f8bf4f14991b1ed9e49c3a67c&=&format=webp&quality=lossless&width=&height=,,,,,,,,,,,,,
Lei-Lei 10,,,,,,,,,,,,,,Hope
Lei-Lei 2,,https://discord.com/channels/1169852846083153941/1170111183869706362/1339799882675912815,,,,,,,,,,,,
Lei-Lei 3,,,https://docs.google.com/spreadsheets/d/1JTdxfzp-ZcIKIzgFqoGstRdSa8KlqJjKRQImO_VmAjQ/edit?gid=0#gid=0,,,,,,,,,,,
Lei-Lei 4,,,,"Tinkerer Lv. 4
Entropist Lv. 1",,,,,,,,,,
Lei-Lei 5,,,,,,5,,,,,,,,
Lei-Lei 6,,,,,,,"Xiaohai, Wujing Guo",,,,,,,
Lei-Lei 7,,,,,,,,,"A slight vanara with poofy brown fur. He's just as tall as his sister, and dresses in clean reds and blacks. His firework cannon is always on his back, and if it leaves him, it always returns to him eventually.",,,,,
Lei-Lei 8,,,,,,,,,,Hunted Emissary,,,,
Lei-Lei 9,,,,,,,,,,,,,"Vanara raised with his twin sister in a solitary village in Xiaohai. The village revered them, but they wanted more and more personal relationships. So, they set their wanderlust at the helm and departed.",
Leilani 1,https://images-ext-1.discordapp.net/external/YKEKuGhPq8bDIItB1xZe0rCgBmjSXtI0X1EJSO6-nCw/https/gbf.wiki/images/7/71/Npc_zoom_3040204000_01.png,,,,,,,,,,,,,
Leilani 2,,,https://docs.google.com/spreadsheets/d/19vkfRGK6tuHNuNlWMpRsyF0uGlSnROwG_kitmkLV1Ig/edit?usp=sharing,,,,,,,,,,,
Leilani 3,,,,Rogue [3] Weaponmaster [1] Fury [1],,,,,,,,,,
Leilani 4,,,,,,5,,,,,,,,
Leilani 5,,,,,,,"The city of Brightshield, Kor'Tarion",,,,,,,
Leilani 6,,,,,,,,,"Standing at a glorious 5'6, with her head covered with short silver hair and a large pair of ears. Her golden eyes rarely stand still, always looking around. Over her feline tail is her bag tied to her waist that she carries around at all times.",,,,,
Leilani 7,,,,,,,,,,,,,,Justice
Liam Renault 1,https://images-ext-1.discordapp.net/external/kjbc5Vcw_iZR4M2axKeHtyoKF33pT0SHHdKecS5NbLE/https/i.imgur.com/Njjit7p.png,,,,,,,,,,,,,
Liam Renault 2,,,https://docs.google.com/spreadsheets/d/1q69eIsbxIQN-hPAep84vEKMyhgHg-F88rpjPHoimT5E/edit#gid=1795464878,,,,,,,,,,,
Liam Renault 3,,,,Guardian 1 Weaponmaster 4 Entropist 2,,,,,,,,,,
Liam Renault 4,,,,,,7,,,,,,,,
Liam Renault 5,,,,,,,Kor'Tarion,,,,,,,
Liam Renault 6,,,,,,,,,"Liam has shoulder length black hair and a short beard. He stands at roughly 6'4"" and 280 with mass of muscle to accompany.",,,,,
Liam Renault 7,,,,,,,,,,,,,,Glory
Lilac Brightshield 1,https://images-ext-1.discordapp.net/external/fBiPdeF4tooomXHgm5Mje_J34t5ZBIpLHlLsf24Iv4I/%3F1582437006/https/cdna.artstation.com/p/assets/images/images/024/441/418/small/jooyoung-park-02.jpg,,,,,,,,,,,,,
Lilac Brightshield 2,,,[Lilac's Sheet](https://docs.google.com/spreadsheets/d/1RC7UVx05kdBf2pOhZSK3UuutqU6EXX6NPkYvtg1piK0/edit?usp=drivesdk),,,,,,,,,,,
Lilac Brightshield 3,,,,"Dancer [4], Rogue [3], Weaponmaster [1]",,,,,,,,,,
Lilac Brightshield 4,,,,,,8,,,,,,,,
Lilac Brightshield 5,,,,,,,"The City of Brightshield, Kor'Tarion",,,,,,,
Lilac Brightshield 6,,,,,,,,,"Standing at around 5'10"" and wielding an oversized pair of scissors, Lilac appears intimidating, to say the least, despite her elegant dress sense and slender frame. She has long, white hair, purple eyes befitting of her name, and carries herself with poise and precision.

The strange scissors she carries everywhere is made of a pristine silver, inlaid with gems of varying purple shades.",,,,,
Lilac Brightshield 7,,,,,,,,,,Heirloom (Soulshearers),,,,
Lilac Brightshield 8,,,,,,,,,,,Soulshearers,,,
Lilac Brightshield 9,,,,,,,,,,,,,,Ambition
Liliwen Bremblebery 1,https://i.imgur.com/UOqP9tC.png,,,,,,,,,,,,,
Liliwen Bremblebery 10,,,,,,,,,,,,,"* From a common-born family with a history in and around Tradefair (and Honeydew before it). She was born in Tradefair.

* Her father had an encounter with a fae that left him changed, marked by the ears and tail of a mouse. He has not spoken of what happened or what fae he encountered to Liliwen. She inherited these features herself.

* Liliwen grew up a scrappy little rascal and matured into a scrappy little lady. She channeled her competitiveness into work as a mercenary with the Iron Anvils, and made a name for herself despite some misgivings and prejudice.

* In the middle of a job gone bad, Liliwen approached a Realmstorm and was whisked off to the Worldhelm. She has done heroics while also returning home often to do her job there.",
Liliwen Bremblebery 11,,,,,,,,,,,,,,Justice
Liliwen Bremblebery 2,,https://discord.com/channels/1169852846083153941/1170111183869706362/1313924668209627166,,,,,,,,,,,,
Liliwen Bremblebery 3,,,https://docs.google.com/spreadsheets/d/11SyIixfmwPVHk3GcpsvfsL5yhkoF5YgGiMxl--mp-oo/edit?gid=0#gid=0,,,,,,,,,,,
Liliwen Bremblebery 4,,,,"Guardian 4
Weaponmaster 3
Fury 10
Brightblade 3",,,,,,,,,,
Liliwen Bremblebery 5,,,,,#215600,,,,,,,,,
Liliwen Bremblebery 6,,,,,,20,,,,,,,,
Liliwen Bremblebery 7,,,,,,,"Kor'Tarion, Tradefair",,,,,,,
Liliwen Bremblebery 8,,,,,,,,,"At 4'10"" with massive furry brown ears and a pink tail, Liliwen looks mousy in more ways than one. Despite her stature, she is strong and built with the muscles to show it. Not that they're often visible, with the gilt steel plate she wears over deep green padding. Her hair is long and pale blonde, falling quite far down her back when not tied up neatly to fit in her helmet. Her eyes are ruby red, and when she opens her mouth one can notice slightly pronounced buck teeth.",,,,,
Liliwen Bremblebery 9,,,,,,,,,,,Shining Plate: Runic Plate with Composure quality,,,
Lin Baimei 1,https://i.imgur.com/DDn0oEm.png,,,,,,,,,,,,,
Lin Baimei 10,,,,,,,,,,,,,,Preservation
Lin Baimei 2,,,https://docs.google.com/spreadsheets/d/1W4gReIao7k9jkKX7yu4EHWr8T3CqQToMpneIlY8FUcA/edit?usp=sharing,,,,,,,,,,,
Lin Baimei 3,,,,"Mutant 7, Loremaster 2, Merchant 1",,,,,,,,,,
Lin Baimei 4,,,,,,10,,,,,,,,
Lin Baimei 5,,,,,,,"Tian Yin, Wujing Guo, Xuanwu City",,,,,,,
Lin Baimei 6,,,,,,,,"Mei, The Hoarder",,,,,,
Lin Baimei 7,,,,,,,,,"A pale lady seemingly in appearance around her late twenties, with long white hair and a keen eye. Standing at 170cm in height, she carries herself with grace until she loses herself, in which case she becomes enthusiastic and eccentric to a degree.",,,,,
Lin Baimei 8,,,,,,,,,,,"Black Ice Pendant of Xuanwu (Heirloom, Dual Resistance Ice/Dark)",,,
Lin Baimei 9,,,,,,,,,,,,,"* Older woman, once married. Husband died, child missing. Became a hoarder and isolated. Lives in Xuanwu City
* Was sent to the Blood Mines, almost froze to death. Lost her arm to hypothermia
* A Spirit Snake found her, saw her potential and fused with her, giving up it's own life to save hers.
* Taught Cultivation by the Intelligent and Powerful Spirit beasts to learn to control her new power.
* Returned to the City, reborn anew.",
Lin Shěn 1,https://i.postimg.cc/GhF6mjDN/Lin-bamboo-forest-banner-2.png,,,,,,,,,,,,,
Lin Shěn 10,,,,,,,,,,,,,,Vengance
Lin Shěn 2,,https://discord.com/channels/1169852846083153941/1170111183869706362/1344558276582309888,,,,,,,,,,,,
Lin Shěn 3,,,https://docs.google.com/spreadsheets/d/1kctrZAhkasVjZqOziToY1SfRzoVbCjn5S56LmEHgmHU/edit?usp=sharing,,,,,,,,,,,
Lin Shěn 4,,,,"2 Chimerist
2 Wayfarer
3 Weaponmaster",,,,,,,,,,
Lin Shěn 5,,,,,,7,,,,,,,,
Lin Shěn 6,,,,,,,"Tian Yin, Wujing Guo, Jinjing Xiantiao, Bingchuan",,,,,,,
Lin Shěn 7,,,,,,,,,"A tall and imposing man, this Jinshi warrior possesses a powerful, towering physique. His broad shoulders and well-defined muscles sculpted through years of battle and cultivation, his chest and arms are marked with scars, each a testament to past conflicts. A thick, wild mane of dark hair flows around his face, further emphasizing his guardian lion-like heritage. His clawed hands are large and calloused, built for both combat and protection. His legs are equally formidable, covered in patches of fur that lead down to powerful, clawed feet, giving him a beast-like stance.

He wears a flowing green robe adorned with subtle, intricate patterns, tied at the waist with a wide, crimson sash decorated with cloud motifs. A large fur pelt drapes over one shoulder, hinting at past victories over formidable beasts and spirits alike. Hanging from his waist are gourds and additional cloth ornaments, resembling ceremonial talismans and protective charms against corrupt cultivators.",,,,,
Lin Shěn 8,,,,,,,,,,Hunted Emissary : Boon of Self Perfection,,,,
Lin Shěn 9,,,,,,,,,,,,,"- Born to a relatively respected family, Lin's life was marred with tragedy before he was even born.
- Lin struggled under the weight of expectations from his family and pedigree both. Having been born a Jinshi he was expected to achieve more.
- He struggled with fundamentals that others took to easily, however he had a strange connection to the wildlife around him.
- Having had enough, on his 17th summer he vowed to prove himself. After saying his goodbyes to none save his mother, he'd take his fathers Guandao and leave the village swearing to prove his worth.
- In the bamboo forests surrounding Bingchuan he'd find his prey. A spirit beast beset by corrupt cultivators. In the end he'd choose to aid the beast, giving it a chance to fight back.
- As a reward, the beast would instruct Lin. Imparting their knowledge that in turn would allow him his own breakthrough.
- Lin now prowls the forests with Xuhu a descendant of the spirit beast, hunting corrupt cultivators.",
Lionel Il'Hrarra 1,https://i.imgur.com/WUGduWP.jpeg,,,,,,,,,,,,,
Lionel Il'Hrarra 10,,,,,,,,,,,,,,Belonging
Lionel Il'Hrarra 2,,,https://docs.google.com/spreadsheets/d/14tTjpds9hesfT2KoGSiORhe7p_S_S-inR9Mqe1EOJmo/edit?usp=drivesdk,,,,,,,,,,,
Lionel Il'Hrarra 3,,,,"Invoker 6, Esper 2, Chimerist 2",,,,,,,,,,
Lionel Il'Hrarra 4,,,,,,10,,,,,,,,
Lionel Il'Hrarra 5,,,,,,,"Ripplith, Kaiway",,,,,,,
Lionel Il'Hrarra 6,,,,,,,,,"About 6ft tall, Lionel Il'Hrarra is a fount of little guy energy. To combat his little man aura, he dresses up in a style reminiscent of sailors and their ships in Ripplith, always decorated in a coat and a set of boots, usually with some sort of net for an accessory.

It is a rare event to see him in normal clothing.",,,,,
Lionel Il'Hrarra 7,,,,,,,,,,Regal Vessel,,,,
Lionel Il'Hrarra 8,,,,,,,,,,,,Lillith (Student at the Gnosis Academy),,
Lionel Il'Hrarra 9,,,,,,,,,,,,,"- Born to a noble family in Ripplith, Lionel was the firstborn daughter, and the heir apparent, set to inherit the authority of the family.
- They come out as trans, and go to a Seamother to undergo the ritual to fit into a body of their own.
- Now a man, and unable to hold authority in the matriarchal society of the Galeo Empire, their family looks down on him for throwing away his birthright and responsibility.
- He is then sent off to the Gnosis Academy to find his own path, and so as to no longer be in his mother's sight.
- Lionel takes well to the classes and the trials of becoming a Regalia yet all the while there is a sense that something is wrong. He struggles to make friends and socialize, and after some months his grades begin to slip...
- Thus, he is in the remedial program.",
"Lizbern ""Liz"" Harfell 1",https://i.imgur.com/jNYT2Ee.png,,,,,,,,,,,,,
"Lizbern ""Liz"" Harfell 10",,,,,,,,,,,,,,Hope
"Lizbern ""Liz"" Harfell 2",,https://discord.com/channels/1169852846083153941/1170111183869706362/1311476452247732286,,,,,,,,,,,,
"Lizbern ""Liz"" Harfell 3",,,https://docs.google.com/spreadsheets/d/1hF3iZt4HU0CdQ4HK2inlbQdTg76JTGOp4iQDTL0E0tM/edit?usp=sharing,,,,,,,,,,,
"Lizbern ""Liz"" Harfell 4",,,,"Pilot ★
Fury ★
Rogue 7
Guardian 1",,,,,,,,,,
"Lizbern ""Liz"" Harfell 5",,,,,#ed1b24,,,,,,,,,
"Lizbern ""Liz"" Harfell 6",,,,,,28,,,,,,,,
"Lizbern ""Liz"" Harfell 7",,,,,,,"Vale, Karlsgard, Lhodos",,,,,,,
"Lizbern ""Liz"" Harfell 8",,,,,,,,,"Lizbern Harfell is an average sized young woman with short red hair and green eyes.  Her torso and arms bear burn scars from when she was young.  She typically wears dark cargo pants, a plain red shirt, and a long black leather coat regardless of the weather.  She wears fingerless gloves with a thermal device attacked to the back of them.  Her left arm bears a metal bracer with a control interface that she uses to call in her mech.",,,,,
"Lizbern ""Liz"" Harfell 9",,,,,,,,,,,,,"-Born in Vale
-Lost parents in attack
-Brought to Ionian Village
-Joins KPLA as teenager
-Steals a mech from Merrane
-Brought to Worldhelm after nearly dying",
Lloyd 1,https://images-ext-1.discordapp.net/external/mbqhRnw3jdiU1ag37iVWvERm3x-8plLu9xfSaTmQ5pc/%3F1573835920/https/cdna.artstation.com/p/assets/images/images/022/031/368/large/sebastian-salvo-sir-herald-01.jpg,,,,,,,,,,,,,
Lloyd 2,,,https://docs.google.com/spreadsheets/d/1G4I35I6K6mBX1XKsse942bT2b375Qy4b3cSlgtis2X8/edit?usp=sharing,,,,,,,,,,,
Lloyd 3,,,,"Guardian 2, Wayfarer 1, Weaponmaster 3",,,,,,,,,,
Lloyd 4,,,,,,6,,,,,,,,
Lloyd 5,,,,,,,"Dryholde, Kor'Tarion",,,,,,,
Lloyd 6,,,,,,,,,"5’6 feet tall, 140 lbs. Looks somewhat scrawny, but is just rocking a sleeper build. Never seen without his helmet on and his weapons close by, even when relaxing and sleeping. The only thing you can make out through the helmet's visor are piercing blue eyes. Gives off an intimidating aura that very quickly melts away the moment he speaks.",,,,,
Lloyd 7,,,,,,,,,,,,,,Justice
Lochlann Carlisle 1,https://i.imgur.com/HcQxyFM.jpeg,,,,,,,,,,,,,
Lochlann Carlisle 10,,,,,,,,,,,C.A.T.S. (Heirloom) [Formulaic],,,
Lochlann Carlisle 11,,,,,,,,,,,,,"- Created as an augmented clone of his father, Magnus, the necessarily ruthless CEO of Regenekhan Pharmaceuticals on Terra
- Befriended Caelan Blacklaw (another PC) at a high school in Haven, but has lost touch with him since then
- Worked as a mid-level manager at PARABELLUM's R&D
- Employed as head researcher of Regenekhan using his degrees in medicine and business
- Raised by Magnus to be second in line in the Carlisle family and supports his older brother and top executive, Alistair
- Seeking a change in life after the events of Skyfall and his disillusionment of Terra's corporate regime on everyday people
- Responded to a text from Caelan to meet up at a bar and ended up in Worldhelm
- Carries an heirloom device called C.A.T.S. (Chemically Adaptive Thermo-Synthesizer) that fabricates randomized compounds, but it’s a prototype that agents from other companies want to copy or steal",
Lochlann Carlisle 12,,,,,,,,,,,,,,Hope
Lochlann Carlisle 2,,https://discord.com/channels/1169852846083153941/1170111183869706362/1357738105624334447,,,,,,,,,,,,
Lochlann Carlisle 3,,,https://docs.google.com/spreadsheets/d/1OtVTu1VINiaNqESEIFj3hWzGj0cvTsRm8pV2xz8nx8E/edit?usp=sharing,,,,,,,,,,,
Lochlann Carlisle 4,,,,"Tinkerer 3
Symbolist 1
Merchant 1",,,,,,,,,,
Lochlann Carlisle 5,,,,,,5,,,,,,,,
Lochlann Carlisle 6,,,,,,,Terra,,,,,,,
Lochlann Carlisle 7,,,,,,,,"""Lochy"" / ""Lockie""",,,,,,
Lochlann Carlisle 8,,,,,,,,,"Lochlann is a lion-augmented businessman flecked with white, gold-tipped fur who stands at an impressive 6’9”. Contouring his muscular frame is a kevlar-lined suit that protects him in the boardroom and the streets of Terra.

His gentlemanly demeanor and typically warm smile can quickly turn cold when his friends and colleagues are threatened. Along with a power watch capable of creating energy shields, an unusual black device affixed to his belt reveals his technical skill as a medical researcher.",,,,,
Lochlann Carlisle 9,,,,,,,,,,Heirloom,,,,
Lock 1,https://i.imgur.com/ZV1WPdw.png,,,,,,,,,,,,,
Lock 10,,,,,,,,,,,"Vulpine's Lucky Pendant - Accessory, Sticky Fingers quality (Soul Steal value increases by 100z)

Thousand-Zenit Grin - Custom Weapon, Extra Potency (+2 to Secret Formula skill)",,,
Lock 11,,,,,,,,,,,,,See character bio,
Lock 12,,,,,,,,,,,,,,Ambition
Lock 2,,https://discord.com/channels/1169852846083153941/1170111183869706362/1245560070297747496,,,,,,,,,,,,
Lock 3,,,[Barrel missed the memo](https://docs.google.com/spreadsheets/d/1ygNPcbFWBb9wtLUaj5ihjCBcHRfMzeUuYplGTOCLLyQ/edit?gid=0#gid=0),,,,,,,,,,,
Lock 4,,,,"Rogue 1
Merchant 7
Tinkerer ★
Pilot 2",,,,,,,,,,
Lock 5,,,,,#2f4a10,,,,,,,,,
Lock 6,,,,,,20,,,,,,,,
Lock 7,,,,,,,"The Feywyrd, Aldistir",,,,,,,
Lock 8,,,,,,,,,hte Fob :fox:,,,,,
Lock 9,,,,,,,,,,The Beast who Spoke,,,,
Locke 🔥 1,https://images-ext-1.discordapp.net/external/kVikLPsM_vWR9yJi5PmVTuhl-f-_gF2T0XCvElh2liM/%3F4262182/https/safebooru.org/samples/4077/sample_d42184b6564ac9457dedf8fcd800191d5f2430fd.jpg,,,,,,,,,,,,,
Locke 🔥 2,,,https://docs.google.com/spreadsheets/d/1y_2V7WyKPGNmG1yU153njqGg6pxo1MnbbtQOUwfz4Xw/edit?usp=drivesdk,,,,,,,,,,,
Locke 🔥 3,,,,"Arcanist 2, Mutant 2, Weaponmaster 1",,,,,,,,,,
Locke 🔥 4,,,,,,5,,,,,,,,
Locke 🔥 5,,,,,,,Skuala (Nezmira),,,,,,,
Locke 🔥 6,,,,,,,,,"5' 9""
190 lbs.
Locke wears a bandage-esque talisman wrapped around his torso, as well as baggy pants tucked into metal combat boots. which binds him to the flame demon arcanum, Tubalcain. Locke's right-half is perpetual inferno, while his left side is (most of the time) skin.",,,,,
Locke 🔥 7,,,,,,,,,,Heirloom,,,,
Locke 🔥 8,,,,,,,,,,,,,,Anger
Lucia Vitarex 1,https://media.discordapp.net/attachments/1159321340826894378/1213856632673411072/Lucia_Schurze_neu.png?ex=663b8d15&is=663a3b95&hm=f6ddbbf7f55509d9925aca44c5c65852c9c6c9a4c0dff0ebbb53e5bedce2bed5&,,,,,,,,,,,,,
Lucia Vitarex 2,,,https://docs.google.com/spreadsheets/d/1E0JmA7BWNttk7lEfgCQhMNQ_GguPUXiNA5IIN6phd-Y/edit#gid=0,,,,,,,,,,,
Lucia Vitarex 3,,,,"Spiritist 4, Guardian 1",,,,,,,,,,
Lucia Vitarex 4,,,,,,5,,,,,,,,
Lucia Vitarex 5,,,,,,,"Kor'Tarion, Caer Laie",,,,,,,
Lucia Vitarex 6,,,,,,,,,Lucia is a young woman with red eyes and red hair which she wears in a bun. She stands at 5'2 and weights about 130 lbs.,,,,,
Lucia Vitarex 7,,,,,,,,,,/,,,,
Lucia Vitarex 8,,,,,,,,,,,/,,,
Lucia Vitarex 9,,,,,,,,,,,,,,Duty
Lumio 1,https://cdn.picrew.me/shareImg/org/202503/1373642_srq0LtT6.png,,,,,,,,,,,,,
Lumio 10,,,,,,,,,,,"Aio’s Dragonlord Amulet (Warden quality, allies get +5HP when I guard them)
Branded Shield (lose RES when guarding to cover 2 people OR give covered ally RES to all dmg)",,,
Lumio 11,,,,,,,,,,,,,"- Died and entered Maze Elysia in Idyll
- Shyly entered groups to find a way out, but ran away when they would die or go inside
- Started hearing voices of the people he’d seen die and have guilty hallucinations 
- Vowed to never let people die and began to lead caravans under a new name to show his passion for protecting others, ‘Lumio’ 
   - Spent two hundred years leading groups 
- Watched a group die, but escaped the maze to the Worldhelm
   - Can’t remember their past life.. only the voices.",
Lumio 12,,,,,,,,,,,,,,Vigilance
Lumio 2,,"[“Think of me as a spirit guiding your journey, but don't be afraid to take the reigns.”](<https://discord.com/channels/1169852846083153941/1170111183869706362/1320861999034269759>)",,,,,,,,,,,,
Lumio 3,,,[“Go show them why you're a Goldhearted! I'll be right behind you.”](<https://docs.google.com/spreadsheets/d/1ylCOMhm0WS9ItQnL-0lq-HNkYVhP-epU0a-F0lAqfss/edit?usp=sharing>),,,,,,,,,,,
Lumio 4,,,,"☆ Guardian -- 10 ☆
Esper -- 4
Fury -- 2",,,,,,,,,,
Lumio 5,,,,,#00d6a4,,,,,,,,,
Lumio 6,,,,,,16,,,,,,,,
Lumio 7,,,,,,,"Fourth layer of Idyll, Maze Elysia",,,,,,,
Lumio 8,,,,,,,,,"Lumio is semi-ethereal and looks to be in their mid/late 20's. Their limbs, as well as their hair seem to fizzle into wisps on certain parts of their body. They have orange eyes and circle glasses that rest above their big smile, along with metal armor and two large triangle shields. Lumio lights up when there's people around and never let's people down with a frown unless he's really not feeling well..",,,,,
Lumio 9,,,,,,,,,,"**__Idyllic Soul__**
- Can communicate with demons, elementals, and undead. 
- RES Light and VUL Dark
- Can cast Dispell
Weakness: Has hallucinations of dead people he's failed to save in the Elysia Maze, forcing him to act out of immense guilt",,,,
Lunira 1,https://i.pinimg.com/564x/6a/d7/57/6ad757a504a0829b495a886504c7461a.jpg,,,,,,,,,,,,,
Lunira 2,,,https://docs.google.com/spreadsheets/d/17v4OQ__sxbmE1kC2TcYuG8nEJMu4wmM_8YWI3JDOV-s/edit?usp=drivesdk,,,,,,,,,,,
Lunira 3,,,,"Entropist 2
Loremaster 2
Arcanist 1",,,,,,,,,,
Lunira 4,,,,,,5,,,,,,,,
Lunira 5,,,,,,,Kor'Tarion,,,,,,,
Lunira 6,,,,,,,,,"5'6""
Glowing white skin.
Horns that curl up from either side of her head.
Fingers that form into sharp claw-like points at the end of the nail.",,,,,
Lunira 7,,,,,,,,,,"Fugitive Experiment (Reflavored to ""Outcast Transformation"")",,,,
Lunira 8,,,,,,,,,,,,,,Isolation
Lupo 1,https://i.imgur.com/2hsmcuO.png,,,,,,,,,,,,,
Lupo 10,,,,,,,,,,,,,,Rememberance
Lupo 2,,,"[The world has forgotten much, I will remember them](https://docs.google.com/spreadsheets/d/1rcFy8rTHG-yIcAQJj2F0Zz39xsvAsBGwsdjgJ4Zbnas/edit?gid=0#gid=0)",,,,,,,,,,,
Lupo 3,,,,"Esper ★
Entropist ★
Pilot 4
Rogue 1
Loremaster 1",,,,,,,,,,
Lupo 4,,,,,#FFFFFF,,,,,,,,,
Lupo 5,,,,,,26,,,,,,,,
Lupo 6,,,,,,,"Bastion, Karlsgard, Lhodos",,,,,,,
Lupo 7,,,,,,,,,"Smoll little guy that looks young, but has seen war.",,,,,
Lupo 8,,,,,,,,,,,"**ACCESSORIES:**
- **T-Tech PK Pathway:** Magic Tests +1.
- **Shard of Departure:** When you cast Acceleration, the MP cost is halved.
**ARMOR:**
- **MT-E Bracelet Shield:** When you recover MP, recover 5 extra MP.
**WEAPONS:**
- **MT-E Catalyst Gloves:** When you cast a spell targeting at least one Slow creature, that spell's total MP cost is halved. This benefit does not apply to spells with a target of ""Special"".",,,
Lupo 9,,,,,,,,,,,,,"- Orphan taken in by the KPLA.
- Awoke Esper powers during a terrible nightmare.
- Accidentally set the building on fire.
- KPLA tried to kill him in retaliation.
- Fled with an airship and a training mech.
- His mind demon ate his mecha.
- He developed memory and time based powers.
- Has recently paid off his debt with the KPLA and is slowly returning to their ranks.",
Lyle Whitlock 1,https://i.imgur.com/iuoTyWT.png,,,,,,,,,,,,,
Lyle Whitlock 2,,,[I hope for a World free of the Arcana](https://docs.google.com/spreadsheets/d/1oejoHjgCE10a0j4aPrAzT0AzhzBeKuYEqUTE2zGthEg/edit?gid=2124074281#gid=2124074281),,,,,,,,,,,
Lyle Whitlock 3,,,,Tinkerer 7 | Wayfarer 2 | Rogue 1,,,,,,,,,,
Lyle Whitlock 4,,,,,,10,,,,,,,,
Lyle Whitlock 5,,,,,,,"Kaiway, Heartdom",,,,,,,
Lyle Whitlock 6,,,,,,,,,"162 cm (5'4"") tall, young, effeminate-presenting person. They have short, dark brown hair and sharp violet eyes that shift between guarded and expressive. Clad in dark tactical gear under a white medic’s jacket, their outfit is accented by a red scarf, the standard Gnosis academy shield plate, and a gloves with grappling hook

Whilst at downtime he wears his Gnosis academy uniform, wearing a red scarf and an emblem of the House of Paladins.",,,,,
Lyle Whitlock 7,,,,,,,,,,,,,"- Lyle was born in Heartdom to a family of Couriers and has a robot companion, Vial, from Steelbin, who loves exploring the Reflections of Lilith.  

- Vial met Lyle while Lyle was making deliveries and being chased by a monster. Lyle trapped the monster under debris, saving Vial.  

- A Warden, impressed by Lyle’s quick thinking, recommended that he enroll at Gnosis.  

- Lyle’s parents approved, though hesitantly, and he joined Gnosis after finishing his deliveries.  

- Vial, rebellious and independent, enrolled at Gnosis without their parent's knowledge.  

- After 3 years of studying, Lyle discovered his body couldn’t channel any magic.  

- He joined the Remedial class to uncover why and to support Vial, who sought distance from their family.",
Lyle Whitlock 8,,,,,,,,,,,,,,Hope
Lynne-4 1,https://cdn.discordapp.com/attachments/1091839613255036991/1343608460411015278/IMG_6360.jpg?ex=67bde464&is=67bc92e4&hm=f387ba4c234f4cac023f5f59feae0b446e790774ad1c0499d7633818230dc76e&,,,,,,,,,,,,,
Lynne-4 2,,https://discord.com/channels/1169852846083153941/1170111183869706362/1336023754576232540,,,,,,,,,,,,
Lynne-4 3,,,https://docs.google.com/spreadsheets/d/1EaHd1dN4ySYwB-b_9NP2oSG6zZ0CNqjAxL78e9zRDdg/edit,,,,,,,,,,,
Lynne-4 4,,,,"Weaponmaster 7, Rogue 1, Dancer 2",,,,,,,,,,
Lynne-4 5,,,,,,10,,,,,,,,
Lynne-4 6,,,,,,,"Steelbin, Kaiway",,,,,,,
Lynne-4 7,,,,,,,,,"Lynne is a sturdily built woman, clad in a modified Gnosis Academy uniform. The bag at her side carries both her weapons of choice, a pair of oversized, cleaver-like daggers, as well as the requisite materials she needs for her studies of war and magic.",,,,,
Lynne-4 8,,,,,,,,,,,,,"- Born in Steelbin on Kaiway, Lynne-4 and her family were governmental intermediaries, in charge of management and logistics of resources in their area

- During a trip outside of a civilized zone, Lynne was separated from her group during an ambush, and was left to wander and fend for herself, until she was found by a paladin and their regalia, who recommended her to Gnosis Academy

- After three years of attendance, Lynne was consigned to the remedial class, and sent to the Worldhelm to grow stronger alongside the goldhearted and her fellow classmates",
Lynne-4 9,,,,,,,,,,,,,,Control
Mabilis Na'ulan 1,https://i.imgur.com/CrvsgHu.png,,,,,,,,,,,,,
Mabilis Na'ulan 10,,,,,,,,,,,,,,Guidance
Mabilis Na'ulan 2,,https://discord.com/channels/1169852846083153941/1170111183869706362/1323835305844936800,,,,,,,,,,,,
Mabilis Na'ulan 3,,,https://docs.google.com/spreadsheets/d/1cZFH_9HLSHY2kk2n9VXeIT5H5ACP6fgR268DwVoVobc/edit?gid=0#gid=0,,,,,,,,,,,
Mabilis Na'ulan 4,,,,"Spiritist 8
Wayfarer 1
Dancer 2",,,,,,,,,,
Mabilis Na'ulan 5,,,,,,11,,,,,,,,
Mabilis Na'ulan 6,,,,,,,"Mt. Magayon, Sangang-Daan",,,,,,,
Mabilis Na'ulan 7,,,,,,,,,"An old man who's appearance is hides his true age, Mabilis stands at 6'1 with an athletics build, bearded with a disheveled head of grey hair held up by a headband. He wears light clothing covered in a heavy cloak dyed a blue reminiscent of the ocean, a style recognized easily as that of a martial artist hailing from Tian Yin. His face is deep set with scars and wrinkles alike, but Mabilis often wears a smile despite the clear toll the life of a cultivator has taken.",,,,,
Mabilis Na'ulan 8,,,,,,,,,,Cultivator (Water),,,,
Mabilis Na'ulan 9,,,,,,,,,,,,,"- Cultivator who trained in secret alongside two other students under a surviving master of the war against heaven, Ghatu Na'alon
- Fought against corrupt cultivators and spirit beasts in his youth during his training
- One of the other students turned to corrupt cultivation in the hopes of gaining power to change the world more quickly
- His master was slain by his fellow student, who was his best friend
- He and Alab, the grandfather of the yet-to-be-born Hiya Salamin, went on to chase down their traitorous friend for years.
- Upon finding them, they were both defeated, Mabilis survived only due to their past friendship, while Alab died refusing to accept mercy.
- With a broken cultivation base, Mabilis spent a long time recovering, eventually finding Gan-Gan at the base of Mt. Magayon and learning to once again cultivate from the old spirit beast
- He would later come to become a local healer, and eventually mentor Panlinggo Umaga as an older master who might provide some guidance.",
Mae Lavery 1,https://i.imgur.com/MrePawl.png,,,,,,,,,,,,,
Mae Lavery 10,,,,,,,,,,,,,"- Born and raised in Babyl City in Dawnstar Valley.
- Raised by a single father who worked in one of the manufacturing plants ran by Tubal & Cain
- Proved to accel academically and skipped a grade during school where she befriended Alec Lyon, who was a grade below her.
- Preferring to do engineering work Mae had an aptitude for working with explosives and eventually started doing work for T&C
- Moved in with Alec to help keep bills easier to manage, and shared an apartment. The two eventually formed a romantic relationship.
- Does Temp work to give field demonstrations of T&C explosives.
- About a year ago while working with an experimental explosive in her lab, something went wrong leading to an explosion that claimed Mae's life, but due to debt from research this lead to her being brought back as an insolvent.
- Using her unique explosives she was able to help clear and break down many of the rocks the fell during the Skyfall, leading to her being taken by the ship as a Goldhearted.",
Mae Lavery 11,,,,,,,,,,,,,,Tenacity
Mae Lavery 2,,,[Mae Sheet](https://docs.google.com/spreadsheets/d/1hQBXJOpSIXW0RX5l5_wAhknVUVK9RupLar4ryvMzY0s/edit?usp=sharing),,,,,,,,,,,
Mae Lavery 3,,,,Tinker 2 | Esper 2 | Orator 1,,,,,,,,,,
Mae Lavery 4,,,,,#780606,,,,,,,,,
Mae Lavery 5,,,,,,5,,,,,,,,
Mae Lavery 6,,,,,,,"Babyl City, Dawnstar Valley - Terra",,,,,,,
Mae Lavery 7,,,,,,,,,"Mae is a young woman who stands at 5'8"". She normally wears a bit of an angry expression when she is in thought or not actually speaking, which things then quickly change to a smile and she gives off a more upbeat energy. She skin is pale and her eyes read giving clear signs of insolvency to those who are familiar with it. Her normal attire would be a bit punkish in style.",,,,,
Mae Lavery 8,,,,,,,,,,Insolvent,,,,
Mae Lavery 9,,,,,,,,,,,,"Tubalcain (T&C Employee), Vanagandr (Insolvent)",,
Mako Torres 1,https://i.imgur.com/85KPxlz.png,,,,,,,,,,,,,
Mako Torres 2,,,https://docs.google.com/spreadsheets/d/1oejoHjgCE10a0j4aPrAzT0AzhzBeKuYEqUTE2zGthEg/edit?gid=564984213#gid=564984213,,,,,,,,,,,
Mako Torres 3,,,,Daoist 1/ Weapon Master 2/ Mutant 10/ Guardian 1,,,,,,,,,,
Mako Torres 4,,,,,,14,,,,,,,,
Mako Torres 5,,,,,,,Tangbawan [Tian-Yin],,,,,,,
Mako Torres 6,,,,,,,,,"Standing at about 5'9 with a very twinkish build, he's wrapped in bandages and has scarfs surrounding his neck and waist. He has brown hair dark brown eyes and emits this balanced energy of light and dark.",,,,,
Mako Torres 7,,,,,,,,,,,,,"- Descendant of the Goldhearted Iroh Torres
- Studied and trained in the ancient technique of
memory cultivation
- Was hidden within Kuliling Village
- Village was destroyed by Mabisa's Forces",
Mako Torres 8,,,,,,,,,,,,,,Justice
Mari 1,https://cdn.discordapp.com/attachments/1196744996410380298/1254113053314650204/2151243_ZlahYX1a.png?ex=66784f4c&is=6676fdcc&hm=fa4b36220e10894f5b76776ac27c156b23f152f97cbb99612b7ca5b1905a0918&,,,,,,,,,,,,,
Mari 2,,,https://docs.google.com/spreadsheets/d/1N3ESdpv3k5WmznIFrY-_AgSGEgidsvRxyWfQnPm-77U/edit?usp=drivesdk,,,,,,,,,,,
Mari 3,,,,"Necromancer [4], Entropist [2], Fury [★], Dancer [8]",,,,,,,,,,
Mari 4,,,,,,24,,,,,,,,
Mari 5,,,,,,,Kor'Tarion,,,,,,,
Mari 6,,,,,,,,,"A man with a thin, but muscular build. Blue eyes and brown hair that partially covered his face. Carrying scars across his entire body. Around 180 CM tall, and weighing 71 KGs.",,,,,
Mari 7,,,,,,,,,,Neo-Human (Willpower),,,,
Mari 8,,,,,,,,,,,"**Weapons:**
Reaper's Baseball bat (HR+9 fire, Finisher)
Invisible hand (HR+8 light, Extra Range)
Anti-Avian Knuckle (HR+8 ice, Extra Range)
Sakura's Pipe (HR+6 physical, Boastful)

**Armor:**
Mountain-Blessed Hoodie (1/2, Beggar's Luck)
Undead wolf pelt (2/0, Dual immunity Dark/Poison, Light weak)

**Accessory:**
Conduit Bracer (Energy thorns Dark)
Cyclone Wristband (Damage change Air)
Manipulating Statistics: the P.R. Guidebook (Pay 10 MP to swap HP and MP at end of turn)",,,
Mari 9,,,,,,,,,,,,,,Thrill
Mari and Mori 1,https://media.discordapp.net/attachments/1170112961038266458/1224970818115862598/image.png?ex=663b1d79&is=6639cbf9&hm=27e3e9bd70bb63b33d92971b3fed4976794e4cd40f408c41b5adb3d229c55556&,,,,,,,,,,,,,
Mari and Mori 2,,,https://docs.google.com/spreadsheets/d/1VAMmB_mHbiAufrV2jn-r7RFholX1Yb4HCtnn4RGPiR4/edit#gid=0,,,,,,,,,,,
Mari and Mori 3,,,,"Ace of Cards [3]
Wayfarer [2]",,,,,,,,,,
Mari and Mori 4,,,,,,5,,,,,,,,
Mari and Mori 5,,,,,,,The Silent Jester of Kingdom Road,,,,,,,
Mari and Mori 6,,,,,,,,,"Mari is a 4'8'' girl wearing baggy mismatched patchy clothing. She has jesters cap on her head with a pair of red striped horns that rests over her messily cut hair. She weighs about 80 lbs, and is built like it. She walks with a dance to her step and never speaks. Inside her collar is the stitched name `Mari`.

Mori is a pink dog-mouthed stuffed toy, with patchy spots where holes have been filled. They're soft, and smell like an attic. They have heterochromatic button eyes, and are stuffed with something that feels akin to wool. Though, squeezing them reveals the metal bones that fill them, and the warm crystal at the center of their chest. Inside his collar is the stitched name `Mori`.",,,,,
Mari and Mori 7,,,,,,,,,,,,,,Recovery
Marianne Cheon 1,https://i.imgur.com/ti6XMk5.jpeg,,,,,,,,,,,,,
Marianne Cheon 10,,,,,,,,,,,,"Nimue, Yubel",,
Marianne Cheon 11,,,,,,,,,,,,,"- Orphaned at a very young age and was adopted by her uncle. He taught her all the current values she holds and the culture of their people from the past.

- An extreme busy body that handles two jobs: An SWORD Employee who handles the backend of Triworld and makes sure the androids work properly and a field investigator for her uncle's exorcism shop.

- After arriving at the Worldhelm, her strong sense of duty compelled her to add the additional work of saving as many people as she could.

- After an excursion to Teisei, learned that she may have an affinity towards Heavenly Qi and has been making active efforts to learn more, only recently reaching an Epiphany.",
Marianne Cheon 12,,,,,,,,,,,,,,Duty
Marianne Cheon 2,,https://discord.com/channels/1169852846083153941/1170111183869706362/1306918091783016519,,,,,,,,,,,,
Marianne Cheon 3,,,https://docs.google.com/spreadsheets/d/19YE3CW2QhRH0lNQIMHcwyuV5rHhNA74_inY4YTsm2u4/edit?usp=sharing,,,,,,,,,,,
Marianne Cheon 4,,,,"Weaponmaster [★]
Arcanist [3]
Spiritist [1]
Daoist [★]
Fury [6]",,,,,,,,,,
Marianne Cheon 5,,,,,#0000FF,,,,,,,,,
Marianne Cheon 6,,,,,,30,,,,,,,,
Marianne Cheon 7,,,,,,,"North Rock, Haven, Terra",,,,,,,
Marianne Cheon 8,,,,,,,,,"A young woman who stands at 5'6. She keeps her hair short and parted to left, wears an oversized blue hoodie, and running shorts. She also has an assortment of prayer beads, both on her neck and wrist, as well as an ornamental sword on her back.",,,,,
Marianne Cheon 9,,,,,,,,,,,"Agito (World Saver Sword)
Stillness (Multi Sword)
Qu-Infused Magitech Jade Bracelet (Dex Up)",,,
May Shuggar 1,https://cdn.discordapp.com/attachments/1234109628644720701/1270386172694364180/Sugar_Pilot_Art_with_cyberarm.png?ex=66b382d2&is=66b23152&hm=a0a6ce8093dbc5bab9349ca0251dad6cc459e74818c756fe26178c9dd140e584&,,,,,,,,,,,,,
May Shuggar 2,,,https://docs.google.com/spreadsheets/d/1juOvg6FPmel2MujVFonC4G-cIC3Jf1UmSo6KsFMncn8/edit?usp=sharing,,,,,,,,,,,
May Shuggar 3,,,,"Ace of Cards 3
Fury 1
Entropist 1",,,,,,,,,,
May Shuggar 4,,,,,,5,,,,,,,,
May Shuggar 5,,,,,,,"Vale, Lhodos",,,,,,,
May Shuggar 6,,,,,,,,,"Pale skin, freckles, dyed hair, unnaturally pink eyes, relatively short",,,,,
May Shuggar 7,,,,,,,,,,,,,,Justice
Mei-Mei 1,https://i.imgur.com/imxOYvf.png,,,,,,,,,,,,,
Mei-Mei 10,,,,,,,,,,,,,,Prosperity
Mei-Mei 2,,,[Thirteen Unique Wonders! Full Score Limit Break : 777! Pay Up Chump~!](<https://docs.google.com/spreadsheets/d/1ggHEFxJyNPEL-rq9S7dsT0y4fXpPas84jlYPTP58P2U/edit?usp=sharing>),,,,,,,,,,,
Mei-Mei 3,,,,Ace of Cards (5) | Entropist (2) | Orator (1),,,,,,,,,,
Mei-Mei 4,,,,,#FF9CE9,,,,,,,,,
Mei-Mei 5,,,,,,8,,,,,,,,
Mei-Mei 6,,,,,,,"Xiaohai (Wujing Guo, Tian Yin)",,,,,,,
Mei-Mei 7,,,,,,,,美美,,,,,,
Mei-Mei 8,,,,,,,,,"Mei-Mei is a 5'8"" Vanara girl with an incredibly light and nimble frame. With every step, she carries a natural, floral-toned scent of wild berries, matcha, and ginkgo leaves. Her hues of pink and purple clothes and fur ribbon downward and compliment her light brown skin.",,,,,
Mei-Mei 9,,,,,,,,,,,,,"Mei-Mei is the twin sister of Lei-Lei. She grew up with him under a cool old man she calls ""Gong-Gong."" He taught her how to fish, how to fight, and most importantly, how to play mahjong. She vows to be able to beat him in a game one day, and to do so (but also cause she was bored) she leaves to go on an adventure with her brother. After making one funny chaos formation, they end up in some trouble.

Thankfully, a realmstorm saved the day! :D",
Mel 1,https://media.discordapp.net/attachments/867813289576366124/1174437871449559100/Mel_Image.webp?ex=663b3040&is=6639dec0&hm=0a06888c80f3eedca9d8f36bc5e35e383aef4460c927b1a3facaf73ef36f3dbb&,,,,,,,,,,,,,
Mel 2,,,https://docs.google.com/spreadsheets/d/1k0cFmnoD9CQ9AY9jkxWdUd1PvEshB754QJFhmc1OWdI/edit?usp=sharing,,,,,,,,,,,
Mel 3,,,,"Sharpshooter [2]
Elementalist [1]
Symbolist [2]",,,,,,,,,,
Mel 4,,,,,,8,,,,,,,,
Mel 5,,,,,,,"Brightshield, Kor'Tarion",,,,,,,
Mel 6,,,,,,,,,"Mel stands at a moderate height, around 1,75 cm. A dense high ponytail, woven with an intricate braid, showcases her striking yellowish orange hair, resembling that of a lion. Her brown eyes bear sparkling traces of yellow, showing to the future a bright view with optimism. 

She dresses in hot and sunny colors, which complement the looks of her hair and the little but furry tail on her back. Those colors exhibit her liveliness and her bright, positive view in life.",,,,,
Mel 7,,,,,,,,,,No,,,,
Mel 8,,,,,,,,,,,,,,Optimistic elemental archer
Mel Monroe 1,https://i.imgur.com/prVfjl5.png,,,,,,,,,,,,,
Mel Monroe 10,,,,,,,,,,,"**ACCESSORIES:**
- **Micro Missile Launcher:** At your turn start, Slow creatures on the scene may lose 5 HP.
**ARMOR:**
- **Light Kevlar Suit:** You are immune to Slow.
**WEAPONS:**
- **Severance ✦ :** +5 damage to targets in Crisis.",,,
Mel Monroe 11,,,,,,,,,,,,**B.L.A.D.E Minor Arcana:** Granted to her by Boundary Inc. as a license to properly handle N.E.Ws like Severance.,,
Mel Monroe 12,,,,,,,,,,,,,"- Monsters Hunter for PARABELLUM ever since young.
- Rose quickly through the ranks because of efficieny and morals.
- Got married late in life and decided to stop working at 50 years old.
- Spent the last 10 years in love, but then wife died.
- Widowed, became just a rich old lady.
- At 62 years old, got called for one last job by an old linker to save a Goldhearted, and then joined the ship.
- Old friend from the job, probably the last one, Marilyn, died to help the Goldhearted.",
Mel Monroe 13,,,,,,,,,,,,,,Duty
Mel Monroe 2,,[Bio Link](https://discord.com/channels/1169852846083153941/1170111183869706362/1291568797471473706),,,,,,,,,,,,
Mel Monroe 3,,,[Verify Temp License - Issued by PARABELLUM](https://docs.google.com/spreadsheets/d/1-eRc99X0hOii0cCQfWr981u7xh3ELa5ZZVfpc7HJ4DA/edit?usp=sharing),,,,,,,,,,,
Mel Monroe 4,,,,"Weaponmaster 10;
Guardian 3;
Rogue 3;
Arcanist 2;",,,,,,,,,,
Mel Monroe 5,,,,,#008080,,,,,,,,,
Mel Monroe 6,,,,,,18,,,,,,,,
Mel Monroe 7,,,,,,,"South Rock, Haven, Terra",,,,,,,
Mel Monroe 8,,,,,,,,,"Melinda is a slim, tall and sharply dressed female human from Terra. Her white hair is often arranged in a high ponytail with little hair streaks by the side, hiding the handles of her round reading glasses she sometimes puts to good use.

Her style is often high class, after already having seen the lows of life, usually sporting a black tie as a habit from her monster hunting days at Parabellum. Her go to colors are white and black, matching her hair and overall personality.

A smile for the welcome, a fist for the wicked. This is the philosophy that has carried her for the last few decades, and will continue to until her last breath.",,,,,
Mel Monroe 9,,,,,,,,,,Heirloom (Severance),,,,
Melinda Valentine 1,https://i.imgur.com/ngaCLfN.jpg,,,,,,,,,,,,,
Melinda Valentine 2,,,https://docs.google.com/spreadsheets/d/1cZJBU6rZzFn8_iXqCm5-fHh5vigtIbDJwVXSd75kHc4/edit?usp=sharing,,,,,,,,,,,
Melinda Valentine 3,,,,"Chanter 2
Chimerist 3
Elemental 2",,,,,,,,,,
Melinda Valentine 4,,,,,,7,,,,,,,,
Melinda Valentine 5,,,,,,,"Caldera, Merrane, Lhodos",,,,,,,
Melinda Valentine 6,,,,,,,,,"Melinda stands at 6'4"" with pale skin and slender figure. Her short hair and eyes are white, a pair of fuzzy antennae sprouting from her head. She is often accompanied by a swarm of moths attracted to her like a flame.",,,,,
Melinda Valentine 7,,,,,,,,,,,,,"- Born to a noble family in Caldera to parents that controlled her life. Left her family on bad terms to start a life as an anti war activist in Hidela.

- While working as an activist she met a thief that would become her husband.

- She has a child, and slowly falls out of doing activism wanting to raise her child without worrying. Before she could quite she was captured by Merrani soldiers.

- While under Merrani control she was experimented on, her body mind and soul fused with a colossus. This gave her strange new abilities that she used to escape form her captors.",
Melinda Valentine 8,,,,,,,,,,,,,,Separation
Merrick Wolfsgar 1,https://cdnb.artstation.com/p/assets/images/images/075/041/337/4k/kang-jihun-0026-jpg1111.jpg?1713589195,,,,,,,,,,,,,
Merrick Wolfsgar 10,,,,,,,,,,,N/A,,,
Merrick Wolfsgar 11,,,,,,,,,,,,"Vanagandr, Kuzunoha",,
Merrick Wolfsgar 12,,,,,,,,,,,,,"Faithful Vanagandr Runemage loses best friend in battle to Godsblood rain, becomes infected himself while ending his bloodbrother's torment.  Film at 11.",
Merrick Wolfsgar 13,,,,,,,,,,,,,,Decay
Merrick Wolfsgar 2,,https://discord.com/channels/1169852846083153941/1170111183869706362/1337419935986745444,,,,,,,,,,,,
Merrick Wolfsgar 3,,,https://docs.google.com/spreadsheets/d/1gEX6ULNN-8hrTnrP9B47J4gqka3r1USH3kMsCM44XAg/edit?usp=sharing,,,,,,,,,,,
Merrick Wolfsgar 4,,,,Necromancer (3) Chimerist (1) Symbolist (2),,,,,,,,,,
Merrick Wolfsgar 5,,,,,#6f11b0,,,,,,,,,
Merrick Wolfsgar 6,,,,,,6,,,,,,,,
Merrick Wolfsgar 7,,,,,,,The Blood Grotto of Aldistir,,,,,,,
Merrick Wolfsgar 8,,,,,,,,,"Merrick is a taller blonde human man with hazel eyes and a Godblood infection spreading across his body. Some simple tattoos are visible from under his armor: celtic knots and valknuts alike.  His stature is sturdy, but less so than the typical Ald warrior's, even before considering his infection.",,,,,
Merrick Wolfsgar 9,,,,,,,,,,The Long Dream,,,,
Mikael Everest 1,https://i.imgur.com/1KOK0nH.png,,,,,,,,,,,,,
Mikael Everest 10,,,,,,,,,,,,,,Hope
Mikael Everest 2,,,[I'm Just a little guy :3](https://docs.google.com/spreadsheets/d/1oejoHjgCE10a0j4aPrAzT0AzhzBeKuYEqUTE2zGthEg/edit?gid=564984213#gid=564984213),,,,,,,,,,,
Mikael Everest 3,,,,Entropist 10/ Arcanist4/ Spiritist 3/Chanter 2,,,,,,,,,,
Mikael Everest 4,,,,,,20,,,,,,,,
Mikael Everest 5,,,,,,,Kortarion,,,,,,,
Mikael Everest 6,,,,,,,,,"A young Looking Rat Demihuman standing at 5'0 wearing either a casual looking dress or their mages robes and a hat, they have a deck of tarot cards in which depict the previous incarnations of the cecrae that blessed them when they woke up. They have black hair, fairish skin and a black rat tail that they use to carry things around. When Casting Mikael summons weapons and or entities via his arcanum cards that help harm or even heal members of the party.",,,,,
Mikael Everest 7,,,,,,,,,,Flight,,,,
Mikael Everest 8,,,,,,,,,,,,"Imetara - The Cecrae's past selves

Vanagandr - Used to work with but after a deal with The ""Trader"" they changed",,
Mikael Everest 9,,,,,,,,,,,,,"- Was found in the middle of a field near the Broken Vortex
- Adopted by Professor Everest after the roamed and Arrived near Hudal
- Now studies at Hudal Academy
- Is now in their last year and about to graduate from the Academy",
Mikkel Oaks 1,https://media.discordapp.net/attachments/1171492811791683715/1171518480764391474/7f07fcb63d8cd1d35d8ff043a3c3f7b1.jpg?ex=663b1d5b&is=6639cbdb&hm=8ed7311e0ffe44694b8f551b74b8766d24df3322e2369ff017962f56d25569ab&,,,,,,,,,,,,,
Mikkel Oaks 2,,,https://docs.google.com/spreadsheets/d/1JGnOyF1axfUHW5Y_Dxb-7VsEGAOyi8HgPYdRM-b4Vlg/edit?usp=sharing,,,,,,,,,,,
Mikkel Oaks 3,,,,"Necromancer 4
Darkblade 1
Enthropist 1",,,,,,,,,,
Mikkel Oaks 4,,,,,,6,,,,,,,,
Mikkel Oaks 5,,,,,,,"Lhodos, The Great Monastery",,,,,,,
Mikkel Oaks 6,,,,,,,,,"A man with decent looking features, but ones that would allow him to blend into a crowd. He has bright blue eyes and dirty golden hair. His skin is weathered, with decent scaring. Mikkel stands before you at 5'9, weighing a lean 210lb.",,,,,
Mikkel Oaks 7,,,,,,,,,,,,,,Justice
Milo Fleiss 1,https://cdn.discordapp.com/attachments/1170110564819816468/1315958866093150258/a569fc80-1ac3-4031-90a2-4f738b1844fa.png?ex=67594db3&is=6757fc33&hm=945c3f791bd2c2b8059b96d60ca0ed2fb7dfd8c6652649d41c8b0b7ba272687d&,,,,,,,,,,,,,
Milo Fleiss 2,,,https://docs.google.com/spreadsheets/d/1BU5i-LSORww1BAc8CwxmaYxaT6AJQ-R-IYdTi57qJB8/edit?usp=sharing,,,,,,,,,,,
Milo Fleiss 3,,,,"- Pilot [10]
- Sharpshooter [10]
- Guardian [10]
- Arcanist [3]
- Chimerist [3]
- Rogue [4]",,,,,,,,,,
Milo Fleiss 4,,,,,,40,,,,,,,,
Milo Fleiss 5,,,,,,,Hedgeburg,,,,,,,
Milo Fleiss 6,,,,,,,,,"Milo is light skinned man with furred ears and shaggy blonde hair. He stands at 6', 6'2'' with the ears. He's about 180 lbs. of muscle, but isn't the brightest.",,,,,
Milo Fleiss 7,,,,,,,,,,,"- ""Your First Resort""
- FI-RM. Clarent - Rifle Module
- FI-RM. Joyeuse - Machine Gun Module
- FI-RM. Arondight - Cannon Module
- FI-RM. Durendal - Flamer Module        
- End-Hunter - Machine Gun Module        
- FI-VP. Pridwen - Flexible Plating Module   
- Mortar Cannon Module
- Avenger Plating Module
- Milo's Arcane Dread
- Tactician's Diadem
- Scale of Nidhoggr
- Autoloader
- Scarlet Shield
- Bashing Shield",,,
Milo Fleiss 8,,,,,,,,,,,,,"- Milo was born in Hedgeberg to a small family. Aravik and Yvette Fleiss. He was the eldest, with a sister eight years younger than him named Reeve.
- When Milo was 16, his father left to Bastion to work on the ramping production of his design for the Undercity. Aravik was a member of the KPLA, working alongside Angelo Letterman as their earliest chief engineers.
- During that first year, a strike meant to kill both Letterman and Aravik Fleiss, executed Milo's father. In the wake of this, Milo become the man of his house.
- Within the first few years, he snapped at his family. The housework and the many cousins he'd been left to as his uncles and extended family joined the war effort had gotten to him. He had an argument with his mother and sister, then left home.
- He's been a distant caretaker of his family, fighting as a Drake in the KPLA (despite attempts to promote him) since. The Resistance's Ace Courier.",
Milo Fleiss 9,,,,,,,,,,,,,,Duty
Mimsim 1,https://media.discordapp.net/attachments/1200710210365431870/1251434332023820370/Mimsin_Art.png?ex=66732dcb&is=6671dc4b&hm=b3f76154d563db94a9715e8eb9146211825e0217ece6657a769fbe4f79821bf7&=&format=webp&quality=lossless&width=&height=,,,,,,,,,,,,,
Mimsim 2,,,https://docs.google.com/spreadsheets/d/11t76tibBhyUfIX58SpJuWixJm679qNV-9tS4bpWSUcQ/edit?gid=0#gid=0,,,,,,,,,,,
Mimsim 3,,,,"Dancer Lv. 3
Rogue Lv. 1
Elementalist Lv. 1",,,,,,,,,,
Mimsim 4,,,,,,5,,,,,,,,
Mimsim 5,,,,,,,"Skuala, Nezmira",,,,,,,
Mimsim 6,,,,,,,,,"A not-so-imposing nezzim. They're barely five feet tall, and carry a fishing rod of similar length instead of a weapon. Mimsim dresses in drab, baggy clothes that go well with their dusty scales and makes their bright yellow eyes stand out.",,,,,
Mimsim 7,,,,,,,,,,,,,,Justice
Mo Jun-Hie 1,https://i.imgur.com/ngO9vCw.png,,,,,,,,,,,,,
Mo Jun-Hie 10,,,,,,,,,,,,,"- Born from the head of the Clear River Sect Mo Tengfei and his concubine Wu Liling, both of which loved their child dearly.
- Mo Tengfei's wife, Mo Meilin, is disgusted with Jun-Hie's existance.
- He entered his father's sect and studied Ink Cultivation under him. Eventually, Jun-Hie started to take his Cultivation down his path, Focusing on Painting instead of just calligraphy.
- The Clear River Sect used to be a minor sect that focused on archival duties and information gathering. The cultivation they taught was Ink cultivation. They did not partake in corrupt cultivation since it crossed one of their virtues.
- One night, Mo Tengfei betrayed his own sect. Jun-Hie was the only one left alive.
- Jun-Hie spends his time trying to improve his own craft while searching for information on his father.",
Mo Jun-Hie 11,,,,,,,,,,,,,,Doubt
Mo Jun-Hie 2,,https://discord.com/channels/1169852846083153941/1170111183869706362/1340465447170211950,,,,,,,,,,,,
Mo Jun-Hie 3,,,https://docs.google.com/spreadsheets/d/1NofoB7PVKdUc8YbXm55VDBroXaDA0XphddiUjNG4gd0/edit?usp=sharing,,,,,,,,,,,
Mo Jun-Hie 4,,,,"[2] Entropist
[3] Daoist
[1] Symbolist",,,,,,,,,,
Mo Jun-Hie 5,,,,,#739BD0,,,,,,,,,
Mo Jun-Hie 6,,,,,,6,,,,,,,,
Mo Jun-Hie 7,,,,,,,"Wujing Guo, Xuanwu City",,,,,,,
Mo Jun-Hie 8,,,,,,,,,"A bishi'e standing at 5'10"" with white'ish scales. He is often clad in robes and fine clothing, often carrying various vials and scrolls of parchment with him. The most eyecatching thing about him is that overly large brush he can be seen carrying. Considering his origins, it is likely that such is tied to their cultivation. They carry themselves rather crudely with a gloomy sense often emanating from them.",,,,,
Mo Jun-Hie 9,,,,,,,,,,Hunted Emissary (Boon of the Auspicious),,,,
Mokah 1,https://i.imgur.com/MOgXhEq.png,,,,,,,,,,,,,
Mokah 10,,,,,,,,,,,,,"-Parents died in snowstorm when they were young
-Chose to become a guide to prevent similar tragedy
-Follower of Seraph
-Lives out in mountains and doesn't speak much",
Mokah 11,,,,,,,,,,,,,,Compassion
Mokah 2,,https://discord.com/channels/1169852846083153941/1170111183869706362/1314470431146905620,,,,,,,,,,,,
Mokah 3,,,https://docs.google.com/spreadsheets/d/1FqD9Zfj6BAbgTgZQ4xdkSV9-i8E8_LUJ6AzIyWW65aA/edit?gid=0#gid=0,,,,,,,,,,,
Mokah 4,,,,"Wayfarer 3
Spiritist ★
Arcanist 3",,,,,,,,,,
Mokah 5,,,,,#2556DC,,,,,,,,,
Mokah 6,,,,,,16,,,,,,,,
Mokah 7,,,,,,,"The Wing-Tree Village, Aldistir",,,,,,,
Mokah 8,,,,,,,,,"Mocah is a small rabbit yokai with black and white fur covering their body.  They're usually fully covered by several layers of black cloaks, mittens, boots, and a red wooden mask.  They carry a black staff with several small bells on the top.  They're typically shy and say little, and can move very quietly.",,,,,
Mokah 9,,,,,,,,,,,,Seraph [Aldistir] (is a follower of),,
Monique 1,https://i.imgur.com/iUZOcxs.png,,,,,,,,,,,,,
Monique 10,,,,,,,,,,,,,"• Monique was raised as a son of a thief in Smokeside, Hidela, after her mother disappeared 11 years ago.

• During a change of heart, she suffered a horrible accident in the middle ground from a landmine. Her father was forced to flee as his trailblazing to find her mother backfired. Forcing him to believe she was dead, something he regretted everyday. She survived, but lost her legs in the accident.

• Despite being a ne'er do well in general, the people of Hidela committed to her recovery, and with their help and ingenuity relearned how to walk.

• Once she recovered, she took on a new name and new look, promising to be her authentic self and repaying the kindness of those around her forward. During her adventures, she discovered a new companion, Monique Halcyon, her soul treasure.

• She made peace with her father, finally finding belonging with others on the Worldhelm, determined to help her soul treasure find the same acceptance.",
Monique 11,,,,,,,,,,,,,,Belonging
Monique 2,,https://discord.com/channels/1169852846083153941/1170111183869706362/1312969311274537001,,,,,,,,,,,,
Monique 3,,,https://docs.google.com/spreadsheets/d/116hWIypzh2qcB0FWlTWDui4-CfjtGj92SkE9endzOYc/edit?usp=sharing,,,,,,,,,,,
Monique 4,,,,"Rogue ★, Sharpshooter 4, Arcanist ★, Dancer 3, Pilot 2",,,,,,,,,,
Monique 5,,,,,#FFD700,,,,,,,,,
Monique 6,,,,,,30,,,,,,,,
Monique 7,,,,,,,"Hidela, Lhodos",,,,,,,
Monique 8,,,,,,,,,"Monique is a woman with a staggeringly beautiful complexion, she has soft skin that holds a nice porcelain white. Her garbs are a mix of flashy and stylish streetwear and functional skullduggery gear. Keeping things cute and crafty.

She's gone for a new look, sporting a new bubblegum shade of hair, it is soft and silky with accents of color running through it like the pulse of a machine.
Her eyes are like that of her fathers, cunning and determined.

Her face is dotted with a beauty mark. 

She is roughly 5'9, with an lithe figured that is practiced and toned. Even in spite of her shape changing, she doesn't appear to use it as much. Mostly reserving anything for her mutant therioform.",,,,,
Monique 9,,,,,,,,,,,"__GUNS__
Final Judgement (Savior Weapon)
Hoardsplitter (Hand of Fortune)
Executioners Edict (Guard Breaker)
Magitech Bolthrower (Mage Bane)
Bitter Resolve (Lifesteal)
Her Melody (Undodgeable)
Concussive Burst SMG (Interrupt)
__Armor and Accessories__
Spring Court Metronome (Lions Health)
Scope Lens Accessory (Lucky bullet)
Leotard of the faceless (Anti-Slow)
Lonesome Queen's Crown Jewel (+1 FP when villains show up)",,,
Morgia Sophus 1,https://i.imgur.com/n9J52Bh.jpeg,,,,,,,,,,,,,
Morgia Sophus 10,,,,,,,,,,,,Caladrius (worships them),,
Morgia Sophus 11,,,,,,,,,,,,,"- Born in Thanheim, with the Balefire cult.
- Was experimented by putting a moonshard into her as an infant.
- Taken away by a priest named Lucius Sophus who ran away to the western continent. Raising Morgia in a forest with just the two of them.
- Imparted the religious beliefs of Caladrius for what they stood for: to heal ailments and to exorcise the wicked from people.
- Began a journey at age 20 to practice her tenets as a healer.",
Morgia Sophus 12,,,,,,,,,,,,,,Ambition
Morgia Sophus 2,,,[Morgia's Sheet](https://docs.google.com/spreadsheets/d/1krWnYEtbFHrLIyBOTQbp46jOnV1vpicS94MXAXzy9mo/edit?usp=sharing),,,,,,,,,,,
Morgia Sophus 3,,,,"Spiritist ★
Tinkerer ★
Orator★
Commander 2
Elementalist 8",,,,,,,,,,
Morgia Sophus 4,,,,,#228B22,,,,,,,,,
Morgia Sophus 5,,,,,,40,,,,,,,,
Morgia Sophus 6,,,,,,,"The Farwood, Kor'tarion",,,,,,,
Morgia Sophus 7,,,,,,,,,"A woman who stands at 5'6"" ft/167 cm, with long, platinum blonde hair and green eyes. Now recently picking up a set of blue and white robes that she sewn herself one day.",,,,,
Morgia Sophus 8,,,,,,,,,,Outcast Fairy - You are compelled to tell the truth.,,,,
Morgia Sophus 9,,,,,,,,,,,"Heartfelt Edict [Special*]
Pathos [Spell Vamp]
Holy Witch's Attire [Magic Up]

Special: When you use the Queen's Gambit skill, rather than making a free attack, you may cast a spell instead. The spell must target one creature, and have a base MP cost of 20 or less. If the spell is a damaging offensive spell, treat its HR as 0 for the purposes of damage. If the spell restores Hit Points, it restores half as much, and you may not choose to take the first option in the skill. You cannot have your soul treasure stolen.",,,
Mori Cadwal 1,https://cdn.picrew.me/shareImg/org/202502/626197_ZpDKL8m2.png,,,,,,,,,,,,,
Mori Cadwal 10,,,,,,,,,,,,,,Freedom
Mori Cadwal 2,,https://discord.com/channels/1169852846083153941/1170111183869706362/1342834993642213388,,,,,,,,,,,,
Mori Cadwal 3,,,https://docs.google.com/spreadsheets/d/117ntE7w5CXuyGy0z5yEUO2YZtHk7pP15OYxJvzSphI8/edit?usp=sharing,,,,,,,,,,,
Mori Cadwal 4,,,,"Rogue 6
Chanter 1
Wayfarer 1",,,,,,,,,,
Mori Cadwal 5,,,,,,8,,,,,,,,
Mori Cadwal 6,,,,,,,"Brightshield, Kor'Tarion",,,,,,,
Mori Cadwal 7,,,,,,,,,"A short, scrawny young woman with tan skin. She sports white feathers over much of her body and two large, flight-capable wings, along with other avian and inhuman features, such as talons and sharpened teeth. She favours light, practical clothing.",,,,,
Mori Cadwal 8,,,,,,,,,,Flight,,,,
Mori Cadwal 9,,,,,,,,,,,,,"- Born and raised in Brightshield. Grew jaded with urban life.
- Abducted by the Veiled Stewards, a group of fae that created and kept strange chimeras.
- Spent years in a cage and made to sing for strange fae nobles.
- Escaped in the chaos of a rowdy new ""catch"". Never looked back.
- Rejected from her home and by her family for her fae nature.
- Took up courier work within and between the mortal and fae realms in an attempt to chase a feeling of freedom.",
Moritz Abel Von-Hardwick 1,https://cdn.discordapp.com/attachments/737973699336208428/1314079644101902376/image.png?ex=676443c9&is=6762f249&hm=015722cc54ac51a3e01910bece1cc6a8e596cc2b96de1b9ee4b66596ef2e3746&,,,,,,,,,,,,,
Moritz Abel Von-Hardwick 10,,,,,,,,,,,,,,Hope
Moritz Abel Von-Hardwick 2,,,https://docs.google.com/spreadsheets/d/1lHiAzbQkKo9vj090lgNpf24SzweePCyAdCBT9w2-snY/edit#gid=0,,,,,,,,,,,
Moritz Abel Von-Hardwick 3,,,,Loremaster ✦ | Entropist ✦ | Pilot [2] | Orator [1] | Rogue [7],,,,,,,,,,
Moritz Abel Von-Hardwick 4,,,,,C0C0C0,,,,,,,,,
Moritz Abel Von-Hardwick 5,,,,,,30,,,,,,,,
Moritz Abel Von-Hardwick 6,,,,,,,"Vale, Lhodos",,,,,,,
Moritz Abel Von-Hardwick 7,,,,,,,,,"Moritz has a perpetual smile on his face. For those who know him, his smile is more muted and polite than before. His lithe, frail body is hugged by ambiguously ashen-toned skin. A faint apple, cinnamon, and lavender tone wafts around him. Signs of former malnutrition now show, but he's recovering.",,,,,
Moritz Abel Von-Hardwick 8,,,,,,,,,,Planet Oracle [Oracle of Lhodos],,,,
Moritz Abel Von-Hardwick 9,,,,,,,,,,,"- Copy-Cat MK 2 [QUALITY: Copy Disguises of unconscious people/an engineer programs them] (Kurso, Wilkin Hailey, Agata, Moritz, Winter Brines)
> (ALT Combat) Mitzi's Medallion [QUALITY: Immune to Enrage]
- Cleansing Coat [Sage Robes QUALITY: Dispel up to 3 Targets]
- The Existential Reaper [Dagger w/ +2/+2 DEF into Scythe with HR+18, QUALITY: Enrage on Hit]",,,
Mouse Ruba 1,https://i.imgur.com/BzC0cqS.png,,,,,,,,,,,,,
Mouse Ruba 2,,,https://docs.google.com/spreadsheets/d/1PXNqrUMq7vVGCKP4iQgGjPlVXvehkhKR1CfCtO04fIQ/edit?usp=drivesdk,,,,,,,,,,,
Mouse Ruba 3,,,,"Rogue 3, Sharpshooter 2",,,,,,,,,,
Mouse Ruba 4,,,,,,5,,,,,,,,
Mouse Ruba 5,,,,,,,Nezmira - Skamos,,,,,,,
Mouse Ruba 6,,,,,,,,,"At a stout 147cm, Mouse lives up to his name. Short, narrow, wiry, and somehow able to sneak around undetected. He has raven-black hair and darkly tanned skin from his days running across rooftops and awnings.",,,,,
Mouse Ruba 7,,,,,,,,,,,,,,Hope
Msrah 1,https://i.pinimg.com/564x/70/60/0b/70600b0e9fc297e129b81f26be6027d2.jpg,,,,,,,,,,,,,
Msrah 2,,,https://docs.google.com/spreadsheets/d/1dOD4jcliQrpdt34pLd6DSAxzhhnnDZicIDSmEYNWajM/edit?usp=sharing,,,,,,,,,,,
Msrah 3,,,,"Dancer - 7
Weaponmaster - 1
Floralist - 1",,,,,,,,,,
Msrah 4,,,,,,9,,,,,,,,
Msrah 5,,,,,,,Nezmira,,,,,,,
Msrah 6,,,,,,,,,"A younger-looking man with loose-fitting linen, Msrah is often seen with a spear by his side that he wields as if it were a dancing partner more than a weapon. Though he has a very lean figure, he has developed muscles that come with years of manual labor.",,,,,
Msrah 7,,,,,,,,,,,,,"- He was one of many children who lost their parents, either due to illness or combat. He was given few freedoms during this time.
- Sold into slavery once he was able to perform manual labor, specifically in the Romani house.
- He found solace in the arts like dance that were used for entertainment but he rarely found freedom to practice it for his own enjoyment.
- While he was treated better than most slaves due to the Romani house, he still was a slave and knew little beyond service.
- Eventually was urged by his owner Sloan to join her with the Goldhearted on to the ship, which occurred on a mission.",
Msrah 8,,,,,,,,,,,,,,Freedom
Murdoc Allweather 1,https://media.discordapp.net/attachments/890130934702153798/1193701857080639508/87a028f84751079abbf4e1d1569fce7c.jpg?ex=663b65bc&is=663a143c&hm=3bb17e3632b102c72eafced6f5fe00a01555efa909f41f33ead11107bb21b4c0&,,,,,,,,,,,,,
Murdoc Allweather 2,,,https://docs.google.com/spreadsheets/d/1pcR4gZIr3uZYics1NyYFTMWVC8WrEMzztRXyvou-Xak/edit?usp=drivesdk,,,,,,,,,,,
Murdoc Allweather 3,,,,"Mutant [3], Sharpshooter [1], Darkblade [1]",,,,,,,,,,
Murdoc Allweather 4,,,,,,5,,,,,,,,
Murdoc Allweather 5,,,,,,,"Little Ottington, Lhodos",,,,,,,
Murdoc Allweather 6,,,,,,,,,"A tall, muscular man standing at 6 feet tall. He has long, messy black hair and brown eyes that are almost always accompanied by dark circles underneath. If he does transform, he grows to be nearly 7 feet tall, and shaggy black fur covers his new wolflike appearance.",,,,,
Murdoc Allweather 7,,,,,,,,,,,,,,Belonging
Myeongjun Shin 1,https://i.imgur.com/wmmoGtL.png,,,,,,,,,,,,,
Myeongjun Shin 10,,,,,,,,,,Regal Vessel,,,,
Myeongjun Shin 11,,,,,,,,,,,,,"The boy formerly known as Myeongjun Shin grew up an isolated and quiet kid among Heartdom's mossy skyscrapers. He found comfort in scavenged electronics, but the specter of Vanagandr and the grand designs of Lilith always loomed over him. Unable to stomach the idea of staying idle, he enrolled in the academy, and threw himself into the House of Blades.

In becoming a Regal Vessel, the Hegemon has chosen to surrender himself to the convictions and judgements of both Sylvaine, his childhood friend, and Lilith herself. And now, he surrenders himself anew to the Worldhelm and Yubel. But it can't be that bad. They all probably know how to save the realms - or at minimum, they sure know a lot better than he does.",
Myeongjun Shin 12,,,,,,,,,,,,,,Duty
Myeongjun Shin 2,,https://discord.com/channels/1169852846083153941/1170111183869706362/1340112001199898636,,,,,,,,,,,,
Myeongjun Shin 3,,,https://docs.google.com/spreadsheets/d/18WtCOfAaHP0XR-z4uixl3--RLALAg2agCZR0gJC1J00/edit?gid=0#gid=0,,,,,,,,,,,
Myeongjun Shin 4,,,,Sharpshooter 2 / Commander 4 / Wayfarer 4,,,,,,,,,,
Myeongjun Shin 5,,,,,#c89cd4,,,,,,,,,
Myeongjun Shin 6,,,,,,10,,,,,,,,
Myeongjun Shin 7,,,,,,,"Heartdom, Kaiway",,,,,,,
Myeongjun Shin 8,,,,,,,,ᵀʰᵉ Hegemon,,,,,,
Myeongjun Shin 9,,,,,,,,,"Myeongjun is a reedy, almost malnourished-looking boy, who has little presence despite standing at 6'2"". In his weapon form, he appears as a light machine gun.",,,,,
Myffa Sirrokh 1,https://i.imgur.com/X8nxHCa.png,,,,,,,,,,,,,
Myffa Sirrokh 10,,,,,,,,,,,"Mindful, Snakeskin Vest
Energy Vamp, Brutal Counter, World Saver, Forged Frostbite
Spítha Eris, Hellbound Collar, bunch of resistance",,,
Myffa Sirrokh 11,,,,,,,,,,,,,"- Daughter of a secretly magic blacksmith from Nezmira
- Gets burned when father fights slavers with magic sword
- Becomes a mercenary and artisan while using the sword
- Got on the Worldhelm when she would die in a sandstorm
- Called mostly for Kor'Tarion, so ends up involved with it
- Enrolled at Hudal Academy and became a hyperbeing with magic
- Dating Atee, the Demon of Desire, as their priestess in Ironholde
- Almost got her free will taken away by Atee, but was saved
- Gave her soul to Atee, but was saved by Dreamweaver making Atee able to love",
Myffa Sirrokh 12,,,,,,,,,,,,,,Faith
Myffa Sirrokh 2,,https://discord.com/channels/1169852846083153941/1170111183869706362/1328385389886443600,,,,,,,,,,,,
Myffa Sirrokh 3,,,https://docs.google.com/spreadsheets/d/1c_czYnsXAVNvJRHFFOYMga34U-IURtM6yfWAPvXIgqA/edit#gid=0,,,,,,,,,,,
Myffa Sirrokh 4,,,,"Invoker ★
Dancer ★
Rogue ★
Empath [4]
Weaponmaster [2]
Elementalist [4]",,,,,,,,,,
Myffa Sirrokh 5,,,,,#02e964,,,,,,,,,
Myffa Sirrokh 6,,,,,,40,,,,,,,,
Myffa Sirrokh 7,,,,,,,Nezmira - South,,,,,,,
Myffa Sirrokh 8,,,,,,,,,"5'6"" athletic woman with burn scars on her face and arms. Nowadays her clothes are rather colorful and with quite a few magic accessories like rings, pendants, bracelets, etc.",,,,,
Myffa Sirrokh 9,,,,,,,,,,Demonic Empowerment (Modified Neo-Human),,,,
Nai Ki'tari 1,https://i.imgur.com/LglBjef.png,,,,,,,,,,,,,
Nai Ki'tari 10,,,,,,,,,,,,,,Hope
Nai Ki'tari 2,,,https://docs.google.com/spreadsheets/d/185URJa5izjUwu9or03ltkA-JQ-gIB7bbHuew7reW07I/edit?usp=sharing,,,,,,,,,,,
Nai Ki'tari 3,,,,"Elementalist [10]
Entropist [10]
Spiritist [2]
Chimerist [2]
Wayfarer [1]",,,,,,,,,,
Nai Ki'tari 4,,,,,,25,,,,,,,,
Nai Ki'tari 5,,,,,,,Kor'Tarion,,,,,,,
Nai Ki'tari 6,,,,,,,,,"Naiki'tari is a 5'7'' feline eared, tailed, and eyed man. He has short shaggy black hair, gold colored eyes, a white tipped black tale, and lightly tanned skin. They normally wear heavy white and black robes and other adornments, such as a wide brimmed hat, and heavy boots and gloves.",,,,,
Nai Ki'tari 7,,,,,,,,,,Mysterious Grimoire [2/10],,,,
Nai Ki'tari 8,,,,,,,,,,,"- One Wish's Hearth
- Shard of the Philosopher
- Submission Wraps
- Bonded Bracelet",,,
Nai Ki'tari 9,,,,,,,,,,,,,"- In the far north of Kor'Tarion's Realm of Faeries, there was a tribe of feline eared humans. As a culture, they revered and worshiped magic.
- In the lead up to the moons collapse, the tribe was entirely wiped out. Their will to understand and claim all that is arcane remaining, however, as their last sentiment in the lands they lived.
- Seventy odd years later, Nai awoke in a clearing at the eastern edge of the Gwaed. Little memory to be had, he stood, and began to walk. All he had was a yearning to understand magic, and the collective skill of his peoples last will.
- This condensed memorium come sapience is on a clock, fading slowly with time, reclaiming more memories of his past life with each step he takes towards his end.",
Nameless 1,https://i.imgur.com/2I6mTrt.jpeg,,,,,,,,,,,,,
Nameless 2,,,https://docs.google.com/spreadsheets/d/1K8Wp0oqTww_RlcCBuEyZ1EyLcbJWrF7iayyFpbiiUuc/edit?usp=sharing,,,,,,,,,,,
Nameless 3,,,,Weaponmaster/Fury,,,,,,,,,,
Nameless 4,,,,,,5,,,,,,,,
Nameless 5,,,,,,,Tian Yin,,,,,,,
Nameless 6,,,,,,,,,"A tall, thin girl with wild red hair and a permanent scowl, often wearing a set of red handwraps. Her frail appearance belies her physical strength.",,,,,
Nameless 7,,,,,,,,,,,,,,Purpose
Nanashi 1,https://i.imgur.com/A57jd3F.jpg,,,,,,,,,,,,,
Nanashi 10,,,,,,,,,,,,,"* Was always a fighter, whether against bullies or those who deserved it.
* Thought Kuzunoha's war was pointless. Doesn't believe in harming others who are not involved or are innocent
* Left to seek out Nimue, fighting her way there with glee and joy. Caught the attention of Lilith. Accepted her deal, and bound her power.
* Took shelter in a Blizzard when a Realmstorm came and snatched her up.",
Nanashi 11,,,,,,,,,,,,,,Battle
Nanashi 2,,,https://docs.google.com/spreadsheets/d/1Jq167Kg0XdVYrJQaO4ouTV8FJFm45QLaOeNwRFGsCtQ/edit?gid=0#gid=0,,,,,,,,,,,
Nanashi 3,,,,"Arcanist 2
Weaponmaster 2
Fury 1",,,,,,,,,,
Nanashi 4,,,,,,5,,,,,,,,
Nanashi 5,,,,,,,"Aldistir, Wing-Tree Village",,,,,,,
Nanashi 6,,,,,,,,Wandering Oni,,,,,,
Nanashi 7,,,,,,,,,"Hair: White
Eyes: Red
Height: 165cm (5'5'')

A young woman clad in armor, with snow white hair and dark horns that protrude out of her head that contrasts with her hair.

Though she might be smaller than other Oni, she is fierce and should be vary of what kind of smile she wears for you!",,,,,
Nanashi 8,,,,,,,,,,"*QUIRKLESS, BABY!*",,,,
Nanashi 9,,,,,,,,,,,,Lilith,,
Naomi Ohm 1,https://cdn.discordapp.com/attachments/1317990545242722334/1355820934543577210/Fia5GKOaYAARQrS.png?ex=67f2e3e4&is=67f19264&hm=51e1c46e217a592116bc4c81040e746f6faaaca38a3e6c8d94d08dfde6e05efe&,,,,,,,,,,,,,
Naomi Ohm 10,,,,,,,,,,,,Seraph,,
Naomi Ohm 11,,,,,,,,,,,,,"- Naomi is a soldier, trained as a temp from a relatively young age as part of a course for the children of soldiers and mercenaries. 
- As a result of her honors in the program, she was given the Debilitation Blade. A simple, blandly named weapon. It was a prototype meant to be armed to the whole graduating squad, and she would be employed by 100G. 
- However, the project director was killed, and most of the weapons were taken. She escaped with hers, and has worked as a mercenary wracked with guilt and hopelessness since.",
Naomi Ohm 12,,,,,,,,,,,,,,Direction
Naomi Ohm 2,,,https://docs.google.com/spreadsheets/d/13gveF7RgYU9bmPoGOePih4CZdFxXBKcb3Wl03OxemCE/edit?gid=0#gid=0,,,,,,,,,,,
Naomi Ohm 3,,,,"Malefactor, Weaponmaster",,,,,,,,,,
Naomi Ohm 4,,,,,,5,,,,,,,,
Naomi Ohm 5,,,,,,,"Secura, Terra",,,,,,,
Naomi Ohm 6,,,,,,,,"""DP - Unit #13""",,,,,,
Naomi Ohm 7,,,,,,,,,"Naomi is a short (5'1''), stout, gentle looking girl. She has a permanently soft, unassuming expression. She wears heavier clothing, that covers her near completely and carries around a complex sword folded a number of times on her back. Her tail pokes out the back of her coat, and grey ears poke out beneath her hair.",,,,,
Naomi Ohm 8,,,,,,,,,,"Heirloom:
- The Debilitation Blade is a terrible tool, used to inflict mass suffering. It's old, and unrefined, so it doesn't fully accomplish it's goal. However, the weapon is prone to causing collateral damage. Causing structures to collapse, harming bystanders, and jeopardizing missions.",,,,
Naomi Ohm 9,,,,,,,,,,,Heirloom: Debilitation Blade Mk. 0.1 ✦,,,
Nara 1,https://i.imgur.com/0hdmDuK.jpeg,,,,,,,,,,,,,
Nara 10,,,,,,,,,,,"Advanced Bow Matrix - Custom Weapon: Energy Vampire, Transforming - Form 1: Magic Def Boost, Def Boost Form 2: Elemental, Powerful
Commander's Claw Pendant - Pinned Piece",,,
Nara 11,,,,,,,,,,,,,,Guidance
Nara 2,,[Nara's Bio](https://discord.com/channels/1169852846083153941/1170111183869706362/1308868326394691706),,,,,,,,,,,,
Nara 3,,,[Nara's Sheet](https://docs.google.com/spreadsheets/d/18cSa3D-xfCbpauN4EfB1A0lc5Etf7v224QCJG1kaArQ/edit?gid=0#gid=0),,,,,,,,,,,
Nara 4,,,,Commander [★] | Symbolist [5] | Wayfarer [6] | Sharpshooter [1],,,,,,,,,,
Nara 5,,,,,#964B00,,,,,,,,,
Nara 6,,,,,,22,,,,,,,,
Nara 7,,,,,,,Aldistir,,,,,,,
Nara 8,,,,,,,,,"An incredibly large vulpine beast standing at a towering 6' 3"" on all fours. Its body seeming to radiate with shadows that dance along its form. Its eyes white orbs with a slight glow to them and a pair of massive horns adorn their head.",,,,,
Nara 9,,,,,,,,,,The Beast Who Spoke,,,,
Narantsetseg 1,https://i.imgur.com/PJ0lAJb.jpeg,,,,,,,,,,,,,
Narantsetseg 10,,,,,,,,,,,,Baihu,,
Narantsetseg 11,,,,,,,,,,,,,"- Came from the Temple of Growth with the Empty Monks, but showed aptitude for Metal cultivation
- Monks didn't like that, and so she left on a caravan guided by Goldhearted to then settle in the established village Daringanga
- Took up the practice of Holy Harmony with her bonded Organa Baatar
- Is learning Metal cultivation through a Jade Slip from Baihu, and was given his spear",
Narantsetseg 12,,,,,,,,,,,,,,Balance
Narantsetseg 2,,https://discord.com/channels/1169852846083153941/1170111183869706362/1326337404415643659,,,,,,,,,,,,
Narantsetseg 3,,,https://docs.google.com/spreadsheets/d/1NeLFQyp3N3q435Hca0GX29iPvCgKsninL8hoWHBxfVU/edit?usp=sharing,,,,,,,,,,,
Narantsetseg 4,,,,"Weaponmaster 3
Arcanist 2",,,,,,,,,,
Narantsetseg 5,,,,,,5,,,,,,,,
Narantsetseg 6,,,,,,,"Tian Yin, Leytik, Daringanga",,,,,,,
Narantsetseg 7,,,,,,,,,"She stands at 5'7'' with long dark hair in a half-updo'd bun. She wears a usually stoic yet serious expression, and simple, practical garments of leather and cloth for both proper warmth and maneuverability. With rough hands, she wields a heavy and ornate halberd, standing stalwart and focused.",,,,,
Narantsetseg 8,,,,,,,,,,"Heirloom
Baihu's Spear
Drawback: Empty Hand monks don't like other cultivations, and so if they see her metal cultivation, there will be conflict.",,,,
Narantsetseg 9,,,,,,,,,,,Baihu's Spear,,,
"Nasim (""Viper"") 1",https://i.imgur.com/KO2cK6r.png,,,,,,,,,,,,,
"Nasim (""Viper"") 10",,,,,,,,,,,"[Viper's Vest](<https://discord.com/channels/1169852846083153941/1208284413864189993/1304333165292425257>)
[Desert Fang](<https://discord.com/channels/1169852846083153941/1170946655940530217/1324427636302413844>)
[Ugly Duckling's Golden Feather](<https://discord.com/channels/1169852846083153941/1188741294793691186/1236380471814914219>)
[Cleaning Checklist](<https://www.legendkeeper.com/app/clohkxnb34fbj08439mobcmjv/clu35jcsz000g3j6i2agpszp6/>)
[Chariot Module](<https://www.legendkeeper.com/app/clohkxnb34fbj08439mobcmjv/clyep8j1q0013356lcr0c39ls/>)
[Sidewinder](<https://discord.com/channels/1169852846083153941/1352517500545536043/1352682589650948168>)",,,
"Nasim (""Viper"") 11",,,,,,,,,,,,,"- Born in Windhaven, the City of Sandsailors.
- Sandship racer under Mustafar, the Racemaster of Windhaven, like his late father before him. Trusted enough that the Sand Serpent was a semi-permanent loan.
- Went into smuggling with Auro Benites, and continued after Auro left to join the Revolutionaries. Some of the smuggling jobs were to get people safely to the Blue.
- Was caught out by Nezzim patrols when returning from one of those trips, but a Realmstorm brought him to the Worldhelm. Suspects that Mustafar may have ratted him out, but he has no proof.
- Has pivoted towards being a sandship artisan rather than just a racer during his time on the Worldhelm. Recently reached a breakthrough after lessons from Huong Jin and Kurso Armstrong and exposure to Terran tech, allowing the Sand Serpent to fly.
- Considers the Sand Serpent his own sandship now. And with Mustafar dead after the liberation of Windhaven, there's no one to contest this.",
"Nasim (""Viper"") 12",,,,,,,,,,,,,,Perseverance
"Nasim (""Viper"") 2",,https://discord.com/channels/1169852846083153941/1170111183869706362/1340563060544376895,,,,,,,,,,,,
"Nasim (""Viper"") 3",,,[I must plot my *own* path through the sands...](<https://docs.google.com/spreadsheets/d/1HpWZO5OrBlAn41FW7paFDiB32wcmdR0cicNxJheYjHw/edit?usp=sharing>),,,,,,,,,,,
"Nasim (""Viper"") 4",,,,"Pilot [7], Rogue [★], Tinkerer [★]",,,,,,,,,,
"Nasim (""Viper"") 5",,,,,#E0A615,,,,,,,,,
"Nasim (""Viper"") 6",,,,,,27,,,,,,,,
"Nasim (""Viper"") 7",,,,,,,"Windhaven, Nezmira",,,,,,,
"Nasim (""Viper"") 8",,,,,,,,"Nasim ibn Khaled
Nasim of Windhaven
""Viper""",,,,,,
"Nasim (""Viper"") 9",,,,,,,,,"Nasim stands at around 5'10"", and has the dune-tanned skin one would expect of a human native of Nezmira. 

In his Terran drip, he's rocking a tailored collared shirt and jeans that shows of his toned build (144 lbs). He's also let his dreadlocked hair down and put on a pair of stylish sunglasses.",,,,,
Nasim ibn Khaled 1,https://i.imgur.com/4tSc5nF.png,,,,,,,,,,,,,
Nasim ibn Khaled 10,,,,,,,,,,,"[Viper's Vest](<https://discord.com/channels/1169852846083153941/1208284413864189993/1304333165292425257>)
[Desert Fang](<https://discord.com/channels/1169852846083153941/1170946655940530217/1324427636302413844>)
[Ugly Duckling's Golden Feather](<https://discord.com/channels/1169852846083153941/1188741294793691186/1236380471814914219>)
[Cleaning Checklist](<https://www.legendkeeper.com/app/clohkxnb34fbj08439mobcmjv/clu35jcsz000g3j6i2agpszp6/>)
[Chariot Module](<https://www.legendkeeper.com/app/clohkxnb34fbj08439mobcmjv/clyep8j1q0013356lcr0c39ls/>)
[Sidewinder](<https://discord.com/channels/1169852846083153941/1352517500545536043/1352682589650948168>)",,,
Nasim ibn Khaled 11,,,,,,,,,,,,,"- Born in Windhaven, the City of Sandsailors.
- Sandship racer under Mustafar, the Racemaster of Windhaven, like his late father before him. Trusted enough that the Sand Serpent was a semi-permanent loan.
- Went into smuggling with Auro Benites, and continued after Auro left to join the Revolutionaries. Some of the smuggling jobs were to get people safely to the Blue.
- Was caught out by Nezzim patrols when returning from one of those trips, but a Realmstorm brought him to the Worldhelm. Suspects that Mustafar may have ratted him out, but he has no proof.
- Has pivoted towards being a sandship artisan rather than just a racer during his time on the Worldhelm. Recently reached a breakthrough after lessons from Huong Jin and Kurso Armstrong and exposure to Terran tech, allowing the Sand Serpent to fly.
- Considers the Sand Serpent his own sandship now. And with Mustafar dead after the liberation of Windhaven, there's no one to contest this.",
Nasim ibn Khaled 12,,,,,,,,,,,,,,Perseverance
Nasim ibn Khaled 2,,https://discord.com/channels/1169852846083153941/1170111183869706362/1340563060544376895,,,,,,,,,,,,
Nasim ibn Khaled 3,,,[I must plot my own path through the sands...](<https://docs.google.com/spreadsheets/d/1HpWZO5OrBlAn41FW7paFDiB32wcmdR0cicNxJheYjHw/edit?gid=0#gid=0>),,,,,,,,,,,
Nasim ibn Khaled 4,,,,"Pilot [7], Rogue [★], Tinkerer [★]",,,,,,,,,,
Nasim ibn Khaled 5,,,,,#E0A615,,,,,,,,,
Nasim ibn Khaled 6,,,,,,27,,,,,,,,
Nasim ibn Khaled 7,,,,,,,"Windhaven, Nezmira",,,,,,,
Nasim ibn Khaled 8,,,,,,,,"Nasim of Windhaven
Nasim
""Viper""",,,,,,
Nasim ibn Khaled 9,,,,,,,,,"Nasim stands at around 5'10"", and has the dune-tanned skin one would expect of a human native of Nezmira.

He dresses finely while in town in order to put on a good impression for anyone watching.

Outside of town, he prefers more sensible clothing to cover up fom the burning desert sun. He is clean shaven and styles his dark hair in dreadlocks, which are tied back into a bun or ponytail during races to avoid catching on anything.",,,,,
Nasser Sayid 1,https://i.imgur.com/pCoKFI5.jpeg,,,,,,,,,,,,,
Nasser Sayid 10,,,,,,,,,,,,,"- A ""Legendary"" figure from Nezmiras past, he has been summoned thanks to a wish most powerful.

- His inability to fulfill the wish has caused his very being to be corrupt and so does have the wish itself.

- After laying the girl who wished him into this world to rest, he took upon a new wish, to vanquish the Kiir.

- Wandering the desert wastes of Nezmira, he was backed into a corner by the very same creatures he has sought to vanquish, before being lifted away in a realmstorm to safety. However his bloodthirst for the Kiir is insatiable.

- His history revealed, Morning Glory shed their previous form. He'd take up their old name and identity as General of Nezmira, Nasser Sayid, the first so sing the song of betrayal.",
Nasser Sayid 11,,,,,,,,,,,,,,Duty
Nasser Sayid 2,,,[General of Nezmira](https://docs.google.com/spreadsheets/d/1K0ObQvB6kucZvETF9iq34HcEBhUYJ8XKQWSlIWpP2dU/edit?usp=sharing),,,,,,,,,,,
Nasser Sayid 3,,,,"Light blade 1 
Weaponmaster ★
Fury 1
Floralist 6",,,,,,,,,,
Nasser Sayid 4,,,,,,18,,,,,,,,
Nasser Sayid 5,,,,,,,"The Blue City, Nezmira",,,,,,,
Nasser Sayid 6,,,,,,,,Morning Glory,,,,,,
Nasser Sayid 7,,,,,,,,,"Morning Glory appears to be of human descent, standing at about a formidable six feet in height and his face bears the marks of experience, with faint scars etched into his features. His eyes are his most mesmerizing trait—violet and ever-changing, like shifting dreams or galaxies contained within, giving him an otherworldly allure.

After a fated confrontation he now wears the garb he met his grizzly end in, dressing in blue and red fabrics which cover an armor accented with gold, while upon his shoulder rest a carcass of a Kiir.

The overall vibe is mysterious, and dreamlike, as though he carries a heavy destiny or magic that ripples beneath the surface.",,,,,
Nasser Sayid 8,,,,,,,,,,The Long Dream,,,,
Nasser Sayid 9,,,,,,,,,,,"Old Empire's Counter ⬥ (1200z)
【DEX + WIL】+1 ⬥ 【HR + 8】Physical
Sword ⬥ One-handed ⬥ Melee ⬥ Brutal Counter

Brutal Counter : When you deal damage to one or more creatures outside your turn during a conflict scene, you deal 5 extra damage to each of those creatures.",,,
Neishin 1,https://i.imgur.com/RPfnLRu.png,,,,,,,,,,,,,
Neishin 10,,,,,,,,,,,,,"- Was formerly known as Villr while she was a wolf.
- Was abandoned by her pack when she was injured and dying for being ""weak"" and passed out from exhaustion and injuries.
- Awoke to Kuzunoha offering her the gift of becoming yokai, which she accepted as she was not ready to die.
- Travels from yokai settlement to yokai settlement as they do not trust her but will give her place to rest as she did receive Kuzunoha's gifts.
- Actively seeks to rebel against Vanagandr and his followers.
- Was captured and intend to be offered as a sacrifice to Vanagandr in a ritual, but was offered gifts by Lilith, should Neishin continue to amuse her by fighting Vanagandr.
- Still wears the collar from when she was imprisoned as a reminder that she isn't truly free because of her nature.",
Neishin 11,,,,,,,,,,,,,,Rebellion
Neishin 2,,[Neishin Bio](https://discord.com/channels/1169852846083153941/1170111183869706362/1331997226133749792),,,,,,,,,,,,
Neishin 3,,,[Neishin Sheet](https://docs.google.com/spreadsheets/d/1NJzCEfU-cpjxI0CSvzHt1iP7FEfaiPX9BDniyDF7R6I/edit?gid=0#gid=0),,,,,,,,,,,
Neishin 4,,,,Mutant ★ | Arcanist 2 | Weaponmaster 2,,,,,,,,,,
Neishin 5,,,,,#899499,,,,,,,,,
Neishin 6,,,,,,14,,,,,,,,
Neishin 7,,,,,,,Aldistir,,,,,,,
Neishin 8,,,,,,,,,"Neishin stands on the shorter side of around 5' with a neutral to angry expression on her face. She wears fairly plain worn and tattered clothes as well as an iron collar and manacle that she refers to as a reminder. Both her hair, which has streaks of white in her bangs, and tail are a dark grey that fade to white as it reaches the ends. One of her ears clearly had a piece taken from it as one point, she also has a scar over her left eye which is pure white unlike the golden brown of her right. Her left arm is notably completely wrapped in bandages.",,,,,
Neishin 9,,,,,,,,,,,,"Vanagandr (Aldistir) - ""Betrayed"", Kuzunoha (Aldistir) - Is a Yokai, Lilith (Bound Arcanum)",,
Nemik No.3 1,https://media.discordapp.net/attachments/1179610873271177236/1179827490911441056/nemik_no.3_.png?ex=663b0539&is=6639b3b9&hm=4fbb69ae996f0b74f4fc295b7288cb5e334f5fbc02bd860192303027e3fbc82a&,,,,,,,,,,,,,
Nemik No.3 2,,,https://docs.google.com/spreadsheets/d/1bxxOtVE2W16iUZNCIzQQD8MGiFvxCwPOwcC7a_GPF64/edit?usp=drivesdk,,,,,,,,,,,
Nemik No.3 3,,,,"Mutant (8) , Weaponmaster (2) Entropist (2)",,,,,,,,,,
Nemik No.3 4,,,,,,12,,,,,,,,
Nemik No.3 5,,,,,,,Kor'Tarion,,,,,,,
Nemik No.3 6,,,,,,,,,"Standing 6'8 and 218 lbs with teal skin, elven ears, and a prehensile tail. Nemik No.3 Doesnt say much most of the time and typically only shares company with those they respect. They can be found typically either reading or training.",,,,,
Nemik No.3 7,,,,,,,,,,,"Iceterror Mantle 1,000 z
At the start of your turn during a conflict, you may have each creature present on the scene and suffering from the weak status effect lose 5 Hit Points",,,
Nemik No.3 8,,,,,,,,,,,,,,Sacrifice
New World Quail 1,https://media.discordapp.net/attachments/926219325856153690/1182550986506645514/Samurai_spear.jpg?ex=663b0a6d&is=6639b8ed&hm=d7a669e68ed15f99ee849baaf5fcf2eea5c06ee94b98cee83438ccf801f56f56&,,,,,,,,,,,,,
New World Quail 2,,,https://docs.google.com/spreadsheets/d/1Ze0pHJXveqo6mSA_ot6nh4DTUEooXOFrzFStGagUZoI/edit#gid=0,,,,,,,,,,,
New World Quail 3,,,,"Elementalist - 1
Guardian - 2
Weaponmaster - 2",,,,,,,,,,
New World Quail 4,,,,,,5,,,,,,,,
New World Quail 5,,,,,,,Kor'Tarion (Thanheim),,,,,,,
New World Quail 6,,,,,,,,,"Soldier that rarely takes off his helmet to show his face, though it is musky with possibly days of sweat building behind it. The iron caked blood on his armor hides his own smell coming from his 5' 11"" and 196 pound frame.",,,,,
New World Quail 7,,,,,,,,,,,,,,Worthiness
Nico Bastion 1,https://images-ext-1.discordapp.net/external/IBTO2q0eJy45d6m1iJFkbBmnBuWA7xK8iD4-MNIP7f4/https/forum.treeofsavior.com/uploads/default/original/2X/8/851b00ee020727ce79ec50d2adec9b389c135a29.jpg,,,,,,,,,,,,,
Nico Bastion 10,,,https://docs.google.com/spreadsheets/d/1yS1jm-0HzrLVRGg1ZgwEDoIXSz-kiri4dy0tuei6Qfo/edit?usp=sharing,,,,,,,,,,,
Nico Bastion 11,,,,Guardian10/Fury10/Weaponmaster7/Arcanist1,,,,,,,,,,
Nico Bastion 12,,,,,,28,,,,,,,,
Nico Bastion 13,,,,,,,"Skamos, Nezmira",,,,,,,
Nico Bastion 14,,,,,,,,,"Always smells like Dr.Squatch shampoo/beard products. Big boy, standing at a solid 6'5"", carrying two massive frickin' shields and a suit of Lunar plate armor he polishes every day. Big golden retriever vibes, and LOVES Gyros. Full name is Nicholas Integro Concherto Omario Bastion. Has developed a secondary shield that looks to have Gargantuan Sand worm parts layered like a hundred fold cake. Walks with the weight of atleast 50 Kaijus on his back and is disturbingly fast(Can run roughly 60-70mph) for his size. also if he takes the helmet off he looks like josh groban

Heroics: Indomitable, and New Bulwark",,,,,
Nico Bastion 15,,,,,,,,,,,"Mangiatore Di Montagne,
The First Line of Defense, Soldier's sandals, Spear-Catching Shield",,,
Nico Bastion 16,,,,,,,,,,,,,"Was born into a large family of 15, and after years of physical labour, Nico was found to be the only Surviving member the next day at the age of 9. Why it happened was For reasons unknown, But Nico has since been known as the self proclaimed People's Shield *(No relation to the actual tavern)* to prevent events like that from ever occurring again.
Nico has since fought Electrical Leviathans, Gargantuan Sandworms, Titans worthy to swallow mountains, and been to The Kortarian Moon by accident using only his Brute Strength alone.
He is now focused on Protecting the weak and Fighting Giant Monsters on the Daily to become stronger than he was before.",
Nico Bastion 17,,,,,,,,,,,,,,Duty
Nico Bastion 2,,,https://docs.google.com/spreadsheets/d/1yS1jm-0HzrLVRGg1ZgwEDoIXSz-kiri4dy0tuei6Qfo/edit?usp=sharing,,,,,,,,,,,
Nico Bastion 3,,,,Guardian 10/Fury 6/Weaponmaster 1/Arcanist 1,,,,,,,,,,
Nico Bastion 4,,,,,,18,,,,,,,,
Nico Bastion 5,,,,,,,"Skamos, Nezmira",,,,,,,
Nico Bastion 6,,,,,,,,,"6'5"", beefy boy decked out in armor. Smells like Dr. Squatch hair and beard products, weighs 238lbs. Loves Gyro. has two big shields and will protect you with his life",,,,,
Nico Bastion 7,,,,,,,,,,,Mangiatore Di Montagne(Mountain eater Shield),,,
Nico Bastion 8,,,,,,,,,,,,,,Duty
Nico Bastion 9,https://forum.treeofsavior.com/uploads/default/original/2X/8/851b00ee020727ce79ec50d2adec9b389c135a29.jpg,,,,,,,,,,,,,
Nikola Technis 1,https://i.imgur.com/ZEGdPxc.png,,,,,,,,,,,,,
Nikola Technis 2,,https://discord.com/channels/1169852846083153941/1170111183869706362/1311376892569452595,,,,,,,,,,,,
Nikola Technis 3,,,https://docs.google.com/spreadsheets/d/1T8Hgbj4RwQAvGlVEzwKOt2gJtSUxIA__idtjnEb1mek/edit?usp=sharing,,,,,,,,,,,
Nikola Technis 4,,,,"Chimerist 1
Ace of Cards 3
Loremaster 1",,,,,,,,,,
Nikola Technis 5,,,,,,5,,,,,,,,
Nikola Technis 6,,,,,,,"Terra, Haven, Mount Providence",,,,,,,
Nikola Technis 7,,,,,,,,,"A somewhat tall young man, has a athletic build, white hair, blue eyes and somewhat pale skin.

He wears a heavy white coat, a pair of leather gloves, a tight shirt and field jeans.",,,,,
Nikola Technis 8,,,,,,,,,,,,,,Vengeance
Nisshoku Kodatsu 1,https://images-ext-1.discordapp.net/external/Hlppz4Hjsv4PB1Bq1jFBCC12fJ16Ixyoyq0FvW25nHM/https/pm1.aminoapps.com/6917/135effb8a70ffe43be602d2f4b05a0ff7bf0d3f8r1-1200-748v2_hq.jpg,,,,,,,,,,,,,
Nisshoku Kodatsu 2,,,https://docs.google.com/spreadsheets/d/1cbyYyu1-MX4KO-AWE8BqWkHrvhzeOsZNtDpG9YJiSp8/edit?usp=sharing,,,,,,,,,,,
Nisshoku Kodatsu 3,,,,"Arcanist [3], Orator [2]",,,,,,,,,,
Nisshoku Kodatsu 4,,,,,,5,,,,,,,,
Nisshoku Kodatsu 5,,,,,,,"The Feywyrd, Aldistir",,,,,,,
Nisshoku Kodatsu 6,,,,,,,,,"A six foot tall young looking man. He's lithe, light, and sways when he walks. He has a sharp look to his eyes, and a number of tails which seem to flick about on their own. He wears a dark colored Kimono, adorned with many pieces. A pair of masks, a few fans, and a holy rod.

In times of crisis, Kodatsu flickers into a new form. While the shadow of Kodatsu's standard appearance represents the New Moon, his hair shifts white, and markings glow red. This represents the Full Moon. With this change, his voice and personality change quite drastically as well. The voice gets deeper, and he becomes much more intense.",,,,,
Nisshoku Kodatsu 7,,,,,,,,,,,,,,Growth
Noah🎤 1,https://images-ext-1.discordapp.net/external/YyN14vzEzaLshXJZctBQiweLsEHNiliiBxgij8ogVWM/https/pm1.aminoapps.com/7177/9021589f35849073a1e200b949911adf82b90284r1-1173-2048v2_uhq.jpg,,,,,,,,,,,,,
Noah🎤 2,,,https://docs.google.com/spreadsheets/d/1pq0NzigMARZBzIUgkcS1K5UwqRUyIikb4q91adpiTJU/edit?usp=sharing,,,,,,,,,,,
Noah🎤 3,,,,"Esper 4, Chanter 4",,,,,,,,,,
Noah🎤 4,,,,,,8,,,,,,,,
Noah🎤 5,,,,,,,Karlsgard,,,,,,,
Noah🎤 6,,,,,,,,,"6' 01""
180 lbs.
Always has face mask unless he's evoking his will upon the world with his voice.",,,,,
Noah🎤 7,,,,,,,,,,Fugitive Experiment,,,,
Noah🎤 8,,,,,,,,,,,,,,Fear
Noel Salbe 1,https://images-ext-1.discordapp.net/external/deFdCz1jmW6nQyN7eC93ItSAvx7gaNJEfxGQJaiAN-c/https/i.imgur.com/KWfKZOT.jpeg,,,,,,,,,,,,,
Noel Salbe 10,,,,,,,,,,,,,A Pirate from Kor'Tarion just out here making it,
Noel Salbe 11,,,,,,,,,,,,,,Recovery
Noel Salbe 2,,,https://docs.google.com/spreadsheets/d/1G8dPGhkMGI1Z1VAG1kmiGMGm4fslCGNKz-vV_mgb0mU/edit#gid=0,,,,,,,,,,,
Noel Salbe 3,,,,Weaponmaster 10 | Rogue 10 | Wayfarer 10 | Tinkerer 1 | Arcanist 9,,,,,,,,,,
Noel Salbe 4,,,,,,40,,,,,,,,
Noel Salbe 5,,,,,,,"Kor'Tarion, The Otter's Nest",,,,,,,
Noel Salbe 6,,,,,,,,,5'10'' | 137 lbs. | Black Hair | Green Eyes,,,,,
Noel Salbe 7,,,,,,,,,,Old Transportation [I have a sloop in Lastport :D],,,,
Noel Salbe 8,,,,,,,,,,,"- The Master Sword
- Prince Damian's Royale Blade
- Prince Damian's Sword Gauntlet
- Meteoric-Aventurine Embedded Magi-Bracer
- Mithril Infused Great-Zweihänder
- Ancient Qilinguard Lance
- Nanite Shardblade
- ""The Trolley Problem""
- Heartbreaker",,,
Noel Salbe 9,,,,,,,,,,,,Yubel,,
Noir 1,https://i.imgur.com/EprAKjI.png,,,,,,,,,,,,,
Noir 10,,,,,,,,,,,"__Claíomh Solais__
Custom Weapon - Heavy - Melee - [Dex + Ins]+1 - [HR+18] light, Elemental, Powerful, Defense Boost, Weapon Up",,,
Noir 11,,,,,,,,,,,,"Tubalcain, Yubel",,
Noir 12,,,,,,,,,,,,,"- Grew up and studied in Korala.
- Left after her parents died in a mysterious accident.
- Worked in secret to develop unique Exo-Armor
- Had a ""successful"" prototype due to using materials related to Tubalcain that began to resonate thanks to her passion for artifice.",
Noir 13,,,,,,,,,,,,,,Understanding
Noir 2,,[Noir's Bio](https://discord.com/channels/1169852846083153941/1170111183869706362/1278344250219823250),,,,,,,,,,,,
Noir 3,,,[Noir's Sheet](https://docs.google.com/spreadsheets/d/1z4jMKDBE11ijXnpWRdZjot7zSrETOkjC-HH9VQofOdE/edit?gid=0#gid=0),,,,,,,,,,,
Noir 4,,,,"Weaponmaster [9], Tinkerer [5], Arcanist [9]",,,,,,,,,,
Noir 5,,,,,#B2A4D4,,,,,,,,,
Noir 6,,,,,,23,,,,,,,,
Noir 7,,,,,,,Lhodos - Korala,,,,,,,
Noir 8,,,,,,,,,"Noir stands at 5' 3"" with a slim build. She has sapphire colored eyes and pink toned hair. Commonly wearing either oil/grease stained coveralls or cargo pants and a bomber jacket. With a bunch of tools normally on hand.",,,,,
Noir 9,,,,,,,,,,[Old Transport - Airship](https://www.creativeuncut.com/gallery-02/art/ff12-airship-atomos.jpg),,,,
Nora Estelle 1,https://www.4gamer.net/games/087/G008754/20090508022/TN/010.jpg,,,,,,,,,,,,,
Nora Estelle 2,,,https://docs.google.com/spreadsheets/d/1ZAZNPvHvLRgjYl930klc1z6GYp5xAcHa3fcyb9A4_Zs/edit?gid=0#gid=0,,,,,,,,,,,
Nora Estelle 3,,,,4 Arcanist 2 Entropy,,,,,,,,,,
Nora Estelle 4,,,,,,6,,,,,,,,
Nora Estelle 5,,,,,,,Kor'Tarion,,,,,,,
Nora Estelle 6,,,,,,,,,"A young lithe woman with azure hair and eyes, around 5' 10"" she tends to be timid around others she is unfamiliar with.",,,,,
Nora Estelle 7,,,,,,,,,,,,,,Self-Discovery
Nyx Selenbourne Atramentis 1,https://i.ibb.co/DPhxJzPY/IMG-2038.png,,,,,,,,,,,,,
Nyx Selenbourne Atramentis 10,,,,,,,,,,,,,"Nyx's parents died in the crossfire of a gang shootout when she was young, and she was left providing for her sister.
She made a ""living"" by working at a gold farm for RWO, and eventually was promoted to farming events for rich people in Triworld itself! Just as the moon decided to mildly explode and rain entropic shards down on Triworld.
Nyx got caught in an explosion and developed entropic powers, but the medical bills resulting from her seizures and temporary coma left her in deep debt. She decided to keep digging in case she came out on the other side of the planet, took out more loans to body mod herself into her RWO character and commission cosplay, and fight petty crime in her neighbourhood to keep her sister safe. She was taken by the Realmstorm as an extremely enhanced stylish exit.",
Nyx Selenbourne Atramentis 11,,,,,,,,,,,,,,Identity
Nyx Selenbourne Atramentis 2,,,https://docs.google.com/spreadsheets/d/10lMzYZR-QNUt1QSSDnrrMd-4uoeCmUjL0XQUoqBCKG0/edit?usp=sharing,,,,,,,,,,,
Nyx Selenbourne Atramentis 3,,,,"Entropist 4
Elementalist 1",,,,,,,,,,
Nyx Selenbourne Atramentis 4,,,,,#341539,,,,,,,,,
Nyx Selenbourne Atramentis 5,,,,,,5,,,,,,,,
Nyx Selenbourne Atramentis 6,,,,,,,"Haven, Terra",,,,,,,
Nyx Selenbourne Atramentis 7,,,,,,,,"Fairy Queen
Anette Wilson",,,,,,
Nyx Selenbourne Atramentis 8,,,,,,,,,"Nyx is a short woman who to Kor'Tarian eyes might appear a fairy: silver hair, pointed ears, big purple eyes, butterfly-winged outfit that might appear to be growing out of her body. However, Terrans would notice that she's just a human with quite a few body mods. People with better RWO experience would even know she's wearing an ultra-legendary mage outfit.",,,,,
Nyx Selenbourne Atramentis 9,,,,,,,,,,Fugitive Experiment,,,,
Ogha Satsori 1,https://i.postimg.cc/wj9q82Nv/image-2024-07-19-153502278.png,,,,,,,,,,,,,
Ogha Satsori 2,,,https://docs.google.com/spreadsheets/d/1EUd61SSQa2tzYb2BxMkXS-48G1oaFMZ6lkSYdgvR-B4/edit?usp=sharing,,,,,,,,,,,
Ogha Satsori 3,,,,"Pilot: 7
Mutant: 2",,,,,,,,,,
Ogha Satsori 4,,,,,,9,,,,,,,,
Ogha Satsori 5,,,,,,,"Caldera, Lhodos",,,,,,,
Ogha Satsori 6,,,,,,,,,"6,0 ft, 200 lbs, broad muscular figure, scars, red hairs, red iris (right) and blue iris (left).",,,,,
Ogha Satsori 7,,,,,,,,,,,,,,Ambition
Olia Vol 1,https://i.imgur.com/VpQhIn1.png,,,,,,,,,,,,,
Olia Vol 10,,,,,,,,,,,,,,Determination
Olia Vol 2,,,https://docs.google.com/spreadsheets/d/1kAKqNmMmZ1zqwRj7Spw1sjSrkJnvB2uo1oEOa76bKM8/edit?usp=sharing,,,,,,,,,,,
Olia Vol 3,,,,"Wayfarer - 3
★ Elementalist 
★ Spiritist
Rogue - 4
★ Empath
Arcanist - 3",,,,,,,,,,
Olia Vol 4,,,,,,40,,,,,,,,
Olia Vol 5,,,,,,,Aldistir,,,,,,,
Olia Vol 6,,,,,,,,,"Nothing about Olia screams powerful, standing at a tall 5'6 and no strength seen as she tries to stand tall. Her hair is red and long, hiding the small curled horns to the best of its ability but failing to keep hidden the long ears of her goat-like traits. Still, she tries to remain nondescript with dull-colored clothing that holds no other purpose but to help keep her warm on the colder days.",,,,,
Olia Vol 7,,,,,,,,,,Cursed,,,,
Olia Vol 8,,,,,,,,,,,"Winter Coat - Iceborne
Jester's Mask - Beggar's Luck
Healer's Rebuke - Healer's Ward
FI-LA. Reina - Blessed Bonds
Rejuvinating Herbs - Memorize (Heal)
Scale of Nidhoggr - Antistatus (Enraged)
Elementalist's Weavecrystal - Shroudshift
Luckstone - Peace Hunter
The Foxmother's Charm - You are Immune to Dark.
Golden Compass - Soul Steal Cleanse",,,
Olia Vol 9,,,,,,,,,,,,,"- Was originally left to live in a small clan out of pity/kindness and the usefulness of her healing gifts that she assumed was due to Lorelie
- Was eventually considered too much of a liability and danger to the village due to being a Yokai and was left for dead once she was no longer a young child.
- Was found and saved by Brandr and traveled with him for years to come.",
Olivia 1,https://images-ext-1.discordapp.net/external/yb2zxPNpALEzehAjuYsTO5eVMsW26uQfqAWXHCSHNOU/%3F1627160661/https/cdna.artstation.com/p/assets/images/images/039/862/440/small/rinotuna-.jpg,,,,,,,,,,,,,
Olivia 2,,,https://docs.google.com/spreadsheets/d/1-bGAA3S5I8l0J97sFZhc1ov3RmYNuLoWiDFFKP5hEro/edit#gid=0,,,,,,,,,,,
Olivia 3,,,,Tinkerer[2] / Merchant[4],,,,,,,,,,
Olivia 4,,,,,,6,,,,,,,,
Olivia 5,,,,,,,"Tradefair, Kor'Tarion",,,,,,,
Olivia 6,,,,,,,,,"Short, small and proud! Olivia dresses fancy but practical, with boots, skirts and jackets on top of ruffled shirts. She keeps sealed bottles on belts and pouches all over.
Her tophat and monocle form a trademark look that she refuses to drop.",,,,,
Olivia 7,,,,,,,,,,,"Cracked Great Worm's Fang - Accessory: While in Crisis, you have resistance to Earth damage.",,,
Olivia 8,,,,,,,,,,,,,,Hope
One 1,https://cdn.discordapp.com/attachments/1243401677785268255/1243630204031729695/FULL.png?ex=666a9022&is=66693ea2&hm=fb306a7ff336a8c2d1e86dda616d379d81c024dec608539c2d256498a77725fe&,,,,,,,,,,,,,
One 2,,,[Rage is more than an Emotion.](https://docs.google.com/spreadsheets/d/1xEZUXL7vTNTVb5orO3Ps0KZZozJjHz2V4xjsb4T_-Hs/edit?usp=sharing),,,,,,,,,,,
One 3,,,,Darkblade | Elementalist | Arcanist,,,,,,,,,,
One 4,,,,,,5,,,,,,,,
One 5,,,,,,,Half-Yokai of Tensei's Murata,,,,,,,
One 6,,,,,,,,,"Standing at a whopping 6' 7"", One's dominating stature and intimidating appearance are well justified by his muscular body type and yokai features, including the claws on his hands and the bi-sected tail coming from his waist.",,,,,
One 7,,,,,,,,,,"Cultivator (Heavenly, Air Vuln.)",,,,
One 8,,,,,,,,,,,Claw Coverings | Two-Handed Brawling Weapon,,,
One 9,,,,,,,,,,,,,,Grit
Ophelia 1,https://i.imgur.com/g084FYl.png,,,,,,,,,,,,,
Ophelia 10,,,,,,,,,,,"[Ghostly Bloom](<https://discord.com/channels/1169852846083153941/1349916532628783144/1349917148121661450>)
[Thorn Cuirass](<https://discord.com/channels/1169852846083153941/1208284413864189993/1356100199420002344>)",,,
Ophelia 11,,,,,,,,,,,,,"- One of the residents of Shade, the Sixth Layer of Idyll.
- Lives in Siomykos, the Home of the Masked. Has been one of the defenders of the underground village ever since she reached the Layer countless years ago.
- Has learnt how to use the fungal growths farmed by the Masked villagers in battle, empowering herself while sapping her enemies.
- Was brought to the Worldhelm by a Realmstorm, when holding off one of Shade's monsters to let the surface-going foragers escape.
- Now tries her best to readapt to the living world once more, while waiting for a chance to ensure her home in Shade is safe.",
Ophelia 12,,,,,,,,,,,,,,Duty
Ophelia 2,,https://discord.com/channels/1169852846083153941/1170111183869706362/1328072227022835723,,,,,,,,,,,,
Ophelia 3,,,[Speak softly and keep your mask on.](<https://docs.google.com/spreadsheets/d/1MayQ1tg3TxdDSC70aKlSdN59aGyq_UPDGLmqPbxFORw/edit?gid=0#gid=0>),,,,,,,,,,,
Ophelia 4,,,,"Darkblade [1], Floralist [★], Spiritist [2]",,,,,,,,,,
Ophelia 5,,,,,20124D,,,,,,,,,
Ophelia 6,,,,,,13,,,,,,,,
Ophelia 7,,,,,,,"Siomykos, Shade, Idyll",,,,,,,
Ophelia 8,,,,,,,,,"A short woman (4'10""), her figure hidden beneath a thick, enveloping cloak and padded dress. Beneath her beak-like mask, her face and hair are bleached and faded, due to the untold years she has spent in the sunless forests of Shade. She wields an old and battered scythe, one of the few weapons cold-forged in the Masked Villages.",,,,,
Ophelia 9,,,,,,,,,,"Idyllic Soul

- Verbal communication with demons, elementals, or undead.
- Resistant to dark, vulnerable to light.
- Bonus Spell: Cleanse.
- Weakness: **Weakened and disoriented by direct sunlight.**",,,,
Ophiuchus 1,https://i.imgur.com/ujKBp9j.png,,,,,,,,,,,,,
Ophiuchus 10,,,,,,,,,,,"Cosmosuit [600z]: Spacesuit that protects from the environment.
Kármán Prism [2100z]: Crystal prism holding a chunk of the cosmos. +5 spell damage.
Starseeker Lens [1000z]: Telescope, [SLOWED] targets halve MP cost.",,,
Ophiuchus 11,,,,,,,,,,,,,"* Was a street urchin in Nezmira with the idea that only the night sky held a chance at freedom
* Used simple magical ability to survive
* Was drawn to the lost Ancient Observatory by the stars
* Locked herself away there to study, killing scouts of the Scalefire Empire that would come
* Was invited unto the Worldhelm during a larger-scale assault on her claimed home
* Has been made a Board Member of Orrery, and changed her name to Ophiuchus",
Ophiuchus 12,,,,,,,,,,,,,,Zeal
Ophiuchus 2,,https://discord.com/channels/1169852846083153941/1170111183869706362/1276917453238042674,,,,,,,,,,,,
Ophiuchus 3,,,[There is something incredible up there.](https://docs.google.com/spreadsheets/d/1Asn0jk6CiodqI3zbwELGjmjwXxSfSbg5Mla-ExxcSsg/edit?usp=sharing]),,,,,,,,,,,
Ophiuchus 4,,,,"Elementalist ★
Esper ★
Loremaster ★
Entropist ★
Arcanist ★",,,,,,,,,,
Ophiuchus 5,,,,,#4b0082,,,,,,,,,
Ophiuchus 6,,,,,,50,,,,,,,,
Ophiuchus 7,,,,,,,Nezmira - Skarta (Ancient Observatory),,,,,,,
Ophiuchus 8,,,,,,,,Edith Bonamy,,,,,,
Ophiuchus 9,,,,,,,,,"Edith is short and slight in stature, at 4'8, with a pale complexion from her nocturnal lifestyle. She wears big, round glasses over pale blue eyes, and a dark bob of hair atop her head. She's changed to a more Terran look, with sweater and jacket, and on her back, carries an intricately designed telescope, folded up for ease of transport, and built by the long gone civilization responsible for the Ancient Observatory.",,,,,
Opus Resbina 1,https://images-ext-1.discordapp.net/external/dMfpWvYVCQxr_H32l8c6IIoXKtmp7X59_W9eSGqgyE0/https/64.media.tumblr.com/5c53d1c0ae2c2339362cf4d760b98d01/10994164690bd94f-e9/s2048x3072/229947671595ba579ec7959a9c3ee3aae5841ab1.jpg,,,,,,,,,,,,,
Opus Resbina 2,,,https://docs.google.com/spreadsheets/d/1cFepV6QVcZ45lnOMcUnO1OeOyIpaOHmhjyqESTL4_-w/edit?usp=sharing,,,,,,,,,,,
Opus Resbina 3,,,,Arcanist 3 / Spiritist 2,,,,,,,,,,
Opus Resbina 4,,,,,,5,,,,,,,,
Opus Resbina 5,,,,,,,"Hudal Academy, Kor'Tarian",,,,,,,
Opus Resbina 6,,,,,,,,,"5'10"" | 200~ lbs. | Porcelain Skin w/ Black Sclera (One with Golden Iris). Break Over Left Eye.",,,,,
Opus Resbina 7,,,,,,,,,,Fugitive Experiment,,,,
Opus Resbina 8,,,,,,,,,,,,,,Belonging
Orbeen 1,https://images-ext-1.discordapp.net/external/76JJMuKL4CAWHsJTpWyp3Txl-VSxxrAei_rc7iaqeG0/http/static.minitokyo.net/downloads/34/06/27834.jpg,,,,,,,,,,,,,
Orbeen 2,,,https://docs.google.com/spreadsheets/d/1HglZLeOkAWB9smQWI0s7xZV3FoGOqXbZsC_JxFeBUu8/edit#gid=0,,,,,,,,,,,
Orbeen 3,,,,"Floralist [3]
Weaponmaster [3]
Chimerist [1]",,,,,,,,,,
Orbeen 4,,,,,,7,,,,,,,,
Orbeen 5,,,,,,,"The Gwaed forest
Kor'Tarion",,,,,,,
Orbeen 6,,,,,,,,,"A small plant-humanoid who is 116cm long and wights 66kg. The head looks like an onion with orange hue on the ""leaf/hair"". He weilds a waraxe that is longer than him.",,,,,
Orbeen 7,,,,,,,,,,Arboreal,,,,
Orbeen 8,,,,,,,,,,,,,,Hope
Organa Bataar 1,https://i.imgur.com/B8L5kju.png,,,,,,,,,,,,,
Organa Bataar 2,,,https://docs.google.com/spreadsheets/d/1SA3hrbfPIdyA-XvEtdTMcL4YpPnTo-yePXR3yrnMEEY/edit?usp=sharing,,,,,,,,,,,
Organa Bataar 3,,,,"Weaponmaster 2
Arcanist 2
Entropist 1",,,,,,,,,,
Organa Bataar 4,,,,,,5,,,,,,,,
Organa Bataar 5,,,,,,,"Tian Yin, Leytik, Daringanga Village",,,,,,,
Organa Bataar 6,,,,,,,,,"Organa stands at a commanding 5'6"". A height that belies the formidable presence she exudes. She is clad in Mongolian-inspired black and white furs, each layer tailored to balance elegance with practicality. Her short hair is adorned with a crafted jade hairpiece and intricate beads that tell stories of her heritage. At her side, she carries a gracefully curved bronze sword, its edge gleaming with a promise of precision, while a sturdy round shield rests securely on her back, ready for any battle.",,,,,
Organa Bataar 7,,,,,,,,,,,,,,Freedom
Orion Marduke 1,https://imgur.com/SlSI3q9.png,,,,,,,,,,,,,
Orion Marduke 2,,,https://docs.google.com/spreadsheets/d/19lb4DzhyJ3fBqrcq8E59reCuVmym7V28WtG4T73qol4/edit?usp=sharing,,,,,,,,,,,
Orion Marduke 3,,,,"Rouge **M**
Sharpshooter 2
Wayfarer **M**
Merchant **M**
Orator 4
Dancer 1",,,,,,,,,,
Orion Marduke 4,,,,,,37,,,,,,,,
Orion Marduke 5,,,,,,,Kor'Tarin (Tradefair),,,,,,,
Orion Marduke 6,,,,,,,,,"5'9 ft tall, has brown hair (dyed to blue). Wears almost comical noble attire including the frills.",,,,,
Orion Marduke 7,,,,,,,,,,,"Sun Bow
Bonded Bracelet (Flynn)
Moon Bow
Trade Ledger",,,
Orion Marduke 8,,,,,,,,,,,,,"- Born and raised in Tradesfair

- Orion grew up entrhalled by heoric tales and books

- Was well off with a family owned business called Marduke Mills

- Family business went bankrupt in the fallout of the Clarian Cull 

- Headed out to earn a noble title",
Orion Marduke 9,,,,,,,,,,,,,,Justice
Orpheus 1,https://i.imgur.com/jvIVpLN.jpeg,,,,,,,,,,,,,
Orpheus 2,,,https://docs.google.com/spreadsheets/d/1G0HWM13ink3vox0dVbSdcqT4NOhTVOeR7GwOPFGAP_g/edit?usp=sharing,,,,,,,,,,,
Orpheus 3,,,,"Loremaster 7
Arcanist 2
Floralist 1",,,,,,,,,,
Orpheus 4,,,,,#0052cc,,,,,,,,,
Orpheus 5,,,,,,10,,,,,,,,
Orpheus 6,,,,,,,Terra - Secura,,,,,,,
Orpheus 7,,,,,,,,,"Orpheus is a young man from Terra accompanied by a virtual assistant. He stands at 5'3'', though his lean into his hoodie makes him look a little shorter. 

His outfit is comfortable, casual, and bears a little ID tag indicating his affiliation with 100g Security. He's often carrying a coffee while he watches a fight, seemingly happy to be tactical support rather than a fighter himself.",,,,,
Orpheus 8,,,,,,,,,,,,,"- Born to aging parents in Haven who got laid off by NT Tech. His parents are the most important thing to him.

- Started working early to support the household. Odd jobs, ETA call center, later gets an internship with 100g Security

- Moved to Secura for work, now works as basically a mix of IT and border security as he ""Okays"" peoples paperwork to enter Secura.",
Orpheus 9,,,,,,,,,,,,,,Family
Oskar 1,https://cards.scryfall.io/art_crop/front/f/6/f6ea7c19-71ec-44ff-affc-fc76fe3146a7.jpg?1692516870,,,,,,,,,,,,,
Oskar 2,,https://discord.com/channels/1169852846083153941/1170111183869706362/1305336006156877886,,,,,,,,,,,,
Oskar 3,,,https://docs.google.com/spreadsheets/d/1DlF-ZUI8_ECZ54cNMa1qb5hmvofszaHArWZZTtYx7cI/edit?usp=sharing,,,,,,,,,,,
Oskar 4,,,,"Darkblade [1], Fury [3], Sharpshooter [3]",,,,,,,,,,
Oskar 5,,,,,,7,,,,,,,,
Oskar 6,,,,,,,"Aldistir, Blood Pools",,,,,,,
Oskar 7,,,,,,,,,"6'2'' and 230 pounds, Oskar is a fairly large man. Bald, and has a generally gruff demeanor. Wears a heavy jacket and holds a large sword and a larger crossbow. Cautious around things he hasn't encountered before, which is most things.",,,,,
Oskar 8,,,,,,,,,,,,,,Revenge
Ox Deadbeat 1,https://i.imgur.com/zDrxWFn.png,,,,,,,,,,,,,
Ox Deadbeat 2,,,[k lets pwn sum n00bs](https://docs.google.com/spreadsheets/d/1_wa7q2Lveiujqsxquyj5kmbKSRRNzb5CDJJEJmAu2_E/edit?usp=sharing),,,,,,,,,,,
Ox Deadbeat 3,,,,"- Esper (2)
- Fury (2)
- Sharpshooter (1)",,,,,,,,,,
Ox Deadbeat 4,,,,,#992222,,,,,,,,,
Ox Deadbeat 5,,,,,,5,,,,,,,,
Ox Deadbeat 6,,,,,,,"Triworld, Terra",,,,,,,
Ox Deadbeat 7,,,,,,,,,"A pretty rough-looking build of a bot running an outdated, scrambled version of the system that wasn't meant to do much more than to be pummeled into ground by other players. The only few things this model can boast is integrated roller skates in its legs and an insufferable personality.",,,,,
Ox Deadbeat 8,,,,,,,,,,Robot (LUA),,,,
Ox Deadbeat 9,,,,,,,,,,,,,,Belonging
Panlinggo Umaga 1,https://i.imgur.com/7iSQKtv.png,,,,,,,,,,,,,
Panlinggo Umaga 2,,,https://docs.google.com/spreadsheets/d/1l874c0-vcAWpyOm3IUJVGIIe4mPDvzr90LKXgYo7_eo/edit?gid=0#gid=0,,,,,,,,,,,
Panlinggo Umaga 3,,,,"- Elementalist 3
- Mutant 2
- Fury 2",,,,,,,,,,
Panlinggo Umaga 4,,,,,,7,,,,,,,,
Panlinggo Umaga 5,,,,,,,"Pagapalay Village, Sangang-Daan, Tian Yin",,,,,,,
Panlinggo Umaga 6,,,,,,,,,"Panlinggo is a very tiny mountain, standing to a straight 4'9"" high. His almond shaped eyes are deep as volcanic smog, and bare an ember of red sparks within. He has soft, round features, a pudgy, short nose, and big, circular ears. His earthy, tan skin is speckled all over with dusty freckles, and scuffs from burns and bare body strikes. A fluffy mop of deep brown bounces on his skull, the longest of it tied in a ponytail behind them and in two short tufts of blond at the front.

Pan wears a loose, patterned, bright red poncho overtop a snug, black shirt cut at the midriff and elbows, and high at the neck. Two wide, gold bracers cuff at their wrists, and a drape of gold lanyards hang from his neck. Around his waist he wears two sashes, red and sky blue, tied and draped to cover the back and front of their lower half. Loose black shorts end with similar patterns to their poncho, and gold bands wreath their ankles.",,,,,
Panlinggo Umaga 7,,,,,,,,,,Qi Specialist - Fire,,,,
Panlinggo Umaga 8,,,,,,,,,,,,,"All Panlinggo can know is that he was born under auspicious circumstances, which left his mother chronically ill, and his father missing. Panlinggo and her stayed further out from Pagapalay, the villagers worried they would grow sick, or cursed, leaving the boy alone to take care of her when he came of capable age. Despite occasional visits from the master Mabilis, and medicinal care from well-meaning village shamans, the mother's illness would not cede. So when Mt. Magayon rumbled with dire warnings, the choice was made clear.

Poor Panlinggo could not handle the pain, and sought Mabilis for aid. He begged the old master to teach him Cultivation, but Panlinggo's Qi seemed seized, locked somehow. In desperation Panlinggo climbed to the top of Mt. Magayon, and threw himself into it's belching maw. Nobody had seen Panlinggo for quite some time since, but he has found himself in the worldhelm, the rage of the mountains swelling inside him.",
Panlinggo Umaga 9,,,,,,,,,,,,,,Hatred
Perseus of Dreadlan 1,https://cdn.discordapp.com/attachments/792706882397405196/1337189781641367592/Perseus_Character_Sheet.png?ex=67a92d87&is=67a7dc07&hm=a628b415029d092f571b53e874fed0ad9ea5d631eb4ad72cd81e03164969dddb&,,,,,,,,,,,,,
Perseus of Dreadlan 10,,,,,,,,,,,,,"- Born from Dreadlan Paladin Argos and Dreadlan Witch Aegea.
- Raised to serve Queen of Beasts Akala as a knight.
- At the age of 16 was sent to Gnosis Academy to grow his combat talents and be educated.
- Met Apollo, a fellow Paladin in training who was struggling in school.
- Apollo instead became a Treasure, deciding to become Perseus' Regalia so both their dreams could come true.
- Perseus now aspires to be one of the best Paladins to ever live, and rise to a similar if not same position as Akala for his people's benefit.",
Perseus of Dreadlan 11,,,,,,,,,,,,,,Belonging
Perseus of Dreadlan 2,,https://discord.com/channels/1169852846083153941/1170111183869706362/1337190240334643264,,,,,,,,,,,,
Perseus of Dreadlan 3,,,[You ready to become a footnote in my story?](https://docs.google.com/spreadsheets/d/1pxTLLmDPBiktJqLdTk-XF5-ksxslN9ZdyEHN7jRBBm8/edit?usp=sharing),,,,,,,,,,,
Perseus of Dreadlan 4,,,,"Guardian 1
Sharpshooter 6
Weaponmaster 2",,,,,,,,,,
Perseus of Dreadlan 5,,,,,,10,,,,,,,,
Perseus of Dreadlan 6,,,,,,,"Gray Fox Castle, Dreadlan, Kaiway",,,,,,,
Perseus of Dreadlan 7,,,,,,,,,"Before you stands a monolithic man, clearing well at and past seven foot when standing with a width to him that matches such heights. His appearance from head to toe gives off the appearance more befitting a monster than a man. Deep scars along his body and face, heavy furred body, piercing yellow eyes, and large teeth visible when he smiles or speaks. Despite resembling a hyena like monster, Perseus comes off as either focused but more often jovial and good natured. He makes himself the biggest man in the room simply by being in it, be it by standing grand or being bigger than life in presence alone. His attire ranges from the blue Gnosis Academy uniform and Paladin Crest, to the dark black armor along with crimson cape resembling the style of Dreadlan. Always around his neck is a collar resembling the face of a fox. If he is seen carrying a weapon it is more often than not his Regalia 'The Overture', an oversized and unruly yet regal Gunblade.",,,,,
Perseus of Dreadlan 8,,,,,,,,,,N/A,,,,
Perseus of Dreadlan 9,,,,,,,,,,,,Lilith,,
Petra 1,https://images-ext-1.discordapp.net/external/johtMW0_OF3PMtEl-HNu2yva8nSfaZLVFfqnQDT_NAA/%3Fformat%3Dwebp%26quality%3Dlossless%26width%3D%26height%3D/https/images-ext-1.discordapp.net/external/FSbalW_Bt9pJcy-VEhaEtdKjzkQqMt-TPhLWpjXpN2g/https/i.imgur.com/utrwLXp.png,,,,,,,,,,,,,
Petra 2,,,https://docs.google.com/spreadsheets/d/1tBBAEcIGzChZI2lIxQFPojJNOOP83ZepfJitSbQ2yvA/edit?usp=sharing,,,,,,,,,,,
Petra 3,,,,"Weaponmaster 2, Commander 3, Wayfarer 1",,,,,,,,,,
Petra 4,,,,,,6,,,,,,,,
Petra 5,,,,,,,Sampaguita Village,,,,,,,
Petra 6,,,,,,,,,"5'6, Light for her height, Petra sports a somewhat lanky lean build, but is covered in cyan tattoos that crawl all the way up to her neck. She does not think herself worthy to cover her face in tattoos as of yet, she has not become a true warrior yet.",,,,,
Petra 7,,,,,,,,,,,,,,Cultivation
"Phoebus ""Fee"" Scium 1",https://images-ext-1.discordapp.net/external/PIoycgmTCSQ-c6GUxn7FxpyvTD91KuTCH0YXwV1dqdY/%3Fmaxwidth%3D520%26shape%3Dthumb%26fidelity%3Dhigh/https/i.imgur.com/0gXgalc_d.jpg,,,,,,,,,,,,,
"Phoebus ""Fee"" Scium 2",,,https://docs.google.com/spreadsheets/d/1VpzbWetmlvYP1uiXFvEnYtRbVW7tCvGoTv2Q_qtCJp4/edit?usp=sharing,,,,,,,,,,,
"Phoebus ""Fee"" Scium 3",,,,"Ace of Cards 5
Loremaster 4
Symbolist 4",,,,,,,,,,
"Phoebus ""Fee"" Scium 4",,,,,,13,,,,,,,,
"Phoebus ""Fee"" Scium 5",,,,,,,Kor'Tarion,,,,,,,
"Phoebus ""Fee"" Scium 6",,,,,,,,,"Average build. 5'10 (177cm), dark brown skin, braids and cornrows. Always wearing some sort of overcoat.",,,,,
"Phoebus ""Fee"" Scium 7",,,,,,,,,,,Experimental Qi-Based Medium - Shuriken with Energy Vamp,,,
"Phoebus ""Fee"" Scium 8",,,,,,,,,,,,,,Duty
Primrose 1,https://i.imgur.com/XEUWsG5.png,,,,,,,,,,,,,
Primrose 2,,https://discord.com/channels/1169852846083153941/1170111183869706362/1319412171930734645,,,,,,,,,,,,
Primrose 3,,,https://docs.google.com/spreadsheets/d/1zL9ubs2z9TG8E6C7Tisk8Gp4HOcWIXmVrYMcSLFkJg0/edit?usp=sharing,,,,,,,,,,,
Primrose 4,,,,"Floralist 2
Mutant 7",,,,,,,,,,
Primrose 5,,,,,,9,,,,,,,,
Primrose 6,,,,,,,"Terra: Haven, South Silver Rock",,,,,,,
Primrose 7,,,,,,,,,"A 5'5'' petite young woman with pale yet pink-toned skin that's soft to the touch like flower petals, yet with dark veins here or there. Dark red scleras make the bright burning pink of her irises stand out from beneath her equally bright pink head of hair with ends that fade into remnants of her blonde hair that's tied into high pigtails trailing from thorn-wrapped buns. Fingers are pointed into sharp wood-like tips, and thorns dot up and down her spine from beneath her skin-snug white clothing and her favorite luminescent jacket.",,,,,
Primrose 8,,,,,,,,,,,,,"- Lived in South Silver Rock as a dancer from a more or less well off family. 
- After an unfortunate accident, a surgery, and a run in with a gang, she was thrown down a chasm which happened to have a very ancient plant. 
- The plant merged itself with her existence, and so now she has a new lease on life.",
Primrose 9,,,,,,,,,,,,,,Retribution
Priscilla 1,https://images-ext-1.discordapp.net/external/eqz0PAHDrkdh1lSX0ZKCmHst_LDxEbrMdAnCjIxoBnM/https/i.imgur.com/VDiZ03w.png,,,,,,,,,,,,,
Priscilla 2,,https://ptb.discord.com/channels/1169852846083153941/1170111183869706362/1303782761001390140,,,,,,,,,,,,
Priscilla 3,,,[Priscilla](https://docs.google.com/spreadsheets/d/1dmsKcYz9I9M-Q3nbcg5GEOaHXhwShm7oHzxc3_IJpug/edit?gid=918076391#gid=918076391),,,,,,,,,,,
Priscilla 4,,,,"Loremaster★
Entropist¹
Spiritist¹
Commander⁸
⁰ ¹ ² ³ ⁴ ⁵ ⁶ ⁷ ⁸ ⁹ ★",,,,,,,,,,
Priscilla 5,,,,,,20,,,,,,,,
Priscilla 6,,,,,,,"Lhodos, Caldera",,,,,,,
Priscilla 7,,,,,,,,,Clouded Pink Eyes,,,,,
Priscilla 8,,,,,,,,,,,,,,Curiosity
Professor Ozu 1,https://i.imgur.com/x4cr9vJ.png,,,,,,,,,,,,,
Professor Ozu 2,,,https://docs.google.com/spreadsheets/d/1P_ZNAjEn1Wzx1NACarZxEUrE5olZdqApjs8nlmohkPQ/edit?usp=sharing,,,,,,,,,,,
Professor Ozu 3,,,,"2 Tinkerer. 2 Mutant, 1 Rogue",,,,,,,,,,
Professor Ozu 4,,,,,,5,,,,,,,,
Professor Ozu 5,,,,,,,Tian Yin (Tangbawan),,,,,,,
Professor Ozu 6,,,,,,,,,"A masked man clothed from head to toe. His outfit is a mix of light grey and purple with accents of gold throughout. The most obvious things about him is the giant Spider symbol on his chest. He has a slim, but not too thin of a frame. His baggy clothes hide the true physique underneath.",,,,,
Professor Ozu 7,,,,,,,,,,Cultivator,,,,
Professor Ozu 8,,,,,,,,,,,,,,Perseverance
Qu Fuling 1,https://i.imgur.com/rBXX8jU.png,,,,,,,,,,,,,
Qu Fuling 2,,,https://docs.google.com/spreadsheets/d/1hV2s-7v7jOYz1hsoSqyWnDZYQnS0OgbOQKR3bPhHCmk/edit?usp=sharing,,,,,,,,,,,
Qu Fuling 3,,,,Weaponmaster 1 Spiritist 2 Gourment 2,,,,,,,,,,
Qu Fuling 4,,,,,,5,,,,,,,,
Qu Fuling 5,,,,,,,Teisei (Tian Yin),,,,,,,
Qu Fuling 6,,,,,,,,,"A daintly pale beauty with long black hair. She is 5ft 4' and thin. She dresses in greens and whites, often wearing a white veil covering lower half of her face. Her skin is cold and almost like stone to touch, and careful observation will reveal that parts of her skin are in fact white jade rather than skin.",,,,,
Qu Fuling 7,,,,,,,,,,The Long Dream,,,,
Qu Fuling 8,,,,,,,,,,,,,,Mercy
Quivira 1,https://media.discordapp.net/attachments/648280741700042755/1181691532865183924/sample_848bd3a1eed7d69b1b7e2310feef5450fb47e98b.jpg?ex=663b35c0&is=6639e440&hm=73027570b5415ed0f58b7899e1620b01a3afd951c9eddd5e8ee0add5bf6b3e48&,,,,,,,,,,,,,
Quivira 2,,,https://docs.google.com/spreadsheets/d/1jn2DcFWUFXoj-uWM7nleeWg5YgXK_Kajxn2S-F6u0NQ/edit?pli=1#gid=0,,,,,,,,,,,
Quivira 3,,,,"Ace of cards [7]
Pilot [1]
Entropist [1]",,,,,,,,,,
Quivira 4,,,,,,9,,,,,,,,
Quivira 5,,,,,,,Korala | Lhodos,,,,,,,
Quivira 6,,,,,,,,,She is a human girl with blue cloths and a cute hat. likes all kinds of games but likes to win even more,,,,,
Quivira 7,,,,,,,,,,None,,,,
Quivira 8,,,,,,,,,,,King In Blue Survival Guid - You resist all damage caused by enviroments,,,
Quivira 9,,,,,,,,,,,,,,Ambition
RAZORBIRD 1,https://imgur.com/1j9CNEk.png,,,,,,,,,,,,,
RAZORBIRD 2,,,https://docs.google.com/spreadsheets/d/15kAo6Uy9LncX1qlvReR1I4949EkMIlrsmVGvy8UC27Y/edit?usp=sharing,,,,,,,,,,,
RAZORBIRD 3,,,,"Weaponmaster 3
Fury 2",,,,,,,,,,
RAZORBIRD 4,,,,,,5,,,,,,,,
RAZORBIRD 5,,,,,,,Aldistir,,,,,,,
RAZORBIRD 6,,,,,,,,,"Tall, pale skinned man and with scars, his brown eyes holding the burning signs of life in them. His unbeareded face along with little signs of aging in his face betrays his age allowing many to see his youth.",,,,,
RAZORBIRD 7,,,,,,,,,,,,,,Passion
Rahim 1,https://i.pinimg.com/originals/6a/1c/7e/6a1c7ecab16bd51b74a255103215064e.jpg,,,,,,,,,,,,,
Rahim 2,,,https://docs.google.com/spreadsheets/d/1Q1x79-FTiN7gryTdwMgx7YhvXxz8pcrCH_N5He-duco/edit?usp=sharing,,,,,,,,,,,
Rahim 3,,,,"Fury 2
Mutant 3",,,,,,,,,,
Rahim 4,,,,,,5,,,,,,,,
Rahim 5,,,,,,,"The Last Hold, Nezmira",,,,,,,
Rahim 6,,,,,,,,,"Hair: Brown
Eyes: Black
Skin: Brown
Height: 172 cm (5'8"")

A young man with simple clothes often wearing a cloak or poncho to hide his disfigured arms and scarred body.

He often carries a blank expression as if in contemplation most of the time. Although, he also shows a friendly demeanor to offset the quite scary nature of his mutations.",,,,,
Rahim 7,,,,,,,,,,,,,"A slave living in The Last Hold of the Nezmira Empire and a victim of the Empire's disregard for human life. He was abducted by scholars and was used as a test subject.  In his confinement, he was force-fed Kiir  parts and Kiir blood to figure out its effects on Humans.  During one of the experiments, he manifested mutations which allowed him to escape the facility. He survived but  not unscathed - the experiments resulted in both his body and his mind being damaged resulting to permanent mutations on his body and amnesia.  Deformed and mentally scarred from the experience, he currently roams as an escapee, he seeks to figure out his true identity and the truth about what happened to him. The only thing he knows about himself is what he assumes to be his name written in a band attached to his legs.",
Rahim 8,,,,,,,,,,,,,,Discovery
Raia 1,https://i.imgur.com/1PNWqXm.png,,,,,,,,,,,,,
Raia 10,,,,,,,,,,,,,,Hope
Raia 2,,https://discord.com/channels/1169852846083153941/1170111183869706362/1319230650888491058,,,,,,,,,,,,
Raia 3,,,[Raia's (来愛) Sheet](https://docs.google.com/spreadsheets/d/1uRZjsYMqd91A0QjRl6JtsZW7c9JJb1GjkY4kuVfb_YY/edit?usp=sharing),,,,,,,,,,,
Raia 4,,,,"Elementalist ★
Chimerism 8
Gourmet 1
Weaponmaster 1",,,,,,,,,,
Raia 5,,,,,,20,,,,,,,,
Raia 6,,,,,,,"The Feywyrd, Aldistir",,,,,,,
Raia 7,,,,,,,,,"Raia is 5'10"" (178cm) tall with a solidly fit body. White hair that ends on his shoulders, fox ears with gray tips, and a noticeably long tail that is very soft to the touch. He wears a set of cold weather black robes, with a long red scarf around his neck. Icy blue eyes. Usually wears a smile on his face when in safe company.",,,,,
Raia 8,,,,,,,,,,,,Kuzunoha (she made him and he worships her),,
Raia 9,,,,,,,,,,,,,"- Was a normal fox, almost starved until Raia was fed by a figure with wings and a red scarf.
- Founded by Kuzunoha, blessing him to become a kitsune with the ability to create foxfire.
- He trained to use simple weapons, both to hunt for food and to fight in the war against Vanagandr.
- Learned to cook food, and wanted to recreate joy for others.
- Became a shaman after deeply befriending a sacred fox, who later was killed by Sakura.",
Rain 1,https://cdn.donmai.us/original/47/d7/__rosmontis_and_rosmontis_arknights_drawn_by_pokarii_zuu__47d7a358350fa2c6d715eeb6a3ac2e8f.jpg,,,,,,,,,,,,,
Rain 2,,,https://docs.google.com/spreadsheets/d/1EuqWSnnhzDVy8ruXamLsEJtngGkKJxeSiLQgTEzHIXA/edit?usp=sharing,,,,,,,,,,,
Rain 3,,,,"Pilot 3, Guardian 1, Sharpshooter 1",,,,,,,,,,
Rain 4,,,,,,5,,,,,,,,
Rain 5,,,,,,,Terra,,,,,,,
Rain 6,,,,,,,,,"Standing about 5 feet tall, Rain has a rather frail appearance. Wearing a ragged yet refined white dress and obstructing black shackles from her wrists, ankles, torso, and neck that seem to glow a dark redish hue from time to time. Having feline traits, Rain has two cat ears instead of normal human ears and a cat's tail that normally sways rather lively since coming to the Worldhelm.

Besides her physical appearance, her shackles seem to construct two blackish red crystalline shields that protect Rain from any danger that approaches her. She is often spotted laying on top of one of her shields from time to time as it flies around the Worldhelm, like a sleeping cat on top of a moving box.",,,,,
Rain 7,,,,,,,,,,,,,,Belonging
Ranmaru 1,https://media.discordapp.net/attachments/1283615586798010419/1293765370242662512/colon_three.png?ex=67093925&is=6707e7a5&hm=f19a13e1fc51d9535293e68d8d2531ff1ad388ce0624be2e090d3863a9d085a5&=&format=webp&quality=lossless&width=&height=,,,,,,,,,,,,,
Ranmaru 10,,,,,,,,,,,,,,Justice
Ranmaru 2,,https://discord.com/channels/1169852846083153941/1170111183869706362/1293997913965461525,,,,,,,,,,,,
Ranmaru 3,,,https://docs.google.com/spreadsheets/d/1_610NLW2PrEv23WgJ_GJe_6Uo8UBkP0uvh7ICAhk-tc/edit?gid=0#gid=0,,,,,,,,,,,
Ranmaru 4,,,,"Entropist Lv. 2
Rogue Lv. 3
Weaponmaster Lv. 5",,,,,,,,,,
Ranmaru 5,,,,,,10,,,,,,,,
Ranmaru 6,,,,,,,"The Farwood, Aldistir",,,,,,,
Ranmaru 7,,,,,,,,,"Ranmaru is 5'7, and hides a lithe figure beneath heavy cold-weather dress he doesn't seem to want to depart from. His faceless mask is supernaturally expressive, eyes moving like lights, and it never comes off. That, his clothes, and his wild white hair that is only sometimes tied into order leave no skin visible most of the time.",,,,,
Ranmaru 8,,,,,,,,,,Outcast Fairy,,,,
Ranmaru 9,,,,,,,,,,,,,"- A fox from Aldistir. While Kuzunoha gifted him sapience, he was provided with no special power or influence, and felt helpless to intervene in the conflict that pervaded his realm. 
- He sought the faithful of Lorelei and their outlook; while they provided him with the mask that grants him human form, he felt their views were yet wrong.
- So, he took the mask for himself and wandered.",
Raymond 1,https://images-ext-1.discordapp.net/external/g2BXYnEva5OGt1aLF2Kkd3W8FDMQQx_UVolhT91lad8/https/i.imgur.com/n6uQBa7.png,,,,,,,,,,,,,
Raymond 2,,,https://docs.google.com/spreadsheets/d/1wffTLFZMYKFL4nyLhYlHXkIz0tGULgqj6zZAXW7qX4M/edit#gid=0,,,,,,,,,,,
Raymond 3,,,,"Ace of Cards [2], Sharpshooter[2], Fury [1]",,,,,,,,,,
Raymond 4,,,,,,5,,,,,,,,
Raymond 5,,,,,,,Kor'Tarion-Lastport,,,,,,,
Raymond 6,,,,,,,,,"Raymond stands at a height of 5ft 7inches tall, weighing about 165 pounds. He has sandy blond hair, blue eyes, and tends to wear fancy clothing that's ill-suited for long travels.",,,,,
Raymond 7,,,,,,,,,,,,,,Ambition
Rayyan 1,https://i.imgur.com/Qow6X2j.jpeg,,,,,,,,,,,,,
Rayyan 2,,,https://docs.google.com/spreadsheets/d/1XhMoP0VakSE2nxB6XPht9spNi15SfFSEzuKtw4RyiaE/edit?gid=0#gid=0,,,,,,,,,,,
Rayyan 3,,,,"Arcanist (2)
Mutant (2)
Guardian (1)",,,,,,,,,,
Rayyan 4,,,,,#800020,,,,,,,,,
Rayyan 5,,,,,,5,,,,,,,,
Rayyan 6,,,,,,,"Nezmira, Skrula River",,,,,,,
Rayyan 7,,,,,,,,,"An athletic and sharp young woman, Raye’s muscles are not flashy or toned; her body is simply built for labour. Whether it be physical work or physical violence, Rayyan is perfectly capable. Her face is often stern, her eyes resting in a narrowed position and her lips pulled into an intimidating scowl, though her expression often takes on a cynical edge when she speaks.

Raye’s outfits change often, often not of her own desire. Shale simply will not accept either of them looking as casual as Rayyan would often prefer to.",,,,,
Rayyan 8,,,,,,,,,,,,,,Rebellion
Retti 1,https://i.imgur.com/vhyReIh.png,,,,,,,,,,,,,
Retti 10,,,,,,,,,,,,,,Justice
Retti 2,,https://discord.com/channels/1169852846083153941/1170111183869706362/1306808037654134844,,,,,,,,,,,,
Retti 3,,,[Who needs a helping hand today?](<https://docs.google.com/spreadsheets/d/1dub-wkUATXXjPtzFAebbdlr3UCLaeT-4tPHH4wVtNNc/edit?gid=0#gid=0>),,,,,,,,,,,
Retti 4,,,,"Sharpshooter 10, Entropist 10, Pilot 3, Symbolist 1, Ace of Cards 1",,,,,,,,,,
Retti 5,,,,,,25,,,,,,,,
Retti 6,,,,,,,"Tradefair, Kol'Tarion",,,,,,,
Retti 7,,,,,,,,,"Retti is a 5ft tall fairy (clearly large for his species) with pale skin and light blond hair. His body is visibly strong and trained, and his usual smiling visage gives off a natural air of confidence and cheer. Retti wears refined clothes with inset gemstones and jewels, and wields his crystal orbiter exoskeleton in battle.",,,,,
Retti 8,,,,,,,,,,Outcast Fairy,,,,
Retti 9,,,,,,,,,,,,,"- Grew up in the Faerie Realm in the Fae Domain of Pryn.
- Always wanted to be a knight, protecting people from injustice and peril, but never quite had the skills to bring this to fruition. 
- Slipped through a Fae Crossing into Tradefair. Retti took it in his stride, helping people against injustices and evils with chivalry aplomb, although it was no easy task and many hard lessons were learned.
- Years later, Retti considers Tradefair his home away from home. He continues to work to become his ideal knight, at which point he shall return to his Fae Domain and take the trial of knightship.",
Rex Deckard 1,https://media.discordapp.net/attachments/966644245786165262/1309801616123105290/download20241106154043.png?ex=6744e190&is=67439010&hm=8bfb1d32d4fc8fbc2dcc06bb19c47110af535a38e9a9155662b483a82d0a89ba&=&format=webp&quality=lossless,,,,,,,,,,,,,
Rex Deckard 10,,,,,,,,,,,,,,Guilt
Rex Deckard 2,,https://discord.com/channels/1169852846083153941/1170111183869706362/1310039619131412574,,,,,,,,,,,,
Rex Deckard 3,,,https://docs.google.com/spreadsheets/d/1d969NcKuQhhCeZTXAJl76XC7u5I-Ie3xruIoEDzBMlI/edit?usp=sharing,,,,,,,,,,,
Rex Deckard 4,,,,"Pilot [2], Wayfarer [2], Merchant [1]",,,,,,,,,,
Rex Deckard 5,,,,,#f33535,,,,,,,,,
Rex Deckard 6,,,,,,5,,,,,,,,
Rex Deckard 7,,,,,,,Haven,,,,,,,
Rex Deckard 8,,,,,,,,,"Rex is a rugged-looking, weary-eyed middle-aged man wearing a Terran leather coat. Tall build, thin unshaven beard stubble, and some mildly greying hair.",,,,,
Rex Deckard 9,,,,,,,,,,Old Transport,,,,
Reynaud Girardin 1,https://i.pinimg.com/736x/c0/cf/4e/c0cf4e08e94e57ab8e0c162685757dcb.jpg,,,,,,,,,,,,,
Reynaud Girardin 10,,,,,,,,,,,,,"-A well traveled man of middling repute, traveled Kot'Tarion on odd jobs. 
-Wrote hyperbolic verses about his adventures.
-Got lost in a blizzard, was snatched by a Realmstorm and got spat out onto the Worldhelm.
-Writes poems about his time as a Goldheart.

Link to Poetry Google Doc
https://docs.google.com/document/d/1l72f3Lu3ecoLkgGHCim6rhmWmWkfhthfqgxlQ8st-b4/edit?usp=drivesdk",
Reynaud Girardin 11,,,,,,,,,,,,,,Hope
Reynaud Girardin 2,,https://discord.com/channels/1169852846083153941/1170111183869706362,,,,,,,,,,,,
Reynaud Girardin 3,,,https://docs.google.com/spreadsheets/d/1vol928RVKfLZ4ElxCWo9W7wNB6y0M4qJamcZjw_5qFc/edit?usp=drive_link,,,,,,,,,,,
Reynaud Girardin 4,,,,"Weapon Master 10
Orator 2
Elementalist 1
Dancer 1",,,,,,,,,,
Reynaud Girardin 5,,,,,,14,,,,,,,,
Reynaud Girardin 6,,,,,,,Kor'Tarion,,,,,,,
Reynaud Girardin 7,,,,,,,,"The Snow Covered Swashbuckler, The Brilliant Bastard, The Steel Poet, The Mistcutter, The Wandering Comet",,,,,,
Reynaud Girardin 8,,,,,,,,,"Dressed like he is fresh out of a romance novel, the garish clothes of this man are well worn and have seen much travel and use.",,,,,
Reynaud Girardin 9,,,,,,,,,,,"The Steel Poet's Quill
1h | Melee
Efficient Bladestorm",,,
Rezul 1,https://imgur.com/yMuE9mA.png,,,,,,,,,,,,,
Rezul 2,,,https://docs.google.com/spreadsheets/d/1OdS5k2Jvu4z7bLS3aX7eVzNNVxmtbu9uML1Zn7PnME8/edit?usp=sharing,,,,,,,,,,,
Rezul 3,,,,"Arcanist 1
Fury 1
Weaponmaster 3",,,,,,,,,,
Rezul 4,,,,,,5,,,,,,,,
Rezul 5,,,,,,,The Fire Shrine of Kor'Tarion,,,,,,,
Rezul 6,,,,,,,,,"He is a pretty skinny and fairly tall warrior monk, who in the shrine has trained his mind the most, at the cost of his finesse and body.",,,,,
Rezul 7,,,,,,,,,,,,,,Guilt
Rin 1,https://i.imgur.com/z7ae9y4.png,,,,,,,,,,,,,
Rin 10,,,,,,,,,,,,,,Acceptance
Rin 2,,,https://docs.google.com/spreadsheets/d/1kRpbh18hI8uxnatfIkGXETZhc_8IlvIxZRSUK7ZBJuk/edit?gid=0#gid=0,,,,,,,,,,,
Rin 3,,,,"7 - Mutant
1 - Chimerist",,,,,,,,,,
Rin 4,,,,,#dc143c,,,,,,,,,
Rin 5,,,,,,8,,,,,,,,
Rin 6,,,,,,,Murata - Teisei - Tian Yin,,,,,,,
Rin 7,,,,,,,,,"Rin is a Half-Kitsune standing roughly at 5'10 (180cm) with a head of messy black hair and tall fox like ears. A pair of yellowish irises that faintly glow in the shadows. Due to their cultivation they often dress lightly with baggy pants or other clothes they've managed to piece together. Their forearm and legs are covered in a thick, matted black fur that goes into a pair of claws and padded paws respectively. Different animalistic parts may grow due to their cultivation technique but those are not always present.",,,,,
Rin 8,,,,,,,,,,Qi Specialist (Demonic),,,,
Rin 9,,,,,,,,,,,,,"-Born in Murata, and forced to leave at a young age
-Kitsune attempted to corrupt Rin with corrupt heavenly cultivation teachings
-Started using the teaching but is countering it with their own demonic cultivation
-Forced to leave Murata after villagers found Rin with his body cultivation. Making Rin seem like a monster",
Rinchi Amaya 1,https://safebooru.org//images/4619/10f1d62130327d3ecd56e17fa0ebeac6.jpeg,,,,,,,,,,,,,
Rinchi Amaya 2,,,https://docs.google.com/spreadsheets/d/1jojO6dAbBdSt90ROpV5pMQ3XRDAHdsu9VmliD3WB1SI/edit?usp=sharing,,,,,,,,,,,
Rinchi Amaya 3,,,,"Sharpshooter [3]
Elementalist [2]",,,,,,,,,,
Rinchi Amaya 4,,,,,,5,,,,,,,,
Rinchi Amaya 5,,,,,,,"Teisei, Tian-Yin",,,,,,,
Rinchi Amaya 6,,,,,,,,,"Rinchi is 167cm tall, has teal hair that reaches to her elbows and has teal fox ears and a tail that both have white tips.",,,,,
Rinchi Amaya 7,,,,,,,,,,,,,,Vengeance
Ritveja 1,https://media.discordapp.net/attachments/665100104386215986/1320462293376438322/IMG_1189.png?ex=67b23257&is=67b0e0d7&hm=50223cf5621437838965c4c41aea7e999becb5df8174a6e1203a1d039909727a&=&format=webp&quality=lossless&width=&height=,,,,,,,,,,,,,
Ritveja 2,,,https://docs.google.com/spreadsheets/d/1lt-OhP2N9SH7i4cXAaH_b492ZBdEesmOuTa-nG4--Yc/edit?usp=sharing,,,,,,,,,,,
Ritveja 3,,,,"Merchant 3. Chimerist 1, Symbolist 1",,,,,,,,,,
Ritveja 4,,,,,,5,,,,,,,,
Ritveja 5,,,,,,,"Leytik, Tian Yin",,,,,,,
Ritveja 6,,,,,,,,,"Ritveja stands at 6’2” of height, with a somewhat broadly built frame, as is typical of all of her kind. Her brown fur, which is kept manageably trimmed at all times, is often speckled with simple braids and beads made from shells, rocks, and leather, complimenting the strange ensemble of items that dangle from her robes, causing a light clinking noise whenever she approaches. Apart from her various baubles and curios, she has precious little in the way of other possessions, aside from the large staff she uses to walk, and a large knapsack by her side, always empty.",,,,,
Ritveja 7,,,,,,,,,,Qi Specialist,,,,
Ritveja 8,,,,,,,,,,,,,"Ritveja was born to a collective of void monks in Leytik, and was taught techniques on how to cultivate her own special kind of void Qi by intaking new experiences, and meditating on them to flush the ones she could not learn from out of her mind and body

When she came of age, she left the monk's compound, in search of ways to learn about the world, and apply her teachings to make it a better place. She began setting up a fledgling trade network between settlements in Leytik, trading things like beads, furs, clean water, and nonperishable food in exchange for their unwanted items, so that she could determine what things were good and bad for society, and more precisely flush out that which caused harm.

Eventually, her altruism and charity led her into a Realmstorm, which she almost cluelessly wandered into, ending up on the Worldhelm",
Ritveja 9,,,,,,,,,,,,,,Community
Robbins 1,https://i.pinimg.com/736x/a6/bc/47/a6bc47b00ab3d263777b1e546b3edd7a.jpg,,,,,,,,,,,,,
Robbins 10,,,,,,,,,,,,,"- Was given spacience by Kuzunoha later into his life.
- Has a partner and three kids in the Kullroc Glacier.
- Identifies more with Nimue's values than Kuzunoha's
- Left his family after Nimue's death to try and bring peace to the realm and, by consequence, bring safety to his family.",
Robbins 11,,,,,,,,,,,,,,Hope
Robbins 2,,https://discord.com/channels/1169852846083153941/1170111183869706362/1357905320462254227,,,,,,,,,,,,
Robbins 3,,,https://docs.google.com/spreadsheets/d/1Nxb0HnYbI7yjj3ndRF-GI84lRGtjtHhdaRz3vN_su-Q/edit?usp=sharing,,,,,,,,,,,
Robbins 4,,,,"Gourmet 2
Mutant 2
Guardian 1",,,,,,,,,,
Robbins 5,,,,,#80bfff,,,,,,,,,
Robbins 6,,,,,,5,,,,,,,,
Robbins 7,,,,,,,"Kullroc Glacier, Aldistir",,,,,,,
Robbins 8,,,,,,,,,"A 1.25m penguin. Wears a sweater-like bodysuit that covers his whole body from the neck down. Also brings along his ever-so-trusty, but clearly too big for his head, helmet.
Quick to strike conversation and to offer help, but not as quick in most other ways.",,,,,
Robbins 9,,,,,,,,,,The Beast who Spoke,,,,
Robin 1,https://i.imgur.com/0Km2jxp.png,,,,,,,,,,,,,
Robin 2,,,"[Why are we still fighting, everything ends...](https://docs.google.com/spreadsheets/d/1oejoHjgCE10a0j4aPrAzT0AzhzBeKuYEqUTE2zGthEg/edit?gid=2098074532#gid=2098074532)",,,,,,,,,,,
Robin 3,,,,Spiritist 3 | Darkblade 2 | Weapon Master 2,,,,,,,,,,
Robin 4,,,,,,7,,,,,,,,
Robin 5,,,,,,,"Nirve, Idyll",,,,,,,
Robin 6,,,,,,,,,"Height: 175 Cm
Weight: 80 kg
Physique: Slim Effeminate

Unique Feature: Both of his arms are Spectral and See through. Within them you see different objects, from potions, to chains, to swords, to axes, and more.

For Clothing and Looks use image as basis :3",,,,,
Robin 7,,,,,,,,,,,,,"- Arrived in the Ring of Barza after dying for the Goldhearted
- Roamed the Realm until they Reached Nirve
- Spent their entire time there for the rest of his life
- Kept a Diary of his past life while in Nirve
- Has watched the corruption of Idyll
- Fought for the people until he was betrayed by some citizens of Nirve
- Retires from fighting spending most of his time just being lazy and not doing much",
Robin 8,,,,,,,,,,,,,,Hatred
Rokuro Tamashii 1,https://cdn.discordapp.com/attachments/848681529353306172/1258930493429252186/Rokuro_2.png?ex=6689d5e3&is=66888463&hm=2e1a228f67f3f3ca97f264a94082b3af2f741a1894ab9df6faad30a9ac1746de&,,,,,,,,,,,,,
Rokuro Tamashii 2,,,https://docs.google.com/spreadsheets/d/1Rszi6i2Mcg8qkr_yEOKKaAsUssNwCFMiyujtWbqnm9M/edit?usp=sharing,,,,,,,,,,,
Rokuro Tamashii 3,,,,"Rogue 10
Merchant 2
Weaponmaster 1",,,,,,,,,,
Rokuro Tamashii 4,,,,,,13,,,,,,,,
Rokuro Tamashii 5,,,,,,,Tian Yin (Subrealm of Sangang-Daan),,,,,,,
Rokuro Tamashii 6,,,,,,,,,"Brown hair but with streaks of a white that almost looks like the color was scraped out of it over time.

Often seen in his travelling clothes he always wears a calm smile. Because of this he is often seen as shady even by those he conducts business with.

He's taller than most at 6 feet yet not so much that it would seem abnormal.",,,,,
Rokuro Tamashii 7,,,,,,,,,,,,,,Desperation
Rolando Yitters 1,https://cdn.discordapp.com/attachments/884915670595285042/1244331194951270410/a8fa7ba9fe23dee2bd87dec10a5b7c82.png?ex=6658adbb&is=66575c3b&hm=c2e323d29ce44fdf20bbf09faa1b8e86e85dcb5f34e13fe504558a3907daf15f&,,,,,,,,,,,,,
Rolando Yitters 2,,,https://docs.google.com/spreadsheets/d/19kDdP13RvAH_r8kTdyI5NsJajWWY5BZm8JeQbIn-wPQ/edit?usp=sharing,,,,,,,,,,,
Rolando Yitters 3,,,,Gourmet 2 | Rogue 1 | Weaponmaster 1,,,,,,,,,,
Rolando Yitters 4,,,,,,5,,,,,,,,
Rolando Yitters 5,,,,,,,Exiled Fae from the Kor'Tarian Realm,,,,,,,
Rolando Yitters 6,,,,,,,,,"5’ 10” and weighing 177 pounds, he has a rather light stature, but not one that makes him look thin as he is most definitely not malnourished.",,,,,
Rolando Yitters 7,,,,,,,,,,Outcast Fairy,,,,
Rolando Yitters 8,,,,,,,,,,,,,,Heart
Romer 1,https://imgur.com/8PbtEUv.jpg,,,,,,,,,,,,,
Romer 2,,,https://docs.google.com/spreadsheets/d/1rLCjWuE17BK2XcyukJwK4qO-Zl8yyZYgyvLj0Yz4DvA/edit?gid=0#gid=0,,,,,,,,,,,
Romer 3,,,,Pilot 4; Sharpshooter 1,,,,,,,,,,
Romer 4,,,,,,6,,,,,,,,
Romer 5,,,,,,,Merrane,,,,,,,
Romer 6,,,,,,,,,"A male with red hair and bottle green eyes, tanned skin and a slender build.",,,,,
Romer 7,,,,,,,,,,"Heirloom - Railcannon

May occasionally jam or overheat requiring to be cleared of the obstruction and reloaded.´
Also a unique firearm within Merrane with Armor Penetrating qualities thus highly sought after.",,,,
Romer 8,,,,,,,,,,,Railcannon - Pierces Physical Resistance,,,
Romer 9,,,,,,,,,,,,,,Precision
Ronan Ashwynd 1,https://i.imgur.com/x3cz9Hc.png,,,,,,,,,,,,,
Ronan Ashwynd 2,,,https://docs.google.com/spreadsheets/d/16qMn_OkrAA4GuvMY1joup5DogOXl3fdwltWcXMX3MwY/edit?usp=sharing,,,,,,,,,,,
Ronan Ashwynd 3,,,,"Weaponmaster ⭐
Darkblade 1
Necromancer 1",,,,,,,,,,
Ronan Ashwynd 4,,,,,,12,,,,,,,,
Ronan Ashwynd 5,,,,,,,"Old Melin, Kor'Tarion",,,,,,,
Ronan Ashwynd 6,,,,,,,,,"Ronan stands tall at 6'2"", his imposing presence enhanced by a cloak of dark fur draped over his shoulders. His skin carries a rich, sun-worn tone, complemented by dark brown hair that falls in unkempt waves. A single piercing sky blue eye peers out from beneath his brow, the other concealed beneath a weathered eyepatch. Beneath the cloak, he wears a black vest paired with rugged traveler’s garb, hinting at a life of constant motion. Rings of piercings adorn his ears, adding a touch of rebellious flair to his otherwise stoic appearance.",,,,,
Ronan Ashwynd 7,,,,,,,,,,"Hierloom:  Dread Tamer

The chains he wields are a manifestation of his Fae heritage, transforming what was once a simple Ashwynd Clan whip into a weapon infused with dark, otherworldly power. They serve as a devastating tool in combat, channeling the darkness within to annihilate those who revel in such forces. 

Drawbacks: The chains are unpredictable, reacting to his half-Fae blood at the most inopportune moments. Particularly when his heart races. Worse still, they are a glaring symbol of his dual identity, immediately marking him as both an Ashwynd and a half-blood, effectively painting a target on his back.",,,,
Ronan Ashwynd 8,,,,,,,,,,,,,"Ronan Ashwynd was born into the storied Ashwynd Clan, renowned for their expertise in hunting demons and monsters. However, his heritage held a dangerous secret. His mother was a Fae, and his father kept this truth hidden for years. When Ronan was a teenager, the secret of his mixed blood was revealed, leading to his banishment from the clan. The betrayal cut deep, leaving Ronan with resentment toward the family that raised him yet rejected him for something beyond his control.

Forced to survive alone, Ronan embraced both his Ashwynd training and his Fae powers, using them as tools in his quest to carry on the clan's mission. Despite his dedication, his Fae abilities often mark him as an outsider, drawing mistrust from the human populace. Now, Ronan wanders Kor'Tarion as a lone hunter, grappling with the weight of his dual nature and the shadow of his past while carving his path forward as both a protector and an outcast.",
Ronan Ashwynd 9,,,,,,,,,,,,,,Survival
Rosanna Westwood 1,https://media.discordapp.net/attachments/1003362469495971840/1205351898878582865/Screenshot_2024-02-04_231327.png?ex=663b97af&is=663a462f&hm=8f9a16668f35ece0ea48c7f807ef907fb27544e8923958817d9517f3f1ac0d51&,,,,,,,,,,,,,
Rosanna Westwood 2,,,https://docs.google.com/spreadsheets/d/1yQh_dvYMakgWtE8s_Au1W-InRfXRFb52NM4pzNB0lPY/edit?usp=sharing,,,,,,,,,,,
Rosanna Westwood 3,,,,"Fury [2]
Darkblade [2]
Guardian [1]",,,,,,,,,,
Rosanna Westwood 4,,,,,,5,,,,,,,,
Rosanna Westwood 5,,,,,,,"Skamos, Nezmira",,,,,,,
Rosanna Westwood 6,,,,,,,,,"Rose is a pale 6'2"" young woman with bobbed pink hair and brown eyes, usually dressed in black or dark purple.",,,,,
Rosanna Westwood 7,,,,,,,,,,Soulbound (Loyalty) to Ezra,,,,
Rosanna Westwood 8,,,,,,,,,,,,,,Hope
Ruby Rivers 1,https://i.imgur.com/GXSjkWA.png,,,,,,,,,,,,,
Ruby Rivers 10,,,,,,,,,,,"**Wildhunt Wraps** - If you have Counterattack, the Skill also triggers when the result of an enemy’s Accuracy Check is an odd number.
**Stilled Fury** - When you choose to suffer Instability, subtract 1 from the result.
**Incorporated Biomass** - Your **melee** attacks deal 5 extra damage.

__Not Equipped__
**Fang-Padded Tunic** - Your attacks with **multi** get a +2 accuracy bonus.",,,
Ruby Rivers 11,,,,,,,,,,,,,"* Created as a biological weapon for the war effort - a soldier that's grown rather than trained, capable of infinite adaptation. Apparently was also used as an attempt to recreate the powers of the Arcana.
* Crafted by DNA recombination and grafting of assorted creatures, including a human child as a base. Ruby has no memories of them.
* As far as she's aware, she's the only ""successful"" result of this project.
* Proved to be VERY brutally efficient and effective in combat testing.
* Swiftly broke free of control and broke out, slaughtering many in her path.
* Got yoinked by the Worldhelm, presumably in an attempt to redirect this force towards good.",
Ruby Rivers 12,,,,,,,,,,,,,,Agency
Ruby Rivers 2,,https://discord.com/channels/1169852846083153941/1170111183869706362/1181704236195651745,,,,,,,,,,,,
Ruby Rivers 3,,,"[She can, and WILL, falcon punch you to death](https://docs.google.com/spreadsheets/d/192Hoxiy3uBQPpR1tqFmiorLtr7J2n_eeffJ35JSf37Y/edit?gid=0#gid=0)",,,,,,,,,,,
Ruby Rivers 4,,,,"Mutant ★, Weaponmaster ★, Arcanist ★, Guardian 1, Fury 9",,,,,,,,,,
Ruby Rivers 5,,,,,#4c1313,,,,,,,,,
Ruby Rivers 6,,,,,,40,,,,,,,,
Ruby Rivers 7,,,,,,,"Caldera, Lhodos",,,,,,,
Ruby Rivers 8,,,,,,,,,"Ruby is 6'0"", weighing 174 lbs. She wears light, breathable clothing.",,,,,
Ruby Rivers 9,,,,,,,,,,Fugitive Experiment,,,,
Rulekeeper 1,https://i.postimg.cc/3W5qM3Gd/dgj09mj-ae050426-1e02-42ab-8864-2d1da50de0b7.jpg,,,,,,,,,,,,,
Rulekeeper 2,,,https://docs.google.com/spreadsheets/d/1hPy-Ci3xes4nJ0N1XphvVrjga3GkX_qZn4KAGGGhCuQ/edit?gid=0#gid=0,,,,,,,,,,,
Rulekeeper 3,,,,"Wayfarer - 10
Weaponmaster - 10
Orator - 2
Chanter - 3
Symbolist - 1",,,,,,,,,,
Rulekeeper 4,,,,,,26,,,,,,,,
Rulekeeper 5,,,,,,,"The Faerie Realm, Domain of Equinox (Kor'Tarion)",,,,,,,
Rulekeeper 6,,,,,,,,,"Rarely is his true appearance observed as he keep himself tightly bound in robes. Even his face is covered in a mask to better represent his new status among the fae.

Those who have seen even a small amount of skin from his wrists or the rare moments when he might remove the mask would see most of the color drained from his complexion.",,,,,
Rulekeeper 7,,,,,,,,,,"Outcast Fairy
Weak to breaking rules or getting an unfair advantage in any situation. Must be pointed out.",,,,
Rulekeeper 8,,,,,,,,,,,Tear of Lorelai - Frost Aura(Slow),,,
Rulekeeper 9,,,,,,,,,,,,,,Gratitude
Runihura 1,https://i.imgur.com/jEYnY7g.png,,,,,,,,,,,,,
Runihura 2,,,https://docs.google.com/spreadsheets/d/1MzWsSGIP75BJH2Aa1uENqnzTSO8Pfa16H82DfzkVo-o/edit?usp=sharing,,,,,,,,,,,
Runihura 3,,,,"Necromancer 2
Arcanist 3
Entropist 1",,,,,,,,,,
Runihura 4,,,,,,6,,,,,,,,
Runihura 5,,,,,,,"The City of Scales, Nezmira",,,,,,,
Runihura 6,,,,,,,,,Runihura's scaled tattoos would run along their neck and chest depicting their knowledge in Entropism. He stands around 5'9 with long black hair that goes past his waist.,,,,,
Runihura 7,,,,,,,,,,,,,.,
Runihura 8,,,,,,,,,,,,,,Acceptance
Ryan Janus 1,https://imgur.com/ELBfpAb.png,,,,,,,,,,,,,
Ryan Janus 2,,,https://docs.google.com/spreadsheets/d/1AGXTL0dfZ3m225_Ccjek0L4h5AF2eu6EhXBJoASALc4/edit?usp=sharing,,,,,,,,,,,
Ryan Janus 3,,,,"Rogue 2
Tinker 2
Entropist 1",,,,,,,,,,
Ryan Janus 4,,,,,5e0d62,,,,,,,,,
Ryan Janus 5,,,,,,5,,,,,,,,
Ryan Janus 6,,,,,,,Vinyard - Terra,,,,,,,
Ryan Janus 7,,,,,,,,,Tall man wearing a purple suit and tophat.,,,,,
Ryan Janus 8,,,,,,,,,,,,,,Guilt
Saga 1,https://cdn.discordapp.com/attachments/1170110980546637915/1279119623433748551/7feb9ed34a0c1ea0a7892e38c6421a64.png?ex=66d3487b&is=66d1f6fb&hm=77c5f8c36eb946a99576e32a01d16fc0ab9571c324308567bb9735fd0441a908&,,,,,,,,,,,,,
Saga 2,,,https://docs.google.com/spreadsheets/d/1UUKmA3VwsVk59-BzzRu-E8jNCg8KL_y_eMFlbRciz34/edit?usp=sharing,,,,,,,,,,,
Saga 3,,,,"Symbolist 2
Chanter 3
Esper 3",,,,,,,,,,
Saga 4,,,,,,8,,,,,,,,
Saga 5,,,,,,,"The Hollow Mountains, Aldistir",,,,,,,
Saga 6,,,,,,,,,A white haired woman covered in ink and ink splotches,,,,,
Saga 7,,,,,,,,,,,,,"- The book she was made to be was a Saga about Aldistir, generations of authors trying to record their history.
- The rest of her book has since been destroyed by time including the name of her author and most of the pages.
- The destroyed book was brought to Kuzunoha by a follower who stumbled across it and thus Saga was made.
- Upon on her travels where she was continuing to record Aldistir history, she was taken into a realmstorm.
- She has since recorded the stories she finds and hears on the Worldhelm.",
Saga 8,,,,,,,,,,,,,,Understanding
Sahar'divh 1,https://i.imgur.com/nyhSf4Z.png,,,,,,,,,,,,,
Sahar'divh 2,,,https://docs.google.com/spreadsheets/d/1zED8HJ3nL3-cEf_AtwxiY2EBZNLiY_BkRH8tpb-Ok8w/edit#gid=0,,,,,,,,,,,
Sahar'divh 3,,,,Entropist 4 Elementalist 2 Necromancer 1,,,,,,,,,,
Sahar'divh 4,,,,,,7,,,,,,,,
Sahar'divh 5,,,,,,,"Caer Laie, Kor'tarion",,,,,,,
Sahar'divh 6,,,,,,,,,"Standing at 5 ft 10 inches with an meek build a pale non-threatening looking scholar adorned with purple robes, meanders about. A monocle adores his one eye. Whether or not it serves a purpose is hard to tell from a glance. An unkempt mess of light purple hair sits atop his head. At his side and often in his arms resides a book that is often different from day to day ranging from many topics. To describe him, physically, as a bookworm would be an understatement.",,,,,
Sahar'divh 7,,,,,,,,,,,,,,Knowledge
Samuel Reyner 1,https://i.pinimg.com/474x/d7/b7/8c/d7b78c990598bafef5de928dcae5cfa8.jpg,,,,,,,,,,,,,
Samuel Reyner 2,,,https://docs.google.com/spreadsheets/d/1qBVpfWhZAGSB1-U92FY_dkdkYXbq3dzeZE6_4oyGXI4/edit?usp=sharing,,,,,,,,,,,
Samuel Reyner 3,,,,"Commander - 2
Chanter - 1
Darkblade - 2",,,,,,,,,,
Samuel Reyner 4,,,,,,5,,,,,,,,
Samuel Reyner 5,,,,,,,"Brightshield, Kortarion",,,,,,,
Samuel Reyner 6,,,,,,,,,"An older man, standing at attention at 6'0. Time had already turned most of his hair to a light grey, while smile lines and crow's feet helped show his age. Most would rarely see him with a supportive expression and a reassuring aura that comes with doing his job well for a long time.",,,,,
Samuel Reyner 7,,,,,,,,,,,,,,Duty
Sarah Montrofier 1,https://cdna.artstation.com/p/assets/images/images/038/811/804/large/morry-eelene.jpg?1624128530,,,,,,,,,,,,,
Sarah Montrofier 2,,,https://docs.google.com/spreadsheets/d/1W8w3P0C4Hj3yUoylfQDOx5AHxCYidw2RlVd6Iux-IYg/edit?usp=sharing,,,,,,,,,,,
Sarah Montrofier 3,,,,Rogue 3 | Dancer 2,,,,,,,,,,
Sarah Montrofier 4,,,,,,5,,,,,,,,
Sarah Montrofier 5,,,,,,,"Tradefair, Kor'Tarion",,,,,,,
Sarah Montrofier 6,,,,,,,,,"Her skin is a deep tan, her short hair pitch black like the night sky, and her eyes are a grayish blue. She stands at 5'8ft with a slim yet lean athletic figure. Sarah wears a red cape with a hood over herself and her chest covered by a crimson wrap. Sarah's ears and neck are decorated with gemmed silver and gold jewelry, though most of it fake. Below the waist she wears incredibly baggy cloth pants held up by a leather and iron belt with a satchel attached, on her legs are leather boots the go up to her calf and shin. On her hands are fingerless leather gloves with bracelets gemmed with large opals, which are also fake.",,,,,
Sarah Montrofier 7,,,,,,,,,,,,,,Hope
Saroja 1,https://i.pinimg.com/474x/c6/6a/b8/c66ab811512c4703b65abd8235d3e965.jpg,,,,,,,,,,,,,
Saroja 2,,,https://docs.google.com/spreadsheets/d/1iepL10g6xfWn92t3a-P6pl0GU0_HCvqHvnD_0o-5dMM/edit?usp=sharing,,,,,,,,,,,
Saroja 3,,,,"Arcanist - 10
Invoker - 10
Loremaster - 7
Necromancer - 1
Fury - 1",,,,,,,,,,
Saroja 4,,,,,,29,,,,,,,,
Saroja 5,,,,,,,"The Viper Gardens, Bahata Khajaana",,,,,,,
Saroja 6,,,,,,,,,"Standing at 5'5 , Saroja is dressed in the simple and traditional clothing of her home. Now, she is often decorated with flowers to regain any semblance of who she was before.",,,,,
Saroja 7,,,,,,,,,,Ruinbringer,,,,
Saroja 8,,,,,,,,,,,,,"- She was born in one of the few scattered villages in the Viper Gardens, where she was surrounded by death but knew freedom from the Maharaja.
- Became in tune to the world around her and began changing to reflect her Pakriti.
- Lost her parents to the Garden as they would have originally walked endlessly together rather than maybe facing the unknown apart.
- After being a Goldhearted, She lost a piece of her Purusa to help a woman and lost her reflection to her Pakriti.",
Saroja 9,,,,,,,,,,,,,,Justice
Sasha 1,https://media.discordapp.net/attachments/1170110564819816468/1202600461883023390/msg120590343-31071.jpg?ex=663b7875&is=663a26f5&hm=b1de3442d6cc2eeb08a887d3efdd8b9df4b0a428e7d1b3e40768636f83515d96&,,,,,,,,,,,,,
Sasha 2,,,https://docs.google.com/spreadsheets/d/17d_59AOKvm3RAP8-WU-KSiAsBcYxkn36s-t4SCqD2xU/edit#gid=0,,,,,,,,,,,
Sasha 3,,,,Rogue 3/Pilot 6,,,,,,,,,,
Sasha 4,,,,,,9,,,,,,,,
Sasha 5,,,,,,,Karlsgard,,,,,,,
Sasha 6,,,,,,,,,"Tall, well built human, usually wearing tank tops, cargo pants and other comfortable clothes. When in mission favours a dark tunic that offers limited protection and helps mixing with shadows. Has two daggers of different intent, one white, the other black",,,,,
Sasha 7,,,,,,,,,,Heirloom (Daggers),,,,
Sasha 8,,,,,,,,,,,"Kanshou and Bakuya, Daggers",,,
Sasha 9,,,,,,,,,,,,,,Justice
Saya 1,https://images-ext-1.discordapp.net/external/hn3hAxBoQNh63OKxLP7hTwfpPiuq7xOrnPgWMLXVzkU/%3F1675185339/https/cdna.artstation.com/p/assets/images/images/058/819/474/4k/dao-trong-le-murasaki-2.jpg,,,,,,,,,,,,,
Saya 2,,,https://docs.google.com/spreadsheets/d/1xNOEAjbBUTYl0o8u-Q5qXYO5HP2a4hHbU7kzXiBdqm4/edit?usp=sharing,,,,,,,,,,,
Saya 3,,,,"Arcanist 2
Weaponmaster 4
Symbolist 1",,,,,,,,,,
Saya 4,,,,,,7,,,,,,,,
Saya 5,,,,,,,Ishiyama,,,,,,,
Saya 6,,,,,,,,,"Saya appears to be in her 20's with white hair tumbled into a bushy ponytail. Her eyes are violet, matching the color of the shadow flame within her reliquary hanging from her belt. She stands roughly 5'6"" with a lean frame. She wears a white and black kunoichi garb accented with red bronze. Her bracers are inlaid with two amethysts from Ishiyama which she once called home. In her hair, a bronze ornament in the shape of two parallel horns. She wears an ornate katana at her side.",,,,,
Saya 7,,,,,,,,,,Heirloom,,,,
Saya 8,,,,,,,,,,,,,,Vengeance
Scarlet Alba 1,https://i.imgur.com/JU3sXhW.png,,,,,,,,,,,,,
Scarlet Alba 2,,https://discord.com/channels/1169852846083153941/1170111183869706362/1351615237773590662,,,,,,,,,,,,
Scarlet Alba 3,,,https://docs.google.com/spreadsheets/d/13cRt-lFkqLk8mBz1u5wU7mkGsr14i-ZIQ-x9gSt3PRo/edit?usp=drivesdk,,,,,,,,,,,
Scarlet Alba 4,,,,"Necromancer 1
Mutant 10
Entropist 1",,,,,,,,,,
Scarlet Alba 5,,,,,,12,,,,,,,,
Scarlet Alba 6,,,,,,,"Secura, Terra",,,,,,,
Scarlet Alba 7,,,,,,,,,"Scarlet stands tall and slender, her entire form devoid of colour—a striking canvas of pale white. The only contrast comes from the vivid crimson markings that slither across her skin like living tattoos, shifting and flowing at her command.",,,,,
Scarlet Alba 8,,,,,,,,,,,,,"- Escaped containment from a Secura lab, speech and social knowledge impaired.
- Her blood is her weapon, morphing into various appendages at will.
- Learned basic social skills from the slums of Secura, but somehow managed to stay out of insolvency.
- Was collected by the Worldhelm but still doesn't understand why.",
Scarlet Alba 9,,,,,,,,,,,,,,Hope
Sella Askelson 1,https://i.ibb.co/xH200wN/image0.jpg,,,,,,,,,,,,,
Sella Askelson 10,,,,,,,,,,,,,"* parents killed at Kald Forest, passerby warrior saves Sella
* brought to camp von Kibo, grow up
* aim to become a warrior to protect the weak
* in a nearby village when kitsune raid
* Sella attacc, Sella protecc
* Sella barely kill a big fox kitsune
* Nimue blesses her
* later kidnapped by snowstorm",
Sella Askelson 11,,,,,,,,,,,,,,Inspiration
Sella Askelson 2,,,https://docs.google.com/spreadsheets/d/1XtCk-ab3LhrqKOtqxLda-ZslBbDCybHdQF9laAT-JG4/edit?usp=sharing,,,,,,,,,,,
Sella Askelson 3,,,,"Guardian 10
Fury 2
Spiritist 4
Lightblade 2",,,,,,,,,,
Sella Askelson 4,,,,,#fac534,,,,,,,,,
Sella Askelson 5,,,,,,18,,,,,,,,
Sella Askelson 6,,,,,,,Aldistir (Camp von Kibo),,,,,,,
Sella Askelson 7,,,,,,,,,"* Ald woman
* Tall, muscular build, 190cm
* Blonde hair she wears down, ice blue eyes
* Knight outfit (sword/shield), accessories copied from Ald fairytales
* White wings she can extend and retract from her body at will",,,,,
Sella Askelson 8,,,,,,,,,,Flight,,,,
Sella Askelson 9,,,,,,,,,,,"Hope's Brand - Sword (Quality: World Saver)
The First Line of Defense - Shield (Quality: Vitality Up)
Frostwalk Skates - Accessory (Quality: Iceborne)
Warding Moon - Accessory (Quality: Composure)",,,
Selvaria Lightheart 1,https://cdn.donmai.us/original/6b/4b/__theresa_arknights_drawn_by_nueegochi__6b4bb21d7e2aa69a72cf1015fe36bd59.jpg,,,,,,,,,,,,,
Selvaria Lightheart 2,,,https://docs.google.com/spreadsheets/d/1h-Egp2RQ1nHVVwF5Sj9kBoMH4rk0ZVhz5DUc1_q3Y60/edit,,,,,,,,,,,
Selvaria Lightheart 3,,,,"Spiritist 3, Elemenatlist 3, Loremaster 1",,,,,,,,,,
Selvaria Lightheart 4,,,,,,7,,,,,,,,
Selvaria Lightheart 5,,,,,,,Aldistir - Camp Von Kibo,,,,,,,
Selvaria Lightheart 6,,,,,,,,,"Standing about 5’11, Selvaria has a rather refined yet somber appearance. Wearing a long radiantly snow white dress with black accents, an ornamental pendant on the left side of her chest, and a shoulder pauldron to protect her from any light attacks. Being blessed as one of the Oni in Aldistir, Selvaria has a pair of long black horns fixed on the top of her head. 

Having long pink hair with redish tips, Selvaria conducts herself with grace and care as her vibrant light red eyes look around the Worldhelm for anyone needing assistance with any particular task or matter. Yet even as she conducts herself normally in her new found environment, Selvaria occasionally shines brightly like a beacon - like a heavenly angel with loving etiquette to match.",,,,,
Selvaria Lightheart 7,,,,,,,,,,,,,"Not much is known about Selvaria besides the fact that she cared for those that resided in Camp Von Kibo as if they were her own children, helping the sick, the mournful, and the lost. Her history as being a prominent figure of tending to the wounds within the camp has led her to be known as a motherly woman, always willing to help others with grace even though she didn’t gain anything from doing so.

Even though her transfer to the Worldhelm was abrupt, Selvaria showed no sign of resentment towards her new surroundings but instead extended her own love and care to those around her once more - after all - even in the camp she tended to strangers, there was nothing different than tending to those who are deemed fit for this vessel. Though she often worries about those in the camp, hoping they’re alright - she hopes to visit them soon and aid them once more",
Selvaria Lightheart 8,,,,,,,,,,,,,,Mercy
Sephi 1,https://media.discordapp.net/attachments/1196744996410380298/1200095951013023865/101030161_rank5_base.png?ex=663b9673&is=663a44f3&hm=f70aca987fdd62a2b2cf56d6ce9cf696f5ffad77320954e3c2098ed0705b8c77&,,,,,,,,,,,,,
Sephi 2,,,https://docs.google.com/spreadsheets/d/1IbD5ZEUZPIwAAxfMO6Pc4y82kqMdxiNlKvlLUhfIOf8/edit?usp=drivesdk,,,,,,,,,,,
Sephi 3,,,,"Mutant [4], Arcanist [2], Weaponmaster [1]",,,,,,,,,,
Sephi 4,,,,,,7,,,,,,,,
Sephi 5,,,,,,,Lhodos,,,,,,,
Sephi 6,,,,,,,,,"Black, short-haired girl, red eyes, wearing a black dress with a small tie and a baggy overcoat. Cyan Magitechno markings strewn across her arms and clothes. She is 160 CM tall.",,,,,
Sephi 7,,,,,,,,,,Fugitive Experiment,,,,
Sephi 8,,,,,,,,,,,,,,Discovery
Seraphina 1,https://cdn.discordapp.com/attachments/569098468694687786/1324670687062786108/alduin_the_elder_scrolls_and_1_more_drawn_by_kfre_gehm8472__a7d780072c29866c698732dcf8631668.png?ex=6778ff36&is=6777adb6&hm=9694c259168491463696908a5cbad75acbb7f8573382c404a95aa2232b6a04c8&,,,,,,,,,,,,,
Seraphina 2,,,https://docs.google.com/spreadsheets/d/1dTeyp9-50z64mV_AfozFXPBNjZKtLfAFEygFrPbn-Lg/edit?usp=sharing,,,,,,,,,,,
Seraphina 3,,,,"Mutant 2, Darkblade 2, Elementalist 2",,,,,,,,,,
Seraphina 4,,,,,,6,,,,,,,,
Seraphina 5,,,,,,,Nezmira - The City of Scales,,,,,,,
Seraphina 6,,,,,,,,,"Standing about 5’7, Seraphina has a sleek yet foreboding appearance that could often be described as boyish. Wearing a white blouse with long sleeves and black accents, black trousers, and shin high steel tipped black boots. With long silky onyx black hair and crimson red eyes, her appearance leaves a striking impression with the addition of her pale white skin and the adornment of her pitch black draconic horns extruding from the top of her head.

Seraphina acts with suspicion yet expresses a friendly outgoing attitude, even on board the Worldhelm, she conducts herself with respect - one couldn't even know from a glance what her true emotions are underneath her protective facade. A part of her that she doesn't aim to reveal, not to no one but solitude itself.",,,,,
Seraphina 7,,,,,,,,,,,,,"A girl from Nezmira, looking for a way to become stronger ever since she was whisked away by the Worldhelm. While she lives in better conditions, she doesn’t completely trust those around her - a defensive mechanism that she unwilling developed during her time growing up in Nezmira.",
Seraphina 8,,,,,,,,,,,,,,Vengeance
Serena Ansaze 1,https://media.discordapp.net/attachments/1080368816267214890/1193106513183653918/Airi_Bday.png?ex=663b3587&is=6639e407&hm=57e3209156f343176f790a9c192db79e69f121b1e0da0ad9ab5529ffbff36f9e&,,,,,,,,,,,,,
Serena Ansaze 2,,,https://docs.google.com/spreadsheets/d/16SvEajbqjPtk1dSOpl_nxhpegbTdNzIMb9ejSTJuEd8/edit?usp=sharing,,,,,,,,,,,
Serena Ansaze 3,,,,Chanter 8 • Dancer 1 • Pilot 2,,,,,,,,,,
Serena Ansaze 4,,,,,,11,,,,,,,,
Serena Ansaze 5,,,,,,,"Caldera, Merrane",,,,,,,
Serena Ansaze 6,,,,,,,,,"Serena is a 5'3"" girl with pink hair that is tied into pigtails. Out of costume, she dresses very plainly, a yellow blouse, brown skirt, and fake glasses to hide her identity. She walks with a hunch and is usually seen either frowning or a deadpan face. In costume, she wears a frilly, flowery, sparkling dress and carries a microphone. She always has a smile plastered on her face. Every now and then, wires can be seen running through the dress, connected to different speakers and mics in the costume.",,,,,
Serena Ansaze 7,,,,,,,,,,Heirloom,,,,
Serena Ansaze 8,,,,,,,,,,,Seri-Nya's Secret 🤫IV Kit,,,
Serena Ansaze 9,,,,,,,,,,,,,,Guilt
Sharry Skelter 1,https://media.discordapp.net/attachments/1170184064674824222/1221641700087300207/Sharry.jpg?ex=663b873e&is=663a35be&hm=e7c4c562079829edd9a95e1d6acbe7334c24eea65b30491289acfedc1cd181ff&,,,,,,,,,,,,,
Sharry Skelter 2,,,https://docs.google.com/spreadsheets/d/1YGzgiHTKXOE89Qd6XrT40ORIsGXdHFO6k7ud1tNGTMQ/edit?usp=sharing,,,,,,,,,,,
Sharry Skelter 3,,,,"Necromancer ★, Entropist ★, Arcanist 4, Spiritist 3",,,,,,,,,,
Sharry Skelter 4,,,,,,27,,,,,,,,
Sharry Skelter 5,,,,,,,"An unnamed village in the Albury Hills, Kor'Tarion",,,,,,,
Sharry Skelter 6,,,,,,,,,"She is about 6'0"" tall human woman. She has pale white skin, silver-white hair, and red eyes. She usually wears black outfits, dresses for non-adventuring and dress pants and suits for adventuring. She always wears long, thick leather gloves and she never takes them off. She also wears the same black boots for all her attire.",,,,,
Sharry Skelter 7,,,,,,,,,,,,,,Ambition
Shibana 1,https://i.imgur.com/ZP4SE2z.jpeg,,,,,,,,,,,,,
Shibana 10,,,,,,,,,,,,,,Peace
Shibana 2,,https://discord.com/channels/1169852846083153941/1170111183869706362/1341744662481997935,,,,,,,,,,,,
Shibana 3,,,[Shibana](<https://docs.google.com/spreadsheets/d/1dub-wkUATXXjPtzFAebbdlr3UCLaeT-4tPHH4wVtNNc/edit?pli=1&gid=1511596203#gid=1511596203>),,,,,,,,,,,
Shibana 4,,,,"Guardian 2, Necromancer 1, Entropist 2",,,,,,,,,,
Shibana 5,,,,,,5,,,,,,,,
Shibana 6,,,,,,,"Feywyrd, Aldistir",,,,,,,
Shibana 7,,,,,,,,,"Shibana is a person born from a rosebush drenched in the blood of Ald and Yokai. Parts of their body are soft and light blueish green like a stem or leaf, others are coarse and grey like scar tissue. Brambles and purple roses wreathe their neck and form what might normally be hair. They wear clothes and armour, usually of Ald make.",,,,,
Shibana 8,,,,,,,,,,Arboreal,,,,
Shibana 9,,,,,,,,,,,,,"- During the War of Fox and Hound, a battle in the Feywyrd spilled a great deal of Ald and Yokai blood
- A certain rosebush thrived on the nourishment, but developed unusually...
- Shibana was born from this plant as a humanoid creature, having grown on and still retaining the memories, dreams and grudges of the warriors of the past
- They seek to broach peace between the modern Ald and Yokai, empathising with both sides' plights innately, while also dealing with their own internal dissonance
-  Camp von Kibo has been the main area to sympathise with Shibana's attempts, in particular an Ald named Blom has become Shibana's mentor",
Shiel Don 1,https://i.imgur.com/1yaoETz.jpeg,,,,,,,,,,,,,
Shiel Don 2,,,https://docs.google.com/spreadsheets/d/1iRUur104doEYMo4oKW5h9ag2CAUoontpsCWh8q3MxHI/edit,,,,,,,,,,,
Shiel Don 3,,,,Pilot 3 Guardian 10 Invoker 1,,,,,,,,,,
Shiel Don 4,,,,,,14,,,,,,,,
Shiel Don 5,,,,,,,Lhodos Karlsgrad Bastion,,,,,,,
Shiel Don 6,,,,,,,,,standing at around 6’3 with brown somewhat messy hair and a small beard wearing powered armor bearing the iconography of the KPLA,,,,,
Shiel Don 7,,,,,,,,,,,,,,Redemption
Shizuko and Tsubasa 1,https://i.imgur.com/Q8lbzfg.jpeg,,,,,,,,,,,,,
Shizuko and Tsubasa 2,,,https://docs.google.com/spreadsheets/d/1GojeD-0MO6P06IYxOXNwBAJ8EXM7EH5GuXZr3VOjE1E/edit?gid=0#gid=0,,,,,,,,,,,
Shizuko and Tsubasa 3,,,,"Elementalist (2)
Necromancer (2)
Wayfarer (1)",,,,,,,,,,
Shizuko and Tsubasa 4,,,,,,5,,,,,,,,
Shizuko and Tsubasa 5,,,,,,,"The Sea of Blizzards, Aldistir",,,,,,,
Shizuko and Tsubasa 6,,,,,,,,,"Shizuko is a humanoid Yokai. She has a mane of pale white hair which extends far passed her shoulders, seeming to operate under slightly less gravity than the rest of her form as it flits and floats behind her while she moves. From her top of her ear extend two vulpine ears, clad in the same white hair, which twitch often in response to noise, as if always on guard. Her adornment is mostly simple, remaining lightly armored, apart from a white mask which often covers her face almost entirely, shielding her eyes from the sun's reflection on the snow of her homeland.
Tsubasa is another vulpine Yokai, though her form is quadrupedal and much more bulky and athletic than Shizuko's. Her posture is similar to a typical canine, with rending claws and a thick mat of grey and white fur, though patches of incandescence give her the impression to sometimes be gleaming with a spectrum of light. Tsubasa is larger than most other fox Yokai, and is very capable of carrying another on her back.",,,,,
Shizuko and Tsubasa 7,,,,,,,,,,,,,,Duty
Shizuru 1,https://comicvine.gamespot.com/a/uploads/scale_small/0/77/8204802-1440776312-latest.png,,,,,,,,,,,,,
Shizuru 2,,,https://docs.google.com/spreadsheets/d/1rRNOrY1BgF1DrtruD1WHfX_MUupsWGN1EIMh2BVv58Q/edit?usp=sharing,,,,,,,,,,,
Shizuru 3,,,,"Sharpshooter lvl 3
Spiritist lvl 2",,,,,,,,,,
Shizuru 4,,,,,,Level 5,,,,,,,,
Shizuru 5,,,,,,,"Caldera, Lhodos",,,,,,,
Shizuru 6,,,,,,,,,"Shizuru is a girl who is short in stature and has reddish gold straight long hair. She wears an eyepatch over her left eye, her right eye is emerald colored. She wears a military camouflage pattern scarf, and a maid outfit. While her face is beautiful, her emotions can be hard to read.",,,,,
Shizuru 7,,,,,,,,,,,,,,Loyalty
Silida 1,https://i.imgur.com/L6a3F0W.png,,,,,,,,,,,,,
Silida 10,,,,,,,,,,,,,,Doubt
Silida 2,,,https://docs.google.com/spreadsheets/d/13rwIrn0TWetK01P5LZD6ci7_s-GOinrDer03uKKXViQ/edit?usp=sharing,,,,,,,,,,,
Silida 3,,,,"Symbolist 2, Loremaster 4, Entropist 4",,,,,,,,,,
Silida 4,,,,,,10,,,,,,,,
Silida 5,,,,,,,The Blue City,,,,,,,
Silida 6,,,,,,,,,"A boyish looking man of fair features and mid-length hair, he exudes an aura of scholarly wisdom...and mild trepidation.",,,,,
Silida 7,,,,,,,,,,Heirloom (The Bestiarium),,,,
Silida 8,,,,,,,,,,,"Cloak of the Crypt Keeper
The Bestiarium",,,
Silida 9,,,,,,,,,,,,,"A sage and scholar of the Blue City, he was raised to not fear the magic he was born with...turning to brush, spell, and page to defend him and the discoveries he makes upon the world.",
Simone Katsav 1,https://i.imgur.com/KNgsVwD.jpeg,,,,,,,,,,,,,
Simone Katsav 10,,,,,,,,,,,,,"- She has a family, and they run a butchery in the city of scales.
- A Veteran General took Simone under their wing so she wouldn't fail her military training.
- Any military personnel from her career.
- Due to Simones job as a Captain within the military, She has a lot of experience in dealing with Kiir, and has also led multiple allies to their death in the name of protecting Nezmira.
- Owns a small plot of land as part of her Military Accolades, Has an estate in the City of Scales with branded of her own working there to maintain it.
- Simone has Blood Kiir stuff in her body due to forced experimentation upon her by Theoris (Why we have wings) and more recently she obtained Fire Kiir mana.
- Used to be a supporter of Theoris due to ignorance and Naivety, now hates him with a burning passion.",
Simone Katsav 11,,,,,,,,,,,,,,Ambition
Simone Katsav 2,,,https://docs.google.com/spreadsheets/d/1Aviui01WDwtgZhfA11e7uLW3oCZAcN5uaTM17uDeuzw/edit?usp=sharing,,,,,,,,,,,
Simone Katsav 3,,,,"Commander [★]
Weaponmaster [2]
Guardian [★]
Elementalist [4]",,,,,,,,,,
Simone Katsav 4,,,,,#DC143C,,,,,,,,,
Simone Katsav 5,,,,,,26,,,,,,,,
Simone Katsav 6,,,,,,,"City of Scales, Nezmira",,,,,,,
Simone Katsav 7,,,,,,,,,"Simone is a 6'4"" Nezzim with Crimson colored scales, fiery orange eyes, and curved horns. She can normally be seen wearing either her Cobalt colored armor or her black and blue captains vestments. She carries herself a level of rigidness almost akin to a model soldier. The biggest oddity to her looks is the two large wings on her back, something that is not at all typical for Nezzim.
Her choice of armaments is usually a spear or some kind of polearm, supplemented with a round shield for protection.",,,,,
Simone Katsav 8,,,,,,,,,,Flight,,,,
Simone Katsav 9,,,,,,,,,,,"- Ashen Pendant of Draconic Will
- Winged Spear of Force",,,
Sir Galahad & Lancelot Magnussen 1,https://cdn.discordapp.com/attachments/1030967148295770233/1312421195895017532/rwg.png?ex=674c6efc&is=674b1d7c&hm=20ccc233db1a092c9fc2e12577eb47b829b0c6af8233ef8116027dd149d9b496&,,,,,,,,,,,,,
Sir Galahad & Lancelot Magnussen 10,,,,,,,,,,,,,,Redemption
Sir Galahad & Lancelot Magnussen 2,,https://discord.com/channels/1169852846083153941/1170111183869706362/1313285492212502560,,,,,,,,,,,,
Sir Galahad & Lancelot Magnussen 3,,,[Let's get em Lancelot!](https://docs.google.com/spreadsheets/d/1kdxEk4akM90Si2gMHsVKf1_4MQn1T4wS0Us3_MaHivQ/edit?usp=sharing),,,,,,,,,,,
Sir Galahad & Lancelot Magnussen 4,,,,"Wayfarer 5 
Lightblade 1 
Floralist 10",,,,,,,,,,
Sir Galahad & Lancelot Magnussen 5,,,,,,16,,,,,,,,
Sir Galahad & Lancelot Magnussen 6,,,,,,,"Kor'Tarion, Brightshield",,,,,,,
Sir Galahad & Lancelot Magnussen 7,,,,,,,,,"Galahad stands at around 6'2, built like a young man who's profession before being a knight was that of a farmer. Broad shouldered and more heavyset than thin. More than often he is adorned in heavy armor with a heavy axe strapped to his back. A bed of well groomed blond hair and green eyes, greeting the world with an everlasting smile.

Lancelot is a griffon mixed with both a Peregrine Falcon & a Cheetah. Where many griffon's are built big, Lancelot is on the smaller side being younger, roughly the size of a big dog currently. She tends to have a annoyed expression, as if in a moment's notice she's going to get up to something that isn't good. Regalia that would normally be put on a knight's mount adorns her body, save for a saddle.",,,,,
Sir Galahad & Lancelot Magnussen 8,,,,,,,,,,N/A,,,,
Sir Galahad & Lancelot Magnussen 9,,,,,,,,,,,,,"- Farmer boy from Midholde
- Decided to become a knight to do more for his folks/people
- Survived the Bloodmoon attack on Midholde through - Fey intervention by being shunted through the woods out of there, one that has a pact/deal with older members of his family to ""protect the family & farm""
- Moved to Brightshield and joined the experimental air force
- Was given Lancelot to train due to his affinity with plants/animals.
- Is now aspiring to try and be a beacon of light for others to makeup for his failings/shortcomings in not aiding in the Bloodmoon",
Sister Durian 1,https://cdnb.artstation.com/p/assets/images/images/031/712/863/smaller_square/karina-jilid-mary-skull.jpg?1604392536,,,,,,,,,,,,,
Sister Durian 2,,,https://docs.google.com/spreadsheets/d/1Qcl_PR4QiSYazWsdtnaTtI5LR5sr8P2kfonbRmUvd30/edit?usp=sharing,,,,,,,,,,,
Sister Durian 3,,,,Necromancer5/Sharpshooter1/Entropist2,,,,,,,,,,
Sister Durian 4,,,,,,8,,,,,,,,
Sister Durian 5,,,,,,,"Caer Seren, Kor'tarion",,,,,,,
Sister Durian 6,,,,,,,,,"A slender and light woman wearing a mask representing that of a skull mask made from fools gold, dressed in nun garb. She holds a crossbow to her side, and a religious symbol that for anyone familiar, resembles that of lilith. when she walks, it's almost as though she is barely touching the ground with each step",,,,,
Sister Durian 7,,,,,,,,,,Outcast Fairy,,,,
Sister Durian 8,,,,,,,,,,,,,"Did something Horrendous in the Fey Realm and was forever banned from it, living in the mortal realm for Hundreds of years
Through trials and Tribulations, She found Lady Lilith, providing her the opportunity to shed her previous skin to adopt a new form
She now is a devout follower of Lady Lilith and will do everything in her power to spread the word of her lady",
Sister Durian 9,,,,,,,,,,,,,,Guilt
Sloan Romani 1,https://media.discordapp.net/attachments/1327412741916463215/1354577632775110756/GabMo1wXEAAFWIw.png?ex=67e5cc3a&is=67e47aba&hm=9c3782b6b15e9d4bce938333891fba5bf492afaa447444e80ba1a00fae343616&=&format=webp&quality=lossless&width=&height=,,,,,,,,,,,,,
Sloan Romani 10,,,,,,,,,,,,Yubel,,
Sloan Romani 11,,,,,,,,,,,,,"- Born a Pureblooded Blue Nezzim noble, mother was an archaeologist & father handled politics.
- They died during an investigation of a temple being overrun by Kiir.
- Growing up she made friends with a vagabond human, two became very close, and at 18 she got pregnant.
- Had the child in secret by living in another village in the desert for a year.
- Upon having the Ophidiyan, she left him with her spouse Micah and they went into hiding. Sloan knowing nothing about their situation.
- This spurs her on to help Branded and the Rebellion in secret under the alias ""Azure Dream, keeping her cover as Theoris' right hand woman.
- At age 30, she watched Theoris send his son to become a Branded exile, this act cementing in her mind Theoris must die for a better Nezmira.
- Was a capable magician, until she had her abilities purged by the hands of Loftur.
- Her last spell binded and shackled the Angel of the End, saving many lives during the final confrontation.",
Sloan Romani 12,,,,,,,,,,,,,,Litany
Sloan Romani 2,,https://discord.com/channels/1169852846083153941/1170111183869706362/1291459405946032129,,,,,,,,,,,,
Sloan Romani 3,,,"[Alright, let's do this one more time...](https://docs.google.com/spreadsheets/d/1xgQthmG8rjPdXkMt9FEsgvqZNaAJ-LWIbWSIAH4gQNc/edit?gid=0#gid=0)",,,,,,,,,,,
Sloan Romani 4,,,,"Loremaster 2 
Chimerist 3
Entropist 2",,,,,,,,,,
Sloan Romani 5,,,,,,7,,,,,,,,
Sloan Romani 6,,,,,,,"Nezmira, City of Scales",,,,,,,
Sloan Romani 7,,,,,,,,,"The once Blue-Scaled Nezzim now bears dark black scales, the occasional glint of purple and blue hues along them. A change in her very magical nature altering her physical form, showing the severing of her magic from the Dragonlords of Nezmira. Standing taller than most women due to her draconic nature, her stature denotes her as a scholar of the Arcane. She now bears the clothes of a wizard or witch, the styling that of Kor'Tarion of all places as if she found a fascination with their style. Even the looks of her magic altered and strange, now taking on dazzling colors and an otherworldly nature to it.",,,,,
Sloan Romani 8,,,,,,,,,,N/A,,,,
Sloan Romani 9,,,,,,,,,,,"Staff of Scholar's Past - Researcher
Prayer Bead Necklace [1000z Bound Accessory] - Ritual Up",,,
Sol 1,https://i.imgur.com/zIDPVpy.jpeg,,,,,,,,,,,,,
Sol 2,,,https://docs.google.com/spreadsheets/d/1ix24QuJZrIFdJg52hqc_CgagIXcYmua5bZtymuZmCoA/edit?usp=sharing,,,,,,,,,,,
Sol 3,,,,"Spiritist 5
Darkblade 2
Guardian 1",,,,,,,,,,
Sol 4,,,,,,8,,,,,,,,
Sol 5,,,,,,,"Kor'Tarion, The Farwood",,,,,,,
Sol 6,,,,,,,,,"A tall, slender man with long, wispy white hair cascading down his back, adorned with intricate runic tattoos etched along his limbs. Delicate wings made of faint rays of light extend from his shoulders, shimmering softly with every movement.",,,,,
Sol 7,,,,,,,,,,Flight,,,,
Sol 8,,,,,,,,,,,,,,Forgotten Guardian
Solaraynn Ista 1,https://media.discordapp.net/attachments/889392991096148008/1245624609290584167/Screenshot_2024-05-29_232654.png?ex=665a1691&is=6658c511&hm=052ee9a599390a44d97613bcf904e927f5a70a512c771ece2f7ed72c1bc1b64b&=&format=webp&quality=lossless&width=&height=,,,,,,,,,,,,,
Solaraynn Ista 2,,,https://docs.google.com/spreadsheets/d/1eM2-ii45vgkuqJNWgl6L6r8aKP2lXSBBIqk81KB3LEA/edit#gid=0,,,,,,,,,,,
Solaraynn Ista 3,,,,"Elementalist 4, Rogue 1",,,,,,,,,,
Solaraynn Ista 4,,,,,,5,,,,,,,,
Solaraynn Ista 5,,,,,,,"Skamos, Nezmira",,,,,,,
Solaraynn Ista 6,,,,,,,,,"Slightly tan with a white, gold, and blue color scheme. Around 5' 11 in height, with some features of his non-human parent showing (such as his horns, tail, and patches of scales on his skin)",,,,,
Solaraynn Ista 7,,,,,,,,,,,,,,Doubt
Solaris 1,https://cdn.discordapp.com/attachments/1179610873271177236/1239404415413260332/iena.png?ex=6642cccf&is=66417b4f&hm=4062cb8e17892267f18a40a5e808d31511bd298f47a65d9f4d25848e9f18d0e3&,,,,,,,,,,,,,
Solaris 2,,,https://docs.google.com/spreadsheets/d/1YjjT0UsC3rl1jejRtPVev4SsY2xmasfYn5btYWpO-xo/edit?usp=sharing,,,,,,,,,,,
Solaris 3,,,,Fury2/Chimerist3/Loremaster1,,,,,,,,,,
Solaris 4,,,,,,6,,,,,,,,
Solaris 5,,,,,,,"Fire ant village, Tian Yin",,,,,,,
Solaris 6,,,,,,,,,"5'8"" lithe build, armor focused around the waist down. Big metallic slab of steel strapped to back and ornamental jewelry. Too many bandanas. Just. Good lordy. Why do he have so many bandanas?!?!",,,,,
Solaris 7,,,,,,,,,,Cultivator (Fire Qi),,,,
Solaris 8,,,,,,,,,,,,,,Lazy
Solaris Storm 1,https://i.pinimg.com/474x/d5/65/ff/d565ffea6a4289bae197e4144c1fe949.jpg,,,,,,,,,,,,,
Solaris Storm 2,,,https://docs.google.com/spreadsheets/d/1YjjT0UsC3rl1jejRtPVev4SsY2xmasfYn5btYWpO-xo/edit?usp=sharing,,,,,,,,,,,
Solaris Storm 3,,,,Fury 2/ Chimerist 5/Loremaster 6,,,,,,,,,,
Solaris Storm 4,,,,,,13,,,,,,,,
Solaris Storm 5,,,,,,,"Fire Ant Village, Tian Yin",,,,,,,
Solaris Storm 6,,,,,,,,,"Looks like a hot Twunk and an asshole. Exudes an either intense or mild aura of heat where ever he is(So it sucks if they have thermal vision). has too many belts, more armor along the legs than the top, and a massive slab of some mysterious metal with a handle as his blade.",,,,,
Solaris Storm 7,,,,,,,,,,,,,,Revenge
Solomon Winter 1,https://media.discordapp.net/attachments/355940202461528064/1175176840122478642/Solomon.png?ex=663b3d78&is=6639ebf8&hm=c48c8a1360bce85926f4aa74cb3267f661c1d45f7cc39532dc565e1756fe8915&,,,,,,,,,,,,,
Solomon Winter 2,,,https://docs.google.com/spreadsheets/d/100vnCmjxb0vBAFmaq3e7BBGA64zbNtXCx1vITAEeBio/edit?usp=sharing,,,,,,,,,,,
Solomon Winter 3,,,,"Entropist 1, Orator 6",,,,,,,,,,
Solomon Winter 4,,,,,,7,,,,,,,,
Solomon Winter 5,,,,,,,"Lastport, Kor'Tarion",,,,,,,
Solomon Winter 6,,,,,,,,,"A young man of middling height, Solomon Winter nonetheless stands out from a crowd. His hair is blond and tied back, his eyes a soft brown. His attire is an odd mix of a traveller's garb and finery. He carries himself with an air of nobility that belies his inner insecurities.",,,,,
Solomon Winter 7,,,,,,,,,,,Fairy Dragon's Hair Pin (Accessory),,,
Solomon Winter 8,,,,,,,,,,,,,,Belonging
Solána Olowe 1,https://i.imgur.com/AecYdUQ.png,,,,,,,,,,,,,
Solána Olowe 2,,,[They told her to shrink. So she bloomed into a thousand beautiful suns.](https://docs.google.com/spreadsheets/d/1B4BSXbpT17ESXtwqcKbFmCIpWYlgHg6OISQVzyqP_t4/edit),,,,,,,,,,,
Solána Olowe 3,,,,"Orator ★ / Spiritist ★ / Floralist ★ /
Fury [1]",,,,,,,,,,
Solána Olowe 4,,,,,,31,,,,,,,,
Solána Olowe 5,,,,,,,"Blue City, Nezmira",,,,,,,
Solána Olowe 6,,,,,,,,,"Standing at a statuesque 5'9"", Solána possesses a captivating contrast between her rich, dark skin complexion and freckles that adorn her nose, shoulders, and chest. Warm hues of amber, gold, and crimson swirl together in her eyes, closely resembling Nezmira’s luminous sunsets. She often wears large golden earrings, alongside a silver bottom-lip ring piercing.",,,,,
Solána Olowe 7,,,,,,,,,,,"Healer’s Call (Memorize)
Scales of the Twin Currents (Resist: Light, Dark, Poison)",,,
Solána Olowe 8,,,,,,,,,,,,,"- Grew up in Windhaven with her twin brother and grandfather 
- Grandfather prophesied about the Blue City; together, they immigrated there for a better quality of life. 
- Started out as a battlefield medic; later became the revolutionaries’ top emissary/advisor.
- Discovered an Al-Shīfa shrine in the Blue City. Night of clarity later, she felt spiritist magic awaken within her.",
Solána Olowe 9,,,,,,,,,,,,,,Hope
Sonam Kham 1,https://i.imgur.com/XOHPT1j.jpeg,,,,,,,,,,,,,
Sonam Kham 2,,,https://docs.google.com/spreadsheets/d/1FswIV-GcgKy-fFWY6uqguOdKBxFrp_wGhEohZgf8_ho/edit?usp=drivesdk,,,,,,,,,,,
Sonam Kham 3,,,,"Rogue 2
Sharpshooter 2
Esper (Daoist) 3e",,,,,,,,,,
Sonam Kham 4,,,,,,7,,,,,,,,
Sonam Kham 5,,,,,,,"Tian Yin, Ley'tik, Sansarko's Gasp",,,,,,,
Sonam Kham 6,,,,,,,,,"Grey and brown mismatched eyes with and long black hair put in a ponytail, braids partially decorating the hair. A bulky build with several prayer beads and the like wrapped around his wrists. Silk, Furs, and leather belts draped across his form.",,,,,
Sonam Kham 7,,,,,,,,,,,,,"What is more known about Sonam is the reputation of his father, a man who has a list of accomplishments that are rarely seen, including the fostering of a Dojo in the more distant lands of Leytik - Sansarko's Gasp. The dojo has since fallen in obscurity in recent years.  Sonam has been seen in various villages in those isolated islands, leaving as soon as he can, getting resources along the way though very occasionally he stops and gives his aid to the townsfolk.",
Sonam Kham 8,,,,,,,,,,,,,,Ambition
Song-5 1,https://media.discordapp.net/attachments/1220388900703572018/1347368016337305642/da561a9ed6a0655d40841940a3d33906.png?ex=67cd8bff&is=67cc3a7f&hm=80cdeab963172ff05b782630e2b8f8df3c6f23564858a84df5aee968e768ad94&=&format=webp&quality=lossless&width=&height=,,,,,,,,,,,,,
Song-5 10,,,,,,,,,,,,,"Song-5 used to be a human, but she gave all that up willingly to fully become a fey. Now the self-proclaimed ""Queen Fae of the Goldhearted Court,"" she's selflessly ready to give her heart to all creatures! Except demons. Those guys get converted into IKEA furniture.",
Song-5 11,,,,,,,,,,,,,,Hope
Song-5 2,,,https://docs.google.com/spreadsheets/d/1_lHhhNBvjqlWv3PxQJNc8-ApS8CaSNNNPc0yrr8CeBQ/edit?usp=sharing,,,,,,,,,,,
Song-5 3,,,,Spiritualist ✦ | Esper ✦ | Chanter ✦ |  Guardian 2  |  Arcanist 3,,,,,,,,,,
Song-5 4,,,,,#FF8DA1,,,,,,,,,
Song-5 5,,,,,,35,,,,,,,,
Song-5 6,,,,,,,"Snowmaw, Kor-Tarian",,,,,,,
Song-5 7,,,,,,,,,"Song-5 is a 5'5"" Oozian-Nymph girl with optimism almost always on her face. Her arcane, fae-styled armor braces her pink-sunset plasmoid form in place. Her bright, blue eyes sparkle with a matching ever-smiling mouth. She projects her emotions with the four pastel slime extensions of herself that surround her, making expressions that one face would be limited to.",,,,,
Song-5 8,,,,,,,,,,Goldhearted Fairy (Weakness: Mercy),,,,
Song-5 9,,,,,,,,,,,"- ACESSORY - Necklace of Two Parts (Fey Negotiation Necklace/The Wizard)
- ARMOR - (Chivalrous Plate)
- SHIELD - (Scarlet Shield)
- SHIELD - (Runic Shield)",,,
Stock 1,https://images-ext-1.discordapp.net/external/9sJNm8-ceLPWc8OuqrcNuTamiLIPibVZbEbUdZSirWk/%3F1667368684/https/cdna.artstation.com/p/assets/images/images/055/617/422/large/leedonghyun-.jpg,,,,,,,,,,,,,
Stock 10,,,,,,,,,,,,,,hope
Stock 2,,,https://docs.google.com/spreadsheets/d/1R9d2QAwrUAIRkFklwnNR869gjAAGidDVxKSOhyyoG3Q/edit?usp=sharing,,,,,,,,,,,
Stock 3,,,,"10 Merchant, 10 Symbol, 2 Florist, 10 Tinkerer, loremaster 2, darkblade 1",,,,,,,,,,
Stock 4,,,,,,35,,,,,,,,
Stock 5,,,,,,,Terra,,,,,,,
Stock 6,,,,,,,,Ever Unavailable Trader.,,,,,,
Stock 7,,,,,,,,,"5'7
She's lost weight and muscle since she was last seen on the worldhelm. Her complexion has lost color.
The tips of her hair are no longer dyed; visible grey hairs from stress.",,,,,
Stock 8,,,,,,,,,,heirlooms magitech pad,,,,
Stock 9,,,,,,,,,,,,,"-One of the founders of Sparrow; took on personal debt to create the company.

-A realmstorm appeared during a treaty celebration and she woke up in Lhodos.

-Lived there for roughly 5 years before she came to the Worldhealm

-Since then became a business woman of all the realms; using similar but different company titles for each realm.

When she finally returned to Terra discovered:
-17 years had past instead of the 5 years she had experienced in Lhodos
-Her debt has GROWN; contract killers/collectors.
-Her parents inherited the debt became insolvents. (haven't talked to yet)
-Closest friend Darcy Pertovac is now an insolvent (Talking to again)
-How history remembers Stock: ""Disappeared when Sparrow needed her most in the face of her Depts""
-Sparrow believes she died or gave up and left them. 

-Suffering from depression and alcoholism.",
Storm 1,https://media.discordapp.net/attachments/830108476948086785/1330668379635454113/image.png?ex=678ed100&is=678d7f80&hm=9c33f74254b63958188b939e217ba64cdc20d9ee50bfc93c79d8adcbb2b5ee43&=&format=webp&quality=lossless&width=&height=,,,,,,,,,,,,,
Storm 2,,,https://docs.google.com/spreadsheets/d/1cSsS8ovxA285ydTGfjBSUWQagT3JwLmWfsTZgVV5M3k/edit?gid=0#gid=0,,,,,,,,,,,
Storm 3,,,,Dancer 2 | Rogue 2 | Weaponmaster 1,,,,,,,,,,
Storm 4,,,,,,5,,,,,,,,
Storm 5,,,,,,,Lhodos,,,,,,,
Storm 6,,,,,,,,,"Nearly six feet tall (6'10"" if you include the ears), Storm has dark skin that contrasts her silvery-white hair and ice blue eyes. She typically wears a sky blue coat fringed with white and her entire right arm, up to the shoulder, has been replaced with a metal prosthetic. (She always gives a different story when asked how it happened.)",,,,,
Storm 7,,,,,,,,,,,,,"- Born without name to unknown parents, Storm only remembers the hardships of trying to survive on the streets with her sister. 
- Ex-sailor turned pirate, she quickly became a captain due to her charisma and ruthlessness.
- Made a small name for herself by stealing primarily from Merrane's wealthy and giving to the less fortunate.
- When the Merrane began their invasion, she was more than happy to accept the request for help from the KPLA.",
Storm 8,,,,,,,,,,,,,,Freedom
Stroke 1,https://i.imgur.com/0694ZNl.jpeg,,,,,,,,,,,,,
Stroke 10,,,,,,,,,,,,,"- originally part of a Fae group that tended to gathering dreams of mortals (which coalesced as dew on big webs)

- accidentally touched these dreams and realized how bleak/boring their existence was

- used the dream dew to have fun and was thrown out for it to not disturb the group any further

- landed in Kor'Tarion where they were found

- with their ability to 'paint' dreams into reality, Stroke was bought to see that they can use their time meaningfully and have fun

- they often speak in metaphors that are not easy to understand, as they relate to their time as dream tender which can be not easy to understand 

- they relish most experiences even when they're bad/painful etc. as they love this new existence",
Stroke 11,,,,,,,,,,,,,,Discovery
Stroke 2,,https://discord.com/channels/1169852846083153941/1170111183869706362/1343304163118809100,,,,,,,,,,,,
Stroke 3,,,https://docs.google.com/spreadsheets/d/1oOalUzg38HG0pTJLs-3Df3HzLJv-vOz2oJPpU9Uc4YQ/edit?usp=sharing,,,,,,,,,,,
Stroke 4,,,,"Invoker [4], Dancer [1], Empath [2]",,,,,,,,,,
Stroke 5,,,,,,7,,,,,,,,
Stroke 6,,,,,,,Fae,,,,,,,
Stroke 7,,,,,,,,the last Stroke on the canvas,,,,,,
Stroke 8,,,,,,,,,"scrawny person (often presenting female) with blue-ish hair, violet eyes and a big (staff-like) brush in hands",,,,,
Stroke 9,,,,,,,,,,Outcast Fey (weakness: Webs),,,,
"Suitori Izu, Wardancer 1",https://i.imgur.com/FoKoTAt.png,,,,,,,,,,,,,
"Suitori Izu, Wardancer 10",,,,,,,,,,,"[Ringblade (Lunar Ring)](https://discord.com/channels/1169852846083153941/1208284413864189993/1319504891592572959)
[River's Edge](https://discord.com/channels/1169852846083153941/1188741294793691186/1324877834304618568)
[Silken Dance Scarf](https://discord.com/channels/1169852846083153941/1188741294793691186/1321991425788743852) 
[Mist Dancer's Attire](https://discord.com/channels/1169852846083153941/1170946655940530217/1332588874521903154)
[Snakeskin Vest](https://discord.com/channels/1169852846083153941/1335851096169648151/1335862963613077545)
[Sakura Blossom Hairpin](https://discord.com/channels/1169852846083153941/1208284413864189993/1346567196326760459)
[Thunderous Song](https://discord.com/channels/1169852846083153941/1208284413864189993/1348423547042926724)
[Ebb and Flow of the Riptide](https://discord.com/channels/1169852846083153941/1170946655940530217/1351815133537767556)
[Second Chance](https://discord.com/channels/1169852846083153941/1170946655940530217/1355958561364115527)",,,
"Suitori Izu, Wardancer 11",,,,,,,,,,,,"Yebisu, Susanoo",,
"Suitori Izu, Wardancer 12",,,,,,,,,,,,,"* Survivor of an Oni Attack near Ishiyama
* Learned to dance from mother
* Studied Cultivation from books and water
* When helping people move to a safer village, she tried to lure Oni's away. Succedded and then died, or so she thought! (Worldhelm)
* Wishes to liberate the people of Ishiyama
* Pursuing Purusa to realize her Goal",
"Suitori Izu, Wardancer 13",,,,,,,,,,,,,,Ambition
"Suitori Izu, Wardancer 2",,https://discord.com/channels/1169852846083153941/1170111183869706362/1310622628725129258,,,,,,,,,,,,
"Suitori Izu, Wardancer 3",,,https://docs.google.com/spreadsheets/d/1OkzUAgDeCD9p1BHFIthHRNq_DKI2XWyVRRWsORUpsmQ/edit?gid=0#gid=0,,,,,,,,,,,
"Suitori Izu, Wardancer 4",,,,"Rogue ★ 
Dancer 5
Weaponmaster 3 
Mutant 2",,,,,,,,,,
"Suitori Izu, Wardancer 5",,,,,,20,,,,,,,,
"Suitori Izu, Wardancer 6",,,,,,,"Tian Yin, Teisei, near Ishiyama",,,,,,,
"Suitori Izu, Wardancer 7",,,,,,,,"Jade Beauty of Ishiyama, Dancer of Flowing Rivers, Student of the Sword of Teisei, Lady of House Aiuchi",,,,,,
"Suitori Izu, Wardancer 8",,,,,,,,,"Dark haired, pale skinned, blue eyed young woman in a dancer's attire.",,,,,
"Suitori Izu, Wardancer 9",,,,,,,,,,Cultivator (Water),,,,
Summer Rain 1,https://media.discordapp.net/attachments/605938299655290891/1172557208748310558/Summer_Rain.jpg?ex=663b98ff&is=663a477f&hm=396c36f6f94df1a0875bcfd2a88b67e7330c0287ea7a9bf49de2a826516a2401&,,,,,,,,,,,,,
Summer Rain 2,,,https://docs.google.com/spreadsheets/d/1hTYDMK3EMCakZ2olnnwUEwpNrwY6ZRJWLvLd9B0XUPY/edit?usp=sharing,,,,,,,,,,,
Summer Rain 3,,,,Sharpshooter [4] Chimerist [2],,,,,,,,,,
Summer Rain 4,,,,,,6,,,,,,,,
Summer Rain 5,,,,,,,Mountains of Rhew,,,,,,,
Summer Rain 6,,,,,,,,,"A tall, heavily dressed person. None of their skin is visible and they wear a scary mask.",,,,,
Summer Rain 7,,,,,,,,,,,,,,Ambition
Syl'thra 1,https://images-ext-1.discordapp.net/external/0fe0S4B8Kvy0uzUJ6nMNQZy3MLGMXKu2mLe_Ri2uer0/https/cdn.donmai.us/original/81/b3/__original_drawn_by_rain_03129__81b3a820179ec556cad814a4138fbd95.jpg,,,,,,,,,,,,,
Syl'thra 2,,,https://docs.google.com/spreadsheets/d/17liKmUhza5esXlKC5LadupZqxn94qNo0fBPjKGu9qaE/edit?usp=sharing,,,,,,,,,,,
Syl'thra 3,,,,Chimerist 3 / Floralist 4,,,,,,,,,,
Syl'thra 4,,,,,,7,,,,,,,,
Syl'thra 5,,,,,,,"The Farwood, Kor'Tarion",,,,,,,
Syl'thra 6,,,,,,,,,"Syl is about the size of a human teenager and looks similar, with pale skin and a humanoid body structure. However, what sets her apart from a human are her gossamer wings, which hang like a cloak from her back, as well as dainty antennae which twitch inquisitively atop her head. She is clad in robes that are seemingly made from the remnants of a silk cocoon, and clutches a curiously-shaped tree branch close to her at all times.",,,,,
Syl'thra 7,,,,,,,,,,Flight,,,,
Syl'thra 8,,,,,,,,,,,,,,Curiosity
Sylvaine Corinth 1,https://i.imgur.com/EZTqcdO.png,,,,,,,,,,,,,
Sylvaine Corinth 10,,,,,,,,,,,,,,Duty
Sylvaine Corinth 2,,,https://docs.google.com/spreadsheets/d/12ekGKYEjdgQUvcsgNjbq0KGBLOYyE5JNd0VU2LZ6uus/edit?usp=sharing,,,,,,,,,,,
Sylvaine Corinth 3,,,,"9 Arcanist
1 Sharpshooter",,,,,,,,,,
Sylvaine Corinth 4,,,,,#734f96,,,,,,,,,
Sylvaine Corinth 5,,,,,,10,,,,,,,,
Sylvaine Corinth 6,,,,,,,Heartdom - Kaiway,,,,,,,
Sylvaine Corinth 7,,,,,,,,,"Sylvaine stands roughly at 5'10 without her heels on but stands closer to 6' with them. She holds herself to a level of prestige that many would make fun of. Her uniform is always well kept and the emblem of the House of Paladins always shown proudly on her shoulder. When she is without her Regalia she is usually unarmed, but in combat is seen wielding a machine gun known as The Hegemony.",,,,,
Sylvaine Corinth 8,,,,,,,,,,,,True Lilith,,
Sylvaine Corinth 9,,,,,,,,,,,,,"- Born to a family of graduates from Gnosis Academy. Expected great things of her but she often snuck out to try to show some form of rebellion against her parents.
- Met her friend and now bonded Regalia, Myeongjun Shin, during some of the outings. Becoming close friends with him during her childhood.
- Ended up enrolling into the Gnosis Academy after learning of the horrors of the other celestial spheres with Myeongjun.
- Now is the wielder of the Hegemony and training as a Paladin of Lilith.",
Sūn Si Yu 1,https://cdnb.artstation.com/p/assets/images/images/022/491/661/large/kang-heewon-rk-fighter-concept-illust.jpg?1575615278,,,,,,,,,,,,,
Sūn Si Yu 2,,,https://docs.google.com/spreadsheets/d/1Xj6Ycm_fB0XueugkOI7LJ5tSu5r2O2yM5Dom6oJp6hs/edit?gid=0#gid=0,,,,,,,,,,,
Sūn Si Yu 3,,,,"Fury 1
Weaponmaster 3
Lightblade 1",,,,,,,,,,
Sūn Si Yu 4,,,,,,5,,,,,,,,
Sūn Si Yu 5,,,,,,,"Xuanwu City, Wujing Guo, Tian Yin",,,,,,,
Sūn Si Yu 6,,,,,,,,,"A tall young woman at 5'8, Si Yu is a powerful woman. Her body is well muscled, and she wears clothes to show that off. Long brown hair hits the swell of her back, framing her body well.

Often on her right arm is a ludicrously large gauntlet motif'd with a dragon face. The gauntlet often catches fire, especially mid punch.",,,,,
Sūn Si Yu 7,,,,,,,,,,Heirloom - Golden Gauntlets,,,,
Sūn Si Yu 8,,,,,,,,,,,,,"Born in Xuanwu Village to the mastery of a Minor Sect known as the Jade Art Sect.

Born male, but her father had found a pill that he used to help her transition when she realized she was femme

Trained in Cultivation under her father, showed a knack for Body Cultivation and Heavenly Qi.

The Jade Art Sect held onto 5 magical artifacts. A Spear, A Gauntlet, a Sword, a Bow, and a Hammer

Coveted by the Black Fist Sect, the major sect attacked it and managed to steal four of the artifacts.

Si Yu was able to escape only by fleeing with the gauntlet. Her father sacrificed himself to let her escape.

Her life was saved by Dehua. She did not trust the girl at first, but eventually came to rely on her after she was healed.

After 5 months, she was finally fully healed and ready to enact her vengeance. And then a Realm Storm happened.",
Sūn Si Yu 9,,,,,,,,,,,,,,Vengeance
T.R.E.E 1,https://media.discordapp.net/attachments/721758995567607848/1181984594518626394/9f5a61da0de6737c8fb4cc13a8e61b01.jpg?ex=663b9def&is=663a4c6f&hm=62352bfceb3ab7d1746cae3b0f5bdda07edc1c84cf98fa9c7d9277a1514d3b73&,,,,,,,,,,,,,
T.R.E.E 2,,,https://docs.google.com/spreadsheets/d/1sTDR7uyhLc8IHyBvfjrCIxNxxUPkFCmnVNFZSjQYLZo/edit?usp=drivesdk,,,,,,,,,,,
T.R.E.E 3,,,,"Ace of Cards (3), Chimerist (2)",,,,,,,,,,
T.R.E.E 4,,,,,,5,,,,,,,,
T.R.E.E 5,,,,,,,"Forest Home, Merrane, Lhodos",,,,,,,
T.R.E.E 6,,,,,,,,,"T.R.E.E stands at about 5'6"", and is unnaturally dense and heavy due to their construction. Each footfall leaves a dissonant clang as they walk. Where cogs and scrap metal fail them, however, overgrown, seemingly magical flora keeps their form together, and assists in their movements, as vines lace in-between each joint. They carry around a simple binder of magitech cards, and are able to capture photos of whatever they are looking at, as upon closer inspection, the magitech lenses in their eye sockets appear to extend and retract, and change aperture.",,,,,
T.R.E.E 7,,,,,,,,,,Arboreal. Weakness: Bolt. Status Immunity: Enraged.,,,,
T.R.E.E 8,,,,,,,,,,,,,,Duty
Taavi 1,https://cdn.discordapp.com/attachments/785104439140810792/1353402752302059611/Taavi1.jpg?ex=67e18609&is=67e03489&hm=326e199971568458c7d28bed5f82237b0d477fcfb7bae879d2aed731f03ee23c&,,,,,,,,,,,,,
Taavi 10,,,,,,,,,,,,,,Belonging
Taavi 2,,https://discord.com/channels/1169852846083153941/1170111183869706362/1355326901232865322,,,,,,,,,,,,
Taavi 3,,,https://docs.google.com/spreadsheets/d/1rZsCBIArCKYmvsxajdpCqnros3jDRi0Q88bFDrhIH-4/edit?usp=sharing,,,,,,,,,,,
Taavi 4,,,,"Wayfarer 2
Gourmet 2
Merchant 1",,,,,,,,,,
Taavi 5,,,,,#49552d,,,,,,,,,
Taavi 6,,,,,,5,,,,,,,,
Taavi 7,,,,,,,"Gravernmarq, Aldistir",,,,,,,
Taavi 8,,,,,,,,,"Taavi is a light-skinned man with shortish brown hair. He wears a rather wide-brimmed green hat, sometimes decorated with multicoloured flowers.
The coat he wears is rather old and shabby looking, yet it has pleasant look about it.
He carries a bag on his back that contains all the things he needs in life.",,,,,
Taavi 9,,,,,,,,,,,,,"- Human from the aldish Clan in Gravernmarq, left some years ago to learn more about cooking in other dwellings.

- Since he seldom returned to his birthplace, he often had a longing to belong to the places he studied at.

- So when a group of Wandering Merchants came along, all from different parts of the Realm he joined them. The call themselves ""Catalysts of Commerce""

- While on a trip to Blood Pools to gather some bloody thistles for a dish, he was swept up in a Realmstorm and woke up in the Worldhelm",
Takaoka Kiyo 1,https://i.imgur.com/270h4Ga.png,,,,,,,,,,,,,
Takaoka Kiyo 10,,,,,,,,,,,"A collection of World Saver weapons, such as:

Windborne Nodachi: World Saver sword, 【Dex + Dex】+ 1; HR + 14 air damage
+2 Def, +2 M. Def, counts as a shield equipped for skills

Armor with Constitution: Immune to status effects when at full health.",,,
Takaoka Kiyo 11,,,,,,,,,,,,"Kuzunoha (She worships her)

Has bound Antikythera, Yubel, Banshee, and Cupid.",,
Takaoka Kiyo 12,,,,,,,,,,,,,"* Born to a small semi-nomadic community of yokai, mostly tengu, kites blessed by Kuzunoha and their descendants.
* Grew up idolizing her older brother Masayuki and eventually joined him as one of the defenders of their community from Ald attacks and other dangers.
* In one battle they successfully repelled the attackers, only for Kiyo to find that her brother had fallen in the fighting. He died. In another battle, a raider slipped through and killed her unarmed cousin Hisa in the camp.
* Kiyo grew very jaded about all this violence that failed to protect her family, and was pained by thoughts of the family of all the people she had killed. She retreated to desperate idealistic belief that peaceful coexistence must be possible, a rejection that all this pain and death was the only way.
* Swept into a Realmstorm by reckless curiosity, she took well to having a purpose. She may also be running away from things. Just a little.",
Takaoka Kiyo 13,,,,,,,,,,,,,,Coexistence
Takaoka Kiyo 2,,https://discord.com/channels/1169852846083153941/1170111183869706362/1313668312105750601,,,,,,,,,,,,
Takaoka Kiyo 3,,,https://docs.google.com/spreadsheets/d/14hud9MhmUO8sP5QaQf2WNr2cUkNhhA2iSaCB2CfGjps/edit?gid=0,,,,,,,,,,,
Takaoka Kiyo 4,,,,"Orator [★]
Commander [4]
Dancer [★]
Arcanist [4]
Loremaster [2]",,,,,,,,,,
Takaoka Kiyo 5,,,,,581927,,,,,,,,,
Takaoka Kiyo 6,,,,,,30,,,,,,,,
Takaoka Kiyo 7,,,,,,,"Mountains by Kald Forest, Aldistir",,,,,,,
Takaoka Kiyo 8,,,,,,,,,"Kiyo cuts a conspicuous figure at 6'4"" (194 cm) tall and with one very large brown wing at her back, resembling a kite's (or hawk's), on her right-hand side. Her left side has none, a scar visible where it would have been let through her clothes. She has long dark hair which hangs straight, and inhuman golden eyes. Her feet are *quite* large and notably avian, yellow and scaly with three toes in front and one behind, ending in talons.

Her clothing is loose and flowing, ornate but generously layered. Beyond the practical needs of any clothing made on Aldistir, it was made to catch the eye and accentuate movement. Her sandals resemble tengu-geta but are interestingly shaped, given her feet.",,,,,
Takaoka Kiyo 9,,,,,,,,,,None. (No longer has Flight.),,,,
Tatsuya Sakanagi 1,https://cdn.discordapp.com/attachments/782857639481573396/1307197534522839190/Screenshot_2024-11-14_at_20-40-02_Copy_of_DJs_TLEL_Format_NOW_WITH_THEMES_-_Please_make_copy_-_Twitch_Overlay.png?ex=673b6852&is=673a16d2&hm=34e22fa00f0928cab6c22c1a0532197637bbe0e298fe2d7c4bd2ca53a2b49fa9&,,,,,,,,,,,,,
Tatsuya Sakanagi 2,,,https://docs.google.com/spreadsheets/d/1y833J6HxO3uTEYBvCHS-H2SK5w37qKeirzunZ6lWuRo/edit,,,,,,,,,,,
Tatsuya Sakanagi 3,,,,"5 Weaponmaster
2 Elementalist",,,,,,,,,,
Tatsuya Sakanagi 4,,,,,,7,,,,,,,,
Tatsuya Sakanagi 5,,,,,,,"Terra, Haven",,,,,,,
Tatsuya Sakanagi 6,,,,,,,,,"A 5'10ft man, cleanly shaven and cleanly cut hair. Edged proper to standards of a professonal working man. A Serious expression with sullen cheeks as a standard look, making it hard to tell wether or not they are upset about something, sad or otherwise from years of wearing the same look. Beautiful amber eyes dulled by a look of dispassion. While up there in age, maybe due to keeping fit or taking great care of his apperance, he does look maybe a few years younger than he actually is.",,,,,
Tatsuya Sakanagi 7,,,,,,,,,,,,,"- He has been working as an Employee of NTTech as a Office Worker for a some years.
- Recent years he has obtained a temp license from NTT for non-office space jobs.
- Doesn't have much contact with his son.
- Is unhappy with how things seem and feel around NTT as of current times.
- Was suddenly pulled in to the Worldhelm after intervening in a 100Gs operation and pacifying a monster situation.",
Tatsuya Sakanagi 8,,,,,,,,,,,,,,Office Worker
Tenzin el-Shayekh 1,https://i.imgur.com/3oiIDAu.jpeg,,,,,,,,,,,,,
Tenzin el-Shayekh 2,,,"[""Time's on my side now. Sorry if you were hoping to use it against me. (I'm not)""](https://docs.google.com/spreadsheets/d/1-4v1AIKI4ApbI94lQ_5WjPxZ46jNb25oWW6LmlE71hg/edit?usp=sharing)",,,,,,,,,,,
Tenzin el-Shayekh 3,,,,"**Rogue [M]** 
**Elementalist [M]**
**Entropist [M]**
Spiritist 4
Arcanist 2",,,,,,,,,,
Tenzin el-Shayekh 4,,,,,,36,,,,,,,,
Tenzin el-Shayekh 5,,,,,,,"South of Halterian Heights, Nezmira",,,,,,,
Tenzin el-Shayekh 6,,,,,,,,,Tenzin is 5'7 (170cm) with a slight build. He has dark skin and now bright white eyes and hair. On the left side of his face is the bright blue scales that showcase a magic user.,,,,,
Tenzin el-Shayekh 7,,,,,,,,,,,"No More Fear, Apotheotic Robes, No More Suffering, No More Masters",,,
Tenzin el-Shayekh 8,,,,,,,,,,,,,"- Tenzin, now fully himself and connected to Antikythera, is a bit aimless, as he's now actually in the present and doesn't know what to do.",
Tenzin el-Shayekh 9,,,,,,,,,,,,,,Freedom
Thalia Cornerstone 1,https://media.discordapp.net/attachments/1170110980546637915/1177466715634946048/a233fd6cf58cfbc5603882c3e8e18c2e.png?ex=663b0055&is=6639aed5&hm=d6166630bd34a4c60e7f2bd23ca97f4084c7410fc7e78a0bbe4c782ce98b28e2&,,,,,,,,,,,,,
Thalia Cornerstone 2,,,https://docs.google.com/spreadsheets/d/1BShlnA4FLj17kRA5KdLuVpsNj2Vkqw-mdXxNOpGiT0s/edit?usp=sharing,,,,,,,,,,,
Thalia Cornerstone 3,,,,"Guardian 10
Weaponmaster 1
Fury 10
Darkblade (Lightblade) 10",,,,,,,,,,
Thalia Cornerstone 4,,,,,,31,,,,,,,,
Thalia Cornerstone 5,,,,,,,"Tradefair, Kor'Tarion",,,,,,,
Thalia Cornerstone 6,,,,,,,,,A short female human standing at 5'2 with short brown hair and green eyes. She is consistently found in her armor.,,,,,
Thalia Cornerstone 7,,,,,,,,,,,"Ring of Tales
Frost Shield
Scarlet Shield
Chains of Contrition.
Necklace of Two Parts",,,
Thalia Cornerstone 8,,,,,,,,,,,,,"- Born in the slums of Tradefair, taken in by a bandit king.
- Helped as bait for bandits for many years until she was 14.
- The bandit king was defeated by the Golden Claw Mercenaries and she was taken in after they paid for the bounty on her head.
- Spent many years redeeming herself and acting like a knight would.
- Became the squire of the Marshall of Brightshield.",
Thalia Cornerstone 9,,,,,,,,,,,,,,Hope
The Assistant 1,https://images-ext-1.discordapp.net/external/RDIjlDorhSi9qaOU2oyQXtmnpGzDMLgrRNunqXTuRzc/https/cdna.artstation.com/p/assets/images/images/062/854/856/large/nico-schmieder-rock-golem-beauty-5d.jpg,,,,,,,,,,,,,
The Assistant 10,,,,,,,,,,,"**Craggy Coveralls** - Resistance to Bolt + Ice
**Lightning Rod** - +1 to Magic Checks
**Humming Bloom Shield** - Spells that target up to 3 creatures can target up to 4 instead
**Medic's Cloak** - Healing makes allies resist next instance of Physical

Not equipped:
**Antimagic Crystal Brooch** - Dispel can target up to 3 creatures
**Ugly Duckling's Golden Feather** - 1/Scene, after hitting Crisis, recover 20 HP.",,,
The Assistant 11,,,,,,,,,,,,,See the bio,
The Assistant 12,,,,,,,,,,,,,,Self-Determination
The Assistant 2,,https://discord.com/channels/1169852846083153941/1170111183869706362/1197614095982153829,,,,,,,,,,,,
The Assistant 3,,,[Here ya go](https://docs.google.com/spreadsheets/d/1rHhXRa6u-q3dEzhkqZAZxmx9D9RnRf4hiEysI887n6Q/edit?gid=0#gid=0),,,,,,,,,,,
The Assistant 4,,,,"Spiritist ★, Entropist 2, Elementalist 2, Gourmet 6",,,,,,,,,,
The Assistant 5,,,,,#4c1130,,,,,,,,,
The Assistant 6,,,,,,20,,,,,,,,
The Assistant 7,,,,,,,"The Suntouched Isles, Nezmira",,,,,,,
The Assistant 8,,,,,,,,,"Assistant is 7'8"", weighing 319 lbs. They appear to be made wholly of rocks.",,,,,
The Assistant 9,,,,,,,,,,Lithic (Arboreal),,,,
TheresioldaGaratsumiYumikoDraugr 1,https://safebooru.org//samples/4619/sample_31e557f4021f6986e9b378dcb69667163db317d4.jpg?5036603,,,,,,,,,,,,,
TheresioldaGaratsumiYumikoDraugr 2,,,[How may my blade be of assistance?](https://docs.google.com/spreadsheets/d/1XbOJP4cg0QbpJ5-vUm_cIp-VPaa0SRjQh0D6vQYVEXc/edit?gid=741750860#gid=741750860),,,,,,,,,,,
TheresioldaGaratsumiYumikoDraugr 3,,,,"Elementalist 7
weaponmaster1",,,,,,,,,,
TheresioldaGaratsumiYumikoDraugr 4,,,,,,8,,,,,,,,
TheresioldaGaratsumiYumikoDraugr 5,,,,,,,Aldistir,,,,,,,
TheresioldaGaratsumiYumikoDraugr 6,,,,,,,,,"A small and seemingly fragile looking person, Due to his past he looks extremly effeminate and it would not be wrong to assume he be a woman. A fact he likes, simply because he likes womans fashion more than mens",,,,,
TheresioldaGaratsumiYumikoDraugr 7,,,,,,,,,,,,,,Perfection
Theta-13 1,https://cdn.picrew.me/shareImg/org/202405/480390_sP1VZIfc.png,,,,,,,,,,,,,
Theta-13 2,,,https://docs.google.com/spreadsheets/d/1wV88XU_5t6ICfoUHUsOeYToiL-PiHrvjHj24Y0jF-sY/edit?usp=sharing,,,,,,,,,,,
Theta-13 3,,,,"Sharpshooter[2]
fucking CREATU-(Fury)[1]
Chimerist[2]",,,,,,,,,,
Theta-13 4,,,,,,5,,,,,,,,
Theta-13 5,,,,,,,someplace up near Caldera,,,,,,,
Theta-13 6,,,,,,,,,"6'2, pale skin, white hair, a thin tail, horns, one green eye one blue eye, pointy ears, it's outfit consists of a sleeveless shirt with basic armour plating over where his guts would be [y'know.... IF IT HAD ANY], as well as heavy duty black pants and combat boots.",,,,,
Theta-13 7,,,,,,,,,,,nothing.,,,
Theta-13 8,,,,,,,,,,,,,,humanity
Tika & Bow 1,https://media.discordapp.net/attachments/1169877627859914802/1235763496722104350/image.png?ex=663b7cb0&is=663a2b30&hm=b3fec7a88528f54d3d2cf5683333aa1c84b90b1468e6470fff01f211d9634f47&=&format=webp&quality=lossless&width=&height=,,,,,,,,,,,,,
Tika & Bow 2,,,https://docs.google.com/spreadsheets/d/1u2crPhWjo9pDhRD7LFQHqVVDeENNpFCDU3qoFlZc4_8/edit#gid=0,,,,,,,,,,,
Tika & Bow 3,,,,"Loremaster Lv. ★
Merchant Lv. 1
Tinkerer Lv. ★
Wayfarer Lv. 2",,,,,,,,,,
Tika & Bow 4,,,,,,23,,,,,,,,
Tika & Bow 5,,,,,,,Former Royal Engineer of Morrane,,,,,,,
Tika & Bow 6,,,,,,,,,"This duo consists of a tiny pink engineer girl and a cat-size robot that's always either following her around, perched on her shoulders, or folded up into a briefcase somewhere on her person.

Tika's bag has downsized over time, but lots of technology is strewn about her person: a big capacitor on her hip, the butt of a bespoke rifle poking out of her pack, and all the tools somebody might need for impromptu invention.
Though it's usually hidden, a 3""×3"" metal device is implanted in her, just to the left of the small of her back. It whirrs and glows gently at all times.",,,,,
Tika & Bow 7,,,,,,,,,,Cognitive Specter,,,,
Tika & Bow 8,,,,,,,,,,,,,"Tika was an engineering prodigy in Merrane. She's one of the youngest ever to attend the Caldera Engineering Academy, where work for the crown is designed and constructed. When the conquest of Karlgard began, bright minds from Caldera were put to work to win the war, Tika among them. 

She didn't approve, but she kept quiet and put herself to work on infrastructural studies that could prompt a more peaceful joining of nations. When she presented her findings to the regent, she was dismissed for her dissent.",
Tika & Bow 9,,,,,,,,,,,,,,Ambition
Timotee 1,https://media.discordapp.net/attachments/976906540890066964/1304932727749083186/9ffbb72957ce201e93f1b0ef74fcdc78.png?ex=673130ce&is=672fdf4e&hm=51b98f25961afe39363427026fec24f33347b58bd88f31d427d41bb175e32b78&=&format=webp&quality=lossless&width=&height=,,,,,,,,,,,,,
Timotee 2,,,https://docs.google.com/spreadsheets/d/1r61H4QdvdW7esng7JhCxTgyOx5Dn3WWQ1v4J3aoRBRY/edit?gid=0#gid=0,,,,,,,,,,,
Timotee 3,,,,"Sharpshooter 5
Tubjerer 2
Wayferer 1",,,,,,,,,,
Timotee 4,,,,,,5,,,,,,,,
Timotee 5,,,,,,,Costance - Lodhos,,,,,,,
Timotee 6,,,,,,,,,A slim and short human,,,,,
Timotee 7,,,,,,,,,,,,,,Happyness
"Timothy ""Heimdallr"" Maclain 1",https://i.imgur.com/ZaYFUOP.png,,,,,,,,,,,,,
"Timothy ""Heimdallr"" Maclain 10",,,,,,,,,,,,,,Dedication
"Timothy ""Heimdallr"" Maclain 2",,,https://docs.google.com/spreadsheets/d/1kwaoTFqWkGFn49dvTH_QVqf4NyAfkA_TACSSTVYU91Y/edit?usp=sharing,,,,,,,,,,,
"Timothy ""Heimdallr"" Maclain 3",,,,"Sharpshooter 1, arcanist 10, esper 10, loremaster 9",,,,,,,,,,
"Timothy ""Heimdallr"" Maclain 4",,,,,,30,,,,,,,,
"Timothy ""Heimdallr"" Maclain 5",,,,,,,Terra Haven Silver rock,,,,,,,
"Timothy ""Heimdallr"" Maclain 6",,,,,,,,,"Timothy stands a relatively small and scrawny 5'5ft wearing what can affectionately be described as the cyberpunk equivalent of clothes you would throw on in a hurry to get to to work, glasses and in a sort of retro touch carries a wrist mounted computer despite having access to more efficient cybernetics",,,,,
"Timothy ""Heimdallr"" Maclain 7",,,,,,,,,,,"Get!Away Headset: the cost of soul network related rituals performed through navigator or cognitive ghost (if i had it) are halved
Daemonsbane Psirifle: Worldsaver Infantry rifle",,,
"Timothy ""Heimdallr"" Maclain 8",,,,,,,,,,,,"Nimue, Yubel",,
"Timothy ""Heimdallr"" Maclain 9",,,,,,,,,,,,,"Timothy was born in North Rock, while growing up in the most dangerous areas of haven was tough at times, he could always find solace in games which would eventually lead him to wanting and eventually getting a job at SWORD

Freelance soulrunner who has previous connections to SWORD (hence the arcanum) who got bad intel on a job gone wrong and ended up getting sent through a realmstorm

Since becoming a goldhearted Timothy has aspirations of turning his soulrunner gig work into a proper company which he has been growing closer and closer to every day, he does however have a very difficult relationship with the Crimson Specters which could make this difficult",
Tomiko Umikiri 1,https://i.imgur.com/GT98V7L.jpg,,,,,,,,,,,,,
Tomiko Umikiri 10,,,,,,,,,,,,,"- Tomiko was born in Owaga, Teisei
- In her teens, she found her cooking equipment
- She was recently brought to the Worldhelm after having met other Goldhearted",
Tomiko Umikiri 11,,,,,,,,,,,,,,Community
Tomiko Umikiri 2,,,https://docs.google.com/spreadsheets/d/1TfiA_q4uL1G759YeyUE27vSgPeegZK8GaxykiDobB_c/edit?usp=sharing,,,,,,,,,,,
Tomiko Umikiri 3,,,,"Gourmet 4
Arcanist 1",,,,,,,,,,
Tomiko Umikiri 4,,,,,,5,,,,,,,,
Tomiko Umikiri 5,,,,,,,"Owaga, Teisei",,,,,,,
Tomiko Umikiri 6,,,,,,,,,"Tomiko is a 5'8"" tall Half-Kitsune from Owaga, Teisei. She wears bright orange and blue clothing, and is never seen without her cooking equipment.",,,,,
Tomiko Umikiri 7,,,,,,,,,,Heirloom,,,,
Tomiko Umikiri 8,,,,,,,,,,,"An Old Chef's Cleaver (Dagger with Extra Seasoning quality)

Portable Spice Rack (Accessory with Improvisation quality)",,,
Tomiko Umikiri 9,,,,,,,,,,,,Yebisu,,
Tonis 1,https://imgur.com/g3oJvv9.png,,,,,,,,,,,,,
Tonis 2,,,https://docs.google.com/spreadsheets/d/1fsd4iJvvqt229jN4_GY8HQ5v07QuTb6dVmt5MbFEY9U/edit?usp=sharing,,,,,,,,,,,
Tonis 3,,,,"Orator 7
Spiritist **M**
Entropist 4
Arcainist 2",,,,,,,,,,
Tonis 4,,,,,,23,,,,,,,,
Tonis 5,,,,,,,Kor'Tarin (Dryholde),,,,,,,
Tonis 6,,,,,,,,,Skinny 6 ft mute human male wearing a blue overcoat with a feather. Sporting a blond pompadour and carry around a wooden cello.,,,,,
Tonis 7,,,,,,,,,,**The Long Dream**,,,,
Tonis 8,,,,,,,,,,,Queens Warmth (Quality: Loaded Dice),,,
Tonis 9,,,,,,,,,,,,,,Hope
Trif 1,https://i.imgur.com/I4MA7yG.png,,,,,,,,,,,,,
Trif 2,,,https://docs.google.com/spreadsheets/d/15bQITmkX3SQi3p_h_6mncYRpDErrkp5JhcYj832C-94/edit?usp=drivesdk,,,,,,,,,,,
Trif 3,,,,"Floralist 2
Arcanist 3
Merchant 1",,,,,,,,,,
Trif 4,,,,,,6,,,,,,,,
Trif 5,,,,,,,"Terra, City of Nest",,,,,,,
Trif 6,,,,,,,,,"A short 4'10 gal, often found in baggy clothing that hides most of their physique, often stained with dirt given her prior and current occupation.",,,,,
Trif 7,,,,,,,,,,,,,"- Trif was born in The City of Nest and worked with her father at a young age to maintain the fields or the machines that do so. 
- She was raised on company values and often found herself attached to her plants that she had once she was young.
- She had made a name for herself, amongst others in various plant bioenginnering projects in Nest though never as the head researcher.
 - Occasionally, she helped fix up any accidents within the workplace, if someone got injured handling a machine and so on and so forth.",
Trif 8,,,,,,,,,,,,,,Growth
Trinity Heartwell 1,https://i.imgur.com/L0Vk0Go.png,,,,,,,,,,,,,
Trinity Heartwell 2,,,https://docs.google.com/spreadsheets/d/1k986GZSKwL94xQqpQOXCtihTtHmBXJvKve3J3pzXfTg/edit?usp=sharing,,,,,,,,,,,
Trinity Heartwell 3,,,,"Ace of Cards 3
Loremaster 1
Elementist 1",,,,,,,,,,
Trinity Heartwell 4,,,,,,5,,,,,,,,
Trinity Heartwell 5,,,,,,,The Realm of Kor'Tarion,,,,,,,
Trinity Heartwell 6,,,,,,,,,6 foot tall human with blue and purple robes,,,,,
Trinity Heartwell 7,,,,,,,,,,Flight,,,,
Trinity Heartwell 8,,,,,,,,,,,,,"Trinity grew up in KorTarion as a magical human. He finally got accepted into Hudal Academy and was a student there for some time. His dream is to be a professor there and give magic to any creature who desires it, as he feels its a net benefit to society. 

One day while traveling to a beautiful lake he got caught up in a realmstorm and woke up next to a fountain...

Dul, a pumpkin person from KorTarion, introduced Trinity to the Ropes of the Worldhelm.",
Trinity Heartwell 9,,,,,,,,,,,,,,Ambition
Tson Gongn 1,https://images-ext-1.discordapp.net/external/Ypf77ZlviEwX9QCx6-4mgZhkU80Wc1v9A6oP_iwIoZw/https/imgur.com/Dz7YwXZ.png,,,,,,,,,,,,,
Tson Gongn 2,,,https://docs.google.com/spreadsheets/d/1rNhp7tkWz9ycLJz2L_uQZgmdQScc-ah-cP4QHmQwnDg/edit?usp=sharing,,,,,,,,,,,
Tson Gongn 3,,,,"Weapon Master 3
Fury 1
Elementalist 5",,,,,,,,,,
Tson Gongn 4,,,,,,9,,,,,,,,
Tson Gongn 5,,,,,,,Tian Yin,,,,,,,
Tson Gongn 6,,,,,,,,,"He wears a long read robe with blue pants, and black slippers. He has a pair of black, armless sunglasses. His hair is a blazing red hair an his ponytail moves like flames, pointing up and flickering and moving. On his for head is a Bindi and has pointed ears, signifying his half-yokai heritage.",,,,,
Tson Gongn 7,,,,,,,,,,Cultivator,,,,
Tson Gongn 8,,,,,,,,,,,,,,Pride
Tsuihō Hira 1,https://imgur.com/8G5mbY1.png,,,,,,,,,,,,,
Tsuihō Hira 2,,,https://docs.google.com/spreadsheets/d/1Y-yVsdOAFgSjZPt-Y9yyqLK0bAlfNYV7xR7qzMQgNM8/edit?gid=0#gid=0,,,,,,,,,,,
Tsuihō Hira 3,,,,"Entropist 5
Spiritist 3
Esper 2",,,,,,,,,,
Tsuihō Hira 4,,,,,,10,,,,,,,,
Tsuihō Hira 5,,,,,,,Teisei (Hanae),,,,,,,
Tsuihō Hira 6,,,,,,,,,White hair fox ears. Wearing a blue overcoat with a set of flowers on them. (White Anemone),,,,,
Tsuihō Hira 7,,,,,,,,,,Qi Specialist (Wood),,,,
Tsuihō Hira 8,,,,,,,,,,,,,"- Early life he was raised by his kitsune parent who he does not have any memory of

- At 15 he was left to fend for himself near the outskirts of Hanae

- To survive, he uses the limited range of Inari's Will he has to find and heal both humans and kitsune injured from conflict

- Before getting on the ship Tsuiho made a vow of pacifism as the humans of Hanae are still weary of him and the kitsune treats him as a foolish child at best.",
Tsuihō Hira 9,,,,,,,,,,,,,,Belonging
Tsutsuji 1,https://media.discordapp.net/attachments/1179610873271177236/1220913846940729465/Untitled_Artwork.png?ex=663b8460&is=663a32e0&hm=46dfefbd413cec1d5ebfc41e8ee2fc0ae8327cfee7dbed445a300624731687f8&,,,,,,,,,,,,,
Tsutsuji 2,,,https://docs.google.com/spreadsheets/d/1AEc-sm0CvUC6LVUfn1Ab9FKYerFyDUo_mPYVie7sfdc/edit?usp=sharing,,,,,,,,,,,
Tsutsuji 3,,,,"Floralist [5]
Entropist [1]
Chimerist [1]",,,,,,,,,,
Tsutsuji 4,,,,,,7,,,,,,,,
Tsutsuji 5,,,,,,,"The Feywyrd, Aldistir",,,,,,,
Tsutsuji 6,,,,,,,,,"Tsutsuji is a large fox standing 4'2"" at her shoulder with pale blue eyes and a pure white coat. However, when flowers begin to bloom across her body, the fur beneath turns an earthy black. She has three ribbon-like tails that float around her and branches that sprout from her head like antlers, flowers often growing upon them. All manner of flora may take root where she once stepped.",,,,,
Tsutsuji 7,,,,,,,,,,The Beast Who Spoke,,,,
Tsutsuji 8,,,,,,,,,,,,,"Born from the very concept of a warming breeze and the hope of new life, Tsutsuji awoke in the Feywyrd four years ago on the first day of what would become known as spring.
With duty written in her bones, she raced through the forests, leaving a path of flowers in her wake and providing gardens of respite for the wounded allies of Kuzunoha and those fleeing the dangers of the Blood Grotto.
She was forced to flee her domain when an army of Draugr marched upon it, stumbling into a realmstorm before she could be surrounded.",
Tsutsuji 9,,,,,,,,,,,,,,Hope
Tucker Kawasaki 1,https://imgur.com/NMNDimk.png,,,,,,,,,,,,,
Tucker Kawasaki 2,,,https://docs.google.com/spreadsheets/d/1n2_rCy-TPQtES7N1WNqSeSqpoIdPYCYzQj0__GoSoqk/edit?usp=sharing,,,,,,,,,,,
Tucker Kawasaki 3,,,,"3 Gambler [Ace of Cards]
1 Alcoholic [Fury]
1 Raceist [Pilot]",,,,,,,,,,
Tucker Kawasaki 4,,,,,,5,,,,,,,,
Tucker Kawasaki 5,,,,,,,"Silver Canyon, Haven, Terra",,,,,,,
Tucker Kawasaki 6,,,,,,,,,"`I'm a demon. Jet black cloak and jet black soul. I got soot cooked into my kevlar from all the chain smoking I be doing. I gotta maintain the haze. Blood in my nicotine streams.` 
`Like a lesbian I'm out here strapped. Limited edition portable card game playmat that transforms into a pistol. I be shooting my shot like it'll be my last ever.`
`I got those black air force one's, them timberland highlander series combat boots. I tread where lesser men would cry and shit and piss themselves. I'm a real man. I follow through. The left one is smaller than the right one.`
`Combat helmet is bugged. My vitals all read in Esperanto, my HUD screams at me in Hadza, I have to order groceries in Ngbinda. My password is three full sentences of Swahili. Ain't no motherfuckers cracking my subnet.`
`Chest pocket's full of that premium flour. I'm talkin max concentration goblinoid dandruff, powdered symbiotes with instructions in High Shenwa but you already know wtf is going on, I'm snorting this up.`",,,,,
Tucker Kawasaki 7,,,,,,,,,,,,,,Fate
Tyra Godbinder 1,https://i.imgur.com/f2belrJ.png,,,,,,,,,,,,,
Tyra Godbinder 10,,,,,,,,,,,,,,Forgiveness
Tyra Godbinder 2,,,"[I think... today is a fine day for love, no?](https://docs.google.com/spreadsheets/d/14tTjpds9hesfT2KoGSiORhe7p_S_S-inR9Mqe1EOJmo/edit?gid=635415088#gid=635415088)",,,,,,,,,,,
Tyra Godbinder 3,,,,"Arcanist 4, Necromancer ★, Wayfarer 5, Spiritist ★, Entropist 1",,,,,,,,,,
Tyra Godbinder 4,,,,,,30,,,,,,,,
Tyra Godbinder 5,,,,,,,"Heart Hills, Aldistir",,,,,,,
Tyra Godbinder 6,,,,,,,,The Corpse Witch,,,,,,
Tyra Godbinder 7,,,,,,,,,"Tyra is an odd woman, standing at 5'8 with a build that ends up just on the chubbier side. Unlike before, she bares her arms and scars proudly, no longer will she be shamed for her past, not her present. She is covered in Aldistiri runes and tattoos, and scars from battle and blood sacrifice. Her cheek is marked with the brand of the archdemon Sanctimony, and her hair is tinged with gold and an otherworldly teal.

Her 'son', Utsuki Halfborn, is a hulk of a man, some eight feet tall with dark hair and fair skin. His flesh is marked across with stitches, and even though he doesn't talk much, there is a doubtless innocence in his eyes.",,,,,
Tyra Godbinder 8,,,,,,,,,,,,"Cupid (Bound)
Yubel (Bound)
Vanagandr (Bound)
Qilin (Bound)
Kuzunoha (Half Yokai)",,
Tyra Godbinder 9,,,,,,,,,,,,,"Apart from her parents, Tyra spent all her life in Aldistir being rejected and shunned for her half-blooded nature. Once they passed, she was left alone... just her and the snow. And so she wandered. She wandered until she found company in a fellow outcast, an old witch by the name of Olga, who taught her the blackened art of necromancy.

After some time, Tyra put theory to practice, and put life to the lifeless. With her talents, and some months of work, she created the being who would be her son. Though he seemed monstrous on the outside, she loved him with all her heart.

Recently, after an extended stay with the demon Sanctimony and their cult, Tyra has found a measure of confidence. Should the world shun her for her being, then let them do so. But never will she hide herself again.",
Tzera Crawford 1,https://i.imgur.com/L2MJmAq.png,,,,,,,,,,,,,
Tzera Crawford 2,,,https://docs.google.com/spreadsheets/d/1Tne-54U2NhMyD0YXGrbOkTGpgMPhrLO6-dVn8ImOiqU/edit?usp=sharing,,,,,,,,,,,
Tzera Crawford 3,,,,Acanist 3/ Fury ★/ Chimerist ★/ Invoker 5/ Darkblade ★,,,,,,,,,,
Tzera Crawford 4,,,,,,38,,,,,,,,
Tzera Crawford 5,,,,,,,Kor'tarion,,,,,,,
Tzera Crawford 6,,,,,,,,,A tall red haired woman with pointed wolf ears on the top of her head that seem to constantly be shifting towards the nearest sound. Her long mane of red hair is scruffy and full of split ends that seem to curl upwards. Her figure is on the more muscular side with thick arms and legs that are usually covered by the dark tunic and pants that she is wearing.,,,,,
Tzera Crawford 7,,,,,,,,,,,,,Former Vanagandr cursed of Kor’tarion that broke her curse and now hunts the wolf wherever she can.,
Tzera Crawford 8,,,,,,,,,,,,,,Vengence
Valen Bell 1,https://imgur.com/9usztpd.png,,,,,,,,,,,,,
Valen Bell 2,,,https://docs.google.com/spreadsheets/d/13vZYrNXfeFTg7BlLEj5E2OSNJaIf88n4-nDoC4-6Z48/edit?usp=sharing,,,,,,,,,,,
Valen Bell 3,,,,"Guardian: **M**
Weaponmaster: 2
Darkblade: **M**
Arcanist: 3
Elementist: 2",,,,,,,,,,
Valen Bell 4,,,,,,27,,,,,,,,
Valen Bell 5,,,,,,,Kor'Tarion (Ironholde),,,,,,,
Valen Bell 6,,,,,,,,,White hair novice looking male guard wearing outdated armor with a sword and shield.,,,,,
Valen Bell 7,,,,,,,,,,,"Chivalrous Plate
Travel Toboggan
Lucky Wristbands",,,
Valen Bell 8,,,,,,,,,,,,,"- Born and raised in Ironholde

- At 18 was a full time guard and was aspiring to become a Brightshield Knight

- Valen's Father Tadem Bell, died covering one of Valen's guard shift

- In his grief, Valen joined the rising Atee religion

- Valen left his town to go a pilgramage to find a way to redeem himself when seeing his father's death as his fault in his eyes.

- Thanks to a heart to heart talk with Zopheil, Valen reafirms his own will to live and enjoy life",
Valen Bell 9,,,,,,,,,,,,,,Hope
Valentin 1,https://i.imgur.com/OTSL6T3.png,,,,,,,,,,,,,
Valentin 10,,,,,,,,,,Fugitive Experiment,,,,
Valentin 11,,,,,,,,,,,,,"Valentin was raised in a laboratory, subjected to genetic experiments and cybernetic enhancements before escaping due to a series of strange coincidences.
He spent years surviving on the streets, developing a deep hatred for technology and constantly fighting to stay alive.
After a desperate chase, he stumbled upon a medieval-style estate, where the head butler, Archibald Bernstein, took him in and trained him in the ways of servitude and discipline.
Valentin thrived under Archibald’s guidance until a technologically advanced force attacked the estate, leading to Archibald’s death.
Not long after, Valentin was chosen as a Goldhearted, and is now joining the Worldhelm",
Valentin 12,,,,,,,,,,,,,,Duty
Valentin 2,,https://discord.com/channels/1169852846083153941/1170111183869706362/1341168323429273663,,,,,,,,,,,,
Valentin 3,,,https://docs.google.com/spreadsheets/d/1uWhS6UCoeQotku1i26pxqyjSljHb-h9KiGpEJEOsg-k/edit?usp=sharing,,,,,,,,,,,
Valentin 4,,,,"Rogue 2, Entropist 2, Fury 1",,,,,,,,,,
Valentin 5,,,,,#6C3BAA,,,,,,,,,
Valentin 6,,,,,,5,,,,,,,,
Valentin 7,,,,,,,Terra,,,,,,,
Valentin 8,,,,,,,,Maximilian,,,,,,
Valentin 9,,,,,,,,,"Valentin is a 6'4'' tall augmented human, likening the appearance of an anthropomorphic tiger. His fur has an orange/cream tone. Usually he is clad in a tidy and expensive-looking suit, as well as a few distinct adornment, such as his gold necklace that holds a beautiful amber gemstone in it. Valentin's posture is quite proper and polished, adding to a perhaps imposing impression at first sight.",,,,,
Vania 1,https://i.imgur.com/BWQliDy.png,,,,,,,,,,,,,
Vania 10,,,,,,,,,,,,,,Discipline
Vania 2,,[Vania Bio](https://discord.com/channels/1169852846083153941/1170111183869706362/1339482318242316340),,,,,,,,,,,,
Vania 3,,,[Vania Sheet](https://docs.google.com/spreadsheets/d/1aFHoiT6weeZHLVWy9WjTbVe210NgYnrRlroonmqiZgk/edit?gid=0#gid=0),,,,,,,,,,,
Vania 4,,,,Commander 1 | Darkblade 2 | Floralist 5,,,,,,,,,,
Vania 5,,,,,#3A3B3C,,,,,,,,,
Vania 6,,,,,,8,,,,,,,,
Vania 7,,,,,,,Suntower City - Lhodos,,,,,,,
Vania 8,,,,,,,,,"A middleaged woman standing at 5'7"" with long silvering hair and gray eyes, a beauty mark beneath her right eye. Typically dressed in a well kept uniform she carries herself with and air of discipline and confidence.",,,,,
Vania 9,,,,,,,,,,,,,"- Was a career solider in the People's Guard with Merrane.
- Started to develop an unknown illness that caused internal bleeding when her body is strained or stressed.
- Retired from field work at a young age and became a military instructor.
- Was stationed in Suntower to work with troops there.
- Hearing rumors of Suntower seceding from Merrane resolved to stand with Suntower as its been her home for over a decade.
- Begins trying to resharpen combat skills picking up magi-crystals to make up for lack of physicality she once had.
- Started to work harder to keep soldiers in Suntower ready and prepared in the event of retaliation from Merrane due to the rumors or in the event Suntower fully secedes.",
Vanigad Ensed 1,https://i.imgur.com/6XBeiMR.jpeg,,,,,,,,,,,,,
Vanigad Ensed 10,,,,,,,,,,,,"Vanagandr (previously followed)
Lilith (previously followed after leaving family)
Antikythera (""sole follower"")",,
Vanigad Ensed 11,,,,,,,,,,,,,"- A blizzard blasted across the edge of the world.
- A lone Lilith follower sought shelter, finding what seemed to be a long abandoned shrine to the Fallen God.
- The Lilith follower, in return for using the shrine to outlast the blizzard, rejected his previous life and name.
- He gained power from the Fallen God, but in doing so put an expiration date on himself.
- He also gained a new name: Vanigad.",
Vanigad Ensed 12,,,,,,,,,,,,,,Mischief
Vanigad Ensed 2,,"[Who needs a history, really?](https://discord.com/channels/1169852846083153941/1170111183869706362/1345202942759796777)",,,,,,,,,,,,
Vanigad Ensed 3,,,[It's a pleasure to meet you ;)](https://docs.google.com/spreadsheets/d/12OLWLHpDeOSc_LhRJgBoIVQcN0ORm4S6RuXY7GhvIFU/edit?usp=sharing),,,,,,,,,,,
Vanigad Ensed 4,,,,"Arcanist 3
Rogue ★
Empath (Esper) 1",,,,,,,,,,
Vanigad Ensed 5,,,,,,14,,,,,,,,
Vanigad Ensed 6,,,,,,,"Forgotten Shrine of the Fallen God, Aldistir",,,,,,,
Vanigad Ensed 7,,,,,,,,,"A little shorter than average at 5'8"", Vanigad carries himself tall and proud. He has short blonde hair and tends to wear comfortable and well-worn gear suitable for his frozen homeland, though he likes to keep a set of nicer clothing for walking about, and he wears an eyepatch over one eye. His irises seem to shift in the light, so the color is difficult to pin down, but he always has a smile on his face, as if he knows a secret no one else could ever guess.",,,,,
Vanigad Ensed 8,,,,,,,,,,The Long Dream (3/10),,,,
Vanigad Ensed 9,,,,,,,,,,,[A Point of Light](https://discord.com/channels/1169852846083153941/1208284413864189993/1329610134858764359),,,
Vanille Kuylenberg 1,https://images-ext-1.discordapp.net/external/GQiM1rCzPXhrcz0w5fyDXISePl0I0iOBfYiTHAnSUNU/https/i.imgur.com/jtOUyHs.png,,,,,,,,,,,,,
Vanille Kuylenberg 10,,,,,,,,,,,,,,Vengeance
Vanille Kuylenberg 2,,https://discord.com/channels/1169852846083153941/1170111183869706362/1309577078320009299,,,,,,,,,,,,
Vanille Kuylenberg 3,,,https://docs.google.com/spreadsheets/d/1izcLhBpYw0o4dDSgbZ8c87cM_gXK0WRFOunS6WRbg1g/edit#gid=0,,,,,,,,,,,
Vanille Kuylenberg 4,,,,Gourmet 3 / Guardian ★ / Weaponmaster 7,,,,,,,,,,
Vanille Kuylenberg 5,,,,,#d7ba9e,,,,,,,,,
Vanille Kuylenberg 6,,,,,,20,,,,,,,,
Vanille Kuylenberg 7,,,,,,,"Dryholde, Kor'tarion",,,,,,,
Vanille Kuylenberg 8,,,,,,,,,"Vanille is a somewhat petite woman, who would only be about 5'2"" if she could stand. She has no use of her legs and so is always found in a wheelchair, either a ruggedized one for adventuring or a more basic one for more domestic affairs. Despite her disability, however, she maintains a strong physique, displaying lean muscles in her arms and upper body, though these are usually covered by her modest clothing.",,,,,
Vanille Kuylenberg 9,,,,,,,,,,,,,See bio.,
Ven & Vid 1,https://i.imgur.com/wq0UAj8.png,,,,,,,,,,,,,
Ven & Vid 10,,,,,,,,,,,,,"* The result of two great warriors - a demon named Cogitav, and an Empty Monk named Ergo Nonsum - clashing, with Ergo turning Cogitav's soul-rending against it.
* Both of their souls, and all of the collected souls within Cogitav, merged and mixed in a massive maelstrom as it went to Idyll.
* After a century of struggling to take form and passively absorbing souls surround it, the mass eventually congealed into the forms of Ven and Vid.
* This new gestalt soul has only lingering memories of who - and what - it was before this incident. It also hardly has knowledge of what it is to even be alive.
* Held together by force of will and curiosity, this new pair of bodies wanders to find out what life is about, and what its own unlife is for.",
Ven & Vid 11,,,,,,,,,,,,,,Curiosity
Ven & Vid 2,,https://discord.com/channels/1169852846083153941/1170111183869706362/1245557030933237802,,,,,,,,,,,,
Ven & Vid 3,,,[ooooh they spoopy](https://docs.google.com/spreadsheets/d/1szf2gh8LZZU-IW3EV2K-PiEL-QVHA0OF7clBoB02yHM/edit?gid=0#gid=0),,,,,,,,,,,
Ven & Vid 4,,,,"Necromancer 4
Wayfarer 4
Chimerist 3",,,,,,,,,,
Ven & Vid 5,,,,,#20262d,,,,,,,,,
Ven & Vid 6,,,,,,10,,,,,,,,
Ven & Vid 7,,,,,,,"Sansarko Saas, Leytik, Tian Yin",,,,,,,
Ven & Vid 8,,,,,,,,,"Ven is 6'0"", weighing 136 lbs. They seem to be frequently tired, though they frequently look around to gauge their surroundings.

Vid is a small, dark sphere with a single yellow light in the center. It seldom leaves Ven's side, floating around them and acting as their form of speech.",,,,,
Ven & Vid 9,,,,,,,,,,"Idyllic Soul
Technically dead, doesn't deal well with loud sounds.",,,,
Verdugo 1,https://media.discordapp.net/attachments/889392991096148008/1242011706637418536/image.png?ex=6658cf4a&is=66577dca&hm=a11831835dffa1e1ee6af8913c13353a45223cc95dd0943052e5f65d69e85ea1&=&format=webp&quality=lossless&width=&height=,,,,,,,,,,,,,
Verdugo 2,,,https://docs.google.com/spreadsheets/d/1hhyfm2YQASgnl8eelsRH1Oy10UgVU4chP2-DpgMwnRQ/edit#gid=0,,,,,,,,,,,
Verdugo 3,,,,"Loremaster, Weaponmaster, Elementalist",,,,,,,,,,
Verdugo 4,,,,,,5,,,,,,,,
Verdugo 5,,,,,,,"Merrane, Lhodos",,,,,,,
Verdugo 6,,,,,,,,,"5' 10"" with a split aesthetic the white and gold representing the ""good"" side of justice such as returning stolen goods to their original owner, but the red and black side to represent the ""dark"" side of justice such as carrying out a death sentence for a known killer. with more loose or comfortable clothing his movements are relatively unrestricted",,,,,
Verdugo 7,,,,,,,,,,,,,,Justice
Verge Forrester 1,https://i.imgur.com/cXbFqpO.png,,,,,,,,,,,,,
Verge Forrester 10,,,,,,,,,,,,,"-Created in a lab
-sold to T&C
-tortured and experimented on
-escapes to worldhelm
-On mission, learns she has a sister
-recaptured but her and her sister are rescued",
Verge Forrester 11,,,,,,,,,,,,,,Family
Verge Forrester 2,,https://discord.com/channels/1169852846083153941/1170111183869706362/1322680752391061587,,,,,,,,,,,,
Verge Forrester 3,,,https://docs.google.com/spreadsheets/d/12ZoXjlbvReHZqIBvClKYkiHts7GVlXy0bUUdbWuK1FY/edit?gid=0#gid=0,,,,,,,,,,,
Verge Forrester 4,,,,"Mutant 9
Chimerist 2
Guardian 1",,,,,,,,,,
Verge Forrester 5,,,,,#2E0933,,,,,,,,,
Verge Forrester 6,,,,,,12,,,,,,,,
Verge Forrester 7,,,,,,,"Secura, Terra",,,,,,,
Verge Forrester 8,,,,,,,,,"Verge is a tall, dark-haired humanoid with pale skin and red eyes.  Her limbs and a portion of her face and torso are covered in dark purple scales.  Her hands and feet end in sharp black claws.  Her most obvious feature is a massive second set of limbs that grow from her back which she can morph into different appendages.  She wears a sleeveless bodysuit under a black trenchcoat.  Verge has a calm and unintentionally menacing demeanor.",,,,,
Verge Forrester 9,,,,,,,,,,"Fugitive Experiment
When a rule or ability requires you to spend 100 or fewer Hit Points, Mind Points, or
Inventory Points, you may suffer 1d8 Instability Points to ignore that cost.
At the end of each session (approximately four hours of play), you lose 1d6 Instability
Points (to a minimum of zero).
If your Instability Points ever reach 10 or more, you are immediately reduced to 0 Hit
Points and must Surrender. The consequences of this Surrender should be closely tied
to you losing control of your abilities. Then, you lose all Instability Points.",,,,
Vespa 1,https://i.imgur.com/HBYp9uv.jpg,,,,,,,,,,,,,
Vespa 2,,https://discord.com/channels/1169852846083153941/1170111183869706362/1356265434495713483,,,,,,,,,,,,
Vespa 3,,,https://docs.google.com/spreadsheets/d/1--tS9CcWs-P2_X1oVEqoTDosRdzrrJHq4kiaf_9XPa0/edit?usp=sharing,,,,,,,,,,,
Vespa 4,,,,"Loremaster 1, Wayfarer 2, Merchant 2",,,,,,,,,,
Vespa 5,,,,,,5,,,,,,,,
Vespa 6,,,,,,,"Windhaven, Nezmira",,,,,,,
Vespa 7,,,,,,,,,"Hair: Curly Brown
Eyes: Blue
Skin: Freckled & Sunkissed
Height: 5'7""

A woman of average build usually sporting a collared shirt and bracers attached to well worn pants tucked into boots.",,,,,
Vespa 8,,,,,,,,,,,,,"Grew up and orphan, spends most of her time on expeditions and fought in the rebellion.",
Vespa 9,,,,,,,,,,,,,,Discovery
Vigo Mortenkaisen 1,https://media.discordapp.net/attachments/963487842930130975/1218603978082750464/07998d26494b88ed3b3b1a5697315270.png?ex=663b0624&is=6639b4a4&hm=97ff6a6f61ec8b5005b940d5b909bb1505e33080d49337d2b93872df5e19e47b&,,,,,,,,,,,,,
Vigo Mortenkaisen 2,,,https://docs.google.com/spreadsheets/d/14WT_xGbIitodGO6Gg-NvyihqJ4w1QbQtFxuQl7d0XQk/edit?usp=sharing,,,,,,,,,,,
Vigo Mortenkaisen 3,,,,"Commander 3
Weaponmaster 3",,,,,,,,,,
Vigo Mortenkaisen 4,,,,,,6,,,,,,,,
Vigo Mortenkaisen 5,,,,,,,"Brightshield, Kor'Tarion",,,,,,,
Vigo Mortenkaisen 6,,,,,,,,,"Vigo is 5'10"", with black hair and blue eyes. She has a slim frame, but that misleads from the years of built muscle. Often times she can be found wearing her military uniform (as pictured in her art), and carrying her sword.",,,,,
Vigo Mortenkaisen 7,,,,,,,,,,,,,,Ambition
Vik (Vicorous) Aracar 1,https://i.pinimg.com/736x/23/36/bf/2336bf2a42397ff47ac72dfb61830102.jpg,,,,,,,,,,,,,
Vik (Vicorous) Aracar 10,,,,,,,,,,,,,"- Grew up living as a tattoo (symbolism) artist in Aldistir that helped hunt Draugr
- Marksman father gifted him a magic crossbow he stole from a mage
- Father died after the mage found him and depressed Vik storms off to the Worldhelm
- Used to rely on symbols, but now uses potions in combat ever since learning how much he lacks in training
  - Support/Healer to give others the strength he doesn't have",
Vik (Vicorous) Aracar 11,,,,,,,,,,,,,,Empowerment
Vik (Vicorous) Aracar 2,,,"[We're all skilled in different ways, focus on your strengths and you'll do fine. Welcome to the Worldhelm.](<https://docs.google.com/spreadsheets/d/10ksh65o-Y1Vir5y39xp3Dj0ZFXsJIuKsyyBHbpHgD8o/edit?usp=sharing>)",,,,,,,,,,,
Vik (Vicorous) Aracar 3,,,,"Merchant -- 6
Tinker -- 5
Symbolist -- 2",,,,,,,,,,
Vik (Vicorous) Aracar 4,,,,,#673AB7,,,,,,,,,
Vik (Vicorous) Aracar 5,,,,,,13,,,,,,,,
Vik (Vicorous) Aracar 6,,,,,,,"Sixten Camp, Aldistir",,,,,,,
Vik (Vicorous) Aracar 7,,,,,,,,,"Vik has a medium build but broader frame at 6'2 (short for an Ald) and has slightly messy long white hair. They generally travel light with a flowy outfit to show off their multitude of tattoos spanning his body. His smile is usually noticeably small but his eyes are approving, offering his support with a stern face. This merchant sports a heavy crossbow across their back with faint orange runes carved into it and always walks with the sound of clinking potions in their bag.",,,,,
Vik (Vicorous) Aracar 8,,,,,,,,,,"Heirloom -- Scorch the Crossbow
- Side effects include overheating, dizziness, muscle weakness, fainting, and an occasional firey explosion",,,,
Vik (Vicorous) Aracar 9,,,,,,,,,,,"Scorch (a multi[2], +1, fire crossbow)
Aegis Gorgonis (poison resist)",,,
Viola Zabala 1,https://i.imgur.com/3f9tu3p.jpeg,,,,,,,,,,,,,
Viola Zabala 2,,,https://docs.google.com/spreadsheets/d/1tFmlnJrF1JPHd4LhWEsMpI08EQ-QY5K_oMRtcN5_LYg/edit?usp=sharing,,,,,,,,,,,
Viola Zabala 3,,,,"Sharpshooter 3
Darkblade 1
Guardian 1",,,,,,,,,,
Viola Zabala 4,,,,,,5,,,,,,,,
Viola Zabala 5,,,,,,,"City of Scales, Nezmira",,,,,,,
Viola Zabala 6,,,,,,,,,"Standing at 5'10"" with a slender, serpentine frame, she has a body adorned with smooth white and peach-colored scales, accented by aquamarine markings along her ribs and tail. Her eyes are a striking rose-red, and she has Ruby Red horns. She typically wears light armor in shades of white and gold, leaving her midriff exposed for a balanced blend of elegance and agility.",,,,,
Viola Zabala 7,,,,,,,,,,,,,,Optimism
Violet/Carmelita 1,https://i.imgur.com/lr3AqXC.jpeg,,,,,,,,,,,,,
Violet/Carmelita 10,,,,,,,,,,,,,"- Carmelita Aneta, codenamed Violet, was adopted by elite assassins after her parents' death and raised by a brutal mentor named Yori.

- Trained to suppress her emotions and become a ruthless killer, Violet harbored resentment toward her mentor.

- She seized the opportunity to betray Yori when a - group of Vignettes was tasked with eliminating her, killing Yori with a single shot.

- Violet was taken in by another Vignette member, who taught her hacking skills in addition to her combat training.

- After connecting with 100G officers, she became a Vignette assassin, eventually rising to become the right-hand woman of a 100G higher-up.",
Violet/Carmelita 11,,,,,,,,,,,,,,Hope
Violet/Carmelita 2,,https://discord.com/channels/1169852846083153941/1170111183869706362/1309490185918222416,,,,,,,,,,,,
Violet/Carmelita 3,,,https://docs.google.com/spreadsheets/d/1oejoHjgCE10a0j4aPrAzT0AzhzBeKuYEqUTE2zGthEg/edit?gid=564984213#gid=564984213,,,,,,,,,,,
Violet/Carmelita 4,,,,Pilot 1/Rogue 2/ Esper 9,,,,,,,,,,
Violet/Carmelita 5,,,,,#301934,,,,,,,,,
Violet/Carmelita 6,,,,,,13,,,,,,,,
Violet/Carmelita 7,,,,,,,Terra,,,,,,,
Violet/Carmelita 8,,,,,,,,,"Violet/Carmelita stands at 5'7"", with striking white hair streaked with purple. She wears a sleek violet jacket over a black crop top, paired with white shorts and symmetrical stockings with sky-blue accents. Her white boots complete the sharp look.

Always ready for action, Violet carries two pistols holstered at her sides. Her stylish appearance blends cold professionalism with deadly efficiency.",,,,,
Violet/Carmelita 9,,,,,,,,,,N/A,,,,
Vista Wynn 1,https://i.imgur.com/cCAETgu.png,,,,,,,,,,,,,
Vista Wynn 10,,,,,,,,,,,,,"* Was sired as a result of a deal with the Star-Eyed Stranger - one of those ""give you great power in exchange for your firstborn"" kind of deals. Upon taking the deal, Vista's human parent went ""okay, so when do we start?""
* Grew up as an adoptee of a mob/mafia kind of deal. Used for her innate tychokinesis - manipulation of luck. Got herself out when she was young.
* Went to Tradesfair to be a dealer at a shady gambling den, with the intent of scamming rich fucks out of their money. Not many of those types show up at the place she worked at - she found she was just taking from those who didn't have much money to begin with.
* Leapt at the opportunity to do something better with herself.",
Vista Wynn 11,,,,,,,,,,,,,,Aspiration
Vista Wynn 2,,https://discord.com/channels/1169852846083153941/1170111183869706362/1208452979275866213,,,,,,,,,,,,
Vista Wynn 3,,,[heeheehoohoo markdown go brr](https://docs.google.com/spreadsheets/d/1dswsx8Mjo-hNBPnZVlFWsJqXDj6-AUTpU69wCekkhUQ/edit?gid=0#gid=0),,,,,,,,,,,
Vista Wynn 4,,,,"Ace of Cards ★, Elementalist ★, Entropist 7, Chimerist 1",,,,,,,,,,
Vista Wynn 5,,,,,#ad78bf,,,,,,,,,
Vista Wynn 6,,,,,,28,,,,,,,,
Vista Wynn 7,,,,,,,"Tradefair, Kor'Tarion",,,,,,,
Vista Wynn 8,,,,,,,,,"Vista is 5'3"", weighing 159 lbs, dressed to the sevens. It's like being dressed to the nines, but not *that* fancy.",,,,,
Vista Wynn 9,,,,,,,,,,,"Moonlight Card Sleeves - Offensive spells **slow** the target.
Glitter and Gold - Spells that target a **slowed** enemy cost half as much.
Wavecrash Waistcoat - Damage dealt to **slowed** targets ignores Resistances.
Drained Spirits - When recovering MP, you recover 5 extra MP.",,,
Vivian Ashblanc 1,https://cdn.discordapp.com/attachments/1179610873271177236/1334928500221546536/Alt_sky.png?ex=67b3688c&is=67b2170c&hm=b5b35c5bff9118df0a4f1d1726f2cfcda49a993d26f4fea70ff1eb2df218d94c&,,,,,,,,,,,,,
Vivian Ashblanc 10,,,,,,,,,,,,,"Born to the Ashblancs in Dryholde, Vivian lived her life happily betrothed to Ronan Ashwynd. Hunters of the night, trained, tempered, ready to fight alongside the Ashwynds against the monsters that would bring ruin to the pockets of humanity across Kor'tarion. All that was changed when Ronan was cast out, Vivian nearly killed by a Moonshard monster as she pursued him, and left infused with ice magic as she was taken home. Sent to Hudal academy to deal with this new curse, she went for years, only for her life to be upended once again at the blood moon. Surviving and fighting off demons, she returned home- only to find Dryholde shattered, house empty, and her family missing.",
Vivian Ashblanc 11,,,,,,,,,,,,,,Loyalty
Vivian Ashblanc 2,,https://discordapp.com/channels/1169852846083153941/1170111183869706362/1332430968383864865,,,,,,,,,,,,
Vivian Ashblanc 3,,,https://docs.google.com/spreadsheets/d/1yy-RgtWE5Q-FzUxU4yrvKx01SrmJjByZUmv3qOrD8b0/edit?gid=0#gid=0,,,,,,,,,,,
Vivian Ashblanc 4,,,,"Sharpshooter [❄]
Loremaster [2]
Elementalist [1]
Rogue [1]",,,,,,,,,,
Vivian Ashblanc 5,,,,,#33466f,,,,,,,,,
Vivian Ashblanc 6,,,,,,14,,,,,,,,
Vivian Ashblanc 7,,,,,,,"Dryholde, Kor'tarion",,,,,,,
Vivian Ashblanc 8,,,,,,,,,"Vivian stands at a shorter height of 5'6"", a lean figure draped in lightweight hunting gear of mixed leather and cloth with a black mantle edged with black feathers over her shoulders. A feather pendant rests perpetually over her chest, tied with old leather. Pigment seems to be lost in a patch on the right side of her face and on other parts of her body, turning her right eye a smoky grey and interspersing her hair with locks of white with patches of skin a pallid white. Her unaffected eye is an inky black, and her hair is dark brown.",,,,,
Vivian Ashblanc 9,,,,,,,,,,,"`Caladrine Coercive Censer`
Dark/Poison res, undead take 10 damage when they target Vivian.

`Tuerlanu`
A meticulously carved bow of her mother's creation, crafted to fight against the threats of the night. 
*Quality: Dual Hunter (Undead/Demons)*
*Custom weapon - Elemental Weapon (Light), Powerful, Magic Defense Boost*

`Malbriseur`
A gifted bow from the Yubel, hunter of great evils no matter what form they take.
*Quality: World Saver*
*Custom weapon - Elemental Weapon (Light), Powerful, Magic Defense Boost*",,,
"Waylen Karson, AKA Millenium 1",https://i.pinimg.com/736x/e5/b4/75/e5b47580910e946e40a6c1a6c00bf5b0.jpg,,,,,,,,,,,,,
"Waylen Karson, AKA Millenium 2",,[Henshin!](https://discord.com/channels/1169852846083153941/1170111183869706362/1324991607879237662),,,,,,,,,,,,
"Waylen Karson, AKA Millenium 3",,,[Hero Of Justice...](https://docs.google.com/spreadsheets/d/1dzn6JUKl6XCxoxAz_CBzeqo5rqaMOY2Jw8g4ENloL0c/edit?usp=sharing),,,,,,,,,,,
"Waylen Karson, AKA Millenium 4",,,,"Gacha Coin Ace (Ace of Cards) 3
Rider (Pilot) 2
Lucky Fighter (Fury) 1",,,,,,,,,,
"Waylen Karson, AKA Millenium 5",,,,,,6,,,,,,,,
"Waylen Karson, AKA Millenium 6",,,,,,,"North Rock, Haven, Terra",,,,,,,
"Waylen Karson, AKA Millenium 7",,,,,,,,,"Dark skin, black hair, golden eyes, and angular features, Waylen's looks apparently take after his mother. Standing at 6'1"", athletic, and about 55kg, he physically takes after his father. Clothes tend to fit him well, if a little loose, though they never hang off of his frame. He tends to wear casual clothes, but he has some fancier outfits if he needs them.

With his Driver activated, Millenium wears a suit of purple tech-armor over black and dark blue synth-fabric, and a helm with wolf-ish angles and fiery electronics. The Driver itself has three coin slots, arranged diagonally from his right side down to his left.",,,,,
"Waylen Karson, AKA Millenium 8",,,,,,,,,,,,,"- Mother died before he could remember
- Father took care of him throughout his whole life
- After getting a job at a startup company, his father disappeared
- He searched for his father, to no avail
- However, that search made him realize that people were hurting, and turning to the gangs that only drag out their suffering
- He quit his job, stealing the prototype they had been working on
- He took up the mantle of Millenium to take on the gangs that make things worse, to help the people that need it, and eventually, to take on the corps that leave the gangs in charge",
"Waylen Karson, AKA Millenium 9",,,,,,,,,,,,,,Justice
Web 1,https://i.imgur.com/nBl8Jk9.png,,,,,,,,,,,,,
Web 10,,,,,,,,,,,,,,Discovery
Web 2,,https://discord.com/channels/1169852846083153941/1170111183869706362/1336795004722614335,,,,,,,,,,,,
Web 3,,,https://docs.google.com/spreadsheets/d/13qHHqSFzZhxv5Xkej9S4rWPp7eTZTgr32Btirk6P8-U/edit?usp=sharing,,,,,,,,,,,
Web 4,,,,"Spiritist 4, Necromancer 3, Chimerist 2",,,,,,,,,,
Web 5,,,,,,9,,,,,,,,
Web 6,,,,,,,"Kor'Tarion - Fae Realm, Winter Court",,,,,,,
Web 7,,,,,,,,,"A lithely built elf of average height, Web is often seen with a disinterest gaze on her face. Her violet eyes are often hidden under a snow white fringe, the rest of her long hair kept in a long single braid that reaches down to her waist.

Most of the time she can be seen wearing dark clothes, favouring blacks and dark purples or blues. While she wears different styles, she generally favours looser clothing, and universally abhors sleeves.",,,,,
Web 8,,,,,,,,,,Outcast Fairy - Salt Allergy,,,,
Web 9,,,,,,,,,,,,,"- Born in the Winter Court of Kor'Tarion's Fae Realm
- Skilled with healing magic at a young age
- Promised to heal a sick person and failed
- For breaking her word, was exiled from the Winter Court.",
Wen Tian 1,https://i.imgur.com/58gRZ8H.jpeg,,,,,,,,,,,,,
Wen Tian 10,,,,,,,,,,,,,,Ascension
Wen Tian 2,,https://discordapp.com/channels/1169852846083153941/1170111183869706362/1349567582570545254,,,,,,,,,,,,
Wen Tian 3,,,https://docs.google.com/spreadsheets/d/12iMB28AxNmMdv0uO9IVpdxrkQkbGmbgMwD5CbndSZoM/edit?usp=sharing,,,,,,,,,,,
Wen Tian 4,,,,"Daoist 2
Arcanist 2
Rogue 1",,,,,,,,,,
Wen Tian 5,,,,,,5,,,,,,,,
Wen Tian 6,,,,,,,"Xiaohai, Tian Yin",,,,,,,
Wen Tian 7,,,,,,,,,"Wen Tian is a young man of average stature, standing at around 5'9'', with medium-ish length blue hair and a slightly tanned skin.",,,,,
Wen Tian 8,,,,,,,,,,,,Lilith,,
Wen Tian 9,,,,,,,,,,,,,"- grew up poor
- somehow didn't die
- got lucky, learned cultivation from a master 
- is here now :)",
Whispers 1,https://cdn.discordapp.com/attachments/1196744996410380298/1247569724930396201/2d295d465087176630710f9193d611ec.jpg?ex=66627b99&is=66612a19&hm=5e8d18620aee02d5586757a5598ab3ed04ac5a6ab131691c9c9db739e9d1ef82&,,,,,,,,,,,,,
Whispers 2,,,https://docs.google.com/spreadsheets/d/1SUk5EBpy74SfHMa5NiINvOgKrV7pZRU6p4ZFHVHnz9A/edit?usp=drivesdk,,,,,,,,,,,
Whispers 3,,,,Orator[3]/Wayfarer[1]/Guardian[1],,,,,,,,,,
Whispers 4,,,,,,5,,,,,,,,
Whispers 5,,,,,,,"Lastport, Kor'Tarion",,,,,,,
Whispers 6,,,,,,,,,"Varies per account, with a constant of eyes veiled in one way or another, flowy clothing and  a broken mirror held in hand.",,,,,
Whispers 7,,,,,,,,,,"Heirloom: Mirrors - Once per session, the GM can grant 1 fabula point to disconnect Whisper's connection to its rumor, temporarily silencing it.",,,,
Whispers 8,,,,,,,,,,,,,,Truth
Winter 1,https://media.discordapp.net/attachments/619597820588064770/1236651257075077140/token_1__1_-removebg-preview.png?ex=663b6bbb&is=663a1a3b&hm=62fd9f355d0ca9a93007841326b3a1fea1f60f6a46c62df5a8b0691d06db2192&,,,,,,,,,,,,,
Winter 2,,,https://docs.google.com/spreadsheets/d/14quyHeVOaOsJk04npxn4q-pLSkKrThd6TC3Hw4XNFU4/edit?usp=sharing,,,,,,,,,,,
Winter 3,,,,"Elementalist 1, Weapon Master 2, Fury 2",,,,,,,,,,
Winter 4,,,,,,5,,,,,,,,
Winter 5,,,,,,,"High Pass, Aldistir",,,,,,,
Winter 6,,,,,,,,,"A 5'6"" tall minotaur with fluffy legs and a cow's tail in a reddish brown matching her hair. Has large horns and a muscular build.",,,,,
Winter 7,,,,,,,,,,,,,,Forgiveness
Xavi's Rolefill Template 1,https://i.imgur.com/cWx9bjv.png,,,,,,,,,,,,,
Xavi's Rolefill Template 2,,,[this is still the only link it'll auto-adjust](https://docs.google.com/spreadsheets/d/1zthNumtrbbuLpVXmkcTVlYV3ycjK2I3IQJcwFIaUC10/edit?gid=1692081354#gid=1692081354),,,,,,,,,,,
Xavi's Rolefill Template 3,,,,???,,,,,,,,,,
Xavi's Rolefill Template 4,,,,,b00b69,,,,,,,,,
Xavi's Rolefill Template 5,,,,,,???,,,,,,,,
Xavi's Rolefill Template 6,,,,,,,Worldhelm,,,,,,,
Xavi's Rolefill Template 7,,,,,,,,,I'll post the actual character signup when able I just want to make sure I'm included,,,,,
Xavi's Rolefill Template 8,,,,,,,,,,,,,,Flexibility
Xentrithia Mira Dregravor 1,https://i.pinimg.com/236x/f4/f8/40/f4f8407d9a08683be2dec8df76017d20.jpg,,,,,,,,,,,,,
Xentrithia Mira Dregravor 2,,,"[I´ll soften the beaches for you, just tell me.](https://docs.google.com/spreadsheets/d/1XbOJP4cg0QbpJ5-vUm_cIp-VPaa0SRjQh0D6vQYVEXc/edit?gid=0#gid=0)",,,,,,,,,,,
Xentrithia Mira Dregravor 3,,,,"Mutant M
Guardian M
Necromancer M
Chimerist
Weaponmaster",,,,,,,,,,
Xentrithia Mira Dregravor 4,,,,,,34,,,,,,,,
Xentrithia Mira Dregravor 5,,,,,,,Kor´tarion,,,,,,,
Xentrithia Mira Dregravor 6,,,,,,,,,"Physical Description
Definetly on the larger side with a size of 6 feet 10 inches, she is also on the heavier side not just because her height but the mutations her corruption she suffered which mainly also affected her height having tried to transform her into a large predator of the woods but having failed",,,,,
Xentrithia Mira Dregravor 7,,,,,,,,,,,"Rare runic shield-Dual resistances
Rare steel plate - Energy thorns light
Acessory - Vitality up",,,
Xentrithia Mira Dregravor 8,,,,,,,,,,,,,"- got moonscorched (Kor´tarion moon mutation)
- was part of the brightshield guard
- joined the guard early
- went MIA for 10 years due to mutations
- remembers little in regards to details
- Had a humble life before joining the guard.",
Xentrithia Mira Dregravor 9,,,,,,,,,,,,,,Duty
Xi Jianghsi 汐将希 1,https://i.imgur.com/E52XKRL.png,,,,,,,,,,,,,
Xi Jianghsi 汐将希 10,,,,,,,,,,,,,"- Mother Changli, director of the Dawning Grace heavenly cultivation sect, prayed for a holy child.
- Jianghsi is born as a vessel for a reincarnation of Tianlong, Li Jing's (Seraph's) dragon.
- Mother taught him everything she knew.
- Corrupt cultivator from a different sect killed his mother to hold back the competition.
- Jianghsi loses most of the influence his family name held, and is humbled by force.
- Learns about the precarious conditions in Shuanwu City and takes it upon himself to make things better.
- Joins a small rebel group hidden inside the city walls.
- Get's shunted into the Worldhelm in the middle of a scouting operation.",
Xi Jianghsi 汐将希 11,,,,,,,,,,,,,,Hope
Xi Jianghsi 汐将希 2,,,"[Together, we shall shape a better future.](https://docs.google.com/spreadsheets/d/1PCmjOZCkVjlgheD3SE78S9XhpQrubUM6-QqtM4tYdMM/edit?gid=0#gid=0)",,,,,,,,,,,
Xi Jianghsi 汐将希 3,,,,"- Tinkerer 3
- Arcanist 1
- Lightblade 1",,,,,,,,,,
Xi Jianghsi 汐将希 4,,,,,#ffc800,,,,,,,,,
Xi Jianghsi 汐将希 5,,,,,,5,,,,,,,,
Xi Jianghsi 汐将希 6,,,,,,,"Shuanwu City, Wujing Guo, Tian Yin",,,,,,,
Xi Jianghsi 汐将希 7,,,,,,,,,"A charismatic and young-looking cultivator. He is exceptionally well dressed in traditional Shuanwu City garbs, that elude to his connection with a cultivation sect within the city. He does not carry any weapons, always speaks softly, and with a big smile on his face.",,,,,
Xi Jianghsi 汐将希 8,,,,,,,,,,Hunted Emissary (Auspicious Wisdom),,,,
Xi Jianghsi 汐将希 9,,,,,,,,,,,,Li Jing 李靖 (Seraph),,
Xing Wei 1,https://i.imgur.com/scoIZHX.png,,,,,,,,,,,,,
Xing Wei 10,,,,,,,,,,,,,"- Knew about his aptitude for demonic qi from an early age
- His qi aptitude cause him and his family to be shunned
- From a small village near the Stained Forests
- Family killed by a yokai one night, while he could do nothing but hide
- First cultivated demonic qi from the aftermath of his parents' murder
- Learned by feel, fumbling his way through cultivation
- Stalked Teisei, following behind the yokai and corrupt cultivators, cultivating from the aftermath of their battles and killings
- If he could, he tried to help people in trouble, but more often than not, he would only end up getting hurt or coming too late.",
Xing Wei 11,,,,,,,,,,,,,,Hunger
Xing Wei 2,,[There's a fire burning in my heart](https://discord.com/channels/1169852846083153941/1170111183869706362/1345205019065978922),,,,,,,,,,,,
Xing Wei 3,,,[I've come a long way](https://docs.google.com/spreadsheets/d/1HJV0H8goPovEpstliOhdj0pBkRygA4CCfw-dex4mKqk/edit?usp=sharing),,,,,,,,,,,
Xing Wei 4,,,,"Qi Manipulator (Elementalist) 2
Dao of Vengeance (Darkblade) 6
Body Cultivator (Necromancer) ★
Blade Master (Weaponmaster) 2",,,,,,,,,,
Xing Wei 5,,,,,,20,,,,,,,,
Xing Wei 6,,,,,,,"Stained Forests, Teisei, Tian Yin",,,,,,,
Xing Wei 7,,,,,,,,,"5'10"", powerful, and a little intimidating with his facial scars, demon-aesthetic arms and armor, and constant glare, though some of his muscles are partially hidden beneath the yellows, greys, and browns of his second-hand robes. He has olive green eyes and long, dark hair he ties up, but a decent amount still falls in his eyes. Recent events have revealed the rage barely hidden within him.",,,,,
Xing Wei 8,,,,,,,,,,Demonic Qi Specialist,,,,
Xing Wei 9,,,,,,,,,,,"[Akuma no Migite](https://discord.com/channels/1169852846083153941/1208284413864189993/1331844783022276678)
[Yubel's Guandao](https://discord.com/channels/1169852846083153941/1188741294793691186/1309403905444282369)
[Parasite Ring](https://discord.com/channels/1169852846083153941/1208284413864189993/1308806241929269330)
[Axe of the Raging Demon](https://discord.com/channels/1169852846083153941/1208284413864189993/1327817625820205077)
[Challenger's Spear](https://discord.com/channels/1169852846083153941/1170946931791515659/1328588579772960871)
[Yoroi no Gekido](https://discord.com/channels/1169852846083153941/1208284413864189993/1331848270087061504)
[Sekiryu no Ha](https://discord.com/channels/1169852846083153941/1208284413864189993/1345884633635618988)",,,
Yin Yue 1,https://i.imgur.com/XYeh8SY.png,,,,,,,,,,,,,
Yin Yue 2,,,https://docs.google.com/spreadsheets/d/16duSHyfEotBwhBfFDtImk-UVCBAEMvNxvPktJwVEWEE/edit?usp=sharing,,,,,,,,,,,
Yin Yue 3,,,,"Chanter 3
Guardian 2",,,,,,,,,,
Yin Yue 4,,,,,,5,,,,,,,,
Yin Yue 5,,,,,,,"Xuanwu City, Wujing Guo",,,,,,,
Yin Yue 6,,,,,,,,,"A woman with sun-kissed skin, her gaze is captivating. Light green horns emerge gracefully from her forehead, while two larger horns curve just past her temples. Her dark teal hair cascades around her, complementing the flowing attire of a traveling performer. Yet, it’s her eyes that demand attention. Expressive, enchanting, and filled with the allure of someone who knows the world is her stage.",,,,,
Yin Yue 7,,,,,,,,,,"BOON OF AUSPICIOUS WISDOM
You are one of the Bishi’e, a qilin-like people blessed by one of the sealed gods. You gain access to arcanist rituals of the knowledge domain. You also learn one spell from the elementalist, entropist, or spiritist lists. (Spell Chosen: Heal)

>When you take the Study action, your check triggers a critical success if both dice show the same number (and the Check is not a fumble).
Regardless of which boon you took, you also gain the following curse:

CURSE OF HEAVENLY ENMITY
When you Surrender and a villain is on the scene, they may choose to gain an Ultima Point instead of another Surrender consequence. This cannot take them above the maximum UP for their tier (for instance, this cannot bring a Minor villain above 5 Ultima Points). If this happens, all player characters in the game except you gain a fabula point.",,,,
Yin Yue 8,,,,,,,,,,,,,"Raised in the **Jade Bloom Pavilion of Xuanwu City**, Yin Yue grew up in a sanctuary of music and culture, guided by her renowned mother, Yin Mei, who taught her to cultivate through song rather than rigid forms. As a Bishi’e, she possessed an innate talent for harmonizing with the Dao, shaping the elements and fortifying herself through melody.

Though sheltered within the **Pavilion’s Heavenly Blossom Theatre**, she could not ignore the corruption that tainted the city, where powerful sects practiced ruthless cultivation and mortals toiled in the blood mines. Yearning to restore harmony while forging her own legend, Yin Yue set out beyond her homeland, her voice not only a weapon but a promise. To bring balance back to a fractured world and leave behind a song that would be remembered for generations.",
Yin Yue 9,,,,,,,,,,,,,,Glory
Yorick Medraut 1,https://media.discordapp.net/attachments/1170110564819816468/1177724082918264832/adwdad.png?ex=663b4746&is=6639f5c6&hm=bd2c6b82a7af834524fac9c237066fd0a1ff928f559eca24152a1f2206f84cf8&,,,,,,,,,,,,,
Yorick Medraut 2,,,https://docs.google.com/spreadsheets/d/1GOTFEtnN6hZqyk8Be2O3lsq3f8n0HOgbaoxQLQWBQL8/edit?usp=sharing,,,,,,,,,,,
Yorick Medraut 3,,,,"- Dancer [10]
- Fury [6]
- Darkblade [3]
- Weaponmaster [2]",,,,,,,,,,
Yorick Medraut 4,,,,,,21,,,,,,,,
Yorick Medraut 5,,,,,,,"Skuala, Nezmira",,,,,,,
Yorick Medraut 6,,,,,,,,,"Yorick is a 6'4'' well built man, who wears simple gear and baggy pants. He's about 200 pounds, and is rarely seen without his bandalore.",,,,,
Yorick Medraut 7,,,,,,,,,,Heirloom [Bandalore Dusk],,,,
Yorick Medraut 8,,,,,,,,,,,"- Bandalore Dawn
- Demon's Lash
- Fox Garb",,,
Yorick Medraut 9,,,,,,,,,,,,,,Vanity
Yorik 1,https://media.discordapp.net/attachments/1170110980546637915/1241541009968463942/image.png?ex=664a92ab&is=6649412b&hm=2af0a5ab6f981762e1877afb94433f7aa81c229ca9a253f294455e60d77020b0&=&format=webp&quality=lossless,,,,,,,,,,,,,
Yorik 2,,,https://docs.google.com/spreadsheets/d/1Bu_TWAhMy__ukkrAC4-V54Bno1mXyLWxro9b816Yx6w/edit#gid=0,,,,,,,,,,,
Yorik 3,,,,"Mutant 2, Guardian 1, Weaponmaster 2",,,,,,,,,,
Yorik 4,,,,,,5,,,,,,,,
Yorik 5,,,,,,,"Twin Peaks, Aldistir",,,,,,,
Yorik 6,,,,,,,,,"6'5 wall of muscle with gorgeous long blonde hair. He often wears furs and leathers of slain beasts, the most striking being one of a large bear-like beast. His skin is littered with tattoos",,,,,
Yorik 7,,,,,,,,,,,,,,Harmony
Yoyoy 1,https://i.pinimg.com/1200x/80/3f/52/803f525be62ab4926e93eb3b3429cd10.jpg,,,,,,,,,,,,,
Yoyoy 10,,,,,,,,,,,,,,Shame
Yoyoy 2,,https://discord.com/channels/1169852846083153941/1170111183869706362/1328565165943296000,,,,,,,,,,,,
Yoyoy 3,,,https://docs.google.com/spreadsheets/d/1D370djmw-RzvVd7ajHoJP2CfWyS6D_Yp8rtTWYKZZHg/edit?usp=sharing,,,,,,,,,,,
Yoyoy 4,,,,"Elementalist 7
Entropist 1
Spiritist 1",,,,,,,,,,
Yoyoy 5,,,,,,9,,,,,,,,
Yoyoy 6,,,,,,,"Amihan, Sangang-Daan, Tian Yin",,,,,,,
Yoyoy 7,,,,,,,,,"Standing at 5'6"", Yoyoy's body is emaciated and his skin has an almost rotten pallor as his own poisonous Qi runs amok due to deviation. Less than a dozen hairs cling desperately to his scalp, and his facial features are sunken in. His eyes are clouded with a red haze that glows dimly.

His belongings are limited to a well-worn robe and a thick rope belt, as well as a wooden staff which doubles as a walking stick.",,,,,
Yoyoy 8,,,,,,,,,,Qi Specialist (Wood),,,,
Yoyoy 9,,,,,,,,,,,,,"An old cultivator from Sangang-Daan who suffered qi deviation when he and his disciples were captured by Defilers. His disciples sacrificed themselves to allow him to escape, wandering the deserts as a husk of his former self. On the brink of death by starvation and self-inflicted poison, Yoyoy was claimed by the Worldhelm.",
Yui Kiddo 1,https://i.imgur.com/HdUMgaQ.png,,,,,,,,,,,,,
Yui Kiddo 10,,,,,,,,,,,Mirror Snowflake,,,
Yui Kiddo 11,,,,,,,,,,,,,"- Yui never saw her dad and was raised by her mom, sometime in middle school her mom was arrested by a corporate security company for crimes she didn't commit.
- From there Yui grew up on the mean streets struggling to survive and harboring a hatred anybody who would pray on the weak.
- She started standing up for people against corpos and criminals, becoming known as a street tough private investigator.
- Not wanting to appear weak (or cute) she took on body mods to make herself appear more like a monster.
- Through her adventures she learned she had some kind of connection to the world itself, particularly the electricity that buzzed around the city. But this also seemed to include animals and other things as well.
- Eventually she was summoned to the Worldhelm where she's been spending most of her recent time.",
Yui Kiddo 12,,,,,,,,,,,,,,Anger
Yui Kiddo 2,,https://discord.com/channels/1169852846083153941/1170111183869706362/1324820892655812809,,,,,,,,,,,,
Yui Kiddo 3,,,[You want a piece of me?!](https://docs.google.com/spreadsheets/d/1H2s4CP3l2_ZvRRVxXnan6HPWnKjyTVStMUPd3G0YchI/edit?usp=sharing),,,,,,,,,,,
Yui Kiddo 4,,,,"Chimerist 2
Invoker 7
Weaponmaster 1",,,,,,,,,,
Yui Kiddo 5,,,,,#b30000,,,,,,,,,
Yui Kiddo 6,,,,,,10,,,,,,,,
Yui Kiddo 7,,,,,,,Secura - Terra,,,,,,,
Yui Kiddo 8,,,,,,,,,"Yui has done everything she can to get away from being perceived as cute. Primarily this consists of body mods to make her teeth sharp with tusks that jut from the lower jaw, horns on her head, and red skin to make her look more a monster than a human. However she also carries herself with a tough no nonsense sort of attitude, standing at an impressive 6'1"" and giving off a cool defiance to anyone who deals with her. She keeps her hair chopped short and dyed in an androgynous way.

Even through all the toughness she still likes to appear somewhat feminine, she prefers dresses, and can often be seen wearing feminine accessories. Though she draws attention away from them with tougher looking clothing like, belts, chains, and leather. Despite the façade, she can't always hide her gentler side, she sometimes lights up when she sees something she finds cute, though these moments are brief.",,,,,
Yui Kiddo 9,,,,,,,,,,Elemental Soul,,,,
Yukari 1,https://i.imgur.com/TL6bR2k.png,,,,,,,,,,,,,
Yukari 2,,,https://docs.google.com/spreadsheets/d/15mxbbEZDuEwFXUf6gSAhXQshmBuFNtz1gruUPibzzdc/edit?usp=drivesdk,,,,,,,,,,,
Yukari 3,,,,"Dancer 4
Rogue 4
Elementalist 1",,,,,,,,,,
Yukari 4,,,,,,9,,,,,,,,
Yukari 5,,,,,,,"Hidden Lights Village, Adistir",,,,,,,
Yukari 6,,,,,,,,,"A white and grey fox, adorned with charms, and an ever present smirk.",,,,,
Yukari 7,,,,,,,,,,The Beast Who Spoke,,,,
Yukari 8,,,,,,,,,,,,,"- Raised by Kuzonoha priests to guard their village shrine

- Snuck out into the woods often, one day met a wounded Ald lad named Jesper. Instead of killing him, she healed him and sent him on his way.

-The two met again many times, and grew close. One day, Yukari took Jesper to her village in secret.

-The next day, there were raiders at the gate, a regretful Jesper among them.

-The raiders were repelled at great cost. Jesper fled. And Yukari was banished for her treason, left to wander the snow alone.

-Two years later, after witnessing Ragnarok and choosing not to run, she became a Goldhearted.",
Yukari 9,,,,,,,,,,,,,,Connection
Yuki-Na 1,https://media.discordapp.net/attachments/1023826663429132308/1222623689770795129/IMG_1407.jpg?ex=663b254a&is=6639d3ca&hm=23d14b9b2b04fdef88f96fb71381d18d750e68dcc373f925f3d3d407d2a430df&,,,,,,,,,,,,,
Yuki-Na 2,,,https://docs.google.com/spreadsheets/d/1N0JBzScC_XcvM_ZMogm2oWoxnl4MghsJjsXn_iu9rwk/edit?usp=sharing,,,,,,,,,,,
Yuki-Na 3,,,,"Invoker 2, Floralist 5, Esper 1",,,,,,,,,,
Yuki-Na 4,,,,,,8,,,,,,,,
Yuki-Na 5,,,,,,,Farwood (Aldistir),,,,,,,
Yuki-Na 6,,,,,,,,,"Standing at 7'3"" to the top of her head, and upwards of 9' with her 'horns', Yuki-Na cuts an imposing figure.
Somewhat fox-like in appearance, by day her soft white fur flows across her pelt like snowdrifts and down to a long but flat, fluffy tail, while at night, the fur shifts to an onyx black.
From her head sprouts horn-like tree branches, their appearance shifting with her mood and goals: at times, the branches spring with eternally falling cherry blossoms, while at others, they alight with a ghostly blue fire.",,,,,
Yuki-Na 7,,,,,,,,,,The Beast Who Spoke,,,,
Yuki-Na 8,,,,,,,,,,,,,,Duty
Yunalesca 1,https://i.imgur.com/hvYJws6.png,,,,,,,,,,,,,
Yunalesca 2,,https://ptb.discord.com/channels/1169852846083153941/1170111183869706362/1312566236156264478,,,,,,,,,,,,
Yunalesca 3,,,[Yuna](https://docs.google.com/spreadsheets/d/1dmsKcYz9I9M-Q3nbcg5GEOaHXhwShm7oHzxc3_IJpug/edit?gid=1250693187#gid=1250693187),,,,,,,,,,,
Yunalesca 4,,,,"Dancer²
Orator¹
Fury²
⁰ ¹ ² ³ ⁴ ⁵ ⁶ ⁷ ⁸ ⁹ ★",,,,,,,,,,
Yunalesca 5,,,,,,5,,,,,,,,
Yunalesca 6,,,,,,,"Idyll, Paradise",,,,,,,
Yunalesca 7,,,,,,,,,"Yuna is a young woman of average height with a lithe, athletic build, suggesting agility and quickness over brute strength.",,,,,
Yunalesca 8,,,,,,,,,,,,,,Joy
Yuri Sokolov 1,https://images-ext-1.discordapp.net/external/3iHhDrsT3RukZLWlaa0tR96hlVvYHF8HjA_E7nRaduk/https/gbf.wiki/images/b/bf/Nighthound_gran.png,,,,,,,,,,,,,
Yuri Sokolov 2,,,https://docs.google.com/spreadsheets/d/1HqERPiukmDtxvp3wxax8EVCqYWd-kBVPNrJMSxeJeu0/edit?usp=sharing,,,,,,,,,,,
Yuri Sokolov 3,,,,"Sharpshooter 1, Rogue 4",,,,,,,,,,
Yuri Sokolov 4,,,,,,5,,,,,,,,
Yuri Sokolov 5,,,,,,,"Suntower City, Merrane, Lhodos",,,,,,,
Yuri Sokolov 6,,,,,,,,,"Yuri Sokolov is tall, sports a lithe frame with short brown hair and brown eyes. He has a state of the art combat attire, and an experimental bow. His demeanor is distant, he clearly has trouble making friends.",,,,,
Yuri Sokolov 7,,,,,,,,,,Heirloom (Magitech Bow),,,,
Yuri Sokolov 8,,,,,,,,,,,,,,Guilt
"Yuruzu ""The Cobalt Scar"" Eiji 1",https://cdn.discordapp.com/attachments/1094024025291898941/1339332273803362335/Haha.png?ex=67ae55e1&is=67ad0461&hm=be5f75edea81a0f96ccc14916c88e5ef9bcb40e50c4f8384b7c0f55ec904cd5c&,,,,,,,,,,,,,
"Yuruzu ""The Cobalt Scar"" Eiji 10",,,,,,,,,,,,,"- Son of a ""Japanese"" Mom and Dad, has a younger sister.
- Dad became an Insolvent when medical bills couldn't be paid/mom got swindled by loan sharks and his dad passed away.
- He's now working as a temp to become a legendary temp and effectively have his family never worry about expenses again.
- Got augments done to have his body and mind keep up with the work of being a temp for 100gs though is willing to work for all companies save for Tubal & Cain.
- Despite being a temp, he behaves like an honorable samurai and not just a lawless merc.
- Has begun to study Cultivation and master his newfound ""Dao of Cut"".
Training to become a Master Swordsman.",
"Yuruzu ""The Cobalt Scar"" Eiji 11",,,,,,,,,,,,,,Honor
"Yuruzu ""The Cobalt Scar"" Eiji 2",,https://discord.com/channels/1169852846083153941/1170111183869706362/1306172998952288278,,,,,,,,,,,,
"Yuruzu ""The Cobalt Scar"" Eiji 3",,,https://docs.google.com/spreadsheets/d/1_8aktEs94aRRGLFGs56B00Hq4L5h95ScF-cuaRkUF8I/edit?usp=drivesdk,,,,,,,,,,,
"Yuruzu ""The Cobalt Scar"" Eiji 4",,,,"Weaponmaster 10
Esper 2
Entropist 5
Arcanist 1",,,,,,,,,,
"Yuruzu ""The Cobalt Scar"" Eiji 5",,,,,,18,,,,,,,,
"Yuruzu ""The Cobalt Scar"" Eiji 6",,,,,,,"Silver Rock, Haven, Terra",,,,,,,
"Yuruzu ""The Cobalt Scar"" Eiji 7",,,,,,,,,"A broad and heavy body individual, a physique showing some time both honing oneself along with his fair share of fights. Standing well over 6 foot, despite his wolf like appearance he looks put together and profesional. Dressed usually in a white overcoat that resembles a modernized Hakama. His weapon of choice an augmented blade with multiple hilts that resemble Tengu masks. His two most striking features are his sharp eye, the other covered with an eyepatch. The color of them ranging from a piercing turquoise to an even sharper red. The second are his wolf augments throughout his body.",,,,,
"Yuruzu ""The Cobalt Scar"" Eiji 8",,,,,,,,,,Fugitive Experiment,,,,
"Yuruzu ""The Cobalt Scar"" Eiji 9",,,,,,,,,,,N/A,,,
Zahn Rimebow 1,https://images-ext-1.discordapp.net/external/IRxhmBvFfMswyVM5N4I3J9LP3GCqKQbn8pzHFesAOU4/https/i.imgur.com/DeFSeSv.jpg,,,,,,,,,,,,,
Zahn Rimebow 2,,,https://drive.google.com/file/d/15srXXzGeus8WLpU39yvwMiShIPRuL4WU/view?usp=sharing,,,,,,,,,,,
Zahn Rimebow 3,,,,"2 Sharpshooter
3 Elementalist",,,,,,,,,,
Zahn Rimebow 4,,,,,,5,,,,,,,,
Zahn Rimebow 5,,,,,,,Dark Elf from Kor'Tarion,,,,,,,
Zahn Rimebow 6,,,,,,,,,"Stands at around 6' 9''. Lean Body with Ashey Grey Skin and Bluish Silver Hair, His eyes are icey-blue. His outfit would comprise of Regal Looking Dark Teal robes with moon iconography on them. With his bow appearing to be made of ice.",,,,,
Zahn Rimebow 7,,,,,,,,,,,,,,Survival
Zaid al Thuaban'n 1,https://i.imgur.com/C4KLZGf.jpeg,,,,,,,,,,,,,
Zaid al Thuaban'n 10,,,,,,,,,,,,,"- Travels around the sand dunes of Nezmira with his family's caravan. They are aspirants who revere the god Falak-khan.
- As the scion of his family, Zaid inherits the heirloom 'Relic of The Serpent Who Dreamt of Sky'. One day this relic will help reignite the faith.
- Through worship and the trials of life on the dunes, Zaid has grown into a capable adventurer to help serve and venerate the god.
- Part of his family lineage is trapped in servitude to the empire in The Blue City. Zaid seeks an end to slavery in Nezmira, and to revive the religion of Falak-khan in the realm.",
Zaid al Thuaban'n 11,,,,,,,,,,,,,,Ambition
Zaid al Thuaban'n 2,,https://discord.com/channels/1169852846083153941/1170111183869706362/1314624587815850085,,,,,,,,,,,,
Zaid al Thuaban'n 3,,,[Do you have a moment to talk about our lord and saviour Falak-khan?](<https://docs.google.com/spreadsheets/d/1dub-wkUATXXjPtzFAebbdlr3UCLaeT-4tPHH4wVtNNc/edit?gid=1773856997#gid=1773856997>),,,,,,,,,,,
Zaid al Thuaban'n 4,,,,"Chanter 7, Mutant 2, Symbolist 1",,,,,,,,,,
Zaid al Thuaban'n 5,,,,,#ecd321,,,,,,,,,
Zaid al Thuaban'n 6,,,,,,10,,,,,,,,
Zaid al Thuaban'n 7,,,,,,,"Endless Sand Dunes, Nezmira",,,,,,,
Zaid al Thuaban'n 8,,,,,,,,,"Zaid is a white-haired, dark-skinned human in his mid-twenties. Around 6ft tall and lean. He has long white hair and wears distinctly Nezmiran clothing, under which he hides the religious tattoos of his family; golden scales on his arm, and a golden winged serpent above his covered eye. He manifests aspects of the serpent god Falak-khan through bodily transformation, symbols and prayers.",,,,,
Zaid al Thuaban'n 9,,,,,,,,,,"Heirloom - Relic of The Serpent Who Dreamt of Sky, Air vuln and Earth immunity",,,,
Zamitra 1,https://media.discordapp.net/attachments/648280741700042755/1193269893466959992/final_image-removebg-preview.png?ex=663b24f0&is=6639d370&hm=5c00dd50c570800cba0d51ca12840cc16b144dce5e7f97c3a59f626c87993670&,,,,,,,,,,,,,
Zamitra 2,,,https://docs.google.com/spreadsheets/d/1O2XkxUBxFSidOvA-iNWoBg_rF5gYNGBeh20hx6bFmTw/edit?pli=1#gid=0,,,,,,,,,,,
Zamitra 3,,,,"Ace of Cards [3]
Weaponmaster  [2]
Tinkerer [1]",,,,,,,,,,
Zamitra 4,,,,,,6,,,,,,,,
Zamitra 5,,,,,,,Skamos | Nezmira,,,,,,,
Zamitra 6,,,,,,,,,"a very tall man 215cm/7,0 feet tall and weighing 80 kg/ 176 pounds. He is clad in armor made from bugs material and a sword taller than him. He has red eyes dark hair.",,,,,
Zamitra 7,,,,,,,,,,,,,,Gifted soldier from the desert
"Zecht, Celebrant of Steel 1",https://images-ext-1.discordapp.net/external/YBWVbiAwILHuex2Utoe_tmljQP743WyVyI6269HcS_Y/https/i.imgur.com/1zkKwls.png,,,,,,,,,,,,,
"Zecht, Celebrant of Steel 2",,,https://docs.google.com/spreadsheets/d/1yN0gsExPkllRq4FDG-u9bf6XMhbTRGoLeESueBs61ks/edit#gid=0,,,,,,,,,,,
"Zecht, Celebrant of Steel 3",,,,"Darkblade 1, Arcanist 1, Weaponmaster 4",,,,,,,,,,
"Zecht, Celebrant of Steel 4",,,,,,6,,,,,,,,
"Zecht, Celebrant of Steel 5",,,,,,,Lhodos - Karlsgard: Bastion,,,,,,,
"Zecht, Celebrant of Steel 6",,,,,,,,,"A man of a slightly muscular build with silver hair, standing at 6ft 2 inches. He wears vaguely eastern clothing while sporting a single prosthetic leg and eye patch.",,,,,
"Zecht, Celebrant of Steel 7",,,,,,,,,,,,,,Hope
Zeul 1,https://i.imgur.com/OMwNLml.png,,,,,,,,,,,,,
Zeul 2,,[Zeul's Bio](https://discord.com/channels/1169852846083153941/1170111183869706362/1322941276689141820),,,,,,,,,,,,
Zeul 3,,,[Zeul's Sheet](https://docs.google.com/spreadsheets/d/1Y4KsCYD3VJ4OLjC-ijVVJGxulkS6nuk6vg2KISqCS_c/edit?usp=sharing),,,,,,,,,,,
Zeul 4,,,,Ace of Cards [3] | Spiritist [1] | Arcanist [1],,,,,,,,,,
Zeul 5,,,,,#C30010,,,,,,,,,
Zeul 6,,,,,,5,,,,,,,,
Zeul 7,,,,,,,The Oracle's Temple - Nezmira,,,,,,,
Zeul 8,,,,,,,,,"Zeul is a winged man who stands at 5' 11'. He is typically dressed in a black and red hooded priest garb, he does normally keep his hood up. When his hood is down it can be seen that in his hair black feathers are mixed in revealing more of his Ixtali heritage.",,,,,
Zeul 9,,,,,,,,,,,,,,Duty
Zexis 1,https://cdn.discordapp.com/attachments/626949017406013460/1242018948451401769/image.png?ex=664c4fc8&is=664afe48&hm=6e66699b4953ad1762fa79dbfe1a07eb47e24817963700a3a9313d98d9744e6f&,,,,,,,,,,,,,
Zexis 2,,,https://docs.google.com/spreadsheets/d/127F385-mnJUYWpMkOHE4G0SMSCwE1gFDTjTwJamE1zA/edit#gid=0,,,,,,,,,,,
Zexis 3,,,,"Guardian 10
Chimerist 2
Fury 2
Esper 1",,,,,,,,,,
Zexis 4,,,,,,15,,,,,,,,
Zexis 5,,,,,,,Nezmira,,,,,,,
Zexis 6,,,,,,,,,"Taller than most Nezzim, Zexis stands at six feet and nine inches tall. With a bulk to match his broad shoulders, one could say Zexis might be a bodybuilder at first, suggesting he has a routine of rigorous exercise. His body is covered in pearlescent-white scales with horns to match. Dark markings frame his shimmering teal eyes, bringing to mind a likeness of eyeshadow.",,,,,
Zexis 7,,,,,,,,,,,,,,Resolve
Zhao Tao | Schifer 1,https://i.imgur.com/wGuA8AO.jpeg,,,,,,,,,,,,,
Zhao Tao | Schifer 2,,,https://docs.google.com/spreadsheets/d/1wbVYOi8aNxet_aCHfUalkDZBeMlmjH3f_wMYgti0x7g/edit#gid=0,,,,,,,,,,,
Zhao Tao | Schifer 3,,,,"Mutant 3
Weaponmaster 1
Fury 1",,,,,,,,,,
Zhao Tao | Schifer 4,,,,,,5,,,,,,,,
Zhao Tao | Schifer 5,,,,,,,Leytik,,,,,,,
Zhao Tao | Schifer 6,,,,,,,,,"An old, short and bald human wearing martial arts garb covering most of his scarred body.",,,,,
Zhao Tao | Schifer 7,,,,,,,,,,,,,,Mercy
Zid Galloway 1,https://images-ext-1.discordapp.net/external/rJCgVmmoazeb7LqFd4A3uogxdNvFs82mCVaxHQTnu1Y/https/i.imgur.com/0dpTLf4.png,,,,,,,,,,,,,
Zid Galloway 2,,,https://docs.google.com/spreadsheets/d/1al-TnU_udQiRTq_lLRfCPfiqX5yo_lBIH1YSfSD0T38/edit#gid=0,,,,,,,,,,,
Zid Galloway 3,,,,"Tinkerer 5, Sharpshooter 2",,,,,,,,,,
Zid Galloway 4,,,,,,7,,,,,,,,
Zid Galloway 5,,,,,,,Realm of Nezmira,,,,,,,
Zid Galloway 6,,,,,,,,,"6'2, Scrawny, Dark skin and pink hair. His figure is very lanky and also pencil thin, his hands are calloused but his skin is near perfect with only a few blemishes here and there. He always wears a smile on his face",,,,,
Zid Galloway 7,,,,,,,,,,,,,,Discovery
Zmeika 1,https://i.imgur.com/ENcxzcA.png,,,,,,,,,,,,,
Zmeika 2,,https://ptb.discord.com/channels/1169852846083153941/1170111183869706362/1307815528106168463,,,,,,,,,,,,
Zmeika 3,,,[Zmeika](https://docs.google.com/spreadsheets/d/1dmsKcYz9I9M-Q3nbcg5GEOaHXhwShm7oHzxc3_IJpug/edit?gid=413972919#gid=413972919),,,,,,,,,,,
Zmeika 4,,,,"Arcanist⁴
Weaponmaster¹
Mutant¹
⁰ ¹ ² ³ ⁴ ⁵ ⁶ ⁷ ⁸ ⁹ ★",,,,,,,,,,
Zmeika 5,,,,,,6,,,,,,,,
Zmeika 6,,,,,,,"Kor'Tarion, Balefire Isles",,,,,,,
Zmeika 7,,,,,,,,,"Refer to Bio, Otherwise as Picture dipicts.",,,,,
Zmeika 8,,,,,,,,,,Fugitive Experiment,,,,
Zmeika 9,,,,,,,,,,,,,,Growth
Zophiel 1,https://i.imgur.com/mTS07kl.jpeg,,,,,,,,,,,,,
Zophiel 10,,,,,,,,,,,,,,Faith
Zophiel 2,,https://discord.com/channels/1169852846083153941/1170111183869706362/1331684411992703101,,,,,,,,,,,,
Zophiel 3,,,https://docs.google.com/spreadsheets/d/1Ryyx008JSgYVmxlxY4S0hxlFR5BoPJWafZkq19yWWjY/edit?usp=sharing,,,,,,,,,,,
Zophiel 4,,,,"Tinkerer ★
Fury ★
Weaponmaster 5
Spiritist 4
Guardian 1",,,,,,,,,,
Zophiel 5,,,,,#DA422D,,,,,,,,,
Zophiel 6,,,,,,30,,,,,,,,
Zophiel 7,,,,,,,Kor'tarion - Brightshield,,,,,,,
Zophiel 8,,,,,,,,,"A crusader from Brightshield with stark white hair. She stands at just over 5'5, with a trained, military posture, though her smile cuts through the severity.

She has small scar under her bangs where she once once burned by demonfire, but the other wounds have since healed.

She has an odd habit of putting her hand on her own right shoulder when troubled or afraid.",,,,,
Zophiel 9,,,,,,,,,,,,,"- A fleeing survivor of the Night of the Red Sky in Dryholde. Her single father who raised her was killed by demons. Her mother is alive, though she is unknown to Zophiel.
- Zophiel was lost until reaching Brightshield, at which point she enlisted as a Crusader.
- Became a Goldhearted, following the sense of purpose she felt, believing this was what her father's spirit wanted for her.
- Her faith in the King was shattered by fellow Goldhearted who convinced her of his current ""condition."" Between this and some key experiences with a particular demon, she has become critical of the crusade and her own role in it.",
Zora 1,https://cdn.donmai.us/sample/28/5e/__selen_tatsuki_nijisanji_and_1_more_drawn_by_pnkkr4mune__sample-285e0093d88930754f355bc1836d00d9.jpg,,,,,,,,,,,,,
Zora 10,,,,,,,,,,,,,"- Created by T&C as a killer 
- Escaped in their young teenage years 
- Became a Vignette to survive 
- Took in an child who taught her joy for a few years (business also boomed)
- Vivian (child) died as T&C found Zora  
- Forced a smile to keep her job but gave all her money to anyone who opposes T&C 
- Woke up in the Worldhelm after dreaming of her child..",
Zora 11,,,,,,,,,,,,,,Confidence
Zora 2,,,"[""You better not be afraid of fire Darling, I'm about to burn brighter then the sun!!""](<https://docs.google.com/spreadsheets/d/1tZGXwL-Hoqj68MxtUM_wC_BC_Ibs50z0rsuXWd1bMns/edit?usp=sharing>)",,,,,,,,,,,
Zora 3,,,,"Pilot -- 3
Arcanist -- 2",,,,,,,,,,
Zora 4,,,,,#c218d9,,,,,,,,,
Zora 5,,,,,,5,,,,,,,,
Zora 6,,,,,,,"South Rock, Terra",,,,,,,
Zora 7,,,,,,,,Z (work alias),,,,,,
Zora 8,,,,,,,,,"A tall 5'9 women with long hair, Zora has her purple mutation ingrained into her body. Her eyes, hair, and random spots on her body as stained purple. Her left hand and leg however have a black corruption that grow and worsen every other day. Zora always sports a cocky smirk and a punk style to her clothes.",,,,,
Zora 9,,,,,,,,,,,,Tubalcain,,
