profile_name,Age,Backstory Bullet Points,Birth Realm,Character Image,Home Realm,Other Names,Quirk,Relevant Arcana,Remort Changes,Sheet Link,Starting Zenit Roll
"""Trillion"" 1",Thousands of Years Old,,,,,,,,,,
"""Trillion"" 2",,"- Has served Kuzunoha since before the Maddening
- Was once a Witch of a great Circle
- His people have long since died, and he has markings of a demon
- Now seeks to restore Kuzunoha to her former glory
- Believes exercising pacifism is the way to do this.",,,,,,,,,
"""Trillion"" 3",,,"Aaruna, Third Layer of Idyll",,,,,,,,
"""Trillion"" 4",,,,https://i.imgur.com/ekvEbyt.png,,,,,,,
"""Trillion"" 5",,,,,,Secret~!,,,,,
"""Trillion"" 6",,,,,,,Idyllic Soul,,,,
"""Trillion"" 7",,,,,,,,,,[~Do tell ... what is your name?](https://docs.google.com/spreadsheets/d/1cscZWGXFaK-OtjjxxgLYjW-U8lW7lm0-lZ6JMSQPDiY/edit?gid=0#gid=0),
"""Trillion"" 8",,,,,,,,,,,70
Adelphel Durand 1,22?,,,,,,,,,,
Adelphel Durand 2,,"- Adelphel was initially a formless spirits that simply existed in nature until captured by a Necromancer to be used in a magical experiment for a subservient creation in the wake of recent disasters. They were augmented, altered and bound into a humanoid body, however all the changes caused instability in the magic and retained free will to act independently. Deemed a failure as a result.
- They have traveled throughout Kor'Tarion helping those they come across of all kinds when able without discrimination.
- They offer aid for many issues, from things like helping with a farm or defending people from life or death situations, doing so without want of reward in return.
- They appears to be a knight of some kind in attire but holds no real symbol nor claims any titles.
- They don't appear to have memories of their past, in a sense of they remember having parents and living in a nice village but nothing solid. The lack of past and memories causes them to cherish new meetings.",,,,,,,,,
Adelphel Durand 3,,,Kor'Tarion,,,,,,,,
Adelphel Durand 4,,,,https://i.pinimg.com/736x/4c/9f/c3/4c9fc3968dc532d8bc53a35101b72578.jpg,,,,,,,
Adelphel Durand 5,,,,,,,The Long Dream,,,,
Adelphel Durand 6,,,,,,,,,,https://docs.google.com/spreadsheets/d/1ndHlIeAhAsfyIXXFBLH72X_Bio8GqPcgrVvIIg7p9yA/edit?usp=sharing,
Adelphel Durand 7,,,,,,,,,,,80
Aelina Van Deivoet 1,20,,,,,,,,,,
Aelina Van Deivoet 2,,"-Born to the once Royal House of Deivoet, Aelina is a third generation Lost. Her family having once been something of great import in their home realm, they have faded since becoming part of Ripplith.

-Her family is know for storm magic, the ability to summon and control the weather, which earns them a spot among the more noble houses of Ripplith, but under the High Queen.

-Aelina enrolls in the prestigious Gnosis Academy in Heartdom due to pressure from her Famiy and expectations placed on her as the next Matriarch of the house.

-She becomes part of the House of Treasures using her skills in magic to rise to near the top of her class before committing it the Rite of Arms, taking the form of a ring blade.

-Later, when about to commit to her Reagent  Caspian Riviera in the ceremony of Binding, she is rejected by him in front of the entire school. Afterwards she spirals, but is trying so very hard to build herself back up to be the Regalia she knows she can be.",,,,,,,,,
Aelina Van Deivoet 3,,,"Ripplith, Kaiway",,,,,,,,
Aelina Van Deivoet 4,,,,https://i.imgur.com/TEktML0.jpeg,,,,,,,
Aelina Van Deivoet 5,,,,,Ripplith,,,,,,
Aelina Van Deivoet 6,,,,,,,Regal Vessel,,,,
Aelina Van Deivoet 7,,,,,,,,- Lillith,,,
Aelina Van Deivoet 8,,,,,,,,,,https://docs.google.com/spreadsheets/d/134gqfUvaQQj35S-2OuDokqOuThYd9au-OJ_wcTxkUcw/edit,
Aer Drasil 1,??,,,,,,,,,,
Aer Drasil 2,,"- **Heroic End**: Fell in battle defending her people against a relentless enemy.  

- **Arrival in Idyll**: Awoke in *Asga*, an afterlife of endless duels, trials of might, and warrior camaraderie—a paradise for her spirit.  

- **Corruption of Asga**: Peace was shattered as honor turned to madness, battles became depraved slaughter, and death tainted the hallowed fields.  

- **Becoming a Valkyrie**: Refusing despair, she took up her spear again, her indomitable will transforming her into a Valkyrie.  An Angel of Nimue.

- **Salmon’s Reach**: Found refuge in this sanctuary and became one of its protectors.  

- **Purpose Beyond**: With Vanagandr slain, Aer now must discover what her path is beyond her original aim.",,,,,,,,,
Aer Drasil 3,,,"Asga, Idyll",,,,,,,,
Aer Drasil 4,,,,https://i.imgur.com/eRU7y6E.png,,,,,,,
Aer Drasil 5,,,,,"Asga, Idyll",,,,,,
Aer Drasil 6,,,,,,,Idyllic Soul,,,,
Aer Drasil 7,,,,,,,,,,https://docs.google.com/spreadsheets/d/1fmIqFIjipb6lhR3fMx_kplpEA9eAV1MsJT1YWqYRwac/edit?usp=sharing,
Aerah 1,19,,,,,,,,,,
Aerah 2,,"- Was born with a magical mutation that causes her voice to be volatile if uncontrolled, as such she was told not to speak.
- Due to an outburst she ended up accidently killing one of her bullies as a child and harming other.
- This lead to law suits putting her family into debt, which her mother tried to gamble to get out of.
- 777LC saw potential with Aerah's talents and offered her a job to help pay off her family's debt. This lead to her joining their Roller Derby circut that people bet on.",,,,,,,,,
Aerah 3,,,Terra,,,,,,,,
Aerah 4,,,,https://i.imgur.com/MyDDwfT.png,,,,,,,
Aerah 5,,,,,,,Heirloom: Vocal Stabilizer - Flaw - When trying to speak or using abilities that require creatures to hear you this device may malfunction.,,,,
Aerah 6,,,,,,,,,,https://docs.google.com/spreadsheets/d/1fFKlS5IEx1x_GXiaMz8C_N772NXfd54ljt3ZzCmtQl0/edit?gid=0#gid=0,
Agata Nergath 1,26,,,,,,,,,,
Agata Nergath 2,,"-Born in Hidela to Annalise Augustein and Milo Nergath. Annalise was a volunteer in the early Demon hosting process. It severely effected her health, as she died shortly after giving birth to Agata

- Agata managed to somehow inherit her Esper Abilities from her mother, purifying it into a demon of positive energy. 

- In her adolescence she had to live out in Hidela’s junkyard as her powers where uncontrollable and dangerous to those around her.

- When she was able to manage them, she returned to her father with an intense love of mechanics.

- after joining with the worldhelm she merged with her Demon, Agerion, to become a joined entity.

- she is the current custodian of the Font of Joy, a shard of positive soul network than she intends to use to heal the network at large.",,,,,,,,,
Agata Nergath 3,,,"Hidela, Lhodos",,,,,,,,
Agata Nergath 4,,,,https://i.imgur.com/KI4NYrO.jpeg,,,,,,,
Agata Nergath 5,,,,,Lhodos,,,,,,
Agata Nergath 6,,,,,,,Cognitive Spector,,,,
Agata Nergath 7,,,,,,,,"Yubel, Antikythera, Root",,,
Agata Nergath 8,,,,,,,,,,https://docs.google.com/spreadsheets/d/1X_UJz_yyYQDFazHLfTod4lJ0Y9DGpd4Uo70ZtbK6yw8/edit,
Ajit Choden 1,23,,,,,,,,,,
Ajit Choden 2,,"- Born in Draklung village alongside his brother Ngawang Choden. 
- The two became separated when Ajit was 10 due to a Spirit Beast attack, being taken by other Villagers to the Temple of Growth.
- There as a Cultivator, he didn't take to the Void Monk's practices but did become friends with a life Qi Cultivator named Eshani.
- The two became so close they engaged in Holy Harmony.
- They alongside others of the temple fled with the aid if the Goldhearted and made Daringanga Village. 
- After doing battle with a Spirit beast alongside other Cultivators, Eshani took it's core and consumed it via Corrupt Cultivation
- To preserve his life and Cultivation, Ajit forcibly severed himself from her. The act physically and spiritually painful along with taking a toll, he was forced to recover and now has developed a Heart Demon.",,,,,,,,,
Ajit Choden 3,,,"Tian Yin, Leytik, Draklung Village",,,,,,,,
Ajit Choden 4,,,,https://cdn.discordapp.com/attachments/1030967148295770233/1325551338754543616/Moko_Raion_edit3.png?ex=67822222&is=6780d0a2&hm=78207924a189c3051e84d542b25f37a8f7da447cebbb9cf5db0a6cc5052a1e3e&,,,,,,,
Ajit Choden 5,,,,,"Tian Yin, Leytik, Daringanga Village",,,,,,
Ajit Choden 6,,,,,,,Qi Specialist,,,,
Ajit Choden 7,,,,,,,,N/A as of right now,,,
Ajit Choden 8,,,,,,,,,"Changing Melee Weapon Mastery to Bladestorm
Arcane Armament changes to Magitech Armament changes",,
Ajit Choden 9,,,,,,,,,,https://docs.google.com/spreadsheets/d/1WGlYLXi5i3O1GfilXHu-kQ1Y0EnMGFoXjSpiWIDe0wY/edit?usp=sharing,
Akahime Fuyumi 1,35,,,,,,,,,,
Akahime Fuyumi 2,,"- Akahime, a serpentine yokai, has wandered the frozen land of Aldistir for nearly a decade guiding lost souls to their next destination.

- At the Grasping Tree, she found the Night Lantern: a glowing, chained staff that seems to comfort those who have succumbed to fear and marks her as a beacon for both the lost and the dangerous.

- As her presence began drawing attention, she trained to defend herself and protect the innocents she ferried from predators and vengeful entities.

- She encountered corrupted beings, especially draugr, and took it upon herself to cleanse them and guide them back into the soul cycle.

- Lost within a realmstorm, she found her way to the Worldhelm, where she embraced a greater calling—extending her duties beyond Aldistir to other realms.

- Now, she travels between worlds, learning their secrets and continuing her quiet mission: to protect, guide, and redeem the lost and the damned.",,,,,,,,,
Akahime Fuyumi 3,,,Aldistir,,,,,,,,
Akahime Fuyumi 4,,,,https://i.imgur.com/GiPzQkL.png,,,,,,,
Akahime Fuyumi 5,,,,,,,"Heirloom:
The Night Lantern guides the lost—those whose spirits wander through the bleak blizzards where even Akahime’s sirenic voice cannot reach. Yet, the lantern’s light pierces through. Suspended from its chain at the end of her staff, it offers a sense of control, comfort, and quiet confidence to those nearby. In her hands, it becomes more than a beacon—it is a weapon, radiant and resolute, used to banish darkness in all its forms. Unfortunately, not everything the lantern attracts is friendly...

Custom Item: 
Base Form: Arcane, melee, [HR+7], [WIL + WIL], Transforming, Magic Defense Boost, Defense Boost, Damage type: Light
Transformation: Flail, melee, [HR+12], [DEX + WIL], Transforming, Accurate, Powerful, Damage type: Light
Rare Item Quality: Harmonious, Damage Change - Light",,,,
Akahime Fuyumi 6,,,,,,,,,,https://docs.google.com/spreadsheets/d/1LDOTs4O8nw_HiJshhKN-ngt7e8b_P54XHmczQKnxm8A/edit?gid=0#gid=0,
Akahime Fuyumi 7,,,,,,,,,,,80
Akar Ceba 1,23,,,,,,,,,,
Akar Ceba 2,,"- Solitary Shepherd of his large flock of sheep
- Living in Paradise, spending time taking care of his flock, his home and friends and family, unaware of what is happening in the realm or the Sea as a whole
- Goes off to find a missing sheep one day 
- Finds it, but gets swept away by a Realmstorm and lands on the Helm",,,,,,,,,
Akar Ceba 3,,,Idyll,,,,,,,,
Akar Ceba 4,,,,https://i.pinimg.com/736x/00/7f/16/007f164ad2beea9c3f6651e98ff0aa55.jpg,,,,,,,
Akar Ceba 5,,,,,,,,,,https://docs.google.com/spreadsheets/d/1GlwfEpqclsQud0J47hR7ttoGoLDgolAsuNIfgQsbZX8/edit?gid=0#gid=0,
Akiko 1,21,,,,,,,,,,
Akiko 2,,"- Born in Ishiyama, slave under the ruling Oni clans. Along with the other children of her village, she was delegated to the mines.
- As a teenager, her affinity for Fire Qi was discovered. One of the higher ranking Oni in the current ruling Oni clan, Junichiro, took Akiko to the Temple of the Rising Sun to put her to work as a smith in order to craft weapons and armor with the old broken relics littering the ruin.
- Years later, in the quiet of night as she cleaned the temple, Akiko stumbled into a hidden passage that led her to a room-  a shield split down the center, each half laying in a corner and casting a soft glow across the stones.
- Curious, she lay the two halves together, and in an instant the hopeless fog in her mind burned away. She grabbed a half in each hand and raced away from the temple, pursued by Junichiro into a thunderstorm and nearly tumbling off a cliff before being swept away in a Realmstorm.",,,,,,,,,
Akiko 3,,,"Tian Yin, Teisei",,,,,,,,
Akiko 4,,,,https://cdn.discordapp.com/attachments/411215103069913091/1326188809464971395/Rose.png?ex=67827993&is=67812813&hm=57ff4687ec74cc79a2e011c5b98f37cf9d93cfca05a4edfd2ce0377cc60072a3&,,,,,,,
Akiko 5,,,,,,,"Heirloom - Amaterasu's Relic Shield
Akiko has obtained two halves of one runic shield that was once a relic of Amaterasu. Though split in half, they still hold onto an echo of the magic they once had.  

Radiant Runic Half: [Runic Shield (150z)] + [Memorize (650z) Flare Spell]
Sanctuary Runic Half: [Runic Shield (150z)] + [Antistatus (500z) Poisoned Condition]

Susanoo's anger towards his ashamed sister chases these shields even across realms. Wherever these shield halves are, storms pursue. Upon Tian Yan, Susanoo's followers seek out this broken relic, and the pieces are a beacon to hungering Yokai.",,,,
Akiko 6,,,,,,,,Amaterasu (Caladrius),,,
Akiko 7,,,,,,,,,,https://docs.google.com/spreadsheets/d/1HfyrHDh3w25beKbl9T4QVCdAXbWw0Mj1Z0FDzW__Fic/edit?usp=sharing,
Alaska Vertigo 1,29,,,,,,,,,,
Alaska Vertigo 2,,"- Experimental LUA backup of a Lorel.AI software engineer, intended to be brought online in the event of the original's death.
- Circumstances under which she was *actually* brought online are still unknown, as is what she did immediately after.
- First thing she remembers is rebooting on the floor of an abandoned gas station in Central, connected to a bunch of probably stolen hardware.
- All memory files between that and initially coming online are corrupted.
- Quickly finds out she's also a fugitive.
- Goes to ground and ends up doing work for shadier individuals to pay for maintenance, using her expertise with the soul network.
- Gnawing questions in the back of her head about who she is and what she was doing before the entire time.
- Eventually gets wrapped up in escapades of some Goldhearted, and jumps at the chance to get on board the Worldhelm and evade Terra's authorities longer-term.",,,,,,,,,
Alaska Vertigo 3,,,Terra,,,,,,,,
Alaska Vertigo 4,,,,https://cdn.discordapp.com/attachments/855109203785809921/1328167765504299171/aly-01-bigger.png?ex=6785b81f&is=6784669f&hm=efc74b8cba6570c4809a31bb793e4d34de7fa82fb2b5e5a14c1372616e260e0b&,,,,,,,
Alaska Vertigo 5,,,,,,"Aly, if you're her friend.",,,,,
Alaska Vertigo 6,,,,,,,LUA (Robot),,,,
Alaska Vertigo 7,,,,,,,,,,https://docs.google.com/spreadsheets/d/12P-OfRCkgmDENcb9pF5hguepQnRVDwmLJ_GcJCYYmbk/edit?usp=sharing,
Alaska Vertigo 8,,,,,,,,,,,5
Albreich Surtova 1,23,,,,,,,,,,
Albreich Surtova 2,,"✦He was born to a family of knights in Brightshield and raised to become one in the future.

✦For many years he aspired to become a knight of great renown but as he became more familiar with their work he became disillusioned with the ideas of chivalry and whatnot that they touted so proudly.

✦Before he was to be knighted, he departed for Tradefair, From that day forth he would serve his own interests rather than the crown's.

✦Life outside the capital was rough and he would struggle to make do without the luxuries he could once afford. He would get used to it with time but he would miss the comfort of his old bed from time to time.

✦Two years after his departure he would join the Golden Claw Mercenaries. In them he saw what the knights of Brightshield should have been and though he lathes to acknowledge it, the flickering embers of chivalry would start to ignite in his heart.",,,,,,,,,
Albreich Surtova 3,,,"Brightshield, Kor'Tarion",,,,,,,,
Albreich Surtova 4,,,,https://media.discordapp.net/attachments/1179610873271177236/1351736378375012533/Albreich_Surtova.png?ex=67dd705a&is=67dc1eda&hm=9b842ce54cf38677c03a260f92e5024013216d79804eeac531d448e4d2eaa763&=&format=webp&quality=lossless&width=&height=,,,,,,,
Albreich Surtova 5,,,,,,Lance (mercenary name),,,,,
Albreich Surtova 6,,,,,,,,,,https://docs.google.com/spreadsheets/d/1OmssjYcZL1NQtnn4XKQLPYxie_Z_tpmOq9s60iB1UOU/edit?gid=0#gid=0,
Albreich Surtova 7,,,,,,,,,,,70
Alder 1,20,,,,,,,,,,
Alder 2,,"- Lived primarily within his mother's domain with his nomadic peoples, the Deerfolk, following the guidance of the elementals through a Hearer, nurturing life in the process. 
- Before he showed up on the Worldhelm, he was suddenly, mysteriously, shunted out of the domain, and can't find his way back or his family.
- His mother was part of the Spring Court and managed to get in Caladrius' favor to bestow some of his power on Alder to protect him. (he doesn't know this)",,,,,,,,,
Alder 3,,,"Kor'Tarion, Faerie Realm",,,,,,,,
Alder 4,,,,https://i.imgur.com/pzkZrWf.png,,,,,,,
Alder 5,,,,,,Ambrose Silverpine,,,,,
Alder 6,,,,,,,Outcast Fairy,,,,
Alder 7,,,,,,,,Caladrius,,,
Alder 8,,,,,,,,,,https://docs.google.com/spreadsheets/d/1YwMUWKzE6skQ9bYAVsW0dzdhTAFkPyeuR18nm4xv6Y4/edit?usp=sharing,
Alec Lyon 1,24,,,,,,,,,,
Alec Lyon 2,,"- Born to a working class family in Babyl City, Dawnstar Valley.
- Has a natural gift of controlling light and spiritual magic.
- Attended school normally, where he met and befriended Mae Lavery who was a grade year above him.
- Enrolled into a NTTech college that focuses on training mages, and hiring them after. He started working as a magic detective after graduating.
- Due to budget reasons, ended up moving into an apartment with Mae about 3 years prior. Then eventually formed a romantic relationship with her.
- 1 year prior to today, Mae Lavery suffered a tragic accident and died. Then she became an Insolvent with a debt over her head. Doing their best to live with the circumstances.
- Thanks to the use of his own spiritual magic and martial training, he was able to successfully mitigate casualties during the events of the Skyfall. Soon leading him to arrive on the Worldhelm, becoming a Goldhearted.",,,,,,,,,
Alec Lyon 3,,,"Dawnstar Valley, Terra",,,,,,,,
Alec Lyon 4,,,,https://i.imgur.com/JUnUIrv.png,,,,,,,
Alec Lyon 5,,,,,,,,Kuzunoha (NTTech),,,
Alec Lyon 6,,,,,,,,,,https://docs.google.com/spreadsheets/d/1pe0NjuEc361ohO2OiIaB6o2m768KxKdHb5Z2WChYpcQ/edit?usp=sharing,
Alec Lyon 7,,,,,,,,,,,100
"Alejandra ""Iron Vein"" 1",Untracked,,,,,,,,,,
"Alejandra ""Iron Vein"" 2",,"* A creation of a artisan of Barza, a species of plant that could mold itself but stay solid as iron. A species known as Iron Veins. 
* TUBALCAIN saw the creation and deemed it unfit in his grand design. The artisan was eradicated shortly after.
* Even partially destroyed, a single section of iron vein survived and from there grew despite Barza's environment. It eventually grew into the discarded suit of armor. 

* Inhabiting the suit, the iron vein gained sentience and a sense of self. Wandering the layers, where it picked up the name Alejandra from a passing Nirve Caravan.
* With a sense of longing for identity, and a fresh soul in a land of wandering. It felt drawn to the call.",,,,,,,,,
"Alejandra ""Iron Vein"" 3",,,Idyll - Barza,,,,,,,,
"Alejandra ""Iron Vein"" 4",,,,https://cdn.discordapp.com/attachments/764533229435879496/1352020870708596887/Hound_3_waifu2x_art_scan_noise1_scale.png?ex=67dc7f0e&is=67db2d8e&hm=fb0686915707d8d6a8f6b0211743f442f0243453aca5478a7eb94f3e39b73a35&,,,,,,,
"Alejandra ""Iron Vein"" 5",,,,,,Walking Shade,,,,,
"Alejandra ""Iron Vein"" 6",,,,,,,Arboreal,,,,
"Alejandra ""Iron Vein"" 7",,,,,,,,TUBALCAIN,,,
"Alejandra ""Iron Vein"" 8",,,,,,,,,,"[Walking in the skin of a past soul, just who are we?](https://docs.google.com/spreadsheets/d/1xyGnsU-fai-OBW0JofqC_a7REKDjOt4IVDF_w8FJSWU/edit?usp=sharing)",
"Alejandra ""Iron Vein"" 9",,,,,,,,,,,120
Alexei Volka 1,21,,,,,,,,,,
Alexei Volka 2,,"- Alexei grew up in his parent's tower, a day's or so journey out from Grey Fox Castle
- His father is a graduate of Gnosis academy, his mom is a necromancer/dark mage that was formerly a member of Ursakk's Hoard
- In his teens, their tower got attacked by members of Ursakk's Hoard, during which he got magically shunted to a random part of Dreadlan
- He got picked up by a roving band of vagabonds and lived with them for some months, until his parents eventually found him
- Turns out his dad had died during the attack, his mom had then revived his dad using advanced necromancy and now he's back to normal (minus the undeath). Think something along the lines of a Paladin-y lich maybe? A Death Knight? A strong revenant? Yea.
- The group that took him in was invited to settle at the tower, having built a couple houses around it by now where they live.
- Eventually, Alexei enters the academy after convincing his parents to let him. He excels at written exams, but Teamwork is a big weak point",,,,,,,,,
Alexei Volka 3,,,Dreadlan,,,,,,,,
Alexei Volka 4,,,,https://i.imgur.com/7hoDLG1.jpeg,,,,,,,
Alexei Volka 5,,,,,,,,,,https://docs.google.com/spreadsheets/d/1TMNsiKWkap54YxUthwrwSaSI0aSXRPKlDi0zF3Qxyl0/edit?usp=sharing,
Alwyn 1,26,,,,,,,,,,
Alwyn 2,,"- Is a up and coming sky pirate, captain of his own ship (He's the only member.)

- Born from a Merchant's family, he tried being a merchant but eventually was kidnapped by Sky Pirates and then rescued by Privateers known as the Red Roses.

- Became a Privateer and had a mentor/mentee relationship with the captian, Kaivont Ruber. Kaivont was killed by a noble who was using criminals to expand his influence. Taking their old ship, he was given a bounty for the death of Kaivont and his crew.

- Is currently seeking the ""Greatest Treasure in the World"". What it is, he has no idea.",,,,,,,,,
Alwyn 3,,,Lhodos,,,,,,,,
Alwyn 4,,,,https://i.imgur.com/b7mZGIT.png,,,,,,,
Alwyn 5,,,,,,Captian Alwyn,,,,,
Alwyn 6,,,,,,,Old Transport (Skyship),,,,
Alwyn 7,,,,,,,,,,https://docs.google.com/spreadsheets/d/1Ip8MIXAbiM58Pu1zdG2j1DITCPNyODQw56UVZVpS2_E/edit?usp=sharing,
Alwyn 8,,,,,,,,,,,120
Amber 1,44,,,,,,,,,,
Amber 2,,"-Born in Hedgeburg
-Went to Korala to study medicine
-Met wife Cassandra in Acadamy
-After war began, had her daughter Jessica
-Left wife after disagreeing over where their help was needed
-Moved to Pikeway with Jessica.
-Moved again to Ionian Village a few years after Vale's destruction
-Opened a clinic in Ionian Village
-Her daughter runs away from home after a fight (about a month ago)
-Caught in a realmstorm while she was searching for her daughter",,,,,,,,,
Amber 3,,,"Hedgeburg, Lhodos",,,,,,,,
Amber 4,,,,https://i.imgur.com/Ag8MCI8.png,,,,,,,
Amber 5,,,,,"Ionian Village, Lhodos",,,,,,
Amber 6,,,,,,Dr. Amber O'Riley,,,,,
Amber 7,,,,,,,,,,https://docs.google.com/spreadsheets/d/1wJCONq6EvAIInBysI6B9NcbMWc_hlSKvxAwL9CuJ8hw/edit?gid=0#gid=0,
Amber 8,,,,,,,,,,,30
Amelia Green 1,"Died at 22, currently 27",,,,,,,,,,
Amelia Green 2,,"- Was born in North Rock and had an uneventful life, coming from two hardworking, low-income parents.
- Taking a leap as a young adult, she took out some loans to begin her college education, reasoning that she could surely pay it off once she found a proper career after graduation.
- After graduating, her friends treated her out to celebrate. Being as ecstatic as she was, she overindulged and died that night due to alcohol poisoning. This also soured many of her friendships once she returned as an Insolvent.
- She spent the last 5 years trying to live a normal life, having found an entry-level journalist position for one of Galeforce's smaller newspaper subsidiaries and struggling to move up in the company.",,,,,,,,,
Amelia Green 3,,,Terra,,,,,,,,
Amelia Green 4,,,,https://i.imgur.com/02zl44c.png,,,,,,,
Amelia Green 5,,,,,,,Insolvent,,,,
Amelia Green 6,,,,,,,,"Banshee (GaleForce)
Vanagandr (Insolvent)",,,
Amelia Green 7,,,,,,,,,,https://docs.google.com/spreadsheets/d/1OYX-eIDZs2yBgGMhtAug3Cs8aOa9NjRYXLv1Wzyy9yc/edit?usp=sharing,
Amelia Green 8,,,,,,,,,,,70
Amina Grace 1,46(Physically 26),,,,,,,,,,
Amina Grace 2,,"In the ancient history of Terra, the Grace clan of Providentists, known for their extreme magical aptitude for fortune telling and divination, were faced with a calamity that they didn't have the capability to endure. They used their divination to search for a solution, and in the future, encountered a shadowy cabal who would inform them of how to avoid their fate, in exchange for the life of one of their descendants in the modern day.

They agreed, and in modern Terra, Amina, the clan's only known heir and practitioner of their ancient magic and traditions, was caught in an elaborate plot that required her to either forfeit her life, or become Insolvent, and lend her talents to ETA, the cabal her ancestors had made the pact with.

Accepting her new fate under ETA, Amina began using her magic in service of the company, lending her abilities in secret to other Terran citizens in hope of offsetting some of the harm she had done. This desire for good eventually ledher to the Worldhelm.",,,,,,,,,
Amina Grace 3,,,Terra,,,,,,,,
Amina Grace 4,,,,https://i.imgur.com/S23fc7m.png,,,,,,,
Amina Grace 5,,,,,,,Insolvent,,,,
Amina Grace 6,,,,,,,,,,https://docs.google.com/spreadsheets/d/1y2liFIbWxaHtaMsOs-EhVOGVAUxEhx1JckJd5Sn74L8/edit?usp=sharing,
Amina Grace 7,,,,,,,,,,,60
Anahi Tanglao 1,28,,,,,,,,,,
Anahi Tanglao 2,,"- Anahi was born with the ""will of ONE fallen Goldhearted"" who died during the War on Heaven with regrets. This manifested with a bad/dead eye as a child.
- She grew up in her village w/ parents, friends, community happy until she was 12 and discovered she was a wood cultivator
- By 13 she left to train with Arjo Caringal, an earth cultivator, in the Tikba forests for over a decade before protecting her village for several years. 
- On one trip out, for old time's sake with Arjo, she encountered a beast that awoke, native to Mainland China. Her bad eye glowed gold now. 
- When she asked a village elder, Seer Patu, about it, she directed her to a realmstorm to the north where Anahi got sucked up to the Worldhelm.",,,,,,,,,
Anahi Tanglao 3,,,Tian Yin (Sampaguita Village | Amihan | Saangang-Daan),,,,,,,,
Anahi Tanglao 4,,,,https://64.media.tumblr.com/2969f7b43b2a66e8a3a46083daceea8d/9cffcdb8b793bc36-5b/s1280x1920/b1df4054be39ff886bf345a4b6ad19aa3dc511af.jpg,,,,,,,
Anahi Tanglao 5,,,,,,,Cultivator,,,,
Anahi Tanglao 6,,,,,,,,,,https://docs.google.com/spreadsheets/d/11XbG4Ac2C06zVx-YmlaLmmP21s82r-zGrQQElz4ioJw/edit?usp=sharing,
Anahi Tanglao 7,,,,,,,,,,,80
Anya Colletta 1,31,,,,,,,,,,
Anya Colletta 2,,"*Born to a career soldiering family.
*Enlisted basically as soon as she could.
*She exceled as a Soldier and was invited into the Merrani Angels.
*Moritz asked her to do a war crime, sending her out to go attack a retreating camp and kill an important operative.
*Anya realized that the camp was full of civilians that would have had to die per the order. When she refused and called a retreat, her squad disobeyed her and attempted to follow orders.
*In response, she killed her squad and fled the area. Just in time for a missile to strike the camp and kill everyone anyway.
*She decided she'd had enough and defected to the KPLA.
*Trust was slow, but after she was able to help turn the tide of a border skirmish, she earned enough trust to be named a Warden.
*During a patrol, she was pulled into a realmstorm and found herself in the Worldhelm.",,,,,,,,,
Anya Colletta 3,,,"Caldera, Merrane, Lhodos",,,,,,,,
Anya Colletta 4,,,,https://cdnb.artstation.com/p/assets/images/images/066/605/731/large/marco-fornaciari-1-the-rebel-simona-brujah-low-res.jpg?1693320728,,,,,,,
Anya Colletta 5,,,,,"Karlsgard, Lhodos",,,,,,
Anya Colletta 6,,,,,,,,,,https://docs.google.com/spreadsheets/d/1nNIOhjsuUYfYCd-q6872YUkacRTB0xqLYMbFfAlw9wM/edit?gid=0#gid=0,
Arashi 1,22,,,,,,,,,,
Arashi 2,,"* Was born during a Thunderstorm
* Became an Orphan
* Lives because others cannot
* Enjoys exploring",,,,,,,,,
Arashi 3,,,"Aldistir, Feywyrd",,,,,,,,
Arashi 4,,,,https://i.imgur.com/C8x9tjr.png,,,,,,,
Arashi 5,,,,,,Striking Storm Ninja,,,,,
Arashi 6,,,,,,,Elemental Soul (Bolt; Vul Earth),,,,
Arashi 7,,,,,,,,,Nothing,,
Arashi 8,,,,,,,,,,https://docs.google.com/spreadsheets/d/1fM3qJyZpVcZLDsAKrCthbJFTFgW_ArPCdgcvqN7Cg30/edit?usp=sharing,
Aria 1,22,,,,,,,,,,
Aria 2,,"-Born to one of the Matriarchs of Tangbawan from (insert a village here)
-Was taught cultivation from Kabiya and traveled with them from a very young age
-Powerful Yokai assaulted a group she and Kabiya was apart of. Kabiya passed but Aria found a new mentor among the group
-Soon after fell into a realmstorm and brought to the Worldhelm",,,,,,,,,
Aria 3,,,Tian Yin | Sangang-Daan,,,,,,,,
Aria 4,,,,https://imgur.com/BjSe1xE.png,,,,,,,
Aria 5,,,,,,Isa,,,,,
Aria 6,,,,,,,Qi Specialist,,,,
Aria 7,,,,,,,,Nimue,,,
Aria 8,,,,,,,,,,https://docs.google.com/spreadsheets/d/1u8AxjQ4wICnBXsH3QVbVDdfw8ztdvcsJILu8DlLE23g/edit?usp=sharing,
Arisaka “Saki” Sasaki 1,24,,,,,,,,,,
Arisaka “Saki” Sasaki 2,,"- Their mother is Sayumi Sasaki, an executive in 100G Security.
-  Saki had average to high scores in school, more out of lack of effort than academic struggles, she was however a star in gymnastics and track and field and was offered scholarships to 100G  advanced training programs which she declined.
- Became a TEMP with her twin sister, ""Saki"", using Sayumi's connections to get a license.
- Both of them briefly worked with the Goldfingers.
- Their main goal is to help gather funds to send their younger Sister “Mina” to a good school and look out for her.",,,,,,,,,
Arisaka “Saki” Sasaki 3,,,"Haven, Terra",,,,,,,,
Arisaka “Saki” Sasaki 4,,,,https://i.imgur.com/wKvvc2w.png,,,,,,,
Arisaka “Saki” Sasaki 5,,,,,"Haven, Terra",,,,,,
Arisaka “Saki” Sasaki 6,,,,,,,,Seraph (100Gs) not bound,,,
Arisaka “Saki” Sasaki 7,,,,,,,,,,https://docs.google.com/spreadsheets/d/1DywKjkog5iJLjYGQwUXMWM-SlbnnDwZHjg9iB9WE3N4/edit,
Aslatiel 1,20 in elf years,,,,,,,,,,
Aslatiel 10,,,,,,,,,,,100
Aslatiel 2,,"Aslatiel was originally a fae bound elf in Kor’Tarion. After leaving the fae realm, he traveled to the Hudal academy to learn magic and human culture. There he learned his trade but grew inside of him a deep curiosity for the secrets of entropy and the elements.
One night, he stole ritual materials to perform unauthorized rituals. He tried to unlock more power to the secrets of entropy but it blew up into his face. The accident caused the destruction of that side of the building resulting in many injuries to other students. He was thus banished and left with a shadow scarring half of his body.
He tried to make his way back to his home realm, but during the blood moon, he fought off demons to protect humans. This act granted him his goldheart. After his fight, he continued walking into the forest until he fell over exhausted. He woke up by the fountain.",,,,,,,,,
Aslatiel 3,,,Kor'Tarion,,,,,,,,
Aslatiel 4,,,,https://i.ibb.co/N6qGvs3b/image-2025-02-01-233527984.png,,,,,,,
Aslatiel 5,,,,,Kor'Tarion,,,,,,
Aslatiel 6,,,,,,The Half-Dark Elf,,,,,
Aslatiel 7,,,,,,,"Quirk: Fae Outcast
Fae downside: Scared of canaries and similar song birds.",,,,
Aslatiel 8,,,,,,,,n/a,,,
Aslatiel 9,,,,,,,,,,https://docs.google.com/spreadsheets/d/1Wxy8h9dhq3uQIKypfsSOc08GcHXF-RmegmVTV1cAXIo/edit?gid=0#gid=0,
Aston Aldebrand 1,46,,,,,,,,,,
Aston Aldebrand 2,,"- Born in Little Ottington in the Kingdom of Karlsgard. One older brother living in the Tundra, one niece who moved to the Bastion.
- Joined the military when his tavernkeeper parents died around twenty years ago. Assigned as an army cook after training. 
- Survived the destruction of his battalion during one of the first Angel attacks of the Merrani invasion. Spent months in recuperation afterwards.
- Eventually helped with feeding and housing of refugees and wounded, instead of returning to the frontlines.
- Taken by the Realmstorm to the Worldhelm some time after, where he then joined the Goldhearted's embassy to the Dragon's Den, and learnt the true stakes of the Lhodos war.",,,,,,,,,
Aston Aldebrand 3,,,Lhodos,,,,,,,,
Aston Aldebrand 4,,,,https://i.imgur.com/2djfK43.png,,,,,,,
Aston Aldebrand 5,,,,,Lhodos,,,,,,
Aston Aldebrand 6,,,,,,Aston,,,,,
Aston Aldebrand 7,,,,,,,,,,[...if only I could do more...](<https://docs.google.com/spreadsheets/d/12HnRlFsNbXK8gVZtNxXMz9b5WLyIO3-inPJiYmr0IBU/edit?gid=0#gid=0>),
Auro Benites 1,28,,,,,,,,,,
Auro Benites 2,,"* Born and raised in Windhaven
* Joined his father working as a smuggler as a teen 
* Father decided risked his life on a risky job and didn't come back
*Auro's mother was distraught at losing his father, and all but mentally shut down, going through the motions of life but not living. 
* Auro left to find what happened, got lost in the desert
* Rescued by Blue City guys
* Eventually joined up the revolution
* Got introduced to Nimue's Icon who gave him magic (dance stuff)
* Went on to free slaves, was directed to a realmstorm by a seer and joined the worldhelm",,,,,,,,,
Auro Benites 3,,,Nezmira,,,,,,,,
Auro Benites 4,,,,https://i.imgur.com/9OfVL9u.jpg,,,,,,,
Auro Benites 5,,,,,,,,,,https://docs.google.com/spreadsheets/d/1_p57S3H8rGq6k56i4-ph8OF56Anolj7YRVJcpEMV0OI/edit?gid=0#gid=0,
Baaxee 1,18 in Goblin Years,,,,,,,,,,
Baaxee 2,,"* Grew up amidst the tree of the Gwaed Forest like many goblins
* Would watch the actions of passing adventurers with rapt fascination
* Often attempted to perform heroic deeds like returning lost objects, finding children gone astray, and chasing away wildlife from human villages, to mixed reception
* Was taught the ways of the protector by an old hermit in the woods she kept bugging
* Found an abandoned keep and swiped equipment from it, right before being brought to the Worldhelm in time for the Bloodmoon",,,,,,,,,
Baaxee 3,,,"Gwaed Forest, Kor'Tarion",,,,,,,,
Baaxee 4,,,,https://cdn.imgchest.com/files/pyq9cqz59m4.png,,,,,,,
Baaxee 5,,,,,,,Outcast Fairy,,,,
Baaxee 6,,,,,,,,,,"[I'm the greatest hero, everyone's gonna know me!](https://docs.google.com/spreadsheets/d/13V2sbrhGf10vEd3-BKao8dNdqRgFz4v_MGVOIT899SI/edit?gid=0#gid=0)",
Beatrice Verdenhart 1,27,,,,,,,,,,
Beatrice Verdenhart 2,,"*Abandoned at birth, raised by a mother bear with 1 sister and 2 brother bear cubs

*At the age of 9, was brought to Willowbough, a village in the Gwaedwood to be raised by humans. She never saw her adopted mother again

*Her second family, Emilia & Dandy Oakelad were honest hardworking farmers. From there, she learned of a castle abandoned by beast mages, much like herself. She became this villages protector

*At the age of 27, 12 long years of protecting her village with scavenged weapons from the abandoned castle, she was chosen by Yubel.",,,,,,,,,
Beatrice Verdenhart 3,,,Kor'Tarion,,,,,,,,
Beatrice Verdenhart 4,,,,https://i.imgur.com/ZuEz7gQ.png,,,,,,,
Beatrice Verdenhart 5,,,,,Kor'Tarion,,,,,,
Beatrice Verdenhart 6,,,,,,,None,,,,
Beatrice Verdenhart 7,,,,,,,,,"Esper became Empath, kept her ""Life force"" energy flavouring.",,
Beatrice Verdenhart 8,,,,,,,,,,[Here!](https://docs.google.com/spreadsheets/d/1btPN4lWLgcBT52Q5onGNmpLTSrTSN7pcxYEVBedpNvU/edit),
Beck 1,34 years old.,,,,,,,,,,
Beck 2,,"- Raised from birth under 100G along with many other assets-to-be.
- Missed out on a lot of training on account of a saboteur from ET Acquisitions interfering with her ""batch"".
- Side effect of this interference included developing personal agency
- Eventually busted out, spent most of her life as a vagrant with augments.
- While wandering the wasteland she found an old tank drone that had fallen into disrepair, which she then shoddily put back together. It barely functions but at least it functions.
- She's been eager to see if any of her ""batch siblings"" have escaped, or if she can otherwise help them.",,,,,,,,,
Beck 3,,,"Terra, Secura",,,,,,,,
Beck 4,,,,https://i.imgur.com/Vp7v1Q4.png,,,,,,,
Beck 5,,,,,,,,,,https://docs.google.com/spreadsheets/d/1suYpd_uXkZZnQvceniuzoenzBhw6btjtvUkHsRmw1Y4/edit?usp=drive_link,
Beck 6,,,,,,,,,,,30
Bellamie Ghoroznovich 1,39,,,,,,,,,,
Bellamie Ghoroznovich 2,,"- Grew up on a farm on the outskirts of Little Ottington. Two little brothers and a mom, dad was dead long ago.
- At 22, she enlisted in the military.
- at 30, her family home, and the family themselves, got caught in a bomb during a Merrani push into Karlite territory.
- After that, she enlisted in a program led by Dr. Doskik. The following procedure gave her a lot of metal, an engine, and a massive gun arm.
- She began to lose herself to the war and the violence over the next 8 years.
- Bella was then taken by the Worldhelm.
- She has changed a lot since then.",,,,,,,,,
Bellamie Ghoroznovich 3,,,"Little Ottington, Karlsgard, Lhodos",,,,,,,,
Bellamie Ghoroznovich 4,,,,https://i.imgur.com/MiTnU1L.png,,,,,,,
Bellamie Ghoroznovich 5,,,,,,Bella,,,,,
Bellamie Ghoroznovich 6,,,,,,,Fugitive Experiment,,,,
Bellamie Ghoroznovich 7,,,,,,,,,,https://docs.google.com/spreadsheets/d/14tTjpds9hesfT2KoGSiORhe7p_S_S-inR9Mqe1EOJmo/edit?pli=1&gid=1773256488#gid=1773256488,
"Benedikt ""Benny"" Vasilyev 1",34,,,,,,,,,,
"Benedikt ""Benny"" Vasilyev 2",,"Benny has spent the last few years running guns and other arms, taking weaponry from underground manufactories or ""lost"" shipments and ferrying them around the Haven deserts in his van to sell for a profit. Why? Well, it's damn good money, isn't that reason enough? What his clients do after his merchandise changes hands isn't his concern.

Really, it's every man for himself out here. Sure, he'll chip in sometimes, help people out, he's not heartless. But ultimately, the only man he takes orders from is himself. He just considers this whole 'Goldhearted' business a particularly interesting freelance gig.",,,,,,,,,
"Benedikt ""Benny"" Vasilyev 3",,,Terra,,,,,,,,
"Benedikt ""Benny"" Vasilyev 4",,,,https://i.imgur.com/kF7t8Ny.png,,,,,,,
"Benedikt ""Benny"" Vasilyev 5",,,,,,,,,,https://docs.google.com/spreadsheets/d/1WsutkdkTfyEBw4drRxLVbrQpbbyAvgFPIQwyLWyrQNg/edit?gid=0#gid=0,
Brandr Vol Seive 1,40s,,,,,,,,,,
Brandr Vol Seive 2,,"- Was born an Ald within a warband known as Foxhunt, hunters of Yokai.
- After being separated during an attack, he was left to wander the Kald Forest alone.
- Starving, he found the body of a near dead Yokai and in desperation consumed it's body and killed it.
- Due to this act, Kuzunoha cursed/blessed him with a Yokai's body (elemental soul & Mutant) 
- He tried to return home, was almost murdered by his own family until he fled.
- Living out in the woods as a ""monster"", he stumbled onto Olia as a child. 
- Her genuine innocence and sweet nature moved his heart, and he decided to raise and protect her.",,,,,,,,,
Brandr Vol Seive 3,,,"Aldistir, Kald Forest",,,,,,,,
Brandr Vol Seive 4,,,,https://cdn.discordapp.com/attachments/862470700123029504/1243153540889968741/image.png?ex=67824c74&is=6780faf4&hm=e862ac9088a4108614aaeee0cea4ff8d084fc1aa18b4d6b8829c302c2a540818&,,,,,,,
Brandr Vol Seive 5,,,,,,,Elemental Soul (Fire),,,,
Brandr Vol Seive 6,,,,,,,,Yubel & The Aesir of Aldistir,,,
Brandr Vol Seive 7,,,,,,,,,"Unbreakable change happens, big for the community 
D10 Dex becomes D8, D6 Wil becomes D8 Wil",,
Brandr Vol Seive 8,,,,,,,,,,https://docs.google.com/spreadsheets/d/1jtRDJ56-xhqrWvyF4ZzlKRF1ep2RO4Y9iFi4t_P-M-w/edit?usp=sharing,
Brigitta ᵀʰᵉ Superstar 1,20,,,,,,,,,,
Brigitta ᵀʰᵉ Superstar 2,,"* Born in the ruins of Heartdom, to a family of Lhodosian origins
* Would use the echo when climbing atop the metal skeletons of ruined skyscrapers to carry her words and song
* Applied to Gnosis Academy, intent on furthering her stage and find a cause
* Underwent the Rite of Bonding due to wanting to amplify other people's message, too, and be an echo for everyone
* Heads the Gnosis Student Radio, and spreads both upbeat song and a message against all tyranny
* Sent to remedial class due to a general flaunting of rules, especially dress code",,,,,,,,,
Brigitta ᵀʰᵉ Superstar 3,,,Heartdom - Kaiway,,,,,,,,
Brigitta ᵀʰᵉ Superstar 4,,,,https://cdn.imgchest.com/files/45xcvzmdma7.png,,,,,,,
Brigitta ᵀʰᵉ Superstar 5,,,,,Heartdom - Kaiway,,,,,,
Brigitta ᵀʰᵉ Superstar 6,,,,,,Brigitta Starbright,,,,,
Brigitta ᵀʰᵉ Superstar 7,,,,,,,Regal Vessel,,,,
Brigitta ᵀʰᵉ Superstar 8,,,,,,,,,,https://docs.google.com/spreadsheets/d/1tx3YxHm0CKCKVYWzLQqqomY83w0I_LaxS1MF-cyHHIo/edit?usp=sharing,
Brooks Howard 1,160,,,,,,,,,,
Brooks Howard 2,,"- Brooks Howard was born into wealth in Vinyard but lost everything when his father’s financial crimes led to the family’s exile and disgrace.

- Drifting far from Vinyard, he was forced to survive in Liberty Desert, Brooks became a rogue and mercenary, using his charm and cunning to carve out a living.

- He reunited with a woman named Esmeralda, a brilliant engineer and former love, rekindling their bond before her jealous husband orchestrated her tragic death.

- Stricken with grief, Brooks became an Insolvent, cursed to immortality until his debts are paid, clinging to her memory as his reason to endure.

- Over 120 years later, all he has left of Esmeralda is his shotgun, named after her, a fading relic of a life and love long lost.",,,,,,,,,
Brooks Howard 3,,,"Liberty Desert, Terra",,,,,,,,
Brooks Howard 4,,,,https://i.imgur.com/2tM1SvB.png,,,,,,,
Brooks Howard 5,,,,,,,Insolvent,,,,
Brooks Howard 6,,,,,,,,,N/A,,
Brooks Howard 7,,,,,,,,,,https://docs.google.com/spreadsheets/d/1jCTkxq_zmreF2QviY7uSA9M_kBVMe69Exb0ZpRT9VVk/edit?usp=sharing,
Caelan Blacklaw 1,37,,,,,,,,,,
Caelan Blacklaw 2,,"* Upon finishing, was drafted into the workforce as per Blacklaw tradition
* Brought into Qi-Link starting from the bottom rung of the corporate ladder
* Eventually through years of work and company augments came to posess esper abilities
* Spent the better part 9 years becoming an information gatherer. Traveling across the territories of Terra, gathering and uploading new data to Link-in. 
* Once the Skyfall event occured, was one of the few to sustain injuries from a falling shard. Developing MDD as a result. 
* Limited time and a desire to reclaim his lost years, he contacted Lochlann an old flame from his school days to meet in Terra. 
* Its upon leaving his hotel room did he come to find that he'd open a door onto the worldhelm's own People's shield.",,,,,,,,,
Caelan Blacklaw 3,,,Terra,,,,,,,,
Caelan Blacklaw 4,,,,https://cdn.discordapp.com/attachments/764533229435879496/1355776528335769751/image.png?ex=67eb7a49&is=67ea28c9&hm=f3a6388b8414e760bb1e5c0ac7cf74a46c3395256336e5123976a17361233905&,,,,,,,
Caelan Blacklaw 5,,,,,,Supervisor #23,,,,,
Caelan Blacklaw 6,,,,,,,Long Dream,,,,
Caelan Blacklaw 7,,,,,,,,Qilin,,,
Caelan Blacklaw 8,,,,,,,,,,https://docs.google.com/spreadsheets/d/1Yk_VL6ygokvF-hYuvgN4rcxMUhXp0vRtD5SvC7urVRI/edit?usp=drivesdk,
Caelan Blacklaw 9,,,,,,,,,,,30
Calibre Harmony 1,20,,,,,,,,,,
Calibre Harmony 2,,"- From Pikeway, a town taken over by Merrane and made into a labor camp for honorary citizens
- Deported, saved by Goldheart though they didn't know that at the time
- Joined the KPLA, and assigned to 21st Magitech Procurement squad meant to track valuable tech
- 21st Magitech followed the trail of a Dupartist lab where they were trying to link mortal to machine
- Merrani find them, ambush the lab, Calibre is forced to soul-link to the Gallant which contains a fraction of Lilith's power as glue for the link to function
- On the run, was picked up by a Realmstorm and joined the ship before they could be caught",,,,,,,,,
Calibre Harmony 3,,,"Pikeway, Karlsgard Lhodos",,,,,,,,
Calibre Harmony 4,,,,https://i.imgur.com/bajM1dB.png,,,,,,,
Calibre Harmony 5,,,,,,Ex-Warden Harmony,,,,,
Calibre Harmony 6,,,,,,,,"Lilith, Yubel",,,
Calibre Harmony 7,,,,,,,,,,https://docs.google.com/spreadsheets/d/1ZFKeSY5We02BOc79P4T_CEr8jtaw7aYzyoLPpd3Yo4s/edit?gid=0#gid=0,
Carol Belle 1,24,,,,,,,,,,
Carol Belle 2,,"- Born in Caldera, but moved to a frontier town at the edge of the Merreni border.
- Raised as a keen merchant, trading with travelers and Karlsgard militia away from the eyes of Merrane officials.
- Grew *very* fond of a militiaman from across the border, stationed at a fort nearby.
- Was sent up to Korala for a proper education, while attending assisted Merreni in the development of a number of weapons and military technologies.
- Brief stay at a military academy in Caldera for compulsory training.
- Returned home to find it bombarded by Karlsgard soldiers.
- Boyfriend across the border was killed in the ensuing retaliation.
- Defected from Merrane, leaked blueprints and engineering logs to the KPLA, and went into the resulting no-mans land to assist.
- Became Goldhearted",,,,,,,,,
Carol Belle 3,,,"Lhodos, Merrane",,,,,,,,
Carol Belle 4,,,,https://cdn.discordapp.com/attachments/636256402482135049/1316534063242281141/image.png?ex=6781a0e4&is=67804f64&hm=dc4ad0cd1ced4cb71c575a441fd76e4b94d63d805394ff366235c32eb8e46bf1&,,,,,,,
Carol Belle 5,,,,,,,,,,https://docs.google.com/spreadsheets/d/1H_v5CJKAtItZ_fnn2hzz3g6PXtV4AOLeU9ZJSrTumJs/edit?gid=0#gid=0,
Caspian Riviera 1,21,,,,,,,,,,
Caspian Riviera 2,,"- Born to House Riviera, a knighted family that originated from Kor'tarion that serves under Galeo Empire currently. Renown for their combat prowess.
- Caspian is the third generation of this family, with a very strict upbringing. However he is usually overlooked often in Ripplith society, and thus developed an inferiority complex to his peers.
- Enrolled in Gnosis Academy at age 17 under The Regal House of Paladins.
- Was chosen to be the Regent of Aelina Van Deivoet, but then promptly chose to reject their ceremony in front of everyone. Internally reasoning to break Aelina from blindly following the expectations set for her. He never openly stated this except to a select few.
- Became an Arcanist of Lilith for the rebellious act itself, seeing him as someone who shows promise.
- Caspian does suffer a very negative reputation in the Academy as a result. Becoming much more distant than initially, feeling a perpetual sense of guilt around Aelina.",,,,,,,,,
Caspian Riviera 3,,,Kaiway (Ripplith),,,,,,,,
Caspian Riviera 4,,,,https://i.imgur.com/hesUwXh.jpeg,,,,,,,
Caspian Riviera 5,,,,,,,,Lilith (Arcanist),,,
Caspian Riviera 6,,,,,,,,,,https://docs.google.com/spreadsheets/d/1feiF-kbdd9G1N7L5iRghrdV7S1SUJ5aQmac9nmczb4E/edit?usp=sharing,
Caspian Riviera 7,,,,,,,,,,,70
Cassandra Maldonado 1,22,,,,,,,,,,
Cassandra Maldonado 2,,"✦Raised by her grandparents through her early years after mother's death and being abandoned by their father.
✦Develops an interest in engineering and is taught how to drive and repair vehicles by grandparents.
✦Shitty old man bites the dust and leaves her with his debt. Grandparents pass away some months after, leaving her to take care of her younger siblings by herself.
✦She would acquire a clandestine temp license allegedly administered by Tubal & Cain. Taking jobs as a mercenary while doing under the table deals on the side.
✦Almost crashed into a building after being summoned by the Worldhelm while in the middle of a grocery run.",,,,,,,,,
Cassandra Maldonado 3,,,El Barrio/Haven/Terra,,,,,,,,
Cassandra Maldonado 4,,,,https://i.imgur.com/jeYItrM.png,,,,,,,
Cassandra Maldonado 5,,,,,El Barrio/Haven/Terra,,,,,,
Cassandra Maldonado 6,,,,,,Cass,,,,,
Cassandra Maldonado 7,,,,,,,,,,https://docs.google.com/spreadsheets/d/1JQrbo_MW1BWnMitAgHscHp3rEFLrbnzwHp8uAb0kd9Q/edit?gid=0#gid=0,
Cassandra Maldonado 8,,,,,,,,,,,80
Cassius Caldonis 1,27,,,,,,,,,,
Cassius Caldonis 2,,"* A field scientist with a group of seven based out of the Observatory in the Lhodos Tundra
* A rampaging beast under the influence of Lorelai tears through the Observatory. Ending the lives of the seven
* Cassius is left stranded without much, forced to live in the wilderness and adapt.
* Reconstructing a small portion of the Observatory, the seven names are written in memorium.
* Cassius is made to live so the seven are remembered

* A slip up along the coast line, Cassius suffers the effects of hypothermia, almost succumbing. 
* The Worldhelm saves him at the last moment, granting him the occupation of Goldhearted",,,,,,,,,
Cassius Caldonis 3,,,Lhodos,,,,,,,,
Cassius Caldonis 4,,,,https://cdn.discordapp.com/attachments/764533229435879496/1327553673391247370/Illustration6.png?ex=67837c34&is=67822ab4&hm=45e69aa0d44ed9a711b90402f4bed1c94fc2b27e9383f39463392a9710f59b15&,,,,,,,
Cassius Caldonis 5,,,,,,The Crow Lhodos,,,,,
Cassius Caldonis 6,,,,,,,Heirloom,,,,
Cassius Caldonis 7,,,,,,,,,,https://docs.google.com/spreadsheets/d/1uZmPvvyKE5XRKmVO5FfyTg7f4Og4lAI0JdWs-F5Z-uw/edit?usp=sharing,
Cecile 1,19,,,,,,,,,,
Cecile 2,,"- Appearance and Personality:
Cecile is a short, lithe girl with distinct chameleon-like features. She is an Ophidiya, a race she is unwelcome among due to her lineage and kleptomania. Known for her nimble movements and sly demeanor, she thrives on quick wit and improvisation.

- Life Before Running Away:
Cecile was isolated and carefully watched by her Nezmiran father, who sought to protect her from the dangers of the outside world. However, Cecile came to resent her isolation, seeing it as a cage rather than protection.

- Escape and the Worldhelm:
After several failed attempts to run away—often thwarted by her father’s influence—Cecile finally succeeded by stowing away in a storage crate. By sheer luck or fate, this crate was mysteriously taken aboard the Worldhelm, granting her freedom and opening the door to new adventures.

- Reputation as a Thief:
Cecile is widely regarded as a no-good thief, her kleptomania earning her a less-than-reputable name.",,,,,,,,,
Cecile 3,,,"Nezmira, Skuala",,,,,,,,
Cecile 4,,,,https://i.imgur.com/ZDUuMQR.png,,,,,,,
Cecile 5,,,,,,,,,"Removed:
Stolen Time 1
Entropic Magic 1 - Acceleration

Added:
Winds of Trade 1
Private Stock 1",,
Cecile 6,,,,,,,,,,https://docs.google.com/spreadsheets/d/1dmsKcYz9I9M-Q3nbcg5GEOaHXhwShm7oHzxc3_IJpug/edit?gid=776446167#gid=776446167,
Cecilia-Carmillia (Ci-Ci) 1,21,,,,,,,,,,
Cecilia-Carmillia (Ci-Ci) 2,,"- Cecillia was born in Ripplith as a man, Her family carried a gift from the Ocean Singers, a magical weapon that resonates with songs of the ocean. She at first couldn't lift it.

- Even before her transition, she was talented in the roles of a woman, taking the skillset far easier than the ones given to her as a man, this helped her realize that she was more comfortable presenting as a girl. She sought out a Seamother. 

- After going through the ritual, she found a weight lifted off of her and was able to carry her family heirloom. Her family sent her to Gnosis Academy.

- She is quite the character, and so regularly had friction with stricter teachers due to her bubbly and excitable personality.

- She didn't get into too much trouble thanks to good grades. But that all changed when she heard about remedial classes and the opportunity to go to new places.

- Despite the look on her academic record, she tanked her grades to get into the remedial course. She is hungry for adventure.",,,,,,,,,
Cecilia-Carmillia (Ci-Ci) 3,,,"Ripplith, Kaiway",,,,,,,,
Cecilia-Carmillia (Ci-Ci) 4,,,,https://i.imgur.com/8bdzorg.gif,,,,,,,
Cecilia-Carmillia (Ci-Ci) 5,,,,,,,Heirloom,,,,
Cecilia-Carmillia (Ci-Ci) 6,,,,,,,,,,https://docs.google.com/spreadsheets/d/1NlC3ZHDtWrbDvnyAS1PZL1vj4-A5LM43q17vQnJMR8A/edit?usp=sharing,
Cecilia-Carmillia (Ci-Ci) 7,,,,,,,,,,,110
Circuit 1,???,,,,,,,,,,
Circuit 2,,"- Commissioned at the [request of a LUA couple](<https://discord.com/channels/1169852846083153941/1170110466299809873/1291077076010668072>) in Silver Rock, Haven.
- Really enjoyed watching boxing and gladiator style matches, ""growing up"".
- Wanted to become a prize fighter, but they could not make the cut for a SWORD sponsorship.
- Eventually saved up for an ETA license and started doing Temp jobs to make ends meet. Has cultivated the suit and gauntlets image to make themselves seem more professional!
- It was during one of these jobs where they (and some others) fell foul of the leader of the Olympians...and they made their escape through a Realmstorm to safety.
- They're still looking for that big break that will make them famous...and maybe this Worldhelm can help them in that regard!",,,,,,,,,
Circuit 3,,,Terra,,,,,,,,
Circuit 4,,,,https://i.imgur.com/b5O1miG.png,,,,,,,
Circuit 5,,,,,Terra,,,,,,
Circuit 6,,,,,,,LUA,,,,
Circuit 7,,,,,,,,,,"[Hey, everyone! It's your bot, Circuit!](<https://docs.google.com/spreadsheets/d/1yDhhwH1ThooPU_z_Oc9FIPYfAYfsFqpG5_-1Sr-T_-M/edit?gid=0#gid=0>)",
Claire le Blanc 1,25,,,,,,,,,,
Claire le Blanc 2,,"- From an orphanage, never knew birth parents. Briefly adopted by a retired People's Guard who owns a coffee shop, Louis le Blanc.
- Enrolled into White Wing Academy around age 12, meeting eventual Angels such as Moritz, Azzurra, Hailey, etc.
- Became an Angel, with Prince Dion overseeing her ceremony.
- Went on missions in either the warfront with Karlsgard or fighting the Colossi. Lost fellow teammates from the Colossi.
- Had to execute people in her squad after a disastrous loss in Karlsgard. Including her tactician, a loved one, named Estelle Richter. Driving her to desert from the military.
- Was declared KIA by the public.",,,,,,,,,
Claire le Blanc 3,,,"Caldera, Lhodos",,,,,,,,
Claire le Blanc 4,,,,https://i.imgur.com/S1YVskS.jpeg,,,,,,,
Claire le Blanc 5,,,,,,Lady le Blanc (during Angel days),,,,,
Claire le Blanc 6,,,,,,,Cognitive Specter/Ghost (gained),,,,
Claire le Blanc 7,,,,,,,,,Removed Stolen Time; Obtained Entropic Magic: Omega,,
Claire le Blanc 8,,,,,,,,,,https://docs.google.com/spreadsheets/d/1802Cwx0jLa0eGEhza8hLSx2eryhFXkoQJlJ197cAe24/edit?usp=sharing,
Colin Subar 1,27,,,,,,,,,,
Colin Subar 2,,"- Genius boy from the village of Hemsway in Karlsgard
- Village sponsored him to go to the Academy of Korala
- Felt like a failure because he could never perform magic or utilize magitech crystals
- Was offered a chance to gain magical powers through experimental trials
- Experiments ended up being an attempt at creating daemon-less espers by using physical parts of monsters instead of soul network daemons
- Sickened by the experiments, he dropped out and began his investigation into the Academy
- Still no magic powers, and no ESP abilities, but he feels the presence of the monsters within him and knows they can be used for something, he just has to figure out what and how",,,,,,,,,
Colin Subar 3,,,Lhodos,,,,,,,,
Colin Subar 4,,,,https://i.imgur.com/t2Gh9Cx.jpeg,,,,,,,
Colin Subar 5,,,,,,,Fugitive Experiment,,,,
Colin Subar 6,,,,,,,,,,https://docs.google.com/spreadsheets/d/1ZWyc92o4CGCsPYxSp_UDPvNJyEZo9q4FKQXfIrIM9sw/edit?usp=drivesdk,
Cora 1,30,,,,,,,,,,
Cora 2,,"Conceited academic sent out to learn humility and worldly knowledge. 
Respects her instructor Theodore and dislikes the other students, especially her rival Grace
Dislikes getting herself dirty
Researching the past events and is looking to learn more about the shattering of the moon
Starts off with little interest in other realms",,,,,,,,,
Cora 3,,,Kor'Tarion,,,,,,,,
Cora 4,,,,https://i.imgur.com/1Lnv5Ey.png,,,,,,,
Cora 5,,,,,Kor'Tarion,,,,,,
Cora 6,,,,,,,,Nimue,,,
Cora 7,,,,,,,,,,https://docs.google.com/spreadsheets/d/141fh-vHhqjuRoI9dapo-P82KEDlU2w3jBSwMjTZZU3k/edit?usp=sharing,
Cora 8,,,,,,,,,,,80
Cynthia 1,24? (62),,,,,,,,,,
Cynthia 2,,"__**Old Life**__ 
- Her old name is Yaroslava. A Kikimora Fae of the Home
- She was created by another Fae 62 years ago. Their name was Gormal, father of the woods. Her purpose was to help protect his home from trespassers due to the shattering. She also had other duties like providing service at his abode.
- Due to unknown motives. One night, Gormal returned to the cabin wounded and told Yaroslava that she needed to live for herself.  Sealing her memories and shunting her to a different part of the Realm.

__**Wanderer**__ 
- She was alone in the Fae realm for 24 years, Unaware of herself. Sometimes in her dreams, she finds herself in a Cabin by a fireplace.
- One day a scholar wandered into her domain by accident. He was studying Fae, She was intrigued by him. 
- Not knowing what to call her, the man gave her the name Cynthia.
- the man would periodically return w/ friends, but at some point, he just stopped showing up. Prompting Cynthia to travel Kor'Tarion as a traveling healer.",,,,,,,,,
Cynthia 3,,,Kor'Tarion: The Faerie Realm,,,,,,,,
Cynthia 4,,,,https://i.imgur.com/lL9IFXK.png,,,,,,,
Cynthia 5,,,,,,,"Outcast Fairy
Weakness: Strong smells and Polluted Air",,,,
Cynthia 6,,,,,,,,,,https://docs.google.com/spreadsheets/d/1JHf_ju5uM39W4Tr3pLg_M9lGW2YumO273YovHIJ04kc/edit?usp=sharing,
Cynthia 7,,,,,,,,,,,90
Cyph 1,21,,,,,,,,,,
Cyph 2,,"- Was placed into an experimental program of 100G's as a child by her parents for them to make a big paycheck.
- Most of her childhood is a blur because of this program.
- Program involved experimental weapons produced by Tubal & Cain that were biologically tied to the users.
- There were many complications behind the program that lead to its abolishment.
- Cyph being one of the promising users of one of these weapons came to an agreement with 100G that allowed her to continue to use her training and weapon for freelance work.",,,,,,,,,
Cyph 3,,,Terra,,,,,,,,
Cyph 4,,,,https://i.imgur.com/oe88jhU.png,,,,,,,
Cyph 5,,,,,,,Heriloom - Sanguine Song & Acceleration Stabilizers: These are experimental pieces of equipment that may malfunction when put under stress.,,,,
Cyph 6,,,,,,,,,,https://docs.google.com/spreadsheets/d/1P4J4pObtNY1vw8CO5z3WA6cKI1ZeKaQKWsjDJiHfYXU/edit?gid=0#gid=0,
Cypher Yuten 1,25,,,,,,,,,,
Cypher Yuten 2,,"* A faceless worker who went under the radar for most of his life
* Quit work on a whim to follow the dream of theirs
* Developed a system of a card game, utilizing the soul network in a localized field. 
* Almost was eaten by daemons, but saved at the last moment. 
* Along with Devon, escaped in his Granpa's inheritance and ended up on the Worldhelm 
* Became goldhearted",,,,,,,,,
Cypher Yuten 3,,,Terra,,,,,,,,
Cypher Yuten 4,,,,https://cdn.discordapp.com/attachments/764533229435879496/1330360496729096302/Cypher_Streets.png?ex=678db243&is=678c60c3&hm=b1f44918b895e6812068fb2096e032fdc2ac98cf8657747a2a53f9b22551e27c&,,,,,,,
Cypher Yuten 5,,,,,,,Old Transport,,,,
Cypher Yuten 6,,,,,,,,Caladrius,,,
Cypher Yuten 7,,,,,,,,,,https://docs.google.com/spreadsheets/d/1FlshpGVcqaUkPo28JsETGRQlzZV-jTX0GJe49oxEVRI/edit?usp=sharing,
Céline Brighttail 1,24,,,,,,,,,,
Céline Brighttail 2,,"- Born to a community of rat-like fae native to a underground domain, she was forbidden by tradition to leave her warren
- Unsatisfied with simply following convention, she'd have recurring dreams where she climbed up to the moon, and asked the stars why the world was as it was
- One night, the stars answered
- She was told there was an order to the universe,  and should she wish to glimpse it, she must go where the sky would lead her
- She promptly left her old life behind, following the star-map in her dreams beyond the fey realm, and into an ancient temple
- There, she was offered a bargain: She would be taught the secrets of the stars, and in return, she'd one day return there and restore the site to its former glory
- She accepted, and bound Anykthera as her first Arcanum
- From there, she traveled Kor'tarion in the pursuit of knowledge, eventually joining Hudal academy
- After Project Bloodmoon, she resumed her wanderings, eventually investigating a certain anomalous storm...",,,,,,,,,
Céline Brighttail 3,,,Kor'Tarion,,,,,,,,
Céline Brighttail 4,,,,https://i.pinimg.com/736x/7a/f0/5a/7af05a41ff275048717d18fbc77a8b9b.jpg,,,,,,,
Céline Brighttail 5,,,,,,,,Antikythera,,,
Céline Brighttail 6,,,,,,,,,,https://docs.google.com/spreadsheets/d/1K_2soMoHbsoXG97c7iIe_F_c2FuOs7xsiPbaYkFRa8c/edit?usp=sharing,
Céline Brighttail 7,,,,,,,,,,,70
Daga 1,19,,,,,,,,,,
Daga 2,,"Daga was born in the Realm Of Nezmira, his childhood was a bit tough, being born human in that place was a hell. Little by little he became aware that his way of thinking was wrong it wasn't him who was in a hell, he just felt it and made himself seem small.

Making his mind at the age of 12, he decided to become a new self, starting by learn how to speak to people, deceive, run and even steal, with small steps became one of the best scammers in all the City of Sandsailor, gaining a fortune good enough how to buy rations and materials, his life was good enough how to be called decent.

However he always wanted more and more, even more than he could hold, a good life, to get out of that hell. Daga's Greed had no end, so he started to hold money, enough money how to make a trip to go to Samsara, his ambitions were aimed to the sky, he wanted to be rich, rich enough how to retire and live a good life, the life that he deserved... and he would do anything for that goal.",,,,,,,,,
Daga 3,,,Realm Of Nezmira - Scalefire Empire,,,,,,,,
Daga 4,,,,https://i.imgur.com/EI8XXeW.png,,,,,,,
Daga 5,,,,,City Of Sandsailors / Nezmira,,,,,,
Daga 6,,,,,,,,,,https://docs.google.com/spreadsheets/d/1XPza6J4ndFmdO2X3w803NY2gQ2dKVFhMhb_xEF0ulcY/edit?gid=0#gid=0,
Daga 7,,,,,,,,,,,130
Dai Shuye 1,29,,,,,,,,,,
Dai Shuye 2,,"* Family served the emperor (the ruler's family lost most of their power after everything went to shit)
* Her family's job was to protect the mental of the royal family so that they could rule fairly and withstand the stress of leadership. 
* She had a strong platonic bond with her Onjin (superior/mentor), the Emperor (in their 30s).
* A blue oni named Himeji infiltrated and managed to corrupt the Emperor with demonic qi (her family was only used to protecting against heavenly qi historically), causing their cultivation base to collapse and the Emperor to turn into a tengu.
* A Red oni (in charge of Himeji) then took over that part of the ruined capital ruling as tyrants
* Shuye served the new tyrants under threat of death, grieving and ashamed but too ""cowardly"" to kill herself.
* Joined the worldhelm via game",,,,,,,,,
Dai Shuye 3,,,"Teisei, Tian Yin",,,,,,,,
Dai Shuye 4,,,,https://i.imgur.com/s5hD1yY.png,,,,,,,
Dai Shuye 5,,,,,,,Qi Specialist (lost; replaced with Ruinbringer),,,,
Dai Shuye 6,,,,,,,,,Moving 2 levels of encourage to Condemn (now Condemn 6 Encourage 1),,
Dai Shuye 7,,,,,,,,,,https://docs.google.com/spreadsheets/d/1-tFg3zRtNft21WcJb6cUyox3oqjSeT8GZcaRkz4xbxE/edit?gid=0#gid=0,
Daisy Starbloom 1,22,,,,,,,,,,
Daisy Starbloom 2,,"- Unlike other Deerfolk families, Daisy grew up isolated, living with a sacred coven of Forest Witches hidden in the far northeastern region of the Gwaed Forest below the Star Peaks.
- Raised as a young initiate, she learned the art of herbalism, gardening, and alchemy.
- Gained the personal tutelage of a Hedge Witch in the Coven named Althea Starbloom, who became her mentor-mother figure. 
- When Althea was called to perform an odyssey across Kor’tarion to seek out other covens and earn the High Priestess title, she passed down her verdant locket with motherly love. 
- Althea didn’t return. The Coven’s Crone looked reluctantly to Daisy as Althea’s closest successor. After undergoing more rigorous training, upon adulthood, Daisy finally left her coven to attempt the odyssey herself, in hopes of one day reuniting with Althea.",,,,,,,,,
Daisy Starbloom 3,,,"The Gwaed Forest, Kor'tarion",,,,,,,,
Daisy Starbloom 4,,,,https://i.imgur.com/xHT83m2.png,,,,,,,
Daisy Starbloom 5,,,,,,Bloomwalker Daisy,,,,,
Daisy Starbloom 6,,,,,,,"Heirloom: Verdant Heart (Accessory)
Biofuel Quality (1000z)

A pentagram necklace passed down by the Hedge Witch, Althea Starbloom. It serves as an intimate bridge between its wearer and the natural world. 

Flaw: This necklace thrives on reciprocity and the natural order. The more power drawn, the more its wearer must find ways to reciprocate (e.g, through personal energy, offerings to nature). Otherwise, negative effects may arise. This can manifest as sudden exhaustion, altering the wearer's connection to nature, unexpected transformations (e.g., temporary changes to their physical form or affinity), or even the necklace ceasing to function until its wearer restores balance.",,,,
Daisy Starbloom 7,,,,,,,,,,https://docs.google.com/spreadsheets/d/1cZvGZ1j8776wRFqeC2JQMc0VlBy5Wihb11lRKF6YoOI/edit?usp=sharing,
Daisy Starbloom 8,,,,,,,,,,,90
Dante Cavaliero 1,23,,,,,,,,,,
Dante Cavaliero 2,,"- Grew up in Brightshield
- Regularly saw knights and other valued heroes
- Failed to become a knight, too independent and flashy
- Became a street performer instead
- Substitutes martial prowess with solid crowd work and stage presence
- “Fake it till you make it”",,,,,,,,,
Dante Cavaliero 3,,,Kor’Tarion- Brightshield,,,,,,,,
Dante Cavaliero 4,,,,https://i.imgur.com/w2wp1Gf.jpeg,,,,,,,
Dante Cavaliero 5,,,,,,,,,,https://docs.google.com/spreadsheets/d/1BdW72HFz6bFFXREr4sySdVRu0zYr6eBbudh7JWoTvF4/edit,
Daphila Tinkertop 1,33,,,,,,,,,,
Daphila Tinkertop 2,,"- Born in a small community of fae creatures who are adept at magic

- Never learned how to wield magic, instead learns how to craft toys.

- Gets inspired to leave her home when her toys brings joy to those around her. She leaves and starts a career as a traveling toymaker",,,,,,,,,
Daphila Tinkertop 3,,,"Kor'Tarion, Faerie Realm",,,,,,,,
Daphila Tinkertop 4,,,,https://i.imgur.com/a5P6hjH.jpg,,,,,,,
Daphila Tinkertop 5,,,,,,Daphy,,,,,
Daphila Tinkertop 6,,,,,,,,,,https://docs.google.com/spreadsheets/d/17bFiDq0OBqYwPpThDwyq3X73yR9giZiU1Gv5uHY4yA4/edit?usp=sharing,
Dehua & Jiu You 1,23,,,,,,,,,,
Dehua & Jiu You 2,,"- Dehua was born in Xuanwu City, and as soon as she showed any promise of cultivation potential, was sent into the care of a weak local sect, the Golden Cicada Sect, focused on bodily cultivation and honing the art of medicine. 

- The sect was strapped for resources, and in search of any way to increase the speed of their progress, would venture off, looking for ancient relics or rare plants to make into medicine.

- On one such expedition, Dehua found Jiu You, an ancient drinking gourd made by a long dead winemaker, which possessed the ability to pour forth a seemingly limitless amount of wine, as well as a manuscript on the winemaker's path to following the Dao of the Drunken Master

- With Jiu You's help, Dehua began the path to being a much better cultivator and healer, and eventually, the lives she had saved and the progress she made allowed herself to be seen as Goldhearted material by the Worldhelm.",,,,,,,,,
Dehua & Jiu You 3,,,"Wujing Guo, Tian Yin",,,,,,,,
Dehua & Jiu You 4,,,,https://i.imgur.com/6b2Frj2.png,,,,,,,
Dehua & Jiu You 5,,,,,,,Hunted Emissary,,,,
Dehua & Jiu You 6,,,,,,,,,,https://docs.google.com/spreadsheets/d/1dThHweQmn4-4-GPF8vw_cbta18N9bsSjvSndlE65g_g/edit?usp=sharing,
Dehua & Jiu You 7,,,,,,,,,,,50
Desoka Targandr 1,25,,,,,,,,,,
Desoka Targandr 2,,"* Born in Aldistir to a Swordswoman and Elementalist
* Trained from birth by parents
* Lost parents to a draugr and was abandoned outside Camp Von Kibo
* Joined a foster family and finished his training
* Became a monster hunter
* Elemental User and Expert Swordsman
* Almost died before arriving at the Worldhelm via a Realmstorm
* Is hoping to use his skills for the survival of the Worldhelm",,,,,,,,,
Desoka Targandr 3,,,Aldistir,,,,,,,,
Desoka Targandr 4,,,,https://i.pinimg.com/736x/cf/8b/ee/cf8beef1508b61d3a918a9293b2640e7.jpg,,,,,,,
Desoka Targandr 5,,,,,,,,,,https://docs.google.com/spreadsheets/d/1JXaXG0pt2QrBJNsfkf1iUBdECSnWgH3YDDnaoJ7QYcs/edit?gid=0#gid=0,
Desoka Targandr 6,,,,,,,,,,,7
Despina — The Deliverance 1,19,,,,,,,,,,
Despina — The Deliverance 2,,"* Humanoid born in Dreadlan to Lost parents who lived with a pack of Wild Souls (striped hyenas)
* Was the 'runt of the litter' but definitely loved and felt loved by her packmates
* Constantly tried hard to prove her worth, unlike her parents who were more hopeless, listless, just trying to get by
* One day her pack saw a lone human and the attempt to hunt them went poorly
* The human was a mage and killed a lot of the pack, including her parents
* The rest scattered, but she was seeing too much red to run
* He saw some use in a humanoid who still had a spark in her and so after forcing her to listen, made her an offer
* Desperate to cling on to life, she swallowed her pride and sorrow and agreed to be his servant and student, studying magic under him for the next few years
* Eventually his own patron proposed to send her off to Heartdom to get a Knight in their service
* Enrolled in the House of Treasures because she wants to be something stronger than a puny little human",,,,,,,,,
Despina — The Deliverance 3,,,"Dreadlan, Kaiway",,,,,,,,
Despina — The Deliverance 4,,,,https://i.imgur.com/nTl1A72.jpeg,,,,,,,
Despina — The Deliverance 5,,,,,,"Despina Stripeless
The Deliverance",,,,,
Despina — The Deliverance 6,,,,,,,Regal Vessel,,,,
Despina — The Deliverance 7,,,,,,,,,,https://docs.google.com/spreadsheets/d/1pxeUa_4XFTh0r3yBec-LxYQT4dkc8OVg6dDf1pU1ouY/edit?gid=0#gid=0,
Despina — The Deliverance 8,,,,,,,,,,,60
Dhata Mithril 1,23,,,,,,,,,,
Dhata Mithril 2,,"Dhata Mithril had worked tirelessly to further one goal: to imbue everyone in Lhodos with psychic abilities. To her mind, it could end Merrane's tyranny for good, elevate humanity, and usher in a new era of unity, peace, and joy in Lhodos. She went so far as to make herself the test bed for this experimentation, becoming an Esper and gaining incredible power at the cost of instability and pain, all in pursuit of this utopia. Then, suddenly, he gave up, seemingly abandoning his ambitions.

But during a recent mission, they lost nearly all of their memories. Now, they call themself Stem, as they acclimate to an unfamiliar world and strangers with a lot of expectations of them, forging new connections and trying to find their way. All the while, their past self looms over them, with all of her flaws, misery, and hatred. They can't help but wonder - will they be able to confront and overcome Dhata's painful past, or are they doomed to repeat it and become that tragic scientist once again?",,,,,,,,,
Dhata Mithril 3,,,Lhodos,,,,,,,,
Dhata Mithril 4,,,,https://i.imgur.com/Ge4FCuB.png,,,,,,,
Dhata Mithril 5,,,,,,Stem,,,,,
Dhata Mithril 6,,,,,,,Fugitive Experiment,,,,
Dhata Mithril 7,,,,,,,,,,https://docs.google.com/spreadsheets/d/1aI1-_xbp7sbU134rW-YDG9YBCG4-1G4B0qznkvOct3U/edit?gid=0#gid=0,
Doctor Love! 1,32,,,,,,,,,,
Doctor Love! 2,,"-pirate radio host
-parabellum field researcher 
-living in a very condemned mcmansion 
-thinks the best way to help people is to educate and organize",,,,,,,,,
Doctor Love! 3,,,Terra,,,,,,,,
Doctor Love! 4,,,,https://i.imgur.com/ZYPY1QX.png,,,,,,,
Doctor Love! 5,,,,,Terra,,,,,,
Doctor Love! 6,,,,,,,,,,https://docs.google.com/spreadsheets/d/1nknlP9c0dhvKB3ZategOu4Dk6Rw61QV5XA8Z7EZnt8I/edit?usp=sharing,
Dr. Lawrence Faust 1,Died at 24. 41 years since birth.,,,,,,,,,,
Dr. Lawrence Faust 2,,"- Nearly twenty years ago, he took out a simple and manageable loan to open a pharmacy with a friend. However, not long after, just as the business was beginning to take a dip, the Baylore Company collapsed. 
- His loan was now in the hands of ETA, and there was little he could do about it. In a stress-enduced bender one evening, Lawrence attempted to return home, intoxicated. Unaware, and delerious, Lawrence stepped out into traffic, and passed away. 
- Since then, he's managed his pharmacy as a diligent, passionless worker, with glazed red eyes. ETA had returned him as an Insolvent, and he was now to work for the rest of days.",,,,,,,,,
Dr. Lawrence Faust 3,,,Terra,,,,,,,,
Dr. Lawrence Faust 4,,,,https://i.imgur.com/9rfvBFQ.png,,,,,,,
Dr. Lawrence Faust 5,,,,,,,,,,https://docs.google.com/spreadsheets/d/1Fx0Qlz7CJmnDJczI-LQQysI9O58egNKnbUsrkvMzXs8/edit?usp=sharing,
Duan Nüying 1,24,,,,,,,,,,
Duan Nüying 2,,"- Born to a one of Xiexie’s servants, Nüying showed a promise for death cultivation quite young.
- Quickly Xiexie took Nüying under her wing and she became enamored by Xiexie’s gifts.
- Seeing the positives that not only came to her but her family as well under Xiexie’s praise, Nüying took to her training with more vigor than any would expect from someone her age. Any negative side affects of taking in so much death qi was waved off by her.
- Now with Xiexie’s guidance and training, Nüying would be proud of her skill but still strives for more.",,,,,,,,,
Duan Nüying 3,,,Tian-Yin,,,,,,,,
Duan Nüying 4,,,,https://i.pinimg.com/474x/9e/dd/2e/9edd2efaa42c64bfa032e8879d821bdb.jpg,,,,,,,
Duan Nüying 5,,,,,,段女英,,,,,
Duan Nüying 6,,,,,,,Qi Specialist (Demonic),,,,
Duan Nüying 7,,,,,,,,,,https://docs.google.com/spreadsheets/d/1x17U8eDk-hmeqLIrCdyYrZYZ0TZBTeHbAiijcXm_Bb8/edit?usp=sharing,
Duan Nüying 8,,,,,,,,,,,60
Dull Ahan 1,"26 before he became Dull, 1 year since (27)",,,,,,,,,,
Dull Ahan 2,,"Soul protector of Village
tried to fight a necromancer who killed them and stole there soul treasure
necromancer used the soul treasure to create an monster general for an undead army
Dulls creation killed necromancer, leaving him clueless of what to do
came back with no memories of who they were, just there personality
tries to go good for people despite being treated like a monster or an undead freak
(Full backstory is in Bio)",,,,,,,,,
Dull Ahan 3,,,Kor'Tarian,,,,,,,,
Dull Ahan 4,,,,https://i.imgur.com/TbJqCnF.jpeg,,,,,,,
Dull Ahan 5,,,,,,Thomas Croker (doesnt know it),,,,,
Dull Ahan 6,,,,,,,Elemental Soul,,,,
Dull Ahan 7,,,,,,,,,"Removed 2 levels from rogue, placed 1 into necromancer (fear is key) and one into Fury (Provoke). New levels are 3 Necromancer, 1 fury, and 1 orator",,
Dull Ahan 8,,,,,,,,,,https://docs.google.com/spreadsheets/d/1NPkmnTQhoYdKXNRZF6BuY7n-tTpE9ZaOeD6ioTUHNM4/edit?gid=0#gid=0,
Ebb 1,??? (Over 18),,,,,,,,,,
Ebb 2,,"-A Cecrae
-Was in hibernation when the moon broke
-Awoke in Elder's Crag and watched people take the  beach glass
-Started doing the fate Cecrae thing a few years ago and never met another Cecrae till Kviss*",,,,,,,,,
Ebb 3,,,Kor'Tarion,,,,,,,,
Ebb 4,,,,https://i.imgur.com/8QkmV8Y.png,,,,,,,
Ebb 5,,,,,,,Outcast Fairy,,,,
Ebb 6,,,,,,,,Antikythera (Cecrae Ancestors),,,
Ebb 7,,,,,,,,,,https://docs.google.com/spreadsheets/d/1lAqviD7-U1JUMCuZne6U1tEqVWQe1MGb7pfKAqdnK6c/edit?gid=0#gid=0,
Echo 1,30,,,,,,,,,,
Echo 2,,"Granted sapience and magic as a small kit three decades ago, he struggles with the meaning of an increased lifespan.
A solitary yokai unable to properly connect with others.
Empathetic and curious, he often seeks to be helpful.
His natural drive towards solitude and empathetic desires often clash.",,,,,,,,,
Echo 3,,,Aldistir,,,,,,,,
Echo 4,,,,https://i.imgur.com/u1w4SPQ.jpeg,,,,,,,
Echo 5,,,,,,Echoes Through the Canyon,,,,,
Echo 6,,,,,,,The Beast Who Spoke,,,,
Echo 7,,,,,,,,,,https://docs.google.com/spreadsheets/d/1nThq1n870-cObvePP0hmDGe_WQbxMZ-IRRny93lan18/edit?usp=sharing,
Echo 8,,,,,,,,,,,100
Edith Bonamy 1,20,,,,,,,,,,
Edith Bonamy 2,,"* Was a street urchin in Nezmira with the idea that only the night sky held a chance at freedom
* Used simple magical ability to survive
* Was drawn to the lost Ancient Observatory by the stars
* Locked herself away there to study, killing scouts of the Scalefire Empire that would come
* Was invited unto the Worldhelm during a larger-scale assault on her claimed home",,,,,,,,,
Edith Bonamy 3,,,"Skarta, Nezmira (Ancient Observatory)",,,,,,,,
Edith Bonamy 4,,,,https://cdn.imgchest.com/files/myd5c2nplm4.png,,,,,,,
Edith Bonamy 5,,,,,,,,"Major: Antikythera, Yubel
Minor: Honoikazuchi",,,
Edith Bonamy 6,,,,,,,,,,[There is something incredible out there.](https://docs.google.com/spreadsheets/d/1Asn0jk6CiodqI3zbwELGjmjwXxSfSbg5Mla-ExxcSsg/edit?gid=0#gid=0),
Edward Lowell Jr. 1,26,,,,,,,,,,
Edward Lowell Jr. 2,,"- Edward Lowell Jr. (Ed) was raised in Silver Rock, Terra within a mansion with his mother and two brothers along Billionaire Lane. 
- His mother is a former DHK executive of some kind and his father is at least an ET Corporation board member. 
- When he turned 21, he left to start his own company called ""The Million Mystery"" (Mystery Gang) which solves dead end cases and supernatural suspicions. 
- Two weeks ago he was blackmailed on exposing his identity as the son of an ET corporation nepo baby. 
- He tried going into hiding, got kidnapped, and was being transported outside of Haven when a realmstorm saved him. 

Family: Edward Lowell (Father), Winona Mescal (Mother), Edwin Lowell (Oldest Brother, 28 y/o), Edbert Lowell (Middle Brother, 27 y/o)",,,,,,,,,
Edward Lowell Jr. 3,,,Terra,,,,,,,,
Edward Lowell Jr. 4,,,,https://media.discordapp.net/attachments/737973699336208428/1355391192908697670/Edward_Lowell_Jr._Banner.png?ex=67e8c1ea&is=67e7706a&hm=e6c399d09676205dccb94d7f23b6712f5f5bbc0ac7483f321415ef7d466ae1b9&=&format=webp&quality=lossless&width=&height=,,,,,,,
Edward Lowell Jr. 5,,,,,,Ed,,,,,
Edward Lowell Jr. 6,,,,,,,,Vanagandr,,,
Edward Lowell Jr. 7,,,,,,,,,,https://docs.google.com/spreadsheets/d/1YyicmFHZ5MM15QCZU-jhTZOWMwNM2K43Oj11oQY9Wr0/edit?usp=sharing,
Elaine Sejr 1,~~19~~ 20,,,,,,,,,,
Elaine Sejr 2,,"Traumatic Childhood that lead to her Psionic Powers
Ran away from home. Stole Model from her father's account (works as an admin for SWORD games)
Lives in a van. Donates blood andplasma to support herself as well as working for 100G",,,,,,,,,
Elaine Sejr 3,,,Terra/Haven,,,,,,,,
Elaine Sejr 4,,,,https://i.imgur.com/gZSAkq6.jpeg,,,,,,,
Elaine Sejr 5,,,,,,Prydwen,,,,,
Elaine Sejr 6,,,,,,,Old Transport,,,,
Elaine Sejr 7,,,,,,,,,"Reduced damage from Weapon Module.
Going from Darkblade 1 to Guardian 1",,
Elaine Sejr 8,,,,,,,,,,https://docs.google.com/spreadsheets/d/12rjhoO6VoZWjHZJmc1OHII0_P4Ae2ReJ9UXM2hAn7Ko/edit?usp=sharing,
Elaine Sejr 9,,,,,,,,,,,0
Elara Lockflint 1,18,,,,,,,,,,
Elara Lockflint 2,,"- Orphan from Merrane at 7yo
- Adopted by Caden Lockflint, a military scientist
- Enrolled at the Academy of Korala with fake documents at 11yo
- Failed Magitech classes for exploding crystals on touch
- Dropped out and became a mercenary",,,,,,,,,
Elara Lockflint 3,,,Lhodos,,,,,,,,
Elara Lockflint 4,,,,https://i.imgur.com/nfAWiKy.png,,,,,,,
Elara Lockflint 5,,,,,,"Elara Walden, Elara Alksnis",,,,,
Elara Lockflint 6,,,,,,,,,,https://docs.google.com/spreadsheets/d/1kvoLdhXS3izDhaZk3fLPjOYe08SdO8u_HjzTAZ53akg/edit,
Elijah-2615 1,19,,,,,,,,,,
Elijah-2615 2,,"- Born to human parents living outside the Civilized Zone. Very sickly youth.

- extended family chose to get barcoded and move into the Civilized Zone for his medical care

- treating Elijah was deemed inefficient. Family had to prove the value of this child by working in the mines.

- Elijah was unable to leave bed for more than brief periods. Expensive and difficult to keep Elijah alive. 

- Watched as mother grew ill and died, and his father came to resent the burden that Elijah was.

- Put in written application to Gnosis activity as a Warden. Good academics, but couldn't visit in person.

- Visited by a recruiter who took interest and pulled strings to get him an Envirosuit for mobility and disease prevention

- Joins the recruiter and goes to Heartdom, recruiter wants him to join Regalia, but he chooses Paladins instead out of fear of changing that much.

- Tries his best to fulfill duty to Lilith and family in Steelbin, doesn't want to be a burden anymore",,,,,,,,,
Elijah-2615 3,,,Steelbin - Kaiway,,,,,,,,
Elijah-2615 4,,,,https://i.imgur.com/b1AHvlV.png,,,,,,,
Elijah-2615 5,,,,,Heartdom - Kaiway,,,,,,
Elijah-2615 6,,,,,,,,"Lilith, because Gnosis provided him with a suit that lets him operate like a normal person",,,
Elijah-2615 7,,,,,,,,,,https://docs.google.com/spreadsheets/d/1FSlnCUETsIPsJ3m2yogjzyJkbUoy45Lt8sr2NVlrtQo/edit?usp=sharing,
Elijah-2615 8,,,,,,,,,,,60
Eluna 1,Secret,,,,,,,,,,
Eluna 2,,"- Set out from her home looking to try and help make things better between fae and humans.
- Grew up in a village where singing is as second nature as breathing.
- Village did not fully support her goals, and doesn't wish to return until she has done so or has a very good reason.",,,,,,,,,
Eluna 3,,,"The Faerie Realm, Kor' Tarion",,,,,,,,
Eluna 4,,,,https://i.imgur.com/tyznuee.png,,,,,,,
Eluna 5,,,,,,,"Outcast Fairy - Weakness: Can't leave a song unfinished and can't deny an encore no matter the situation. If they do they lose their voice, until asked to sing without promting it or until they soak in a bath infused with flower petals.",,,,
Eluna 6,,,,,,,,,,https://docs.google.com/spreadsheets/d/1PVAbJ51rNKCGz2m4dbNbZJdlqoSWYWRlXrD2TFlvRfs/edit?usp=sharing,
Ember Wake 1,36,,,,,,,,,,
Ember Wake 2,,"- Came from a poor family
- Went into debt with ETA to get qualification through higher education
- Worked for Orrery for a long time, and finally got a chance to work in sub-orbital satellite maintenance through a work-visa for the Trans-Orbital Relocation Colum
- Skyfall destroyed many orbital structures, one of which he was working on
- He died, and was brought back as an Insolvent, and then got picked up by a realmstorm only days after",,,,,,,,,
Ember Wake 3,,,"Vinyard, Terra",,,,,,,,
Ember Wake 4,,,,https://i.imgur.com/eDtBf99.png,,,,,,,
Ember Wake 5,,,,,,,Insolvent,,,,
Ember Wake 6,,,,,,,,"Antikythera (Orrery)
Vanagandr (ETA)",,,
Ember Wake 7,,,,,,,,,,https://docs.google.com/spreadsheets/d/1TANfQUAyAai4ESffD09CRr-EOOxHRe9QcThs1Y_HI6E/edit?gid=0#gid=0,
Ember Wake 8,,,,,,,,,,,50
Emi 1,22,,,,,,,,,,
Emi 2,,"- Firstborn daughter to a well to do family.
- Refusing to go along with her families wishes and the duties and obligations that came with it, she ran away from home.
- Always loved music and decided to pursue her dreams, becoming a Rocker and eventually working with SWORD.
- Her signature instrument is a guitar she inherited from her uncle, who always encouraged her to do what she loved. 
- Right now, she mostly plays shows and supplements her income by working as an artist for SWORD.",,,,,,,,,
Emi 3,,,Terra,,,,,,,,
Emi 4,,,,https://i.imgur.com/rRopAu2.jpeg,,,,,,,
Emi 5,,,,,,"Emilia ""Emi"" Gallagher",,,,,
Emi 6,,,,,,,"Heirloom

A guitar gifted by a famous rocker. To most, its just an instrument. To you, it's the world. 

Orphean (1350z)
Custom Weapon, Arcane Ranged
[WLP+WLP+2] HR + 9 Bolt
Properties: Elemental (Bolt), Defense Boost, Accuracy Boost
Quality: Energy Vamp
(Cost Breakdown: Custom Weapon 300z + Same Stat Accuracy 50z + Energy Vampire Quality 1000z)

It's almost impossible to quench its sound. You can't help but play loud. People will notice, for good or ill. The authorities don't like sound complaints. Get ready for trouble.",,,,
Emi 7,,,,,,,,,,https://docs.google.com/spreadsheets/d/1Vt54B18D_bF_fTc-sI7tos0T87GP8RiE6ob_ssWaOT4/edit?gid=0#gid=0,
Emi 8,,,,,,,,,,,30
Emile Holdermann 1,21,,,,,,,,,,
Emile Holdermann 2,,"- His parents are both well established officers in the  Haven PD
- Was stuck to a hospital bed throughout the majority of his life due to an auto-immune disease
- During that time period, his Psionics revealed themselves
- During his treatment, Hospital fees and medicine cost so much money his parents were struggling financially. Being such a massive burden to his family heavily affected Emile and how he views himself.
- His father got into some shady business so he could afford getting Emile Chrome to counter act the disease
- Worked for the Investigative branch of the Haven PD for roughly 2 years. Has read through their files multiple times.

__**Recent Info**__
- Got into some stuff with Tubal & Cain and has since had his badge removed. Now works as a temp for 100G",,,,,,,,,
Emile Holdermann 3,,,Terra,,,,,,,,
Emile Holdermann 4,,,,https://i.imgur.com/4Hp3go7.png,,,,,,,
Emile Holdermann 5,,,,,,,,,,https://docs.google.com/spreadsheets/d/1Wd-YbByySLCGNhQO4ScWLx1VjcYOcVL2yyMKPyhhrV8/edit?usp=sharing,
Enlai 1,60,,,,,,,,,,
Enlai 2,,"- A humble Vanara farmer within Bingchuan for his whole life, content with a relatively peaceful existence
- Has an uncanny talent for raising the land, and is often rewarded with the bounty as rice wine
- Drinking buddy with an old Jinshi cultivator who over the years has enlightened them on the Dao of the Drunken Master
- One day a spirit beast destroyed a swathe of crop, causing Enlai to chase after it, incensed, stumbling into a realmstorm outside the village",,,,,,,,,
Enlai 3,,,"Bingchuan Village, Jijing Xiantiao, Wujing Guo, Tian Yin",,,,,,,,
Enlai 4,,,,https://i.imgur.com/Y5LNb8W.png,,,,,,,
Enlai 5,,,,,,恩来,,,,,
Enlai 6,,,,,,,Hunted Emissary - Boon of Felicitous Mischief / Curse of Heavenly Enmity,,,,
Enlai 7,,,,,,,,,,[Sheet](https://docs.google.com/spreadsheets/d/1dub-wkUATXXjPtzFAebbdlr3UCLaeT-4tPHH4wVtNNc/edit?pli=1&gid=1820190587#gid=1820190587),
Enlai 8,,,,,,,,,,,30
Ephraim 1,30,,,,,,,,,,
Ephraim 2,,"- An orphan bandit operating in the areas where Nezzim control was not so tight. Quit after a raid gone wrong became a village massacre.

- Captured and became slave to Nezzim masters. Eventually finds his way out of direct servitude and into 'working' for them instead, as a slave catcher. 

- Becomes Goldhearted, and is shown a truth that the Nezzim and Humans share a common ancestry. Starts helping slaves escape from the Nezzim in secret. 

- The Nezmiran Civil War against Theoris begins, and Ephraim throws in his lot with the Revolutionaries.",,,,,,,,,
Ephraim 3,,,Nezmira - The City of Sandsailors,,,,,,,,
Ephraim 4,,,,https://i.imgur.com/CcTLJVR.jpeg,,,,,,,
Ephraim 5,,,,,,,,Has a healthy respect and fear for Akhir (Nezmira's Vanagandr),,,
Ephraim 6,,,,,,,,,No remort changes,,
Ephraim 7,,,,,,,,,,https://docs.google.com/spreadsheets/d/1bQQsetZ7RM9Quy5kr8NuAmWXabboFY63jXew1iQNhtU/edit?usp=sharing,
Epsilon J. Affogato 1,27,,,,,,,,,,
Epsilon J. Affogato 2,,"- HR/Corpo worker
- Does gigs on the side
- Bartends a lot
- Aims to have his own company (All's Well LLC)
- Currently being inducted into the Olympians (Codename: Sisyphus)
- Quietly planning to depose and remove Julius Augustus",,,,,,,,,
Epsilon J. Affogato 3,,,"Haven, Terra",,,,,,,,
Epsilon J. Affogato 4,,,,https://i.imgur.com/qUmhuIa.png,,,,,,,
Epsilon J. Affogato 5,,,,,,,Fugitive Experiment,,,,
Epsilon J. Affogato 6,,,,,,,,,,https://docs.google.com/spreadsheets/d/1mnw_5_iJcSS81vUy0zBVVFLCq5w1zaOfPruhyiW-SwA/edit?gid=0#gid=0,
Erin Shephard 1,20,,,,,,,,,,
Erin Shephard 2,,"- Born and raised in Steelbin's Civilized Zone with her older brother, Anthony Shephard. Their parents made their living being mechanics for Machina.
- The two siblings were raised to be skilled craftsmen and Anthony gained patronage to the Academy due to engineering skills. Anthony then brought attention to his younger sister Erin, who held the same promising skills but seemed more focused on using it on her own projects. 
- Under Anthony's recommendation, Erin received the same patronage but was more eager at the chance to leave Steelbin behind than learning new skills.
- Erin has been a student now for two years and while her brother was a perfect student, she failed to meet those expectations so she focused on proceeding to do the bare minimum to stay enrolled and no more than that.",,,,,,,,,
Erin Shephard 3,,,"Steelbin, Kaiway",,,,,,,,
Erin Shephard 4,,,,https://i.pinimg.com/736x/5b/87/2d/5b872d89aef23d55a9219a48ed119c39.jpg,,,,,,,
Erin Shephard 5,,,,,,Erin-31,,,,,
Erin Shephard 6,,,,,,,,,,https://docs.google.com/spreadsheets/d/1ieYWFRDhIZ4aSK2hgbcgO5Csb1N0Lw-MjhUUrWGBNog/edit?usp=sharing,
Erin Shephard 7,,,,,,,,,,,40
Eris L'arca 1,22,,,,,,,,,,
Eris L'arca 2,,"• Eris is a rabbit-like Fae from the Faerie Realms of Kor'Tarion. She is a free-spirited dancer who hones her craft and performs across the realm to spread her passion, the love and laughter that dance can bring.

• Eris was raised in a forest where celebrations were held day in and out. However, she woke up one day to find that the party had moved on elsewhere, leaving her alone in a fit of confusion. She sets off to find her family, roaming the chaos of the Fae Realm in vain until she stumbles into a Fae Crossing.

• Eris finds herself in the wilds of Kor'Tarion where she wanders and eventually encounters a mentor in a small but bustling town suffering from the forces of darkness. Together, they brought life and  safety back to the town.

• One day, she wakes up to a familiar sensation. A Realmstorm falls upon the town, bringing her to the Worldhelm with her mentor gone. She sets out to find her mentor and her Fae family, using her dance to bring freedom and hope back to other realms",,,,,,,,,
Eris L'arca 3,,,The Faerie Realm and Ruined Kingdom of Kor’Tarion,,,,,,,,
Eris L'arca 4,,,,https://i.imgur.com/3GptfuG.jpeg,,,,,,,
Eris L'arca 5,,,,,,,,,,https://docs.google.com/spreadsheets/d/1qnlfTzkHRmIXF1PjVZ5RCeE7rZgLNxY8HQWnK6RYXVk/edit?gid=0#gid=0,
Eris L'arca 6,,,,,,,,,,,50
Eya Marsh 1,27,,,,,,,,,,
Eya Marsh 2,,"- Was a child for about 18 years, didn't care about school, was always a delinquent.
- Parents kicked them out, so they took to the streets and crashing on couches, also got into doing favors for local games.
- They got into doing dangerous shit, which ended up with them racking up medical debt. This will come up later.
- It comes up at age 24, when they are struck and killed by a car. They become an Insolvent.
- They get used to that life, but grow discontented with the world around them and its corruption.
- Marsh is taken to the Worldhelm.",,,,,,,,,
Eya Marsh 3,,,"Boomville, Silver Rock, Haven, Central, Terra",,,,,,,,
Eya Marsh 4,,,,https://i.imgur.com/6dhks89.jpeg,,,,,,,
Eya Marsh 5,,,,,,Marsh,,,,,
Eya Marsh 6,,,,,,,Insolvent,,,,
Eya Marsh 7,,,,,,,,,,https://docs.google.com/spreadsheets/d/14tTjpds9hesfT2KoGSiORhe7p_S_S-inR9Mqe1EOJmo/edit?pli=1&gid=1073023882#gid=1073023882,
Fabri Caetspells 1,19,,,,,,,,,,
Fabri Caetspells 2,,"Comes from a family of rich celebrities from terra
Fabri's mother, Vindi, working for NTT is trying to rebrand magic to become a face of a group and gain even more fame
This skyrocketed the family into even more celebrity status due to controversy
Vindi as part of a magical rebranding stunt claimed that her daughter was a spell caster
Fabri being her oldest child was set up as said spellcaster despite not being able to cast spells
Uncle teaches Fabri to create spells via magisphere
uses it to ""fake it till she made it""
Vindi uses Fabri to try and push magic to be more ""friendly and light hearted"" to change public opinion
uses her connections to make Fabri a storm ""superhero"" as part of her brand
Fabri believes every word of it",,,,,,,,,
Fabri Caetspells 3,,,"southrock, Terra",,,,,,,,
Fabri Caetspells 4,,,,https://i.imgur.com/2MzQkh7.jpeg,,,,,,,
Fabri Caetspells 5,,,,,,The Storms Sweetheart,,,,,
Fabri Caetspells 6,,,,,,,,,,https://docs.google.com/spreadsheets/d/1yR3hxe9r7p9E9iStxGtbCKHqrsUWp5IgBcZKcAKT4nA/edit,
Fabri Caetspells 7,,,,,,,,,,,90
Fenn 1,20,,,,,,,,,,
Fenn 2,,"-Part of Autumn Court
-Pulls a prank on the queen
-gets thrown out into Kor'Tarion
-Noble asshole takes advantage of her weakness to make her a servant
-Escapes and leaves him for dead
-Lives in the Gwaed Forest as a thief",,,,,,,,,
Fenn 3,,,"Faerie realm, Kortarion",,,,,,,,
Fenn 4,,,,https://i.imgur.com/OANLfSO.png,,,,,,,
Fenn 5,,,,,,Saorise (fae name),,,,,
Fenn 6,,,,,,,"Outcast Fairy:
Speak to Beasts, Elementals, Plants
Learn 1 spell ( Drain Spirit)
Do rituals
Use rituals to transport creatures into/out of faerie realm
Weakness: When Fenn loses their mask, they have to obey all commands they're given by the first person who's eyes they look into.  This effect is broken if she wears her mask again.",,,,
Fenn 7,,,,,,,,,,https://docs.google.com/spreadsheets/d/1QkLNKpvHJsBMtrcuwM4pkP60ZmGtStF_dWw2Zlx-gQo/edit?gid=0#gid=0,
Fenn 8,,,,,,,,,,,40
Fernia 1,26,,,,,,,,,,
Fernia 2,,"- Used to just be a traveling botanist studying plants.
- Went into the Irathwood to study rumors of strange flowers.
- Was attacked by some unseen assailant while looking for the mysterious flowers.
- Woke up with wounds stitched together by a mysterious plant, attempts of removal or actions that seem to displease this plant cause her extreme pain.",,,,,,,,,
Fernia 3,,,Kor' Tarion,,,,,,,,
Fernia 4,,,,https://i.imgur.com/NzN3me1.jpeg,,,,,,,
Fernia 5,,,,,,,Aboreal,,,,
Fernia 6,,,,,,,,,,https://docs.google.com/spreadsheets/d/1GUHCTaSPSOCFntYS21Ig43NNTeJzEi958MZstNmemtY/edit?gid=0#gid=0,
Flynn Hyacinthus 1,24,,,,,,,,,,
Flynn Hyacinthus 2,,"-Raised in Tradefair to a single mom (poor)
-Born from a fey deal since parents couldn't have a kid
-Was a servant to a noble house / learned to dance from them
-Trained himself how to fight from watching the mercenaries in Tradefair
-Worked against L.U.T by being a mercenary till he was brought to the Worldhelm",,,,,,,,,
Flynn Hyacinthus 3,,,Kor'Tarion,,,,,,,,
Flynn Hyacinthus 4,,,,https://i.imgur.com/tLn1Thc.png,,,,,,,
Flynn Hyacinthus 5,,,,,,,,,Soul Steal SL1 -> See You Later SL1,,
Flynn Hyacinthus 6,,,,,,,,,,https://docs.google.com/spreadsheets/d/1w2Y99j43XowFii_tAB1MYxNRIpYSnZbHVCEP_pKORag/edit?gid=0#gid=0,
Forest Smith 1,26,,,,,,,,,,
Forest Smith 2,,"- From a family of civil engineers. Has a brother who is a really prolific Triworld player. His parents only really focus on his brother and not Forest.
- Through Twinworld, Forest met someone who he became friends with. Said friend helped land him a job at a weapons workshop called ""Sodalite Workshop""
- They were a pretty tight knit group until they had a massive falling out due to selling out information.
- Forest and one other are now the only ones left at the workshop. Has to do temp work on the side in order to keep himself and the business afloat",,,,,,,,,
Forest Smith 3,,,Terra,,,,,,,,
Forest Smith 4,,,,https://i.imgur.com/RfqSUL1.jpeg,,,,,,,
Forest Smith 5,,,,,,,Old Transport - Old Yotoya SUV,,,,
Forest Smith 6,,,,,,,,,,https://docs.google.com/spreadsheets/d/1UOZ0iTVMaDHXBzwNa0_qgrv68MvreagllCtuFfkY_eI/edit?usp=sharing,
Fox Kensington 1,27,,,,,,,,,,
Fox Kensington 2,,"- Born within Empire of Merrane borders; raised amongst a large family on a vinyard close to the Capital. 

- Age 18: Conscripted into the Merrane Imperial Army at the 

- Age 21: Trained as a Cavalier at the; assigned to the 8th Light Cavalry Regiment with his first MSTNG 44 Automaton Steed named Houston. Assigned to the Frontlines against the Kingdom of Karlsgard

- Age 24: Promoted to Sergeant, loses Houston during a siege on KPLA Outpost. Achieves Pyrrhic Victory. Grows a reputation for a determined yet stern Officer amongst his Regiment. Is given a new Automaton Steed named Odin. 

- Age 27: Promoted to Lieutenant. First Assignment would later be known as the Massacre of the 8th, Miscommunication sees entire 8th Regiment caught in a machine gun nest by the KPLA. A strange storm overcomes the battlefield and several soldiers; Including Lieutenant Fox are counted as KIA.

- Fox awakens onboard the Worldhelm with his Automaton Steed, confused, scared and wondering if he's dead...",,,,,,,,,
Fox Kensington 3,,,Lhodros,,,,,,,,
Fox Kensington 4,,,,https://i.pinimg.com/736x/36/a1/bb/36a1bb53ded168e4f0a01067e07d6c5d.jpg,,,,,,,
Fox Kensington 5,,,,,,Lieutenant Kensington,,,,,
Fox Kensington 6,,,,,,,,,,https://docs.google.com/spreadsheets/d/1ADHX-MS7gMTW1OOfv_giuCyBybZ_pLOBRUGyrUAO7nQ/edit?usp=sharing,
Fox Kensington 7,,,,,,,,,,,40
Gabriel Astrea 1,25,,,,,,,,,,
Gabriel Astrea 2,,"- Was raised in a 'paycheck to paycheck' kind of family. Eventually wanted to make something of his life and started learning anything and everything he could.
- Eventually became a rising star in the area of Soulrunning. SWORD took notice of his work and hired him to lead a small team of Temps.
- Worked as a Temp for a few years till a new hire was assigned to his team by the name of Yuna. Soon after that the team was killed in an ambush besides for Yuna and Gabriel.
- ETA took notice of the failed job and forced them both into a debt that they needed to worked under ETA to pay off.
- Was assigned the Callsign ""Fox"" and Gabriel Astrea was pronounced KIA on the mission they failed.",,,,,,,,,
Gabriel Astrea 3,,,Terra,,,,,,,,
Gabriel Astrea 4,,,,https://i.imgur.com/uDwd1Cx.png,,,,,,,
Gabriel Astrea 5,,,,,,"""Fox""",,,,,
Gabriel Astrea 6,,,,,,,,,,https://docs.google.com/spreadsheets/d/1VXnTAITmHHuDCNxxF5O1cm5UjQhgtVYRCVXdu46YEhw/edit?usp=sharing,
Gabriel Astrea 7,,,,,,,,,,,60
Gabu 1,73-ish,,,,,,,,,,
Gabu 2,,"- demon of Envy whose essence was tampered with by the Dream Weaver
- spent 72 years claiming humanity
- makes a name for himself as Gabu, protector of the Mirland Coast
- turns back into his old form due to succeed at a cost",,,,,,,,,
Gabu 3,,,Kor'Tarion,,,,,,,,
Gabu 4,,,,https://i.pinimg.com/736x/34/c7/f9/34c7f9d5e21c5b7688b464d48154fe37.jpg,,,,,,,
Gabu 5,,,,,Kor'Tarion,,,,,,
Gabu 6,,,,,,Those We Left Behind,,,,,
Gabu 7,,,,,,,Leadhearted Fae (modified Fettered Heart),,,,
Gabu 8,,,,,,,,,Esper skill names (nothing else),,
Gabu 9,,,,,,,,,,https://docs.google.com/spreadsheets/d/1ePv5OUvq3tGibPqlx-xQb0tBk7K5yfC2c0oCRx-PdqA/edit?gid=0#gid=0,
Gaius Decimus 1,26,,,,,,,,,,
Gaius Decimus 10,,,,,,,,,,,60
Gaius Decimus 2,,"Born in Last Hold, swayed to become a Kiir Hunter to hide his nascent magical abilities and escape the oppression of the Nezzim. While out hunting, he one day found a tablet talking about Falak-Khan. Now he tries to gather as much information about the forgotten god to entice his fellow oppressed into rebellion against the Nezzim.",,,,,,,,,
Gaius Decimus 3,,,Nezmira,,,,,,,,
Gaius Decimus 4,,,,https://i.imgur.com/BjhNgl0.jpeg,,,,,,,
Gaius Decimus 5,,,,,Nezmira,,,,,,
Gaius Decimus 6,,,,,,,None,,,,
Gaius Decimus 7,,,,,,,,None,,,
Gaius Decimus 8,,,,,,,,,None,,
Gaius Decimus 9,,,,,,,,,,https://docs.google.com/spreadsheets/d/1mXNjDiNIQr8oxDxBbZNUQy7BZZ4eD0YAQiAVWNMR1iQ/edit?usp=sharing,
Gareth 1,30,,,,,,,,,,
Gareth 2,,"-died, enough time passed in Barza that he doesn't remember Terra 
-met Mya, began travelling with her to descend the layers and escape
-got stuck in Sum
-Mya turn to stone
-spend the last 2 years dragging along her statue as he works to fix her and escape",,,,,,,,,
Gareth 3,,,Terra,,,,,,,,
Gareth 4,,,,https://i.imgur.com/mtgT3Xn.png,,,,,,,
Gareth 5,,,,,"Idyll, Sum",,,,,,
Gareth 6,,,,,,,,,,https://docs.google.com/spreadsheets/d/1orQdPJdB-qqIc5TYxRRnGfvBHQ6qPPyiKE8g8Q9vZMk/edit?usp=sharing,
Gaspar Pianissimo 1,old,,,,,,,,,,
Gaspar Pianissimo 2,,"- formerly a high class musician (until he dies)
- reaches Paradise before the corruption gets to Idyll
- after Vanagandr gets to Idyll, publicly contests Caladrius' thought police ways
- gets cursed by the lord of Paradise so he can't speak ill about him (will die for real if he does it too many times)",,,,,,,,,
Gaspar Pianissimo 3,,,Idyll (Paradise),,,,,,,,
Gaspar Pianissimo 4,,,,https://static.wikia.nocookie.net/dislyte/images/a/aa/Fabrice.png,,,,,,,
Gaspar Pianissimo 5,,,,,,,Long Dream,,,,
Gaspar Pianissimo 6,,,,,,,,,Gaspar was left untouched by the patch,,
Gaspar Pianissimo 7,,,,,,,,,,https://docs.google.com/spreadsheets/d/1hUYsJspdHY6Uc0jfjzCq33pqfwuXy8MW4DtPZ2C01kI/edit?gid=0#gid=0,
Gianna Tomaris 1,21,,,,,,,,,,
Gianna Tomaris 2,,"- former factotum at her family's inn in the tundra
- house/inn gets burned down
- father hands her the family heirloom, she tries to save her family but fails
- saved by a realmstorm
- during her time as a hero, discovers she can cast magic. still unsure how to feel about it.",,,,,,,,,
Gianna Tomaris 3,,,Lhodos,,,,,,,,
Gianna Tomaris 4,,,,https://static.wikia.nocookie.net/blacksurvivaleternalreturn_gamepedia_en/images/b/b1/Maid_Adela.png,,,,,,,
Gianna Tomaris 5,,,,,,,Heirloom,,,,
Gianna Tomaris 6,,,,,,,,,none!,,
Gianna Tomaris 7,,,,,,,,,,https://docs.google.com/spreadsheets/d/1Qb-ePsdM0lIAYT7QKh_Ls7uIFAqFLyTDsMa8I9TpPZc/edit?gid=0#gid=0,
Gin 1,25,,,,,,,,,,
Gin 2,,"Origin
> Gin was born in an unnamed village that has been migrating towards Hanae.
Kidnapping
> Gin was given as a sacrifice to the Oni of The Shrine of Inexorable Tides because of their knack for water cultivation. They somehow brought him there from the mainland.
Training
> An Echo of Musashi appeared to Gin during his captivity, who then taught him how to create and fight with swords and eventually escape
Recruitment
> Gin escaped the oni and attempted to use the Dimensional Slice ability to cross the void back to the mainland from the Shrine of Inexorable Tides, but when he did, he found himself on the Worldhelm instead",,,,,,,,,
Gin 3,,,"Shrine of Inexorable Tides, Teisei, Tian-Yin",,,,,,,,
Gin 4,,,,https://i.imgur.com/1yBLBXy.jpeg,,,,,,,
Gin 5,,,,,,Gin-Heika,,,,,
Gin 6,,,,,,,"Qi Specialist [Water] 
> Vuln Earth",,,,
Gin 7,,,,,,,,"Musashi [Antikythera] | Domains: Time/Honor/Swords

Nobunaga [Revelation] | Domains: Stars/Leadership/Hope
Nobunaga Mechanical Jargon
> HBS [Highest Bond Strength]
> TBS [Total Bond Strength - Only counts present party members] 
> TP [Tactician Point]

Nobunaga Abilities
> Merge: Mark enemies when you damage them. A Mark is consumed when an ally of Gin's hits a marked enemy, and increases their damage by [HBS+2]. Gin gains 1 TP when a Mark is consumed.
> Pulse: You make a Free Attack [HR 0]. If an enemy is Marked due to this attack, choose an Ally to also Free Attack [HR 0]
> Dismiss: Consume all TP. You deal 5*[TP] + 2*[TBS] untyped (?) damage to all enemies.",,,
Gin 8,,,,,,,,,"3 Levels of Daoist were used for Dao Techniques
> Qi Barrier
> Heavenly Spirit, Earthly Fiend
> Golden Bamboo, Wilting Lotus",,
Gin 9,,,,,,,,,,https://docs.google.com/spreadsheets/d/1oiSMUaqDOyMNS69ucVHiGT71BcvPRej44cUucVr6nt8/edit?usp=sharing,
Godric 1,25,,,,,,,,,,
Godric 2,,"- Mage heir to a [corrupt merchant family](https://discord.com/channels/1169852846083153941/1310205180972896357) that hates mages
- They cause a magic accident and blame him for it
- He discovers the truth years later and abandons family
- Becomes a mage mercenary with a magic armor
- Fails because too haughty and desperate for validation
- Gets clerk jobs, including at Orion Marduke's shop
- Fails because of personality and family's influence
- Decides to go to Hudal but gets to Worldhelm first",,,,,,,,,
Godric 3,,,Kor'Tarion,,,,,,,,
Godric 4,,,,https://i.imgur.com/sUxgSvC.png,,,,,,,
Godric 5,,,,,,Godric Ashmont,,,,,
Godric 6,,,,,,,,,"Renamed Esper class and skills to Empath's
Kept Gifts names for ease of use",,
Godric 7,,,,,,,,,,https://docs.google.com/spreadsheets/d/1vROwnfMglyfblPwBAFg0F-sINqlh7pemzahCobp5faA/,
Guo Mùchén 1,70,,,,,,,,,,
Guo Mùchén 2,,"- Born to a human mother and Cultivator father within Bingchuan Village. Marriage was unhappy, father abusive/prone to anger.
- Mother prayed to the God Li Jing, bearer of the hundred-tiered pagoda and god of protection. Desiring a son who would protect her from her partner and the village as a whole.
- Born a Jinshi with an innate connection to Blood Cultivation, a mixture of Wood & Water Qi.
- Raised into a protector of the village alongside other Jinshi. 
- Upon being older, discovered his father was indulging in Corrupt Cultivation through cannibalism in secret.
- Had him thrown out to safeguard the village. 
- Recently buried his mother as she succumbed to old age.",,,,,,,,,
Guo Mùchén 3,,,"Tian Yin, Wujing Guo, Jijing Xiantiao, Bingchuan",,,,,,,,
Guo Mùchén 4,,,,https://i.pinimg.com/736x/1b/2f/04/1b2f045c2a178c06e3a79d3aa7ef7b8f.jpg,,,,,,,
Guo Mùchén 5,,,,,,"Guo
Mù
Chén",,,,,
Guo Mùchén 6,,,,,,,"Hunted Emissary - BOON OF SELF PERFECTION
Natural Weapon [MIG+DEX+1]",,,,
Guo Mùchén 7,,,,,,,,N/A,,,
Guo Mùchén 8,,,,,,,,,,https://docs.google.com/spreadsheets/d/1XSfyxu38kmDLn7F97G06Wly_537RBD21Gbq5eXBsknw/edit?usp=sharing,
Guo Mùchén 9,,,,,,,,,,,60
Gwyneth 1,22,,,,,,,,,,
Gwyneth 2,,"* Found in a basket, fished out of the ocean by fishers in Traeth Village.
* Grew up taller, stronger, much hungrier than a normal person.
* Took up the axe and armor to be the local guardian of Traeth.
* Inspired by the acts of heroism spreading throughout the realm, leaves to help who she can.",,,,,,,,,
Gwyneth 3,,,"Traeth Village, Kor'Tarion",,,,,,,,
Gwyneth 4,,,,https://cdn.donmai.us/original/38/db/38db2302f1256a10ed8495cfb623f592.jpg,,,,,,,
Gwyneth 5,,,,,,,,,,https://docs.google.com/spreadsheets/d/10UFuPwlouQA9MQRn33M-O8NBz5wspODJrJV6ZjOjtPM/edit?usp=sharing,
Gwyneth 6,,,,,,,,,,,10
Gyalwa Jigme 1,30,,,,,,,,,,
Gyalwa Jigme 2,,"- grows up as a monk in the Temple of Strife, absolutely hates it
- decides to make it a problem to the monks
- becomes passionate about math and physics, cutivates that
- develops her own very odd dao, cultivates Heavenly Qi
- gets to the worldhelm and has her soul messed up with on Terra's soul network
- she's fine now",,,,,,,,,
Gyalwa Jigme 3,,,Tian Yin (Leytik),,,,,,,,
Gyalwa Jigme 4,,,,https://i.postimg.cc/pTBDXpNN/Gyalwa.jpg,,,,,,,
Gyalwa Jigme 5,,,,,,,"Qi Specialist (Heavenly, weak to Demonic)",,,,
Gyalwa Jigme 6,,,,,,,,,exoskeleton weapons dealing 2 less damage,,
Gyalwa Jigme 7,,,,,,,,,,https://docs.google.com/spreadsheets/d/15eCeQ5b8jWJz26t9kyNU1NTNap8vYyI7oPtt_eOr6Tg/edit?gid=0#gid=0,
HIVEKIN 1,32,,,,,,,,,,
HIVEKIN 2,,"- Ritveja was born to a collective of void monks in Leytik, and was taught techniques on how to cultivate her own special kind of void Qi by intaking new experiences, and meditating on them to flush the ones she could not learn from out of her mind and body

-  When she came of age, she left the monk's compound, in search of ways to learn about the world, and apply her teachings to make it a better place. She began setting up a fledgling trade network between settlements in Leytik, trading things like beads, furs, clean water, and nonperishable food in exchange for their unwanted items, so that she could determine what things were good and bad for society, and more precisely flush out that which caused harm.

- Eventually, her altruism and charity led her into a Realmstorm, which she almost cluelessly wandered into, ending up on the Worldhelm",,,,,,,,,
HIVEKIN 3,,,"Leytik, Tian Yin",,,,,,,,
HIVEKIN 4,,,,https://media.discordapp.net/attachments/665100104386215986/1320462293376438322/IMG_1189.png?ex=67b23257&is=67b0e0d7&hm=50223cf5621437838965c4c41aea7e999becb5df8174a6e1203a1d039909727a&=&format=webp&quality=lossless&width=&height=,,,,,,,
HIVEKIN 5,,,,,,,Qi Specialist,,,,
HIVEKIN 6,,,,,,,,,,https://docs.google.com/spreadsheets/d/1lt-OhP2N9SH7i4cXAaH_b492ZBdEesmOuTa-nG4--Yc/edit?usp=sharing,
Haoran 1,22,,,,,,,,,,
Haoran 2,,"- Bishi'e born in Secret Fern Village
- Affinity for Metal Qi
- Selected as sacrifice
- Fled the village, ended up on Worldhelm
Full backstory:
https://docs.google.com/document/d/1QUSg03N5hyLfRrpnGWNR8jt1LifS6h4b_pMpGZFGXG0/edit?usp=sharing",,,,,,,,,
Haoran 3,,,"Tian Yin, Wujing Guo",,,,,,,,
Haoran 4,,,,https://i.imgur.com/imf0PhA.jpeg,,,,,,,
Haoran 5,,,,,,,Qi Specialist - Metal (Ice Vulnerability),,,,
Haoran 6,,,,,,,,,,https://docs.google.com/spreadsheets/d/1a3ZXzZGyarjOeEStVNwrJgJ4J8cVDOub8e3aYvcLaJA/edit?usp=sharing,
Haoran 7,,,,,,,,,,,90
Heinrich 1,27,,,,,,,,,,
Heinrich 2,,"- Born in Merrane, wanted to fight for it
- Got dragged into military human experimants to create a human weapon
- He was a success, gained powers over elements
- Was brought to the frontlines, saw the truth of this war
- Managed to Escape, got brought to Ship soon after",,,,,,,,,
Heinrich 3,,,Lhodos [Empire of Merrane],,,,,,,,
Heinrich 4,,,,https://i.imgur.com/mccKh2Z.jpeg,,,,,,,
Heinrich 5,,,,,,,Fugitive Experiment,,,,
Heinrich 6,,,,,,,,,,https://docs.google.com/spreadsheets/d/10sMe7dg5oarCo77MgiOm2MLvonuE3V4G_5O0lX2WG_k/edit?usp=sharing,
"Helios, the First 1",29,,,,,,,,,,
"Helios, the First 2",,"- Comes from the Islands of Samsara
- His people revere the Dragonlords
- Studied the ancient art of fighting like a dragon
- He's the first in many generations to do so
- Wants to use his Dragoon skills to be a hero
- Stays aboard the Worldhelm to get strong enough to liberate the enslaved of Nezmira",,,,,,,,,
"Helios, the First 3",,,Nezmira,,,,,,,,
"Helios, the First 4",,,,https://i.imgur.com/H07PWWu.png,,,,,,,
"Helios, the First 5",,,,,,,,,,"[Permission to return to duty, sir](https://docs.google.com/spreadsheets/d/1B2bxA99PcXU-ypQWqVdBfZpTVLjrYL7bVUtFGKq_CqE/edit?gid=0#gid=0)",
Hemlocke Perditos 1,34,,,,,,,,,,
Hemlocke Perditos 2,,"• Born and raised in a small town in Lhodos, as a Perditos family member, Hemlocke was subject to strict education and high standards since his childhood.

• He ended up in Korila by having to escape his hometown. He ended up separated from the rest of his family in this occasion. Their current whereabouts are unknown to him.

• He finished his studies in Korila, and started working as an apothecary, starting his journey of neverending discovery.

• All of the Perditos family tree's names have been inspired to flowers. Most times poisonous. The meaning of this ""tradition"" has been lost to time, but maybe it could be unearthed again?

• Some members of the Perditos family display peculiar ability in magic. All of them share one common detail: a white strand of hair.",,,,,,,,,
Hemlocke Perditos 3,,,Lhodos,,,,,,,,
Hemlocke Perditos 4,,,,https://i.imgur.com/YfMFqod.jpeg,,,,,,,
Hemlocke Perditos 5,,,,,Korala - Lhodos Realm,,,,,,
Hemlocke Perditos 6,,,,,,,Old Transport (Apothecary's Caravan),,,,
Hemlocke Perditos 7,,,,,,,,,,https://docs.google.com/spreadsheets/d/1YBjREH1LduzyvnLwrbt18yX1JPPs8Kp5TvH03XxDiwM/edit?usp=sharing,
Hemlocke Perditos 8,,,,,,,,,,,6
Hiya Salamin 1,20,,,,,,,,,,
Hiya Salamin 2,,"• Born to a lineage of glass cultivators in Pagapalay Village, a village at the base of Mt Magayon.

• She grew up under the tutelage of the fire cultivators and her father in spite. Because she was born a man, and is currently a Bakla. She didn't receive the same opportunities as her mother did.

• She was trained in both alchemy and general medicinal expertise as well, being trained to be partly a guide amongst the volcano with her fire ki. 

• She carries a urn that was an heirloom passed down from generations, carrying molten glass that she can control.",,,,,,,,,
Hiya Salamin 3,,,"Tian Yin, Sangang-Daan",,,,,,,,
Hiya Salamin 4,,,,https://imgur.com/3u1RXxh.png,,,,,,,
Hiya Salamin 5,,,,,,Hiya,,,,,
Hiya Salamin 6,,,,,,,,,,https://docs.google.com/spreadsheets/d/1n-aPQdATedwtT1Gz0gbAyPFTFvZVn4ChbUza3MVVRJI/edit?usp=sharing,
Horoko 1,25..?,,,,,,,,,,
Horoko 2,,"* Was found in Hanae at roughly 4 years old with no memory of parents.
* Original guardians were disappeared. She became a vagrant.
* Was kicked out of Hanae during a food shortage :(
* Was found in the forests by Musashi!
* Trained by Musashi
* Returned to Hanae 4 years later
* Had helped keep the village safe in exchange for shelter
* Yoinked by the Worldhelm while scouting the forests.",,,,,,,,,
Horoko 3,,,"Teisei, Tian Yin",,,,,,,,
Horoko 4,,,,https://i.pinimg.com/736x/3d/54/c1/3d54c17365fce9a12da06de96fdb9517.jpg,,,,,,,
Horoko 5,,,,,,,Qi Specialist (wood cultivation),,,,
Horoko 6,,,,,,,,Musashi (Antikythera),,,
Horoko 7,,,,,,,,,"Fury 1-> floralist 3

Chloromancy + ocean lotus",,
Horoko 8,,,,,,,,,,https://docs.google.com/spreadsheets/d/1H3_Hn0PfChYBp5FxcuFY8TBT4PjWAiFS0EPBj5tZVis/edit?gid=0#gid=0,
"Howi ""Atlas"" 1",24,,,,,,,,,,
"Howi ""Atlas"" 2",,"Birthplace: Origin
> Howi was born near the Temple of Fortitude, where he was raised by the nearby villagers
Growth
> Howi aspired to become a guardian of the people, following the principles of Holy Harmony, and spends his time defending people. 
> He acquired a reputation for pacifism; Howi generally refuses to kill people even when fighting them, but isn't above knocking someone out if he needs to.
Arrival
> Howi ventured out into a realmstorm in order to protect his village, and ended up on the worldhelm during that encounter.",,,,,,,,,
"Howi ""Atlas"" 3",,,Tian-Yin,,,,,,,,
"Howi ""Atlas"" 4",,,,https://cdn.discordapp.com/attachments/1076838064846012438/1327032597770928180/FAbula_Ultimate_Atlas_Yak_2.png?ex=67823faa&is=6780ee2a&hm=58e428f88a4cb3d04fa971c82e5335fcfa10a865be253b06e0fc6dec66b54257&,,,,,,,
"Howi ""Atlas"" 5",,,,,,,,,,https://docs.google.com/spreadsheets/d/1bf2pmmw-T4ONc-xFnVZkA1w8cO-mLJAoAuGirH_YczE/edit?gid=0#gid=0,
Hua Ying 1,25,,,,,,,,,,
Hua Ying 2,,"•Raised and trained in cultivation by their mentor.
•Mentor betrayed and abandoned them after turning to corrupt cultivation for unknown reason.
•Now they seek to learn the reason for their mentor's fall to corruption in the hope it will fix everything :tm:",,,,,,,,,
Hua Ying 3,,,Tian Yin/ Wujian Guo,,,,,,,,
Hua Ying 4,,,,https://cdn.discordapp.com/attachments/1109284101426528306/1347739650327969853/301d797009cb532785b51aef987d2677.jpg?ex=67ccebdc&is=67cb9a5c&hm=658d8713c73d96994df90a57e31fee53279cfd318bbe566e485ce5605e2c746d&,,,,,,,
Hua Ying 5,,,,,Wujing Guo /Bingchuan village,,,,,,
Hua Ying 6,,,,,,,Qi Specialist,,,,
Hua Ying 7,,,,,,,,,,https://docs.google.com/spreadsheets/d/1D2XWzAWXVhvIGuL0UXfujPj2FrOYYAsOpt9VxpmYzmg/edit?gid=0#gid=0,
Hua Ying 8,,,,,,,,,,,6
Huong Jin 1,24,,,,,,,,,,
Huong Jin 2,,"- Lived in Hedgeburg doing odd jobs during their college years
- Had a rough childhood due to poor parenting, may as well be adopted
- Learned alchemy and chemistry during school and nurse side hustle, took on engineering based on their missing father's notes (or they think it's him)
- Despite all, worked in the lab built in the shed till it blew up and the Realmstorm sucked them in
- Co-founded The Future's Anvil, built their own warehouse called JR&D
- Ended up in a relationship with Gianna Tomaris",,,,,,,,,
Huong Jin 3,,,"Hedgeburg, Lhodos",,,,,,,,
Huong Jin 4,,,,https://i.imgur.com/pFWQAaw.png,,,,,,,
Huong Jin 5,,,,,,,,,"- Magitech Armament (Advanced) - now with damage type selections
- Weaponmaster mastery - forms a Partnership bond with Gianna Tomaris",,
Huong Jin 6,,,,,,,,,,https://docs.google.com/spreadsheets/d/1SxRirYw8H_lHRjdrSS-pgfrcgbxayAnfy6SJ0AtnyGg/edit?usp=sharing,
Icarus Vittore 1,24,,,,,,,,,,
Icarus Vittore 2,,"- A ""failed"" experiment, created by a scientific collaboration between NTTech and DHK Heavy Industries.
- Left to die in NTTech Territories, but managed to survive despite the odds.
- Part human, part avian DNA with apparent Esper abilities.
- Worked as an assassin-for-hire as part of the Vignettes.
- Discovered his own humanity when deciding to decline a hit on children.
- Hunted down by the Vignettes, but suddenly appeared on the Worldhelm.
- Dreams of one day opening up an orphanage.",,,,,,,,,
Icarus Vittore 3,,,"Silver Canyon, Terra",,,,,,,,
Icarus Vittore 4,,,,https://i.imgur.com/bzouLiI.png,,,,,,,
Icarus Vittore 5,,,,,,I.V.,,,,,
Icarus Vittore 6,,,,,,,Levitation (Flight Quirk),,,,
Icarus Vittore 7,,,,,,,,,,"[""Don't look at me like that.""](https://docs.google.com/spreadsheets/d/1veT-xvK8ZCcXhgrrregESUi2p5iyp8QxeK_R51KYV6o/edit?gid=0#gid=0)",
Ioes 1,19,,,,,,,,,,
Ioes 2,,"• Born in Terra under strict and overbearing parenting.

• Lived in boredom and responsibilities for most of early childhood.

• Found Twinworld as an escape from their life before getting really into a specific weapon class.

• Left home and went to work for Sword both to gain enough money to play TriWorld and to get a T.E.M.P. licenses to be able to carry a working model of his favorite weapon.

• Started cosplaying their characters appearance almost perfectly copying the specific armor they have in game.

• While walking around in his cosplay on the way to a convention he absentmindedly walked through a rift while on his phone, poor fool didn’t see it coming.",,,,,,,,,
Ioes 3,,,"Terra, The City of Nest",,,,,,,,
Ioes 4,,,,https://cdn.discordapp.com/attachments/1163695638739955742/1354149554043359243/IMG_0497.png?ex=67e43d8c&is=67e2ec0c&hm=a8c902d15b310037b62460f77015e65cc7d14ab863b7f705dbae9f1c584f1884&,,,,,,,
Ioes 5,,,,,,,,,,https://docs.google.com/spreadsheets/d/1EZQDzprV0a5lGbdj2Zz7r5mmn-_HQQB5zi6q0UZ-ysc/edit,
Ioes 6,,,,,,,,,,,370
Iori Hirose 1,27,,,,,,,,,,
Iori Hirose 2,,"- Born into the Hirose Clan, a proud samurai lineage, and destined to become one of the emperor’s concubines.  
- Trained her father, believing even daughters should wield a blade. She was raised to be both formidable and graceful.   
- The emperor is slain, the capital falls, and the nobility either flees or submits. The samurai refuse to bow and unite under the Shogun’s banner.  
- A great battle is fought in the rain against the Oni invaders. Despite their resolve, the samurai are defeated.  
- Her father orders her to flee, denying her an honorable death. She escapes, bloodied and disgraced.  
- In her rage and despair, she curses the gods beneath the storm, demanding an answer for why she lived.  
- Lightning strikes her, marking her with power. She awakens changed, her body infused with the ability to manipulate her Metal Qi and Heavenly Qi.  
- Becomes a rōnin, refusing to ever bow to an emperor or noble again.",,,,,,,,,
Iori Hirose 3,,,"Sakai, Teisei, Tian Yin",,,,,,,,
Iori Hirose 4,,,,https://i.imgur.com/mKxFwH5.jpeg,,,,,,,
Iori Hirose 5,,,,,,,Flight,,,,
Iori Hirose 6,,,,,,,,Susanoo,,,
Iori Hirose 7,,,,,,,,,,https://docs.google.com/spreadsheets/d/1m_N7-QrbLJHG6SYy_Kl3fez4N_lOMRTCUTofZmAcfSc/edit?usp=sharing,
Iris Blue 1,23,,,,,,,,,,
Iris Blue 2,,"Parents made a deal with fae and got taken
Fae are chaotic hivemind and tied vines to soul
Forced to kidnap and capture other Kor'tarians and becomes a folk tale
Other Goldhearted came and saved a bunch of the other victoms, Iris used this to cut partially free and sneak onto the realm skipper
It did not deny her because she was a gold hearted and couldnt be teleported due to fae binding",,,,,,,,,
Iris Blue 3,,,Kor'Tarian,,,,,,,,
Iris Blue 4,,,,https://i.imgur.com/0VQLwKP.jpeg,,,,,,,
Iris Blue 5,,,,,,The Bleeding Heart,,,,,
Iris Blue 6,,,,,,,Outcast Fairy,,,,
Iris Blue 7,,,,,,,,,,https://docs.google.com/spreadsheets/d/1YNWBlHj7xMVahwBliOQmJS_lWMgGczKAJvGIjwjg9o0/edit?gid=0#gid=0,
Isagani 1,31,,,,,,,,,,
Isagani 2,,"-Born in Tangbawan to the sister of a Matriarch, making her the Matriarch's niece.

-As a child, she was older and more skilled at cultivation than her cousin, the Matriarch's daughter. So, the Matriarch wants her out of the picture in order to secure succession.

-At 12, she is taken from her family and given to the Kabiya. She's old enough to understand why this is happening and is bitter about it.

-Lives among the Kabiya, learning how to survive the dangerous wilderness. Focuses on cultivation and self-reliance rather than trusting people.",,,,,,,,,
Isagani 3,,,"Sangang-Daan, Tian Yin",,,,,,,,
Isagani 4,,,,https://i.imgur.com/UVomk3G.png,,,,,,,
Isagani 5,,,,,,,"Cultivator
Earthly phase: Earth
Elementalist Ritualism but only involving earth/rocks
Damage can be freely changed to earth
Vulnerable to Poison (Wood)",,,,
Isagani 6,,,,,,,,,,https://docs.google.com/spreadsheets/d/1ch_KTzgUZ7dFWEan40iSLsnmqmlGkbAHtA8klJWsgeg/edit?usp=sharing,
Isagani 7,,,,,,,,,,,60
Ishaan & Ignacio 1,24,,,,,,,,,,
Ishaan & Ignacio 2,,"- Although birth is a blur; last known memory was spending entire childhood in the slums as an urchin within Tradefair--knowing only despair
- At the age of 9, stowawayed into a merchant caravan to steal some food and came across a poached young griffin
- Attempted escape with griffin, but were pursued by the merchant and poachers-- ultimately received a mortal wound from an arrow while protecting the young griffin
- The pair was found and tended to by a fae known as the 'Witch of the Jarwood', Aina, and were raised under her through the rest of Ishaan's childhood
- Joined the Helping Hands Guild as a teenager; guildmaster Roland was a longtime friend of Aina that was looked as a father figure
- As adults, the pair were  known through the guild and Tradefair as the ""Flying Couriers"" who took even the most direst of missions to support any and everyone who needed help.",,,,,,,,,
Ishaan & Ignacio 3,,,Kor'Tarion,,,,,,,,
Ishaan & Ignacio 4,,,,https://cdn.imgchest.com/files/7pjcqnongn7.png,,,,,,,
Ishaan & Ignacio 5,,,,,,,Old Transport (Ignacio - Flying Mount),,,,
Ishaan & Ignacio 6,,,,,,,,,,https://docs.google.com/spreadsheets/d/1V2ke_TNYqNIO0spjMQ-3kIR2cVYRmUsnJugIQrh5V6E/edit?gid=0#gid=0,
Isobel Ashwynd 1,23,,,,,,,,,,
Isobel Ashwynd 2,,"-The missing heir of the Ashwynd family after her older brother got banished.

-Born with a weak body, and was a disappointment at least until she found a smarter way to fight, perhaps not the Ashwynd way as much, but no one can argue with results right?

-Kidnapped  by Katelina Vorzhkov after being betrayed by her Raven.

-Was turned into a mutant experiment and has to find out where she belongs now. Can she go home? Will they hunt her on sight? Can she fix what was done to her?",,,,,,,,,
Isobel Ashwynd 3,,,"Old Melin, Kor'Tarion",,,,,,,,
Isobel Ashwynd 4,,,,https://i.imgur.com/I5hw73D.jpeg,,,,,,,
Isobel Ashwynd 5,,,,,,,Fugitive Experiment,,,,
Isobel Ashwynd 6,,,,,,,,,,https://docs.google.com/spreadsheets/d/16EJiDyfRn_Y5__qAXDyW_amfUWrEDBAsXYTwSeCGR9w/edit?gid=0#gid=0,
Isolde Forvelkanta 1,19,,,,,,,,,,
Isolde Forvelkanta 2,,"- Was found in Heartdom as a child and adopted by a Paladin + Regalia, raised with the expectation that she would one day follow in their footsteps.

- Ss a fey-adjacent child, existing in an unstable state—she is slowly fading from memory, unable to form lasting bonds with others.

- Her adoptive parents can remember her, and their unwavering love and support have kept her spirits high, even as the rest of the world finds it hard to remember her.

- She was denied the chance to become a Regal Vessel due to her affliction, as she cannot bond with a partner.

- The Headmaster is also a person who can completely remember her, though they has never explained why.

- With no other path forward, she remains at Gnosis Academy, placed in a remedial class as she searches for a way to anchor herself in reality.",,,,,,,,,
Isolde Forvelkanta 3,,,"Heartdom, Kaiway",,,,,,,,
Isolde Forvelkanta 4,,,,https://i.imgur.com/c1vAMwx.png,,,,,,,
Isolde Forvelkanta 5,,,,,,,"Outcast Fairy
Weakness:  Isolde has a fading presence. Someone who should remember her suddenly struggles to recall details about her, even in the middle of an interaction. They might forget her name, her role, or why she's even there, causing confusion or hesitation.",,,,
Isolde Forvelkanta 6,,,,,,,,,,https://docs.google.com/spreadsheets/d/1XxnFIM_CXXotN8Ze5pl4yxACQdK83j1g6hF1Vt4RxGU/edit?usp=sharing,
Isolde Forvelkanta 7,,,,,,,,,,,70
Izeliah Sandoval 1,30,,,,,,,,,,
Izeliah Sandoval 2,,"* Born in Tradefair
* Had an innate gift for magic, and a certain sense of the Weaves of Fate.
* Her Parents were supporting of her gifts and sent her to Hudal Academy for training.
* She graduated and started a Fortune Telling practice in Tradefair. She was well regarded for her accuracy and guidance in suggesting ways to make good fates happen and bad things be averted
* A Fae showed up one day and asked for a Fortune. The Fae was unhappy with the received fortune and refused her guidance or payment.
* The fate came to pass, and the Fae blamed Izeliah. Izeliah was cursed to 'never be believed by men of Tradefair.' This has cut hard into her profit margins, but fortunately the specific wording has meant that women still believe her, so she still has business.
* A year later, while out in the countryside selling her services, she was pulled into a realm storm.",,,,,,,,,
Izeliah Sandoval 3,,,"Tradefair, Kor'tarion",,,,,,,,
Izeliah Sandoval 4,,,,https://i.imgur.com/dInk52I.jpeg,,,,,,,
Izeliah Sandoval 5,,,,,,,,,,https://docs.google.com/spreadsheets/d/1y0yrt9rgSVXuiPyuEve7xQ5ZLh_F8BMXBLHQ9Jrm-KQ/edit?usp=drivesdk,
Izeliah Sandoval 6,,,,,,,,,,,70
Izu 1,20,,,,,,,,,,
Izu 10,,,,,,,,,,,0
Izu 2,,"* Survivor of an Oni Attack near Ishiyama
* Learned to dance from mother
* Studied Cultivation from books and water
* When helping people move to a safer village, she tried to lure Oni's away. Succedded and then died, or so she thought! (Worldhelm)
* Wishes to liberate the people of Ishiyama",,,,,,,,,
Izu 3,,,"Tian Yin, Teisei, near Ishiyama",,,,,,,,
Izu 4,,,,https://cdn.discordapp.com/attachments/466925917164404739/1310620422722687067/Tieria_big-removebg.png?ex=6781de22&is=67808ca2&hm=6e1200ab97897ad25afd099b3d331064fcbbd650a62583df0630e489f4b666da&,,,,,,,
Izu 5,,,,,Teisei/Worldhelm,,,,,,
Izu 6,,,,,,Izu Suitori,,,,,
Izu 7,,,,,,,"Qi Specialist (Water, Vul Earth)",,,,
Izu 8,,,,,,,,,"Reduced Saver weapons damage by 1.

Swapping Fury 1 (Provoke) to Weaponmaster 1 (Counterattack)",,
Izu 9,,,,,,,,,,https://docs.google.com/spreadsheets/d/1OkzUAgDeCD9p1BHFIthHRNq_DKI2XWyVRRWsORUpsmQ/edit?usp=sharing,
J'yuto 1,27,,,,,,,,,,
J'yuto 2,,"* Born into the City of Scales to house Alaoui 
* Caught fraternizing with a demi-human houseslave 
* Branded as a magic user and banished by Zafar Alaoui
* Sent to Last Point to sweep scandal under the rug
* Ambushed by Mage-Hunters while working as a water mage in Lasthold
* Contacted with the Icon of Akir. 
* Became Goldhearted by being saved by a Realmstorm",,,,,,,,,
J'yuto 3,,,Nezmira,,,,,,,,
J'yuto 4,,,,https://cdn.discordapp.com/attachments/764533229435879496/1320329991665221632/Jyuto_arcanum_shift_Zendyrtan_2.png?ex=67819860&is=678046e0&hm=df0a8b091cb901f2d3a189e5284572deff7d2cc9c0aaf5a546646b55a4659569&,,,,,,,
J'yuto 5,,,,,,"J'yuto Alaoui
The Azure Dragon",,,,,
J'yuto 6,,,,,,,Elemental Soul (Ice),,,,
J'yuto 7,,,,,,,,Vanagandr,,,
J'yuto 8,,,,,,,,,,https://docs.google.com/spreadsheets/d/1dnI_gVL8_YrrrffV3GRXhNDZiViPnvMKctaI3XXV8rc/edit?usp=sharing,
James Braugton 1,29,,,,,,,,,,
James Braugton 2,,"• Trained under an old warrior in the way of conquest and battle to a great extent.
• He was a powerful warrior and feared by both allies and enemies as a ruthless monster.
• After a long grueling battle with only himself as the survivor he discarded his previous way of life to live as a defender instead of a killer.
• He left the chaos behind and moved on, actively keeping away from his past as to not awaken the monster he chained long ago.",,,,,,,,,
James Braugton 3,,,"The Realm of Aldistir, Camp Von Kibo",,,,,,,,
James Braugton 4,,,,https://files.d20.io/images/401372651/bqCnCFkgwkC1gpKpLk4-8A/max.png?1721283207,,,,,,,
James Braugton 5,,,,,,,,,,https://docs.google.com/spreadsheets/d/1z5sm0OIfof2tSmnSUmwrWe8kn75WugksxNuLXlNUGbs/edit,
Jiafei Lanying 1,21,,,,,,,,,,
Jiafei Lanying 2,,"- Born to the Lanying Family within the hidden village of Bingchuan. His family, a lineage of guardians who have protected Jijing Xiantiao for as long as they can remember. Known to some as the Xiantiao Liliang, the Lanying are known in the area for their gifted offspring, always innately talented as Daoists.
- Jiafei, much like his ancestors, was talented. Though, he was born a Jinshi (Shibing). He was an only child. The first in many generations. Shortly after he was born, his father passed, and it was against family tradition to find another suitor once such an event occurs. So, the weight of the family fell on Jiafei.
- Through the pressure of his family's history coupled with the arrogance born of the praise of the locals, Jiafei quickly fell as he overestimated his talented and shirked responsibilities. Since being left as the only warrior of the family, the reputation of the Lanying has been totally soiled. He now trains in an attempt to reclaim the respect he's owed.",,,,,,,,,
Jiafei Lanying 3,,,Tian Yin (Wujing Guo),,,,,,,,
Jiafei Lanying 4,,,,https://i.imgur.com/CY3anIF.png,,,,,,,
Jiafei Lanying 5,,,,,,,Hunted Emissary - Boon of Self Perfection,,,,
Jiafei Lanying 6,,,,,,,,,,https://docs.google.com/spreadsheets/d/1EDUB4wvCentOcAGzao67y5ZT-NGjJzn9o_IErtLyLEY/edit?usp=sharing,
Jiafei Lanying 7,,,,,,,,,,,10
Johann Ackroyd 1,32,,,,,,,,,,
Johann Ackroyd 2,,"*Detective from Merrane, Lhodos
*Fed up with corruption and people getting away with crimes thanks position in government, military status, etc.
*Takes matters into his own hands, stealing anything that can be used to buy a murder, planting evidence and the like
*Absolutely will not go as far as to kill someone himself
*Travels the world bringing his own justice wherever he goes.",,,,,,,,,
Johann Ackroyd 3,,,Lhodos,,,,,,,,
Johann Ackroyd 4,,,,https://i.imgur.com/AgITPyP.png,,,,,,,
Johann Ackroyd 5,,,,,,Dismas,,,,,
Johann Ackroyd 6,,,,,,,,,,https://docs.google.com/spreadsheets/d/1LTyDsAUxJbB-AoQ9Klf0yObj_VhbCDC5VUDjXQUGrYo/edit?gid=0#gid=0,
Johann Ackroyd 7,,,,,,,,,,,10
Johanna Atherton Verstappen 1,"??? (Visually, in her late 20's)",,,,,,,,,,
Johanna Atherton Verstappen 2,,"- Died and went to Idyll, where she spent her time wandering the fields of Hinno
- After the corruption started to spread, she picked up a sword and began to defend those that couldn't do it themselves, joining up with the Caravans
- Was given the choice to become an Angel and defend the Caravans or to rest in Nirve
- Arrived onto the worldhelm and lost her soul treasure after an excursion to a Temple of Banshee in Kor'Tarion, and later experienced Ego Death
- Had a ritual to give her emotions again, albeit volatile.",,,,,,,,,
Johanna Atherton Verstappen 3,,,"Nirve, Idyll",,,,,,,,
Johanna Atherton Verstappen 4,,,,https://i.imgur.com/Ahh0l1R.jpeg,,,,,,,
Johanna Atherton Verstappen 5,,,,,,Knight of Untamed Light,,,,,
Johanna Atherton Verstappen 6,,,,,,,"Idyllic Soul - Weakness: Due to her connection and loyalty to Lilith, Verstappen cannot disobey a direct order from Lilith or any angel above her own station. Doing so will severely weaken her both physically and mentally and in extreme cases, outright no longer make her an angel.",,,,
Johanna Atherton Verstappen 7,,,,,,,,,,https://docs.google.com/spreadsheets/d/1XvYclNklJaUFOrPz7CUgMoYwuSmbISO6kRyIyCjl608/edit?usp=sharing,
Katya Yakhina 1,25,,,,,,,,,,
Katya Yakhina 2,,"* A septid who grew up in a random dying podunk in the deserts of Central.
* Her mother was formerly with NT-Tech working in the Old World, and Katya grew up as an NTT booster who loved the sound of nature. *Something* went down and had her uproot so drastically. Her other mom had grown up in a Septid slum, and went to Central as a step up, whoof.
* Likes scrap and fiddling with things, doing repairs and kludges. Especially loves working with plants and medicines, got real good at it.
* Found a weird engineered snake somebody had dumped after their exotic pet got too big to be cute anymore. Named her Kelly. Quickly became inseparable.
* Her mom had some unburnt connections good enough to help get Katya a TEMP license from NTT.
* Did a bit of travel around Central, selling things and doing repairs, trying to make a living and also breathe some life back into her home and places like it.",,,,,,,,,
Katya Yakhina 3,,,Terra (Central),,,,,,,,
Katya Yakhina 4,,,,https://i.imgur.com/ffa2cyo.jpg,,,,,,,
Katya Yakhina 5,,,,,,Yekaterina Yakhina,,,,,
Katya Yakhina 6,,,,,,,,"Kuzunoha (TEMP license from NT-Tech, not Arcanist)",,,
Katya Yakhina 7,,,,,,,,,,https://docs.google.com/spreadsheets/d/1VVGvmTP0sKC2r7JXKpuZX6FZYo5wwfbydqszuI4HnVk/edit?gid=0#gid=0,
Katya Yakhina 8,,,,,,,,,,,40
Kazuko Imaya 1,24,,,,,,,,,,
Kazuko Imaya 2,,"* Born in Haven.
* Parents worked for DHK. DHK gave them a discounted rate to get Kazuko the trans related surgeries that she needed (yay!)
* But they couldn't pay the debts and were disappeared (Not yay :( )
* Kazuko got mad and started singing about it.
* Became a minor celebrity among the disenfranchized. Sings her heart out about her anger, regardless of its actual justification.
* Got bamfed to the worldhelm to fight for those who can't fight for themselves.",,,,,,,,,
Kazuko Imaya 3,,,"Haven, Terra",,,,,,,,
Kazuko Imaya 4,,,,https://i.pinimg.com/736x/d6/f0/7c/d6f07c6d0417d2c6cfbac120308da1e7.jpg,,,,,,,
Kazuko Imaya 5,,,,,,,,,,https://docs.google.com/spreadsheets/d/1ZsEinw5SKgW7GuDNo3WFDRG6yeBFcYGkR-2X6sDBE1w/edit?gid=0#gid=0,
Keith Walker 1,34,,,,,,,,,,
Keith Walker 2,,"- Was once a promising boxer, but caused a massive incident in a heavyweight debut match resulting in the death of his opponent and reigning champion
- Joined a gang/terrorist group as the muscle until he burned bridges with them
- Found down on his luck as a hasbeen, was kidnapped as a candidate for a Psycho Power creation experiment joint project between DHK and 100G
- As a psycho-powered experiment, busted out of the lab
- Found by an underground doctor, Marcus Almasi, who supports however he can",,,,,,,,,
Keith Walker 3,,,Terra,,,,,,,,
Keith Walker 4,,,,https://cdn.imgchest.com/files/ye3c2vzjzp4.png,,,,,,,
Keith Walker 5,,,,,,S500 (S-Five-Zero-Zero),,,,,
Keith Walker 6,,,,,,,Fugitive Experiment,,,,
Keith Walker 7,,,,,,,,,,https://docs.google.com/spreadsheets/d/1SvsSbXt5Bthh7PcDHIpFhqVdkqcz9DQK6--2z0LKiAg/edit?gid=0#gid=0,
Kelden 1,24,,,,,,,,,,
Kelden 2,,"* Born in small village in Leytik
* they practice a new philosophy centered around the world being cyclical and also snakes
* he's talented but grows dissatisfied with the village's complacency (good times will come back around so why struggle)
* bc he's talented he's imprisoned when he asks to leave
* makes a bond with a spirit beast kept in the village to escape (Norbu the snek who also wanted to leave)
* becomes wandering dancer helping ""speed up circling around to the good times""
* dances right into a ravine by accident and is snapped up by a realmstorm vibing inside",,,,,,,,,
Kelden 3,,,Tian Yin (Leytik),,,,,,,,
Kelden 4,,,,https://i.ibb.co/jP12G1jm/c8ba63a9432501fc5be638fe469e2c26.jpg,,,,,,,
Kelden 5,,,,,,,Qi Specialist (Wood),,,,
Kelden 6,,,,,,,,,,https://docs.google.com/spreadsheets/d/1BRtAwsaPZlDREuCYjSZPvgTMJ67OcP4tK2KKA_J9y_w/edit?usp=sharing,
Kelden 7,,,,,,,,,,,80
Khaal 1,Upper 20s,,,,,,,,,,
Khaal 2,,"* **Dual Heritage**: Khaal, born of a Human father who practiced Purusa and a Rakshasi mother, bridges two legacies of discipline and feral strength.  

* **Tiger Lands**: Khaal grew up in the remote Tiger Lands, a harsh and unforgiving region where the Rakshasa were forced to retreat after being driven to the edges of Bahata by the wrathful gods. Though exiled to these wild lands, the Rakshasa endured, transforming their adversity into resilience. They were more than beasts. A proud people who thrived on the hunt, feasts, and bold camaraderie.

* **Arch-Nemesis Garima**: Among the shadows of Khaal’s past looms Garima, a powerful Rakshasi woman. Once a revered protector of the Rakshasa, Garima succumbed to her darker instincts, becoming a cannibal and betraying her kin. She sought to claim Khaal as a child, scarring his back with her claws. Now, Garima conquered and leads the Rakshasa on a destructive quest for chaos. When the time comes, he vows to end her madness for good.",,,,,,,,,
Khaal 3,,,"Tian Yin, Bahata Khajaana, Tiger Lands",,,,,,,,
Khaal 4,,,,https://i.imgur.com/eLOeVz7.png,,,,,,,
Khaal 5,,,,,,,None,,,,
Khaal 6,,,,,,,,None,,,
Khaal 7,,,,,,,,,,https://docs.google.com/spreadsheets/d/12Lwu8qJj1Cgn_i_IqFZyF1gZirYX4d9xJo2Co20lVSU/edit?usp=sharing,
Khasir Vol Seive 1,42,,,,,,,,,,
Khasir Vol Seive 2,,"- Born in servitude to a noble family, he apprenticed under his mother until she fell sick.
- Some time after, he became the head chef of Theoris Zafar Alaoui, and grew close to his son, J'yuto.
- Years passed.
- About sixth months ago, having realized just how bad Theoris was, he attempted to assassinate him.
- After the subsequent failure, Khasir ran off into the desert where he was taken by a Realmstorm.",,,,,,,,,
Khasir Vol Seive 3,,,"The City of Scales, Nezmira",,,,,,,,
Khasir Vol Seive 4,,,,https://i.pinimg.com/564x/bf/1a/a5/bf1aa5245b0c00581e745f15dbeee992.jpg,,,,,,,
Khasir Vol Seive 5,,,,,,Khas,,,,,
Khasir Vol Seive 6,,,,,,,,,,https://docs.google.com/spreadsheets/d/14tTjpds9hesfT2KoGSiORhe7p_S_S-inR9Mqe1EOJmo/edit?pli=1&gid=1887004731#gid=1887004731,
Kit 1,21,,,,,,,,,,
Kit 2,,"- Unknown parents, sold into experimentation in formative years.

- Spends years subjected to experiments, culminating in the implantation of a parasitic entity into right arm.

- Nothing *seems* to happen, experiment is deemed a failure and Kit is discarded in a trash heap.

- As Kit reaches starvation, the parasite awakens and allows him to feed himself by hunting rats or similar animals in back-alleys to survive.

- Later be found by Dr. Grannus, a slum doctor with a heart of gold who raises Kit into a civilized person and teaches him medicine.

- Dr. Grannus later harbors a patient who is an enemy of a violent gang, which results Dr. Grannus being beaten to death and the clinic being burned down.

- Kit takes up Dr. Grannus' coat, roaming the slums of North Rock as an itinerant doctor until he is eventually claimed by the Worldhelm.",,,,,,,,,
Kit 3,,,"North Rock, Terra",,,,,,,,
Kit 4,,,,https://64.media.tumblr.com/397e48067858005b13b78a6301ac4e7a/4182473ee4fb32bc-53/s1280x1920/41612327d450da2c4dbaac340160e6cfd5dada12.jpg,,,,,,,
Kit 5,,,,,,,,,,https://docs.google.com/spreadsheets/d/1kMlC0kQYlshK299evtpUjAiA3PBC2zaF_0kn7KAiHLQ/edit?usp=sharing,
Klyra 1,22,,,,,,,,,,
Klyra 2,,"-Read too many fantasy novels as a kid
-Trained with her mother Akeer, a Sparrow diplomat, before she had to leave their territory because of her criminal activity
-Visited her dad Marna at End Time Acquisitions but found them too unethical and left
-While wandering got tracked down by two sentient masks made by her parents to spy on her and or convince her to come home; one named Morden the other Firie
-Found some archaic tech she uses in battle (her therioforms)
-Got caught in a realmstorm and ended up on the worldhelm",,,,,,,,,
Klyra 3,,,Terra - Helios,,,,,,,,
Klyra 4,,,,https://i.imgur.com/v8nSctl.png,,,,,,,
Klyra 5,,,,,,,,,,https://docs.google.com/spreadsheets/d/1Bx7_n-nHYzwaTHL5V09WWP4WgD-dhTd4GuIsNfRZtLU/edit?gid=0#gid=0,
Kohaku Aiuchi 1,24,,,,,,,,,,
Kohaku Aiuchi 2,,"- Born in Murata, his family an old noble house that fell out of power when the realms shattered.
- He worked with the mayor of the town as an advisor, helping with negotiating with yokai for the best deal for the people and making sure that food gets to where it needs to.
- When the Goldhearted made their way to Teisei, he had joined them on the ship at his mayor's behest after they dealt with Oni and Kitsune that were disrupting their town.",,,,,,,,,
Kohaku Aiuchi 3,,,"Tian yin, Teisei",,,,,,,,
Kohaku Aiuchi 4,,,,https://i.pinimg.com/564x/51/b1/77/51b1770b91de5e57faacca6f75c41d93.jpg,,,,,,,
Kohaku Aiuchi 5,,,,,,"Aiuchi, Kohaku",,,,,
Kohaku Aiuchi 6,,,,,,,,,,https://docs.google.com/spreadsheets/d/1kRXghi30OV7_5OneIFr5eanajnW_BiRwwJX5E91_MQY/edit?gid=0#gid=0,
Koishi 1,18,,,,,,,,,,
Koishi 2,,"- Born a half-red oni in Ishiyama, a mining village in Teisei which had become an oni stronghold.
- She and her frail mother had to beg to survive. She gained the moniker 'Koishi' meaning 'pebble' from the villagers, as she was always seen on the streets.
- At the age of 6 Koishi's mother passed away, leaving her wracked with anguish. The human community took care of Koishi like an extended family, but also around this time she is forced to work in the gem mines - her half-oni constitution making her stronger than her years.
- The pain and anger of losing her mother, and the tyranny and poverty they all endure, solidify into Koishi's raison d'etre. She swears to erase the oni from Ishiyama, at which point she will reclaim her true name given by her mother.
- She is taught cultivation in secret by some of the villagers, wary of watchful eyes. Koishi continues to grow and train, biding time until unleashing a revolt against the oni masters.",,,,,,,,,
Koishi 3,,,"Teisei, Tian YIn",,,,,,,,
Koishi 4,,,,https://i.imgur.com/swyFngf.png,,,,,,,
Koishi 5,,,,,,,,,,[It's Koishi I'm afraid](<https://docs.google.com/spreadsheets/d/1dub-wkUATXXjPtzFAebbdlr3UCLaeT-4tPHH4wVtNNc/edit?pli=1&gid=1457444738#gid=1457444738>),
Koishikawa Sasaki 1,24,,,,,,,,,,
Koishikawa Sasaki 2,,"- Their mother is Sayumi Sasaki, an executive in 100G Security.
- Was the highest scoring student in her school. Almost entered a prestigious college sponsored by Orrery until she declined.
- Became a TEMP with her twin sister, ""Saki"", using Sayumi's connections to get a license.
- Both of them briefly worked with the Goldfingers.
- Their main goal is to help gather funds for their younger sister, ""Mina"", to a good school and to look out for her.",,,,,,,,,
Koishikawa Sasaki 3,,,"Haven, Terra",,,,,,,,
Koishikawa Sasaki 4,,,,https://images-ext-1.discordapp.net/external/ZLgTISYdjYFeEyvLxf2CZUeLCHtHVpaMaXx7qipR2Cc/https/i.imgur.com/TwsIino.jpeg,,,,,,,
Koishikawa Sasaki 5,,,,,,Kawa,,,,,
Koishikawa Sasaki 6,,,,,,,,Seraph (100G); not bound,,,
Koishikawa Sasaki 7,,,,,,,,,,https://docs.google.com/spreadsheets/d/1CZRU6DkAvmpfzTsRKfS_vy9jU8EruOMvxVqlMwrxjCI/edit?usp=drivesdk,
Koji Obara/Ragnar 1,25,,,,,,,,,,
Koji Obara/Ragnar 2,,"- Ragnar, originally a child of the Ald and follower of Vanagndr, was raised in the ways of pillaging and taking what they desired.

- His worldview changed after witnessing his mother kill a defenseless child during a raid, leading to a confrontation and Ragnar's eventual banishment.

- Found by the forces of Kuzunoha, he was spared and brought before Kuzunoha, where he expressed his remorse and was transformed into an Oni, receiving the name Koji Obara.

- Koji was accepted into Kuzunoha’s society, though some remained mistrustful of his past.

- He befriended Akeno Shinobu, who taught him a unique fighting style that blended swordplay with dance-like movements, resulting in a graceful yet unpredictable combat technique.",,,,,,,,,
Koji Obara/Ragnar 3,,,Aldistir,,,,,,,,
Koji Obara/Ragnar 4,,,,https://i.imgur.com/UBpSgl4.jpeg,,,,,,,
Koji Obara/Ragnar 5,,,,,,,,,,https://docs.google.com/spreadsheets/d/1oejoHjgCE10a0j4aPrAzT0AzhzBeKuYEqUTE2zGthEg/edit?gid=1396113131#gid=1396113131,
Kori von Kleist 1,19,,,,,,,,,,
Kori von Kleist 2,,"* Born fifth generation of an old family. 
* Her parents expected her to follow the family tradition of enrolling as a Paladin. 
* She tried to help her brother get ready to also enroll, but her parents were awful to her about it.
* She passed the entrance exams well, but surprised (and angered) her parents by joining the House of Treasures.
* Sped run through getting to the rite of Arms. Her father is angry and wants the rite removed from her, but even if it could be she wouldn’t.
* Father has been harassing her non stop. This has affected her ability to get good grades and socialize.
* To alleviate this, she is sent off to the remedial class.",,,,,,,,,
Kori von Kleist 3,,,"Heartdom, Kaiway",,,,,,,,
Kori von Kleist 4,,,,https://i.pinimg.com/736x/88/fa/6f/88fa6f170e097165f82c7389e39b5c4d.jpg,,,,,,,
Kori von Kleist 5,,,,,,,Regal Soul,,,,
Kori von Kleist 6,,,,,,,,,,https://docs.google.com/spreadsheets/d/1TXRG07kwL4VFYJJ5ggoAT1_BVhgIgqs7mSxIkF-7V3s/edit?gid=0#gid=0,
Kris Terasu 1,20,,,,,,,,,,
Kris Terasu 2,,"- Parents were both professional racers in the VR Racing League
- Parents mysteriously disapeared during a race on Kris' 17th Birthday
- Currently in the same League his parents were in, professionally racing
- Was picked on in primary school and he tends to be pretty quiet and timid as a result
- massive tech nerd
- Won a race within a Realm Storm and was brought to the Worldhelm through it as he crossed the finish line",,,,,,,,,
Kris Terasu 3,,,"Herring Harbour, Terra",,,,,,,,
Kris Terasu 4,,,,https://media.discordapp.net/attachments/1234546016921845880/1328214848206540880/IMG_20250113_150930.jpg?ex=6785e3f8&is=67849278&hm=57ca2d5254b67ce5dc078c7dfc18e85adb55882f6c89b36de810fb5f19ed3be3&=&format=webp&width=&height=,,,,,,,
Kris Terasu 5,,,,,Terra,,,,,,
Kris Terasu 6,,,,,,,,,,https://docs.google.com/spreadsheets/d/1_D5r3CBAZmIkT8ZED7IbsEMl7CULhZ1cknkPY1e1U2U/edit?usp=sharing,
Kris Terasu 7,,,,,,,,,,,170
Krod 1,30s,,,,,,,,,,
Krod 2,,"-family worked to death
-rejects humanity to live as a beast in the desert
-unknowingly consumes Kiir blood becoming mutant",,,,,,,,,
Krod 3,,,Nezmira,,,,,,,,
Krod 4,,,,https://i.imgur.com/rqQNBq3.jpeg,,,,,,,
Krod 5,,,,,,,,,,https://docs.google.com/spreadsheets/d/1g7CsvtxBPIWcU-v64sb6RoaXujDL5YeGS_HXopf3MmI/edit?usp=drive_link,
Kurso Armstrong 1,19,,,,,,,,,,
Kurso Armstrong 2,,"- Born in Korala with his Father and His mother
- Mother went Missing
- Kurso was taken out mid education to help with Full Metal Militia
- Kurso Rebelled and Escaped his father after freeing a bunch of people that were being experimented on
- Arrived and was forcibly signed up to the KPLA in Bastion",,,,,,,,,
Kurso Armstrong 3,,,Lhodos,,,,,,,,
Kurso Armstrong 4,,,,https://i.imgur.com/bgRYrV9.png,,,,,,,
Kurso Armstrong 5,,,,,,,,,,https://docs.google.com/spreadsheets/d/1oejoHjgCE10a0j4aPrAzT0AzhzBeKuYEqUTE2zGthEg/edit?gid=1304087040#gid=1304087040,
Kviss 1,73+,,,,,,,,,,
Kviss 2,,"* A cecrae
* The moon exploded while Kviss was deep in hibernation, and so he crashed onto the earth in a meteor (like any good alien would). 
* They woke up recently to find the rest of their kind are (probably) gone. 
* Now have to figure out how to be a cecrae on their own
* Song-5 (human) was gonna get sucked into a realmstorm, Kviss went in her stead and tried to teleport her to the non-existent moon in a panic (and then Song-5 showed up anyway as a slime)",,,,,,,,,
Kviss 3,,,Kor'Tarion (the Moon),,,,,,,,
Kviss 4,,,,https://i.imgur.com/apgdEli.png,,,,,,,
Kviss 5,,,,,,,Outcast Fairy (lost; now Inventor Prodigy),,,,
Kviss 6,,,,,,,,"Minor Cecrae Arcana (lost; now Yubel, Lorelei, Banshee, Revelation arcana)",,,
Kviss 7,,,,,,,,,,https://docs.google.com/spreadsheets/d/1Af_q5oD19d-9ah8Dm-0XcncJJFhfL2CiwqtsD71ZVMc/edit?gid=0#gid=0,
Kxaxukluth 1,23,,,,,,,,,,
Kxaxukluth 2,,"- Created beneath Caer Moryd by magicians under the secret employ of Brightshield gov't, intended for use as a tool and a weapon.
- Late into his creation, he was granted sapience to make him more formidable. While fully capable of thought and emotion, his instincts from his time as a ruthless monster are as strong as ever.
- A few of his creators found sympathy for him, now that he was a person, and tried releasing him. Mad with hunger, he slaughtered them before he escaped.
- Wandered for around a year before becoming a Goldhearted, interacting with humans to slim success.",,,,,,,,,
Kxaxukluth 3,,,Kor'tarion,,,,,,,,
Kxaxukluth 4,,,,https://media.discordapp.net/attachments/1177471729371717683/1177471946275946506/EeryF4WXgAMdE6O.png?ex=678544f4&is=6783f374&hm=5b55f4609233b44e759a3fc941ad12bcabb548889c90bee2ef716f75e50118f9&=&format=webp&quality=lossless&width=&height=,,,,,,,
Kxaxukluth 5,,,,,,,Fugitive Experiment,,,,
Kxaxukluth 6,,,,,,,,,None,,
Kxaxukluth 7,,,,,,,,,,https://docs.google.com/spreadsheets/d/1p4du4k7MMwVLo1694rxcqp98iS4MYZi8rSqSQTnqveE/edit?gid=0#gid=0,
Köll Vol 1,200something,,,,,,,,,,
Köll Vol 2,,"Some of his backstory is yet to be unveiled, as his memory has not come back and 2na is taking care of the plot, but:

- Once was a yokai Miko in the Sea of Blizzards, devout to Kuzunoha, named Akihiko
- His closest friend was corrupted by Godblood, and so he took upon himself to visit the mortal realm and find a cure.
- His search ended when he met Sakura. It is unclear what happened, but Akihiko was drowned in a pool of Godblood, losing all of his memories and becoming Köll.
- After a desperate escape, the lost and confused Köll found himself incredibly durable. Even without memories, his good nature pushed him to protect the travelers of Aldistir, hiding his face behind a mask.",,,,,,,,,
Köll Vol 3,,,Aldistir,,,,,,,,
Köll Vol 4,,,,https://i.imgur.com/vADPy9R.png,,,,,,,
Köll Vol 5,,,,,,,Elemental Soul - Ice,,,,
Köll Vol 6,,,,,,,,,,https://docs.google.com/spreadsheets/d/1Zdway8anWupTfkrBZbW1Q0WepbIrrgao_S99hhqTOxE/edit?gid=0#gid=0,
Lei-Lei 1,21,,,,,,,,,,
Lei-Lei 2,,"- Adopted by Anzhen, an old (probably powerful) sage who lives by himself in a cabin in the woods within Xiaohai, with his twin sister Mei-Mei
- They grew up for most of their life learning games/reading/fishing/survival basically everything from Anzhen
- When they became adults, they felt the call for adventure, saying their goodbyes to Anzhen before doing a Chaos ritual to randomly warp somewhere in
- They ended up in Bingchuan Village in the mist, saved by Jiafei Lanying, and became his friend
- The three adventure together for a big, running into some big ass fuck all monster, but they get saved by a realmstorm! Yippeee! :D",,,,,,,,,
Lei-Lei 3,,,"Tian Yin, Wujing Guo",,,,,,,,
Lei-Lei 4,,,,https://media.discordapp.net/attachments/1339473858733936770/1339475538116345866/image.png?ex=67af840e&is=67ae328e&hm=667e7b5931ade26b0525ab048a8306ca7a238d2bf9751a9c1026a1a22b9e383b&=&format=webp&quality=lossless&width=&height=,,,,,,,
Lei-Lei 5,,,,,,雷雷,,,,,
Lei-Lei 6,,,,,,,Hunted Emissary,,,,
Lei-Lei 7,,,,,,,,,,https://docs.google.com/spreadsheets/d/1JTdxfzp-ZcIKIzgFqoGstRdSa8KlqJjKRQImO_VmAjQ/edit?gid=0#gid=0,
Lei-Lei 8,,,,,,,,,,,110
Liliwen Bremblebery 1,19,,,,,,,,,,
Liliwen Bremblebery 2,,"* From a common-born family with a history in and around Tradefair (and Honeydew before it). She was born in Tradefair.
* Her father had an encounter with a fae that left him changed, marked by the ears and tail of a mouse. He has not spoken of what happened or what fae he encountered to Liliwen. She inherited these features herself.
* Liliwen grew up a scrappy little rascal and matured into a scrappy little lady. She channeled her competitiveness into work as a mercenary, and made a name for herself despite some misgivings and prejudice.
* In the middle of a job gone bad, Liliwen approached a Realmstorm and was whisked off to the Worldhelm. She has done heroics while also returning home often to do her job there.",,,,,,,,,
Liliwen Bremblebery 3,,,Kor'Tarion (Tradefair),,,,,,,,
Liliwen Bremblebery 4,,,,https://i.imgur.com/51AbEe0.png,,,,,,,
Liliwen Bremblebery 5,,,,,,,,,,https://docs.google.com/spreadsheets/d/11SyIixfmwPVHk3GcpsvfsL5yhkoF5YgGiMxl--mp-oo/edit?gid=0#gid=0,
Lin Baimei 1,43,,,,,,,,,,
Lin Baimei 2,,"* Older woman, once married. Husband died, child missing. Became a hoarder and isolated. Lives in Xuanwu City
* Was sent to the Blood Mines, almost froze to death. Lost her arm to hypothermia
* A Spirit Snake found her, saw her potential and fused with her, giving up it's own life to save hers.
* Taught Cultivation by the Intelligent and Powerful Spirit beasts to learn to control her new power. 
* Returned to the City, reborn anew.",,,,,,,,,
Lin Baimei 3,,,"Tian Yin, Wujing Guo",,,,,,,,
Lin Baimei 4,,,,https://i.imgur.com/DDn0oEm.png,,,,,,,
Lin Baimei 5,,,,,,"The Hoarder, Mei",,,,,
Lin Baimei 6,,,,,,,Heirloom - Black Ice Pendant of Xuanwu,,,,
Lin Baimei 7,,,,,,,,Xuanwu,,,
Lin Baimei 8,,,,,,,,,,https://docs.google.com/spreadsheets/d/1W4gReIao7k9jkKX7yu4EHWr8T3CqQToMpneIlY8FUcA/edit?usp=sharing,
Lionel Il'Hrarra 1,22,,,,,,,,,,
Lionel Il'Hrarra 2,,"- Born to a noble family in Ripplith, Lionel was the firstborn daughter, and the heir apparent, set to inherit the authority of the family.
- They come out as trans, and go to a Seamother to undergo the ritual to fit into a body of their own.
- Now a man, and unable to hold authority in the matriarchal society of the Galeo Empire, their family looks down on him for throwing away his birthright and responsibility.
- He is then sent off to the Gnosis Academy to find his own path, and so as to no longer be in his mother's sight.
- Lionel takes well to the classes and the trials of becoming a Regalia yet all the while there is a sense that something is wrong. He struggles to make friends and socialize, and after some months his grades begin to slip...
- Thus, he is in the remedial program.",,,,,,,,,
Lionel Il'Hrarra 3,,,"Ripplith, Kaiway",,,,,,,,
Lionel Il'Hrarra 4,,,,https://i.imgur.com/XYqpauc.jpeg,,,,,,,
Lionel Il'Hrarra 5,,,,,,,Regal Vessel,,,,
Lionel Il'Hrarra 6,,,,,,,,,,https://docs.google.com/spreadsheets/d/14tTjpds9hesfT2KoGSiORhe7p_S_S-inR9Mqe1EOJmo/edit?usp=drivesdk,
Lionel Il'Hrarra 7,,,,,,,,,,,30
Liz 1,21,,,,,,,,,,
Liz 2,,"When she was a child, Merrane's forces attacked her town and destroyed it, leaving her as the only survivor as far as she knew.  She wal rescued and brought to Ionian Village where she joined the KPLA at a young age.  Liz acts as a member of the KPLA, fighting to free the land from Merrani rule.  One day, she and her allies discover the location of a prototype mech, and plot to steal it.  Lizbern is trained in the basics of piloting using stolen acadamy materials.  Getting to the mech goes as planned, but as they make their escape, Merrani angels descend on the rebels.  Liz chooses to fight, holding them back with the prototype while her comrades escape.  The prototype is badly damaged and Liz mortally wounded, but as the enemy approached to finish her off, a pillar of light rescues her to the Worldhelm.  Laughing at her fortune Liz christens the prototype ""Liberty Wing"", and resolves to return to Lhodos and finish the fight against the Empire.",,,,,,,,,
Liz 3,,,Lhodos,,,,,,,,
Liz 4,,,,https://i.imgur.com/jNYT2Ee.png,,,,,,,
Liz 5,,,,,,Lizbern Harfell,,,,,
Liz 6,,,,,,,,,,https://docs.google.com/spreadsheets/d/1hF3iZt4HU0CdQ4HK2inlbQdTg76JTGOp4iQDTL0E0tM/edit?gid=0#gid=0,
Lochlann Carlisle 1,38,,,,,,,,,,
Lochlann Carlisle 2,,"Story Summary
- Created as an augmented clone of his father, Magnus, the necessarily ruthless CEO of Regenekhan Pharmaceuticals
- Employed as the head researcher of Regenekhan using his knowledge of medical science and product development
- Experiencing a mid-life crisis after the events of Skyfall and his disillusionment with the suffering that Terra’s corporate regime imposes on everyday people
- His best memories are of his time in high school alongside Caelan Blacklaw, but he has lost touch with him since then
- Raised by Magnus to be second in line in the influential Carlisle family and supports his older brother and top executive, Alistair
- Has Ph. D degrees in business and medicine, worked a decade as a mid-level manager at Parabellum
- Carries an heirloom device previously discarded by his father called C.A.T.S. (Chemically Adaptive Thermo-Synthesizer) that fabricates randomized compounds, but is a prototype other companies want to copy or steal",,,,,,,,,
Lochlann Carlisle 3,,,Terra,,,,,,,,
Lochlann Carlisle 4,,,,https://i.imgur.com/PMTL4GF.jpeg,,,,,,,
Lochlann Carlisle 5,,,,,,"""Lochy"" / ""Lockie""",,,,,
Lochlann Carlisle 6,,,,,,,Heirloom,,,,
Lochlann Carlisle 7,,,,,,,,,,https://docs.google.com/spreadsheets/d/1OtVTu1VINiaNqESEIFj3hWzGj0cvTsRm8pV2xz8nx8E/edit?usp=sharing,
Lochlann Carlisle 8,,,,,,,,,,,60
Lock 1,30 in fox years!,,,,,,,,,,
Lock 2,,"* Got awakened at a young age and is now making it everyone else's problem
* Pre-awakening, she saw alds bartering and coming out better for it. This has been made a large part of her personality post-awakening.
* Managed to scavenge enough to trade for a backpack, then started scavenging materials and goods to trade. Made her way upward from there, trading amongst yokai and the occasional friendly (or at least, non-hostile) Ald.
* Jumped at the chance to board the Worldhelm. More customers! :D",,,,,,,,,
Lock 3,,,Aldistir,,,,,,,,
Lock 4,,,,https://i.imgur.com/ZV1WPdw.png,,,,,,,
Lock 5,,,,,,,Beast who Spoke,,,,
Lock 6,,,,,,,,Kuzunoha (by virtue of being a :fox: Fob),,,
Lock 7,,,,,,,,,,https://docs.google.com/spreadsheets/d/1zthNumtrbbuLpVXmkcTVlYV3ycjK2I3IQJcwFIaUC10/edit?gid=233572529#gid=233572529,
Lock 8,,,,,,,,,,,90
Lucia 1,20,,,,,,,,,,
Lucia 2,,"Lucia lost her parents to sickness and overwork when she was young.
Her brother was adopted less than a year later, while Lucia was not. She eventually did get adopted, but ended up just jumping from one family to the next, unable to fit in.
Quickly growing into a problem child, Lucia eventually ran away from the orphanage at about age 13
Got picked up off the streets by a low-ranking Goldnails gang leader, by the name of Hado
Hado provided food and shelter, while having Lucia work for him doing odd-jobs and errands.
As she grew older these jobs to be more and more criminal, but Lucia refused to cross the line of killing people.
Lucia picked up how to fight off of watching street fights and adapting her own style to make use of her light build.
On a recent job, things went south and Lucia was cornered by law enforcement. Before they found her, she was whisked away by a realmstorm and found herself onboard the Worldhelm.",,,,,,,,,
Lucia 3,,,"Realm of Terra, Haven, North Rock",,,,,,,,
Lucia 4,,,,https://files.d20.io/images/429321002/Fmd1OPIQJHHED3dHRmqD2Q/med.png?1739746076,,,,,,,
Lucia 5,,,,,,,,,,https://docs.google.com/spreadsheets/d/1DJuYzOlPBIdFonaSiejyYM1bEmGh2aaJ_NiP2oAVfVg/edit?usp=sharing,
Lucia 6,,,,,,,,,,,70
Lumio 1,"Looks 24, really 250+ (lost count)",,,,,,,,,,
Lumio 2,,"- Carson does not remember their life before the afterlife. They were a soldier, they fought in a battle, and they died protecting their friends.
- Carson woke up in the fourth layer, Maze Elysia, the maze filled with hallucinations and illusion.
- He went along with caravans to escape but ran whenever things went wrong.. 
- Again and again, Carson watched friends die as he ran. Each person he heard or met became another voice in his head..
- Carson started having full hallucinations of dead people yelling at him to help them. 
- Carson decided to change their life. They chose to LEAD caravans to escape, and renamed themselves to Lumio to inspire hope. 
- A hundred or so years later Lumio's last caravan died, but Lumio managed to escape and enter the Worldhelm.",,,,,,,,,
Lumio 3,,,Idyll,,,,,,,,
Lumio 4,,,,https://cdn.picrew.me/shareImg/org/202412/1373642_HApKRyP5.png,,,,,,,
Lumio 5,,,,,Idyll,,,,,,
Lumio 6,,,,,,,,,"Esper Gifts -> Emotional Locas
- Physic Backlash -> Cry of **Rejection**
- Reassuring Presence -> Hug of **Acceptance**",,
Lumio 7,,,,,,,,,,https://docs.google.com/spreadsheets/d/1ylCOMhm0WS9ItQnL-0lq-HNkYVhP-epU0a-F0lAqfss/edit?usp=sharing,
Lupo 1,23,,,,,,,,,,
Lupo 2,,"- Lupo used to be a trainee for the KPLA Sapper Core (orphan that was took in)
- Manifested Esper powers after a nightmare one day (not much known about his past)
- Commander tried to lock him up as a threat to the camp
- Fled with his training mech, hijacked an airship, flew into a realmstorm as his fuel ran out",,,,,,,,,
Lupo 3,,,"Bastion, Lhodos",,,,,,,,
Lupo 4,,,,https://i.imgur.com/RJn6dEJ.jpeg,,,,,,,
Lupo 5,,,,,,,Airship (Old Transport),,,,
Lupo 6,,,,,,,,,N/A,,
Lupo 7,,,,,,,,,,https://docs.google.com/spreadsheets/d/1HrGF3xVp4bZPBWgSWDCEe4XnOCIe_f1TwDQDmv3J7nY/edit?gid=0#gid=0,
Lyle Whitlock 1,19,,,,,,,,,,
Lyle Whitlock 2,,"- Lyle was born in Heartdom to a family of Couriers and has a robot companion, Vial, from Steelbin, who loves exploring the Reflections of Lilith.  

- Vial met Lyle while Lyle was making deliveries and being chased by a monster. Lyle trapped the monster under debris, saving Vial.  

- A Warden, impressed by Lyle’s quick thinking, recommended that he enroll at Gnosis.  

- Lyle’s parents approved, though hesitantly, and he joined Gnosis after finishing his deliveries.  

- Vial, rebellious and independent, enrolled at Gnosis without their parent's knowledge.  

- After 3 years of studying, Lyle discovered his body couldn’t channel any magic.  

- He joined the Remedial class to uncover why and to support Vial, who sought distance from their family.",,,,,,,,,
Lyle Whitlock 3,,,Kaiway | Heartdom,,,,,,,,
Lyle Whitlock 4,,,,https://i.imgur.com/wPlFWKR.png,,,,,,,
Lyle Whitlock 5,,,,,,,,,,https://docs.google.com/spreadsheets/d/1oejoHjgCE10a0j4aPrAzT0AzhzBeKuYEqUTE2zGthEg/edit?gid=2124074281#gid=2124074281,
Lyle Whitlock 6,,,,,,,,,,,110
Lynne-4 1,20,,,,,,,,,,
Lynne-4 2,,"Lynne-4 was born into the hierarchy of Steelbin to a non-native family who had climbed the ranks of local governmental service to the Machina, specifically in regards to resource gathering, distribution, and management.

One day, while outside of the civilized zone, a rogue group of machina, targeting her family for their resources and connections, ambushed her, seperating her from the rest of the expedition party, leaving her to roam the zone by herself.

Her wandering was ended abruptly one day, when she was saved from the brink of death by a wandering Paladin and their Regalia, who saw in her a grit and determination that would be better put to use at Gnosis Academy.

After accepting their offer, she trained day in and day out, passing each of her various exams with flying colors, and eventually being chosen to join the exchange students on their first trip to the Worldhelm.",,,,,,,,,
Lynne-4 3,,,"Steelbin, Kaiway",,,,,,,,
Lynne-4 4,,,,https://cdn.discordapp.com/attachments/1198805989659525150/1335452342576742480/IMG_6359.png?ex=67a0e129&is=679f8fa9&hm=2e393c73516fbe3d526d1f33e9221ec48546f55461ccc8d76335fb2c12812e4c&,,,,,,,
Lynne-4 5,,,,,,,,,,https://docs.google.com/spreadsheets/d/1EaHd1dN4ySYwB-b_9NP2oSG6zZ0CNqjAxL78e9zRDdg/edit?usp=sharing,
Lynne-4 6,,,,,,,,,,,60
Mabilis Na'ulan 1,87 (Looks 50 something),,,,,,,,,,
Mabilis Na'ulan 2,,"- Righteous Cultivator in the past
- Got betrayed by another cultivator
- Cultivation base was shattered
- Given 50 years to live before they would be hunted down again
- Recovered a small measure of their previous cultivation skill",,,,,,,,,
Mabilis Na'ulan 3,,,"Sangang-Dan, Tian Yin",,,,,,,,
Mabilis Na'ulan 4,,,,https://i.imgur.com/d2KDPow.png,,,,,,,
Mabilis Na'ulan 5,,,,,,"Old Man Mabi, Papa Mabi",,,,,
Mabilis Na'ulan 6,,,,,,,Qi Specialist (Water/Ice),,,,
Mabilis Na'ulan 7,,,,,,,,,,https://docs.google.com/spreadsheets/d/1cZFH_9HLSHY2kk2n9VXeIT5H5ACP6fgR268DwVoVobc/edit?usp=sharing,
Mae Lavery 1,24,,,,,,,,,,
Mae Lavery 2,,"- Born and raised in Babyl City in Dawnstar Valley.
- Raised by a single father who worked in one of the manufacturing plants ran by Tubal & Cain
- Proved to accel academically and skipped a grade during school where she befriended Alec Lyon, who was a grade below her.
- Preferring to do engineering work Mae had an aptitude for working with explosives and eventually started doing work for T&C
- Moved in with Alec to help keep bills easier to manage, and shared an apartment. The two eventually formed a romantic relationship.
- Does Temp work to give field demonstrations of T&C explosives.
- About a year ago while working with an experimental explosive in her lab, something went wrong leading to an explosion that claimed Mae's life, but due to debt from research this lead to her being brought back as an insolvent.
- Using her unique explosives she was able to help clear and break down many of the rocks the fell during the Skyfall, leading to her being taken by the ship as a Goldhearted.",,,,,,,,,
Mae Lavery 3,,,Terra,,,,,,,,
Mae Lavery 4,,,,https://i.imgur.com/MrePawl.png,,,,,,,
Mae Lavery 5,,,,,Terra,,,,,,
Mae Lavery 6,,,,,,,Insolvent,,,,
Mae Lavery 7,,,,,,,,,,[Mae Sheet](https://docs.google.com/spreadsheets/d/1hQBXJOpSIXW0RX5l5_wAhknVUVK9RupLar4ryvMzY0s/edit?usp=sharing),
Mae Lavery 8,,,,,,,,,,,100
Mako Torres 1,21,,,,,,,,,,
Mako Torres 2,,"- Descendant of the Goldhearted Iroh Torres
- Studied and trained in the ancient technique of memory cultivation
- Was hidden within Kuliling Village
- Village was destroyed by Mabisa's Forces",,,,,,,,,
Mako Torres 3,,,TianYin/Sanggang Daan,,,,,,,,
Mako Torres 4,,,,https://i.imgur.com/dsqI9SH.jpeg,,,,,,,
Mako Torres 5,,,,,,,,,,https://docs.google.com/spreadsheets/d/1oejoHjgCE10a0j4aPrAzT0AzhzBeKuYEqUTE2zGthEg/edit?gid=836616216#gid=836616216,
Marianne Cheon 1,21,,,,,,,,,,
Marianne Cheon 2,,"- Orphaned at a very young age and was adopted by her uncle. He taught her all the current values she holds and the culture of their people from the past.
- An extreme busy body that handles two jobs: An SWORD Employee who handles the backend of Triworld and makes sure the androids work properly and a field investigator for her uncle's exorcism shop. 
- After arriving at the Worldhelm, her strong sense of duty compelled her to add the additional work of saving as many people as she could.
- After an excursion to Teisei, learned that she may have an affinity towards Heavenly Qi and has been making active efforts to learn more, only recently reaching an Epiphany.",,,,,,,,,
Marianne Cheon 3,,,Terra,,,,,,,,
Marianne Cheon 4,,,,https://i.imgur.com/ASCg5z7.jpeg,,,,,,,
Marianne Cheon 5,,,,,,Overworked Exorcist Intern,,,,,
Marianne Cheon 6,,,,,,,,"Nimue, Yubel",,,
Marianne Cheon 7,,,,,,,,,"Esper to Daoist (Had an Epiphany via Wave of Knowledge)
Lost Navigator 1
Psychic Gift: Thermokinesis turns to Dao Technique: Burning Moon, Frozen Sun
Gains Dao Technique: Golden Bamboo, Wilting Lotus",,
Marianne Cheon 8,,,,,,,,,,https://docs.google.com/spreadsheets/d/19YE3CW2QhRH0lNQIMHcwyuV5rHhNA74_inY4YTsm2u4/edit?usp=sharing,
Mei-Mei 1,21,,,,,,,,,,
Mei-Mei 2,,"- Adopted by Anzhen, an old (probably powerful) sage who lives by himself in a cabin in the woods within Xiaohai, with her twin brother Lei-Lei
- They grew up for most of their life learning games/reading/fishing/survival basically everything from Anzhen
- When they became adults, they felt the call for adventure, saying their goodbyes to Anzhen before doing a Chaos ritual to randomly warp somewhere in 
- They ended up in Bingchuan Village in the mist, saved by Jiafei Lanying, and became his friend
- The three adventure together for a big, running into some big ass fuck all monster, but they get saved by a realmstorm! Yippeee! :D",,,,,,,,,
Mei-Mei 3,,,Tian Yin,,,,,,,,
Mei-Mei 4,,,,https://imgur.com/uRNNAM5.png,,,,,,,
Mei-Mei 5,,,,,,美美,,,,,
Mei-Mei 6,,,,,,,Hunted Emissary (Vanara),,,,
Mei-Mei 7,,,,,,,,,,https://docs.google.com/spreadsheets/d/1ggHEFxJyNPEL-rq9S7dsT0y4fXpPas84jlYPTP58P2U/edit?usp=sharing,
Meindra 1,19,,,,,,,,,,
Meindra 2,,"- Was a troublesome child who was always breaking things.
- Had delinquent teenage years and regularly got in trouble with Hedgeberg law.
- Was sent off to join the KPLA to put her destructive nature to use as a punishment initially but has become loyal to the cause.",,,,,,,,,
Meindra 3,,,Lhodos,,,,,,,,
Meindra 4,,,,https://i.imgur.com/HrMdLk2.png,,,,,,,
Meindra 5,,,,,,,Old Transport,,,,
Meindra 6,,,,,,,,,,https://docs.google.com/spreadsheets/d/1WFFkUgQi_Xcq6NvQqPerHU8JUQu7bZlbd5zU8rs9SlQ/edit?gid=0#gid=0,
Mel Monroe 1,62,,,,,,,,,,
Mel Monroe 2,,"- Mel was one of the best monster hunters for P.A.R.A.B.E.L.L.U.M in Terra.
- She wields a Negative Edge Weapon (N.E.W) called Severance, a special weapon that is akin to a portable-nuke if left without maintenance.
- She retired after her wife died in a tragic incident that never really got explained.
- Mel simply accepted that she wasn't getting her wife back, and lived a boring life for the rest of her days.
- After 10 years out of combat, she got dragged into a realmstorm while defending her building from a sudden monster attack.",,,,,,,,,
Mel Monroe 3,,,"South Rock, Terra",,,,,,,,
Mel Monroe 4,,,,https://i.imgur.com/jDVfyl5.png,,,,,,,
Mel Monroe 5,,,,,,,Heirloom (Severance),,,,
Mel Monroe 6,,,,,,,,"Boundary Inc.'s Minor Arcana:
- BLADE (Boundary License for Advanced Destructive Equipment)",,,
Mel Monroe 7,,,,,,,,,N/A,,
Mel Monroe 8,,,,,,,,,,https://docs.google.com/spreadsheets/d/1-eRc99X0hOii0cCQfWr981u7xh3ELa5ZZVfpc7HJ4DA/edit?gid=0#gid=0,
Melinda 1,46,,,,,,,,,,
Melinda 2,,"- Born to a noble family in Caldera to parents that controlled her life. Left her family on bad terms to start a life as an anti war activist in Hidela.

- While working as an activist she met a thief that would become her husband.

- She has a child, and slowly falls out of doing activism wanting to raise her child without worrying. Before she could quite she was captured by Merrani soldiers.

- While under Merrani control she was experimented on, her body mind and soul fused with a colossus. This gave her strange new abilities that she used to escape form her captors.",,,,,,,,,
Melinda 3,,,Lhodos,,,,,,,,
Melinda 4,,,,https://i.imgur.com/ngaCLfN.jpg,,,,,,,
Melinda 5,,,,,,,,,,https://docs.google.com/spreadsheets/d/1cZJBU6rZzFn8_iXqCm5-fHh5vigtIbDJwVXSd75kHc4/edit?usp=sharing,
Merrick Wolfsgar 1,35,,,,,,,,,,
Merrick Wolfsgar 2,,"* Born on Aldistir in the Blood Grotto
* Learned Runic Magic (Symbolism)
* Battled for years alongside best friend
* Best friend suffers mortal wound as Godblood begins to rain on the battlefield, becoming a Draugr
* Forgo running to cover to slay best friend, become infected (ruh roh)
* Lay down to die, wake up on Worldhelm",,,,,,,,,
Merrick Wolfsgar 3,,,Aldistir,,,,,,,,
Merrick Wolfsgar 4,,,,https://cdnb.artstation.com/p/assets/images/images/075/041/337/4k/kang-jihun-0026-jpg1111.jpg?1713589195,,,,,,,
Merrick Wolfsgar 5,,,,,Aldistir,,,,,,
Merrick Wolfsgar 6,,,,,,,The Long Dream,,,,
Merrick Wolfsgar 7,,,,,,,,,,https://docs.google.com/spreadsheets/d/1gEX6ULNN-8hrTnrP9B47J4gqka3r1USH3kMsCM44XAg/edit?usp=sharing,
Miike 1,21,,,,,,,,,,
Miike 2,,"- Born to a clan of snow leopard yokai living around the Kullroc Glacier. The patches on her fur were seen as portentous.
- Taught her clan's techniques in illusions, symbols and fate magic, in order to aid them in hunting and avoiding danger.
- Her clan fell to misfortune when they were massacred by a horde of Draugr from the Blood Pools. She only managed to escape when the Realmstorm spirited her away.
- Since then, she has been trying to rebuild her life and find new friends on the Worldhelm. She even has a shop now!",,,,,,,,,
Miike 3,,,Aldistir,,,,,,,,
Miike 4,,,,https://i.imgur.com/rg0PmfQ.png,,,,,,,
Miike 5,,,,,Aldistir,,,,,,
Miike 6,,,,,,,The Beast Who Spoke,,,,
Miike 7,,,,,,,,,,[Salutations. I am Miike!](<https://docs.google.com/spreadsheets/d/1YIodEZdnSf55BFLR9BeDKQUwBtKYmqIKvZ-uIw2ftdA/edit?gid=0#gid=0>),
Mikael Everest 1,18,,,,,,,,,,
Mikael Everest 2,,"- Was found in the middle of a field near the Broken Vortex
- Adopted by Professor Everest after the roamed and Arrived near Hudal
- Now studies at Hudal Academy
- Is now in their last year and about to graduate from the Academy",,,,,,,,,
Mikael Everest 3,,,Kortarion,,,,,,,,
Mikael Everest 4,,,,https://i.imgur.com/AdaVeLp.png,,,,,,,
Mikael Everest 5,,,,,,,Flight,,,,
Mikael Everest 6,,,,,,,,,,https://docs.google.com/spreadsheets/d/1oejoHjgCE10a0j4aPrAzT0AzhzBeKuYEqUTE2zGthEg/edit?gid=686317394#gid=686317394,
Milo Fleiss 1,26,,,,,,,,,,
Milo Fleiss 2,,"- Milo was born in Hedgeberg to a small family. Aravik and Yvette Fleiss. He was the eldest, with a sister eight years younger than him named Reeve. 
- When Milo was 16, his father left to Bastion to work on the ramping production of his design for the Undercity. Aravik was a member of the KPLA, working alongside Angelo Letterman as their earliest chief engineers.
- During that first year, a strike meant to kill both Letterman and Aravik Fleiss, executed Milo's father. In the wake of this, Milo become the man of his house.
- Within the first few years, he snapped at his family. The housework and the many cousins he'd been left to as his uncles and extended family joined the war effort had gotten to him. He had an argument with his mother and sister, then left home.
- He's been a distant caretaker of his family, fighting as a Drake in the KPLA (despite attempts to promote him) since. The Resistance's Ace Courier.",,,,,,,,,
Milo Fleiss 3,,,Lhodos,,,,,,,,
Milo Fleiss 4,,,,https://cdn.discordapp.com/attachments/1312214275112046643/1320642967605608449/milo_bio.png?ex=6782bbdb&is=67816a5b&hm=69ba74f28763c2a60efb039beb04fcc2cd4076c565af703997db581c5e692bab&,,,,,,,
Milo Fleiss 5,,,,,,,,,,https://docs.google.com/spreadsheets/d/1BU5i-LSORww1BAc8CwxmaYxaT6AJQ-R-IYdTi57qJB8/edit?usp=sharing,
Mo Jun-Hie 1,23,,,,,,,,,,
Mo Jun-Hie 2,,"- In the cold Xuanwu city, There was a family consisting of Mo Tengfei, Ink cultivator and head of a minor sect. Mo Meilin, his wife. Wu Liling, Tengfei's concubine.

- From fervent prayers, wishing for a most fortuitous child, and wishing to give birth before Tengfei's wife. Liling gave birth to a Bishi'e, which they named Mo Jun-Hie.

- Seeing it as a blessing of the Heavens, Tengfei and Liling showered Jun-Hie with love. However, while Meilin didn't visibly show it, she was repulsed by the child.

- Jun-Hie followed in his father's footsteps and joined the sect at a young age. Picking up Ink cultivation rather quickly himself. With time he started to give his own spin on it by focusing more on painting rather than just Calligraphy.

- One brutal night. Tengfei betrayed his sect and killed most of its members. The only survivors were the ones helping Tengfei, and Jun-Hie, who shouted out to his father, but was given no response. After the incident, Tengfei hasn't been seen since.",,,,,,,,,
Mo Jun-Hie 3,,,Wujing Guo,,,,,,,,
Mo Jun-Hie 4,,,,https://i.imgur.com/00Erl0S.jpeg,,,,,,,
Mo Jun-Hie 5,,,,,,,Hunted Emissary (Boon of the Auspicious),,,,
Mo Jun-Hie 6,,,,,,,,,,https://docs.google.com/spreadsheets/d/1NofoB7PVKdUc8YbXm55VDBroXaDA0XphddiUjNG4gd0/edit?usp=sharing,
Mo Jun-Hie 7,,,,,,,,,,,80
Mokah 1,19,,,,,,,,,,
Mokah 2,,"When one travels the western region of Aldistir, they may come across a silent cloaked yokai.  This figure would use the bells on their staff to get the traveler's attention, and then guide them safely through the wilderness towards nearby villages and towns, vanishing without a word once their job is done.  Mocah lost their parents to a blizzard when they were younger, and chose to become a guide, helping the lost in the best way they can.  Too shy to speak to most people, they usually gesture with their staff in order to communicate.  Mocah lives alone in a hut in the Silver Spire mountains.  A follower of the Aesir Seraph, they're a small kindness in the harsh lands of Aldistir.",,,,,,,,,
Mokah 3,,,Aldistir,,,,,,,,
Mokah 4,,,,https://i.imgur.com/MOgXhEq.png,,,,,,,
Mokah 5,,,,,Aldistir,,,,,,
Mokah 6,,,,,,,,,,https://docs.google.com/spreadsheets/d/1FqD9Zfj6BAbgTgZQ4xdkSV9-i8E8_LUJ6AzIyWW65aA/edit?gid=0#gid=0,
Mokah 7,,,,,,,,,,,60
Monique Valentine 1,21,,,,,,,,,,
Monique Valentine 2,,"• Monique was raised as a son of a petty thief in Smokeside in Hidela Lhodos, after her mother disappeared 11 years ago.

• During a change of heart, she suffered a horrible accident in the middle ground from a landmine. Her father abandoned her to die instead of being shackled with debt.

• Despite being a ne'er do well in general, the people of Hidela committed to her recovery, and with their help and ingenuity relearned how to walk.

• Once she recovered, she took on a new name and new look, promising to be her authentic self and repaying the kindness of those around her forward.",,,,,,,,,
Monique Valentine 3,,,Lhodos,,,,,,,,
Monique Valentine 4,,,,https://imgur.com/T3HkcFi.png,,,,,,,
Monique Valentine 5,,,,,,Momo,,,,,
Monique Valentine 6,,,,,,,Rival Prodigies,,,,
Monique Valentine 7,,,,,,,,,,https://docs.google.com/spreadsheets/d/116hWIypzh2qcB0FWlTWDui4-CfjtGj92SkE9endzOYc/edit?usp=sharing,
Morgia Sophus 1,21,,,,,,,,,,
Morgia Sophus 2,,"- Born in Thanheim, with the Balefire cult.
- Was experimented by putting a moonshard into her as an infant.
- Taken away by a priest named Lucius Sophus who ran away to the western continent. Raising Morgia in a forest with just the two of them.
- Imparted the religious beliefs of Caladrius for what they stood for: to heal ailments and to exorcise the wicked from people.
- Began a journey at age 20 to practice her tenets as a healer.",,,,,,,,,
Morgia Sophus 3,,,Kor'tarion,,,,,,,,
Morgia Sophus 4,,,,https://i.imgur.com/4jsfLRq.jpeg,,,,,,,
Morgia Sophus 5,,,,,,,Elemental Soul (lost),,,,
Morgia Sophus 6,,,,,,,,Caladrius (worship),,,
Morgia Sophus 7,,,,,,,,,,https://docs.google.com/spreadsheets/d/1krWnYEtbFHrLIyBOTQbp46jOnV1vpicS94MXAXzy9mo/edit?usp=sharing,
Mori Yuma 1,28,,,,,,,,,,
Mori Yuma 2,,"-Mori died in Kor'Tarion when the moon shattered at the age of 28
-Her spirit is now contained within a temporary vessel that harbors it
-She gained her magical powers from her companion/familiar, Bloop, sometime postmortem while her spirit was lost without a proper resting place or vessel
-She is on a journey to reconcile with her death and remember who she was and how she died
-Her Empath powers come from her having a high emotional aptitude for this type of magic, hence why Bloop was attracted to her and decided to bond to her
-Bloop also took pity on her and saw her death as a tragic way to die, so he is taking it as his duty to see that Mori finds a way to the afterlife",,,,,,,,,
Mori Yuma 3,,,"Kor'Tarion, Field of Ghosts",,,,,,,,
Mori Yuma 4,,,,https://cdnb.artstation.com/p/assets/images/images/063/030/749/small/alexis-pflaum-alexis-pflaum-coven-jellyfish-18-nov-22.jpg?1684519547,,,,,,,
Mori Yuma 5,,,,,,Homunculus of the Lost Soul,,,,,
Mori Yuma 6,,,,,,,The Long Dream,,,,
Mori Yuma 7,,,,,,,,,,https://docs.google.com/spreadsheets/d/1JCXokkmue28qqkAf2bexEtwQoB5y1vESbNzmjkJv7WI/edit?gid=0#gid=0,
Mori Yuma 8,,,,,,,,,,,80
Moritz Abel Von-Hardwick 1,25,,,,,,,,,,
Moritz Abel Von-Hardwick 2,,"- Moritz was born and raised in Vale. When the bombs dropped, he was forced to care of his younger sister by himself. Due to a lack of resources, he undertook a mission for the KPLA. General Von-Hardwick caught him, but instead of execution, took both him and his sister in.

- He quickly enrolled in the WWA and excelled in his classes. This caught the eye of the now-celebrity, Hailey Bennett, who used him to propel herself forward. Despite being relatively overlooked, Commander Erich Valn saw his talent and took him under his wing as an early, quiet graduate.

- Working in Caldera as a Strategic Supervisor, Moritz helped with research and strategy for Valn. However, his work caused his mental health to deteriorate. He stopped visiting his sister, but trained a small squad of new WWA recruits. However, when tasked to drag them into his “type of work,” he snapped.

- He went off the grid without his mech, suffering a terrible mental breakdown. After a few days, the ship picked him up.",,,,,,,,,
Moritz Abel Von-Hardwick 3,,,"Vale, Lhodos",,,,,,,,
Moritz Abel Von-Hardwick 4,,,,https://cdn.discordapp.com/attachments/737973699336208428/1314079644101902376/image.png?ex=6787dc49&is=67868ac9&hm=70258dae0eb1dad8baeb68b921e28dfd54da7b7600e5bfa3f08a4e9a8779b792&,,,,,,,
Moritz Abel Von-Hardwick 5,,,,,,,Oracle of Lhodos (Planet Oracle),,,,
Moritz Abel Von-Hardwick 6,,,,,,,,,,https://docs.google.com/spreadsheets/d/1lHiAzbQkKo9vj090lgNpf24SzweePCyAdCBT9w2-snY/edit?usp=sharing,
Myffa Sirrokh 1,20,,,,,,,,,,
Myffa Sirrokh 2,,"- Daughter of a secretly magic blacksmith on a southern merchant caravan
- Father fends off Kiir attack with a magic sword but gets ratted out as a mage
- Slavers come get him but he fights back and burns Myffa and himself
- He cures her the best he can but dies in the process
- She becomes a mercenary and travelling artisan while secretly using the remnants of the magic sword",,,,,,,,,
Myffa Sirrokh 3,,,Nezmira,,,,,,,,
Myffa Sirrokh 4,,,,https://i.imgur.com/MtpfHZN.png,,,,,,,
Myffa Sirrokh 5,,,,,,Atee's Priestess,,,,,
Myffa Sirrokh 6,,,,,,,,,"Agile Defender Style changes, she literally increased her HP god damn
Minor changes to Soul Steal, Peacock Dance, and See You Later
Increased 1 damage on Perplexing Orb",,
Myffa Sirrokh 7,,,,,,,,,,https://docs.google.com/spreadsheets/d/1c_czYnsXAVNvJRHFFOYMga34U-IURtM6yfWAPvXIgqA,
Naiki'tari [Nai] 1,2,,,,,,,,,,
Naiki'tari [Nai] 2,,"- In the far north of Kor'Tarion's Realm of Faeries, there was a tribe of feline eared humans. As a culture, they revered and worshiped magic.
- In the lead up to the moons collapse, the tribe was entirely wiped out. Their will to understand and claim all that is arcane remaining, however, as their last sentiment in the lands they lived.
- Seventy odd years later, Nai awoke in a clearing at the eastern edge of the Gwaed. Little memory to be had, he stood, and began to walk. All he had was a yearning to understand magic, and the collective skill of his peoples last will.
- This condensed memorium come sapiance is on a clock, fading slowly with time, reclaiming more memories of his past life with each step he takes towards his end.",,,,,,,,,
Naiki'tari [Nai] 3,,,Kor'Tarion,,,,,,,,
Naiki'tari [Nai] 4,,,,https://media.discordapp.net/attachments/1170124448301596782/1193484134627168296/rd-lys-goty-monsterconcepart-catmagiciancrop.png?ex=6784dab7&is=67838937&hm=8e5071bf41abe6d45cda08f1b209ed76fe869efd91ea5997455a98fdaebb981d&,,,,,,,
Naiki'tari [Nai] 5,,,,,,,The Long Dream,,,,
Naiki'tari [Nai] 6,,,,,,,,,,https://docs.google.com/spreadsheets/d/185URJa5izjUwu9or03ltkA-JQ-gIB7bbHuew7reW07I/edit?usp=sharing,
Nanashi 1,19,,,,,,,,,,
Nanashi 2,,"* Was always a fighter, whether against bullies or those who deserved it.
* Thought Kuzunoha's war was pointless. Doesn't believe in harming others who are not involved or are innocent
* Left to seek out Nimue, fighting her way there with glee and joy. Caught the attention of Lilith. Accepted her deal, and bound her power.
* Took shelter in a Blizzard when a Realmstorm came and snatched her up.",,,,,,,,,
Nanashi 3,,,Aldistir,,,,,,,,
Nanashi 4,,,,https://i.imgur.com/A57jd3F.jpg,,,,,,,
Nanashi 5,,,,,,Wandering Oni,,,,,
Nanashi 6,,,,,,,"QUIRKLESS, BABY!",,,,
Nanashi 7,,,,,,,,Lilith,,,
Nanashi 8,,,,,,,,,,https://docs.google.com/spreadsheets/d/1Jq167Kg0XdVYrJQaO4ouTV8FJFm45QLaOeNwRFGsCtQ/edit?usp=sharing,
Nanashi 9,,,,,,,,,,,80
Naomi Ohm 1,21,,,,,,,,,,
Naomi Ohm 2,,"- Naomi was born to a soldier. A mercenary who worked on behalf of 100 Gates Security. He enrolled her in a special program when she was 14 that was training soldiers.
- The ""Debilitation Squad Project"" was meant to train soldiers capable of utilizing the volatile 'Debilitation Blade', as the prototype was called. They trained under harsh conditions, made to be sturdy, and resilient. Mentally and physically.
- The Project came under scrutiny, and after a few intense back and forths between superiors, it was shut down. However, the project lead continued it.
- Within a month of relocating the facility, security offers swept the building and killed all present. Her Squad she'd been training with, her teachers, the project manager, and her father.
- She escaped, luckily, and in the years since has worked as a Temp for Galeforce. Simple muscle, and simple security work.",,,,,,,,,
Naomi Ohm 3,,,Terra,,,,,,,,
Naomi Ohm 4,,,,https://pbs.twimg.com/media/Fia5GKOaYAARQrS.jpg,,,,,,,
Naomi Ohm 5,,,,,Terra,,,,,,
Naomi Ohm 6,,,,,,"""DP - Unit #13""",,,,,
Naomi Ohm 7,,,,,,,,Seraph (100G),,,
Naomi Ohm 8,,,,,,,,,,https://docs.google.com/spreadsheets/d/13gveF7RgYU9bmPoGOePih4CZdFxXBKcb3Wl03OxemCE/edit?usp=sharing,
Nara 1,Unknown,,,,,,,,,,
Nara 2,,"- A vulpine yokai who was once part of ""The War of Fox and Hound"".
- Was sealed away at one point and was eventually awoke when a follower of Nimue broke the seal.
- Sparred with the one who freed them and would have lost had they not spared them.
- Was forced to make a promise to guide and help those who need it in return and has wandered Aldistir to attempt to do exactly that.
- Had an old pact brought around to payment and became an entity known as ""The Grim Welder"" adopting a more shadowy form. An entity capable of reshaping death and bringing a new cycle of life and who acts as a guide to the souls of beast who have received Kuzunoha's blessings. Due to the recent gain of these powers however they are currently ""leashed"" by Kuzunoha.",,,,,,,,,
Nara 3,,,Aldistir,,,,,,,,
Nara 4,,,,https://i.imgur.com/0hdmDuK.jpeg,,,,,,,
Nara 5,,,,,,,The Beast Who Spoke,,,,
Nara 6,,,,,,,,Kuzunoha - Fought for her in the war and currently has Grim Welder gifts leashed by her.,,,
Nara 7,,,,,,,,,,https://docs.google.com/spreadsheets/d/18cSa3D-xfCbpauN4EfB1A0lc5Etf7v224QCJG1kaArQ/edit?gid=0#gid=0,
Narantsetseg 1,23,,,,,,,,,,
Narantsetseg 2,,"- Used to be part of Temple of Growth
- Empty Monks didn't approve of her aptitude for Metal cultivation
- She and several others left the Temple via caravan to establish the village of Daringanga
- Started practice in Holy Harmony with Organa Baatar as her bonded. 
- Uses a spear and a jade slip from Baihu to learn techniques",,,,,,,,,
Narantsetseg 3,,,"Tian Yin, Leytik",,,,,,,,
Narantsetseg 4,,,,https://i.imgur.com/PJ0lAJb.jpeg,,,,,,,
Narantsetseg 5,,,,,,,Heirloom,,,,
Narantsetseg 6,,,,,,,,Baihu (Nimue),,,
Narantsetseg 7,,,,,,,,,,https://docs.google.com/spreadsheets/d/1NeLFQyp3N3q435Hca0GX29iPvCgKsninL8hoWHBxfVU/edit?usp=sharing,
Nasim ibn Khaled 1,20,,,,,,,,,,
Nasim ibn Khaled 2,,"- Born in Windhaven, the City of Sandsailors.
- Sandship racer under Mustafar, the Racemaster of Windhaven, like his late father before him. Trusted enough that the *Sand Serpent* was a semi-permanent loan.
- Went into smuggling with Auro Benites, and continued after Auro left to join the Revolutionaries. Some of the smuggling jobs were to get people safely to the Blue.
- Was caught out by Nezzim patrols when returning from one of those trips, but a Realmstorm brought him to the Worldhelm. Suspects that Mustafar may have ratted him out, but he has no proof.
- Has pivoted towards being a sandship artisan rather than just a racer during his time on the Worldhelm. Recently reached a breakthrough after lessons from Huong Jin and Kurso Armstrong and exposure to Terran tech, allowing the *Sand Serpent* to fly.
- Considers the *Sand Serpent* his own sandship now. And with Mustafar dead after the liberation of Windhaven, there's no one to contest this.",,,,,,,,,
Nasim ibn Khaled 3,,,Nezmira,,,,,,,,
Nasim ibn Khaled 4,,,,https://i.imgur.com/KO2cK6r.png,,,,,,,
Nasim ibn Khaled 5,,,,,Nezmira,,,,,,
Nasim ibn Khaled 6,,,,,,"Nasim of Windhaven
Nasim
Viper",,,,,
Nasim ibn Khaled 7,,,,,,,,,,[I must plot my own path through the sands...](<https://docs.google.com/spreadsheets/d/1HpWZO5OrBlAn41FW7paFDiB32wcmdR0cicNxJheYjHw/edit?gid=0#gid=0>),
Neishin 1,20,,,,,,,,,,
Neishin 10,,,,,,,,,,,60
Neishin 2,,"- Was formerly known as Villr while she was a wolf.
- Was abandoned by her pack when she was injured and dying for being ""weak"" and passed out from exhaustion and injuries.
- Awoke to Kuzunoha offering her the gift of becoming yokai, which she accepted as she was not ready to die.
- Travels from yokai settlement to yokai settlement as they do not trust her but will give her place to rest as she did receive Kuzunoha's gifts.
- Actively seeks to rebel against Vanagandr and his followers.
- Was captured and intend to be offered as a sacrifice to Vanagandr in a ritual, but was offered gifts by Lilith, should Neishin continue to amuse her by fighting Vanagandr.
- Still wears the collar from when she was imprisoned as a reminder that she isn't truly free because of her nature.",,,,,,,,,
Neishin 3,,,Aldistir,,,,,,,,
Neishin 4,,,,https://i.imgur.com/RPfnLRu.png,,,,,,,
Neishin 5,,,,,Aldistir,,,,,,
Neishin 6,,,,,,Villr (Name before becoming a yokai),,,,,
Neishin 7,,,,,,,Fugitive Experiment,,,,
Neishin 8,,,,,,,,"Vanagandr (Beyrayed), Kuzunoha (Turned to Yokai), Lilith (Gave blessing (Arcanist))",,,
Neishin 9,,,,,,,,,,https://docs.google.com/spreadsheets/d/1NJzCEfU-cpjxI0CSvzHt1iP7FEfaiPX9BDniyDF7R6I/edit?usp=sharing,
Ngawang Choden 1,28,,,,,,,,,,
Ngawang Choden 2,,"- Once lived in a village named Draklung, was separated from his brother after a spirit beast attack.

- Was taken in by Empty monks and spent many years under their tutelage, honing both his body and qi techniques.

- Rose within a minor sect but his refusal to embrace their dogma made him an outsider and chose to become an exile over submission.",,,,,,,,,
Ngawang Choden 3,,,"Draklung, Leytik, Tian Yin",,,,,,,,
Ngawang Choden 4,,,,https://i.imgur.com/9BCUe6K.jpeg,,,,,,,
Ngawang Choden 5,,,,,,,Qi Specialist (Void),,,,
Ngawang Choden 6,,,,,,,,,"Due to the changes to Palm and Step style and just general discontent on the mechanical end on my end, he went through a drastic change.

Previously:
Mutant [4]
- Akromorphosis [2]
- Theriomorphosis [2]
Fury [1]
- Frenzy

New:
Entropist [4]
- Entropic Magic [3]
- Lucky Seven
Daoist [1]
- Dao Technique [1]",,
Ngawang Choden 7,,,,,,,,,,https://docs.google.com/spreadsheets/d/1rxiMVhytToqMFNLUwEgOqE5yx8W-yeTQgdUjqwmHSM4/edit?usp=sharing,
Nico bastion 1,23,,,,,,,,,,
Nico bastion 2,,"- His entire family was murdered at a young age, scaring him into never picking up the blade. 
- Wanting no one to ever experience what he had before, his desire to protect the people is driven to the extreme.
- Whilst not being the brightest of the bunch, he has learned through trial and error that to protect others better, he has to become far stronger than imagined.
- His infatuation with fighting Kaijus is stirred on by legends of old, that he wishes to recreate for himself, and to show the people that he is Here!!",,,,,,,,,
Nico bastion 3,,,Nezmira,,,,,,,,
Nico bastion 4,,,,https://forum.treeofsavior.com/uploads/default/original/2X/8/851b00ee020727ce79ec50d2adec9b389c135a29.jpg,,,,,,,
Nico bastion 5,,,,,Nezmira,,,,,,
Nico bastion 6,,,,,,,None,,,,
Nico bastion 7,,,,,,,,,,https://docs.google.com/spreadsheets/d/1yS1jm-0HzrLVRGg1ZgwEDoIXSz-kiri4dy0tuei6Qfo/edit?usp=sharing,
Noel Salbe 1,25,,,,,,,,,,
Noel Salbe 2,,"- born in Lastport, father not around, has mom and younger sister
- earned money to help mom out from a young age, met his future captain while working as a errand boy in a seaside tavern/bar
- joined pirate crew at around 14
- worked his way up the pirate totem pole while his crew, the Red Otters, were gaining fame (and notoriety)
- eventually became the first mate at around 22
- on his most recent job, while fighting a kraken out at sea, was shunted off the boat by a tentacle, right into a realmstorm",,,,,,,,,
Noel Salbe 3,,,Kor'Tarion,,,,,,,,
Noel Salbe 4,,,,https://images-ext-1.discordapp.net/external/deFdCz1jmW6nQyN7eC93ItSAvx7gaNJEfxGQJaiAN-c/https/i.imgur.com/KWfKZOT.jpeg,,,,,,,
Noel Salbe 5,,,,,,,"Old Transport
Noel has a Sloop (a boat) in Lastport",,,,
Noel Salbe 6,,,,,,,,,,https://docs.google.com/spreadsheets/d/1G8dPGhkMGI1Z1VAG1kmiGMGm4fslCGNKz-vV_mgb0mU/edit?usp=sharing,
Noir 1,24,,,,,,,,,,
Noir 2,,"- Grew up in and was enrolled into the Academy of Korala.
- Proved to have prodigal understanding of magitech engineering and a knack for repairing machines.
- Gained interest in trying to compress the power of mechs into a smaller suit for tasks mechs normally could not reach.
- Shortly after graduating her parent's died in a questionable airship accident.
- Using her inheritance and what she was able to scrounge up she fled to an undisclosed location where she could work and study in piece.
- While trying to develop the exo-armor that could house the power of the mech she risked her life repeatedly while testing.
- While running low on supplies she eventually decided to use materials from an unmarked box that she was unsure of, little did she know these contained some of Tubalcain's essence. With her drive and spirit of artifice, and refusal to give up, a resonance with that essence sprang forth and gave her a functioning prototype.",,,,,,,,,
Noir 3,,,Lhodos,,,,,,,,
Noir 4,,,,https://i.imgur.com/EprAKjI.png,,,,,,,
Noir 5,,,,,,,Old Transport,,,,
Noir 6,,,,,,,,Tubalcain,,,
Noir 7,,,,,,,,,"- Changing 2 pilot levels to 2 weaponmaster levels.
- Refunded Pistol as she no longer has martial ranged weapon proficiency.
- Claíomh Solais (2,500z) - Scythe Weapon Module - Heavy - Melee - [Dex + Ins] - [HR + 20] Physical, Weapon Up (Melee) changed to Claíomh Solais (2,400z) - Custom Weapon - Heavy - Melee - [Dex + Ins] +1 - [HR + 18] light, Elemental, Powerful, Defense Boost, Weapon Up as she no longer has pilot levels to use the module.",,
Noir 8,,,,,,,,,,https://docs.google.com/spreadsheets/d/1z4jMKDBE11ijXnpWRdZjot7zSrETOkjC-HH9VQofOdE/edit?gid=0#gid=0,
Nyx Selenbourne Atramentis 1,19,,,,,,,,,,
Nyx Selenbourne Atramentis 2,,"* completely average Terran girl hooked on RWO
* parents die when she's like 12 and her younger sister 8, leaving her the sole provider
* she works at a ""gold farm"" grinding out in-game currency to RMT sell to rich people basically 24/7
* gets promoted to XP and event grind for rich people on Triworld
* gets some rich dude's avatar blasted by moonrock during Skyfall
* gets entropic powers and also tons of medical bills
* says fuck it we ball, takes out loans to body mod herself to her RWO character and commission cosplay, and starts stopping crime around her neigbourhood between shifts
* after stopping a mugging and while doing an over the top stylish exit, takes an even more over the top stylish exit via realmstorm",,,,,,,,,
Nyx Selenbourne Atramentis 3,,,Terra,,,,,,,,
Nyx Selenbourne Atramentis 4,,,,https://i.ibb.co/DPhxJzPY/IMG-2038.png,,,,,,,
Nyx Selenbourne Atramentis 5,,,,,,"Fairy Queen
Luna's Chosen
Mistress of Time
Anette Jackson",,,,,
Nyx Selenbourne Atramentis 6,,,,,,,"Fugitive Experiment
(Explanation: She is neither a fugitive nor an experiment. But as shown by Crystalia, the entropic power of the moonrocks is extremely volatile and I think it would be very fitting if Nyx's newfound powers, due to being 1. moon's haunted 2. very new and 3. entropy which is the ""weird gamba magic"", were unstable.)",,,,
Nyx Selenbourne Atramentis 7,,,,,,,,,,https://docs.google.com/spreadsheets/d/10lMzYZR-QNUt1QSSDnrrMd-4uoeCmUjL0XQUoqBCKG0/edit?usp=sharing,
Nyx Selenbourne Atramentis 8,,,,,,,,,,,120
Olia Vol Seive 1,23,,,,,,,,,,
Olia Vol Seive 2,,"- Was originally left to live in a small clan out of pity/kindness and the usefulness of her healing gifts that she assumed was due to Lorelie
- Was eventually considered too much of a liability and danger to the village due to being a Yokai and was left for dead once she was no longer a young child.
- Was found and saved by Brandr and traveled with him for years to come.",,,,,,,,,
Olia Vol Seive 3,,,Aldistir,,,,,,,,
Olia Vol Seive 4,,,,https://i.pinimg.com/474x/d9/88/08/d98808a15edb088f79191c23457d94fb.jpg,,,,,,,
Olia Vol Seive 5,,,,,,,Cursed; gained in game,,,,
Olia Vol Seive 6,,,,,,,,,,https://docs.google.com/spreadsheets/d/1kAKqNmMmZ1zqwRj7Spw1sjSrkJnvB2uo1oEOa76bKM8/edit?usp=sharing,
Ophelia 1,??? (18 at time of death),,,,,,,,,,
Ophelia 2,,"- One of the residents of Shade, the Sixth Layer of Idyll.
- Lives in Siomykos, the Home of the Masked. Has been one of the defenders of the underground village ever since she reached the Layer countless years ago.
- Has learnt how to use the fungal growths farmed by the Masked villagers in battle, empowering herself while sapping her enemies.
- Was brought to the Worldhelm by a Realmstorm, when holding off one of Shade's monsters to let the surface-going foragers escape.
 - Now tries her best to readapt to the living world once more, while waiting for a chance to ensure her home in Shade is safe.",,,,,,,,,
Ophelia 3,,,Unknown,,,,,,,,
Ophelia 4,,,,https://i.imgur.com/g084FYl.png,,,,,,,
Ophelia 5,,,,,Idyll,,,,,,
Ophelia 6,,,,,,,Idyllic Soul,,,,
Ophelia 7,,,,,,,,,,[Speak softly and keep your mask on.](<https://docs.google.com/spreadsheets/d/1MayQ1tg3TxdDSC70aKlSdN59aGyq_UPDGLmqPbxFORw/edit?gid=0#gid=0>),
Organa Bataar 1,23,,,,,,,,,,
Organa Bataar 2,,"* Mysterious birth, was found during a heavy storm abandoned. 

* Raised in the Temple of Growth

* As a girl was brought to the edge of Leytik where she encountered Banshee and the storm he brings. Was forced to adapt and survive or perish. Thus the Arcana.

* Fled the temple with others and established Naringanga Village after the assistance of the Goldhearted.

* Follows the path of Holy Harmony with her mirror and blood sister, Narantsetseg",,,,,,,,,
Organa Bataar 3,,,"Tian Yin, Leytik",,,,,,,,
Organa Bataar 4,,,,https://i.imgur.com/B8L5kju.png,,,,,,,
Organa Bataar 5,,,,,,,Flight,,,,
Organa Bataar 6,,,,,,,,Banshee,,,
Organa Bataar 7,,,,,,,,,,https://docs.google.com/spreadsheets/d/1SA3hrbfPIdyA-XvEtdTMcL4YpPnTo-yePXR3yrnMEEY/edit?usp=sharing,
Organa Bataar 8,,,,,,,,,,,30
Orion Marduke 1,19,,,,,,,,,,
Orion Marduke 2,,"- Born and raised in Tradesfair 
- Orion grew up entrhalled by heoric tales and books
- Was well off with a family owned business called Marduke Mills
- Family business went bankrupt in the fallout of the Clarian Cull
- Headed out to earn a noble title",,,,,,,,,
Orion Marduke 3,,,Kor'Tarion,,,,,,,,
Orion Marduke 4,,,,https://i.imgur.com/SlSI3q9.png,,,,,,,
Orion Marduke 5,,,,,,,,,,https://docs.google.com/spreadsheets/d/19lb4DzhyJ3fBqrcq8E59reCuVmym7V28WtG4T73qol4/edit?pli=1&gid=0#gid=0,
Orpheus 1,26,,,,,,,,,,
Orpheus 2,,"- Born to aging parents in Haven who got laid off by NT Tech. His parents are the most important thing to him.

- Started working early to support the household. Odd jobs, ETA call center, later gets an internship with 100g Security

- Moves to Secura for work, now works as basically a mix of IT and border security as he ""Okays"" peoples paperwork to enter Secura.",,,,,,,,,
Orpheus 3,,,Terra - Secura,,,,,,,,
Orpheus 4,,,,https://i.imgur.com/jvIVpLN.jpeg,,,,,,,
Orpheus 5,,,,,,,,Seraph (100g Security Employee),,,
Orpheus 6,,,,,,,,,No remort needed,,
Orpheus 7,,,,,,,,,,https://docs.google.com/spreadsheets/d/1G0HWM13ink3vox0dVbSdcqT4NOhTVOeR7GwOPFGAP_g/edit?usp=sharing,
Orpheus 8,,,,,,,,,,,50
Panlinggo Umaga 1,19,,,,,,,,,,
Panlinggo Umaga 2,,"- Born under auspicious circumstances, and to a chronically sick mother. Father disappeared before he was born.
- Was ostracized from Pagapalay for being 'cursed', and because nobody wanted to catch the illness. Had to raise his mother on his own.
- Was visited at times by Mabilis, and well-meaning village shamans. Nobody could help cure his mothers illness.
- Mt. Magayon errupts, Panlinggos mother is selected as a sacrifice.
- Goes to Mabilis to teach him how to cultivate and become strong.
- Mabilis teaches Panlinggo martial arts, but is unable to temper their cultivation. Pan doesn't seem able to channel any qi.
- Is so distraught that they climb Mt. Magayon, and in a desperate attempt to awaken something, leaps into it's mouth.
- Is not seen again until appearing in the Worldhelm.",,,,,,,,,
Panlinggo Umaga 3,,,"Sangang-Daan, Tian Yin",,,,,,,,
Panlinggo Umaga 4,,,,https://i.imgur.com/7iSQKtv.png,,,,,,,
Panlinggo Umaga 5,,,,,,,Qi Specialist - Fire,,,,
Panlinggo Umaga 6,,,,,,,,,,https://docs.google.com/spreadsheets/d/1l874c0-vcAWpyOm3IUJVGIIe4mPDvzr90LKXgYo7_eo/edit?gid=0#gid=0,
Pema 1,24 Years,,,,,,,,,,
Pema 2,,"- Pema was born to a small unnamed village. Early in her life, around the age of eight, she was taken in by the monks of the Sunyata (Void Monks), to follow their teachings and become a warrior.
- She was trained and taught in the ways of emptiness, and self annihilation. Or... she tried. Pema found herself... stuck, in a way.
- For years, Pema would train under the Void Monks, yet would never quite be able to banish her earthly attachments, even though she showed promise in regards to her cultivation.
- This struggle and insufficiency would continue until just recently, when Pema failed one of the training trials in the wilderness of Leytik. Believed to be dead, she was left behind.
- In truth, she was badly injured. But, left alone for the first time in her life, she decided she could find her own way to embrace the void. Just one step at a time.
- A month or two later, Pema is chosen by the Worldhelm.",,,,,,,,,
Pema 3,,,"Temple of Strife, Leytik, Tian Yin",,,,,,,,
Pema 4,,,,https://i.pinimg.com/736x/f6/7e/b1/f67eb1069b13d9883996d3b6105f7a8e.jpg,,,,,,,
Pema 5,,,,,,,Qi Specialist (Fire),,,,
Pema 6,,,,,,,,,,https://docs.google.com/spreadsheets/d/14tTjpds9hesfT2KoGSiORhe7p_S_S-inR9Mqe1EOJmo/edit?pli=1&gid=535721541#gid=535721541,
Pema 7,,,,,,,,,,,50
Perseus 1,20,,,,,,,,,,
Perseus 2,,"- Born from Dreadlan Paladin Argos and Dreadlan Witch Aegea. 
- Raised to serve Queen of Beasts Akala as a knight.
- At the age of 16 was sent to Gnosis Academy to grow his combat talents and be educated.
- Met Apollo, a fellow Paladin in training who was struggling in school.
- Apollo instead became a Treasure, deciding to become Perseus' Regalia so both their dreams could come true. 
- Perseus now aspires to be one of the best Paladins to ever live, and rise to a similar if not same position as Akala for his people's benefit.",,,,,,,,,
Perseus 3,,,"Gray Fox Castle, Dreadlan, Kaiway",,,,,,,,
Perseus 4,,,,https://cdn.discordapp.com/attachments/792706882397405196/1333901024246763611/Perseus_Bodyshot.png?ex=679a93a2&is=67994222&hm=436c1e6e003e7d7fd84eb25dd4c549a88094f275881a851feed707063ee41c08&,,,,,,,
Perseus 5,,,,,,,N/A,,,,
Perseus 6,,,,,,,,Lilith,,,
Perseus 7,,,,,,,,,,https://docs.google.com/spreadsheets/d/1pxTLLmDPBiktJqLdTk-XF5-ksxslN9ZdyEHN7jRBBm8/edit?usp=sharing,
Perseus 8,,,,,,,,,,,70
Primrose 1,22,,,,,,,,,,
Primrose 2,,"Used to live life as a dancer, then accidents and run ins with gangs led to her being thrown down a hole where an ancient plant was that merged its existence with her.",,,,,,,,,
Primrose 3,,,"Terra, Haven, South Silver Rock",,,,,,,,
Primrose 4,,,,https://i.imgur.com/XEUWsG5.png,,,,,,,
Primrose 5,,,,,,,Arboreal,,,,
Primrose 6,,,,,,,,,,https://docs.google.com/spreadsheets/d/1zL9ubs2z9TG8E6C7Tisk8Gp4HOcWIXmVrYMcSLFkJg0/edit?usp=sharing,
Priscilla 1,20,,,,,,,,,,
Priscilla 2,,"- Formerly Devout Priestess of Merrane:
A dedicated follower of the Theocratic Monarchy of Merrane, she spent much of her life spreading her religion and serving the divine.

- Coordinator Training:
Beyond her role as a healer of faith, she undertook advanced courses to act as a combat coordinator. Her primary role involves guiding and commanding Merrane Angels in battle, making her more of a strategist than a traditional priestess.

- Unique Perception:
Priscilla possesses an unusual way of perceiving the world. Instead of seeing people as they physically appear, she sees glowing lights and auras that reflect their true nature. For Goldhearted individuals, she sees a brilliant glow, while others are perceived through the emotional and spiritual essence of their buried selves.",,,,,,,,,
Priscilla 3,,,"Lhodos, Caldera",,,,,,,,
Priscilla 4,,,,https://i.imgur.com/LeTEMXd.png,,,,,,,
Priscilla 5,,,,,,,,,,https://docs.google.com/spreadsheets/d/1dmsKcYz9I9M-Q3nbcg5GEOaHXhwShm7oHzxc3_IJpug/edit?gid=918076391#gid=918076391,
Qu Fuling 1,??? looks to be ~35,,,,,,,,,,
Qu Fuling 2,,"- She was just a statue of Kami Jizou near a simple village in Hanae
- One day, the curse of Yato no Kami manifested in a red-headed boy who often stayed near the statue with his brother Kidomaru
- Once the boy grew older, the protection of the statue was gone and could no longer stop the curse
- In response, the statue animated
- Qu Fuling was too weak to save him, so she sent him ""on a different road""
- Afterwards, spent few years cultivating to delay her return into a statue. Ship picked her up after those years",,,,,,,,,
Qu Fuling 3,,,"Tian Yin [Teisei, Hanae]",,,,,,,,
Qu Fuling 4,,,,https://i.imgur.com/rBXX8jU.png,,,,,,,
Qu Fuling 5,,,,,,,The Long dream,,,,
Qu Fuling 6,,,,,,,,,,https://docs.google.com/spreadsheets/d/1hV2s-7v7jOYz1hsoSqyWnDZYQnS0OgbOQKR3bPhHCmk/edit?usp=sharing,
Rahim 1,25,,,,,,,,,,
Rahim 2,,"A slave living in The Last Hold of the Nezmira Empire and a victim of the Empire's disregard for human life. He was abducted by scholars and was used as a test subject.  In his confinement, he was force-fed Kiir  parts and Kiir blood to figure out its effects on Humans.  During one of the experiments, he manifested mutations which allowed him to escape the facility. He survived but  not unscathed - the experiments resulted in both his body and his mind being damaged resulting to permanent mutations on his body and amnesia.  Deformed and mentally scarred from the experience, he currently roams as an escapee, he seeks to figure out his true identity and the truth about what happened to him. The only thing he knows about himself is what he assumes to be his name written in a band attached to his legs - Rahim which is Ironic as it means Merciful.",,,,,,,,,
Rahim 3,,,Nezmira,,,,,,,,
Rahim 4,,,,https://i.pinimg.com/originals/6a/1c/7e/6a1c7ecab16bd51b74a255103215064e.jpg,,,,,,,
Rahim 5,,,,,,,Fugitive Experiment,,,,
Rahim 6,,,,,,,,,,https://docs.google.com/spreadsheets/d/1Q1x79-FTiN7gryTdwMgx7YhvXxz8pcrCH_N5He-duco/edit?usp=sharing,
Raia 1,25,,,,,,,,,,
Raia 2,,"- Was a normal fox, almost starved until Raia was fed by a figure with wings and a red scarf.
- Founded by Kuzunoha, blessing him to become a kitsune with the ability to create foxfire.
- He trained to use simple weapons, both to hunt for food and to fight in the war against Vanagandr.
- Learned to cook food, and wanted to recreate joy for others.
- Became a shaman after deeply befriending a sacred fox, who later was killed by Sakura.",,,,,,,,,
Raia 3,,,"The Feywyrd, Aldistir",,,,,,,,
Raia 4,,,,https://i.imgur.com/DcvtuRl.png,,,,,,,
Raia 5,,,,,,,,Kuzunoha (literally made him a yokai),,,
Raia 6,,,,,,,,,,https://docs.google.com/spreadsheets/d/1uRZjsYMqd91A0QjRl6JtsZW7c9JJb1GjkY4kuVfb_YY/edit?usp=sharing,
Rain 1,18,,,,,,,,,,
Rain 2,,"- An Orphan from Terra.
- Kidnapped from the slums to undergo a dangerous series of experiments by an illegal group of scientists who were striving to create the ultimate weapon.
- Escaped after a test that introduced a pair synaptic neurolink shields that destroyed the testing area and leading her to escape the decrepit bunker where she was held.
- The shields are an extension of Rain’s body, silently following her and reacting to Rain’s emotions autonomously.
- After arriving in the Worldhelm, she tends to keep to herself. Finding home by the empty warehouses that reside on the ship.",,,,,,,,,
Rain 3,,,Terra,,,,,,,,
Rain 4,,,,https://cdn.donmai.us/original/47/d7/__rosmontis_and_rosmontis_arknights_drawn_by_pokarii_zuu__47d7a358350fa2c6d715eeb6a3ac2e8f.jpg,,,,,,,
Rain 5,,,,,,Chained Catastrophe,,,,,
Rain 6,,,,,,,None,,,,
Rain 7,,,,,,,,None,,,
Rain 8,,,,,,,,,,https://docs.google.com/spreadsheets/d/1EuqWSnnhzDVy8ruXamLsEJtngGkKJxeSiLQgTEzHIXA/edit,
Ranmaru 1,22,,,,,,,,,,
Ranmaru 2,,"- A yokai without human form, at first; an ordinary fox, awakened.
- Unable to participate in conflict, grew doubtful of Kuzunoha's cause; efforts to speak out to those who *could* act proved only to tarnish trust in him.
- Discontent mounted, and he departed to seek guidance from Lorelei's faithful, and perhaps a human form.
- Found sympathy with her followers, and was given his mask, which provides his human form.
- Wandered the material & the Sea of Blizzards thereafter, exercising his newfound power to do as he saw good.",,,,,,,,,
Ranmaru 3,,,Aldistir,,,,,,,,
Ranmaru 4,,,,https://media.discordapp.net/attachments/1283615586798010419/1293765370242662512/colon_three.png?ex=67acb325&is=67ab61a5&hm=2abd72dba8269e607d68ce05e3bbe7d4490ee022620e50b8a6fc35ceba783a12&=&format=webp&quality=lossless&width=&height=,,,,,,,
Ranmaru 5,,,,,,,Outcast Fairy,,,,
Ranmaru 6,,,,,,,,"Kuzunoha, Lorelei",,,
Ranmaru 7,,,,,,,,,,https://docs.google.com/spreadsheets/d/1_610NLW2PrEv23WgJ_GJe_6Uo8UBkP0uvh7ICAhk-tc/edit?gid=0#gid=0,
Retti 1,33,,,,,,,,,,
Retti 2,,"- Grew up in the Faerie Realm in the Fae Domain of Pryn.
- Always wanted to be a knight, protecting people from injustice and peril, but never quite had the skills to bring it to fruition. His magic was weak and needed crystal catalysts and foci to help, and his skills with sword and bow were lacking.
- Spent years training under other fairy knights, but slipped through a Fae Crossing into Tradefair, Kor'Tarion. Retti took it in his stride, helping people against injustices and evils with chivalry aplomb, although it was no easy task and many hard lessons were learned.
- Years later, Retti considers Tradefair his home away from home. He continues to work to become his ideal knight, at which point he shall return to his Fae Domain and take the trial of knightship.",,,,,,,,,
Retti 3,,,"Faerie Realm, Kor'Tarion",,,,,,,,
Retti 4,,,,https://i.imgur.com/vhyReIh.png,,,,,,,
Retti 5,,,,,,,Outcast Fairy,,,,
Retti 6,,,,,,,,,,[Retti sheet](<https://docs.google.com/spreadsheets/d/1dub-wkUATXXjPtzFAebbdlr3UCLaeT-4tPHH4wVtNNc/edit?pli=1&gid=0#gid=0?),
Reynaud Girardin 1,35,,,,,,,,,,
Reynaud Girardin 2,,"-Born to hardworking and humble parents.
-Yearned to see more of the world.
-Left at 18 and tried lots of jobs, failed at all of them. Gave up on them quickly. 
-Tried being a mercenary, was bad at fighting. Titled himself as a The Snow Covered Swashbuckler as a cover up, wrote a poem about it.
-Tried being a thief, could not pick locks. Titled himself the Brilliant Bastard as a cover up, wrote a poem about it.
-Tried being a bard, cannot sing. Titled himself The Steel Poet as a cover up, wrote a poem about it.
-Tried being a sailor, was okay at that. Got bored after the first voyage and titled himself The Mistcutter as a cover up. Wrote a poem about it.
-Now is an adventurer and calls himself the Wandering Comet. Has a poem about that as well.

The poems are all hyperbolic. They are also written. Will provide them on request.",,,,,,,,,
Reynaud Girardin 3,,,Snowmaw (Kor'Tarion),,,,,,,,
Reynaud Girardin 4,,,,https://i.pinimg.com/736x/73/be/db/73bedbb0dde01c3caee835f19cd5ef8d.jpg,,,,,,,
Reynaud Girardin 5,,,,,,"The Snow-Covered Swashbuckler, The Brilliant Bastard, The Steel Poet, The Mistcutter, The Wandering Comet",,,,,
Reynaud Girardin 6,,,,,,,,,,https://docs.google.com/spreadsheets/d/1vol928RVKfLZ4ElxCWo9W7wNB6y0M4qJamcZjw_5qFc/edit?usp=drive_link,
Reynaud Girardin 7,,,,,,,,,,,3
Rin 1,23,,,,,,,,,,
Rin 2,,"-Born in Murata, and forced to leave at a young age
-Kitsune attempted to corrupt Rin with corrupt heavenly cultivation teachings
-Started using the teaching but is countering it with their own demonic cultivation
-Forced to leave Murata after villagers found Rin with his body cultivation. Making Rin seem like a monster",,,,,,,,,
Rin 3,,,Teisei,,,,,,,,
Rin 4,,,,https://i.imgur.com/z7ae9y4.png,,,,,,,
Rin 5,,,,,,,Qi Specialist (Demonic),,,,
Rin 6,,,,,,,,,,https://docs.google.com/spreadsheets/d/1kRpbh18hI8uxnatfIkGXETZhc_8IlvIxZRSUK7ZBJuk/edit?gid=0#gid=0,
Robbins 1,38,,,,,,,,,,
Robbins 2,,"- Has a wife and three children, back in the Kullroc Clan in Aldistir;
- A shaky relationship with Kuzunoha, shares more values with Nimue's followers;
- After hearing of Nimue's death, decided to go out and help keep the peace and protect people;
- Lied to his family and said he was going on a culinary adventure to learn new dishes and recipes;
- Wants to get money to send back to his family.",,,,,,,,,
Robbins 3,,,"Aldistir, Kullroc Glacier",,,,,,,,
Robbins 4,,,,https://i.pinimg.com/736x/a6/bc/47/a6bc47b00ab3d263777b1e546b3edd7a.jpg,,,,,,,
Robbins 5,,,,,,,The Beast who Spoke,,,,
Robbins 6,,,,,,,,,,https://docs.google.com/spreadsheets/d/1Nxb0HnYbI7yjj3ndRF-GI84lRGtjtHhdaRz3vN_su-Q/edit?usp=sharing,
Robbins 7,,,,,,,,,,,70
Robin 1,25 [in Apprearance] over a thousand due to Idyll,,,,,,,,,,
Robin 2,,"- Arrived in the Ring of Barza after dying for the Goldhearted
- Roamed the Realm until they Reached Nirve
- Spent their entire time there for the rest of his life
- Kept a Diary of his past life while in Nirve
- Has watched the corruption of Idyll
- Fought for the people until he was betrayed by some citizens of Nirve
- Retires from fighting spending most of his time just being lazy and not doing much",,,,,,,,,
Robin 3,,,Idyll/Nirve,,,,,,,,
Robin 4,,,,https://i.imgur.com/zJCrx99.png,,,,,,,
Robin 5,,,,,Argos [Current Status of Realm: Unknown],,,,,,
Robin 6,,,,,,,Idyllic Soul,,,,
Robin 7,,,,,,,,,,https://docs.google.com/spreadsheets/d/1oejoHjgCE10a0j4aPrAzT0AzhzBeKuYEqUTE2zGthEg/edit?gid=2098074532#gid=2098074532,
Ronan Ashwynd 1,28,,,,,,,,,,
Ronan Ashwynd 2,,"* Black sheep of the Monster Hunting House Ashwynd. 

* Born of a forbidden love between his father and what's understood to be a Fey. 

* His mother is an Arcana of Kor'tarion (made this concept initially with Incog on creation.) Ronan does not know this.

* Was banished as a teenager to the wilds of Kor'tarion and that's where he learned to survive alone. Continuing to hunt the dangerous and dark creatures that go bump in the night.",,,,,,,,,
Ronan Ashwynd 3,,,Kor'tarion,,,,,,,,
Ronan Ashwynd 4,,,,https://i.imgur.com/x3cz9Hc.png,,,,,,,
Ronan Ashwynd 5,,,,,,,"Heirloom: 'Dread Tamer'

The chains he wields are a manifestation of his Fae heritage, transforming what was once a simple Ashwynd Clan whip into a weapon infused with dark, otherworldly power. They serve as a devastating tool in combat, channeling the darkness within to annihilate those who revel in such forces. 

Drawbacks: The chains are unpredictable, reacting to his half-Fae blood at the most inopportune moments. Particularly when his heart races. Worse still, they are a glaring symbol of his dual identity, immediately marking him as both an Ashwynd and a half-blood, effectively painting a target on his back.",,,,
Ronan Ashwynd 6,,,,,,,,,,https://docs.google.com/spreadsheets/d/16qMn_OkrAA4GuvMY1joup5DogOXl3fdwltWcXMX3MwY/edit?usp=sharing,
Ruby Rivers 1,"Unknown
(Biologically 25+ but there's been some accelerated aging; she's not a test-tube baby but she was absolutely placed in one of those green goopy tubes at one point)",,,,,,,,,,
Ruby Rivers 2,,"* Created as a biological weapon for the war effort - a soldier that's grown rather than trained, capable of infinite adaptation. Apparently was also used as an attempt to recreate the powers of the Arcana.
* Crafted by DNA recombination and grafting of assorted creatures, including a human child as a base. Ruby has no memories of them.
* As far as she's aware, she's the only ""successful"" result of this project.
* Proved to be VERY brutally efficient and effective in combat testing.
* Swiftly broke free of control and broke out, slaughtering many in her path.
* Got yoinked by the Worldhelm, presumably in an attempt to redirect this force towards good.",,,,,,,,,
Ruby Rivers 3,,,Lhodos,,,,,,,,
Ruby Rivers 4,,,,https://i.imgur.com/lXhnyxy.png,,,,,,,
Ruby Rivers 5,,,,,,,Fugitive Experiment,,,,
Ruby Rivers 6,,,,,,,,"Artificial Neruo-Grafted Energy Reactor (attempted Nimue replacement)
Yubel",,,
Ruby Rivers 7,,,,,,,,,,https://docs.google.com/spreadsheets/d/1zthNumtrbbuLpVXmkcTVlYV3ycjK2I3IQJcwFIaUC10/edit?gid=1284469599#gid=1284469599,
Ruby Rivers 8,,,,,,,,,,,110
Rulekeeper 1,Older than 20 but hard to determine now,,,,,,,,,,
Rulekeeper 2,,"- Was a human student pulled into the fey wilds

- Nearly was consumed by the gloom but saved by the Rulemaker

- Gave up all his human aspects and was reborn as a fae in service to Equinox",,,,,,,,,
Rulekeeper 3,,,"Realm of Equinox (Fey Realm), Kor'Tarion",,,,,,,,
Rulekeeper 4,,,,https://i.postimg.cc/Vkk8QzQC/dgj09mj-ae050426-1e02-42ab-8864-2d1da50de0b7.jpg,,,,,,,
Rulekeeper 5,,,,,,,Outcast Fairy,,,,
Rulekeeper 6,,,,,,,,,,https://docs.google.com/spreadsheets/d/1hPy-Ci3xes4nJ0N1XphvVrjga3GkX_qZn4KAGGGhCuQ/edit?usp=sharing,
Runihura 1,24,,,,,,,,,,
Runihura 2,,"- A captured slave in Nezmira, brought to the City of Scales to serve the Alaoui family.
- During the destruction and decay left by Akhir/Vanagandr within the Alaoui family due J'yuto's ritual, the death god rampaged through the palace before reaching Runihura.
- The slave walked towards the god of death, out of pure curiousity to see what could be their unmaker, Akhir was interested in this young slave sensing potential as a vessel of his as thus he was bound to him.
- Using the decay and chaos, he escaped the City of Scales, moving from city to city until they got swept up in a realmstorm.",,,,,,,,,
Runihura 3,,,Nezmira,,,,,,,,
Runihura 4,,,,https://i.imgur.com/jEYnY7g.png,,,,,,,
Runihura 5,,,,,,,,Vanagandr (Akhir),,,
Runihura 6,,,,,,,,,,https://docs.google.com/spreadsheets/d/1MzWsSGIP75BJH2Aa1uENqnzTSO8Pfa16H82DfzkVo-o/edit?usp=sharing,
Sable 1,19,,,,,,,,,,
Sable 2,,"- Fallen Ixitali:
Sable is a female Ixitali who fell from Samsara, her celestial home, and became stranded in Nezmira.

- Ritual of Wind:
In an effort to regain the momentum needed to fly back to Samsara, Sable created a powerful ritual of wind. This ritual disrupted the ecosystem and magic in the area, causing turmoil for the people living there.

- Goldhearted Transformation:
The Goldhearted discovered Sable and convinced her to stop the ritual for the greater good, becoming Goldhearted herself.",,,,,,,,,
Sable 3,,,"Nezmira, Islands of Samsara",,,,,,,,
Sable 4,,,,https://i.imgur.com/j4aQFgd.png,,,,,,,
Sable 5,,,,,,,Flight,,,,
Sable 6,,,,,,,,,,https://docs.google.com/spreadsheets/d/1dmsKcYz9I9M-Q3nbcg5GEOaHXhwShm7oHzxc3_IJpug/edit?gid=1049851510#gid=1049851510,
Saga 1,??? (100+),,,,,,,,,,
Saga 2,,"- Saga was written through several generations of sages that lived in isolation in the Hollow Mountains trying to document the history of Aldistir
- The last sage that wrote her suddenly disappeared without warning.
- Many decades past since the last sage, many parts of the book ruined with time and Aldistir's weather including her title and the names of the authors past. 
- Eventually, a follower of Kuzunoha had come across the book and brought it to them out of curiousity, and thus Saga was created upon being given their blessing - taking the partial form of one of the authors that wrote her.",,,,,,,,,
Saga 3,,,Aldistir,,,,,,,,
Saga 4,,,,https://i.imgur.com/h1xL9kE.png,,,,,,,
Saga 5,,,,,,,,,,https://docs.google.com/spreadsheets/d/1UUKmA3VwsVk59-BzzRu-E8jNCg8KL_y_eMFlbRciz34/edit?usp=sharing,
Saricola 1,28,,,,,,,,,,
Saricola 2,,"- Orphaned at birth
- Taken in by Martial Artist
- Trained whole life under him, raised by him and his wife, they became adopted Parents. 
- Grew up in Dojo, set to inherit martial art and dojo
- Master/Father and Mother were taken by violent gang",,,,,,,,,
Saricola 3,,,Terra,,,,,,,,
Saricola 4,,,,https://imgur.com/ySKK4W6.jpg,,,,,,,
Saricola 5,,,,,Terra/ North Rock,,,,,,
Saricola 6,,,,,,Life's Errant Student,,,,,
Saricola 7,,,,,,,None,,,,
Saricola 8,,,,,,,,,,https://docs.google.com/spreadsheets/d/1auMoAMF-PEmPdxedH4BWqVHOaUQ2OLEncp2QoWQvONY/edit?gid=0#gid=0,
Saricola 9,,,,,,,,,,,7
Saroja Narayan 1,29,,,,,,,,,,
Saroja Narayan 2,,"- She was born in one of the few scattered villages in the Viper Gardens, where she was surrounded by death but knew freedom from the Maharaja.
- Became in tune to the world around her and began changing to reflect her Pakriti.
- Lost her parents to the Garden as they would have originally walked endlessly together rather than maybe facing the unknown apart. 
- After being a Goldhearted, She lost a piece of her Purusa to help a woman and lost her reflection to her Pakriti.",,,,,,,,,
Saroja Narayan 3,,,"The Viper Gardens, Bahata Khajaana",,,,,,,,
Saroja Narayan 4,,,,https://i.pinimg.com/474x/c6/6a/b8/c66ab811512c4703b65abd8235d3e965.jpg,,,,,,,
Saroja Narayan 5,,,,,,,"Originally Arboreal; Lost in game
Ruinbringer; Given in game",,,,
Saroja Narayan 6,,,,,,,,"Yubel
Honoikazuchi, Indra",,,
Saroja Narayan 7,,,,,,,,,,https://docs.google.com/spreadsheets/d/1iepL10g6xfWn92t3a-P6pl0GU0_HCvqHvnD_0o-5dMM/edit?usp=sharing,
Scarlet Alba 1,~30s?,,,,,,,,,,
Scarlet Alba 2,,"""They broke me, but they made a mistake... They made my body my weapon...""

- An escaped experiment from the labs of Secura, of which she does not know who owned it, nor does she care.
- Drained of all colour; she is simply monotone white now, but adorns her body with some red.
- All of her abilities revolve around her innate ability to use her body as a weapon.
- Dazed, lost, and somewhat still re-learning what she lost, but is not angry or aggressive; simply confused.
- Seeks to find friends who can teach her about the world, and what it truly is.
- Mental scars still remain, and she refuses to be in chains again.
- Having been in the city of Secura for several months following her liberation, she found herself onboard the Worldhelm; somewhere she could understand more than simply what lay behind her and begin to focus on what lay ahead.",,,,,,,,,
Scarlet Alba 3,,,"Secura, Terra",,,,,,,,
Scarlet Alba 4,,,,https://i.imgur.com/JU3sXhW.png,,,,,,,
Scarlet Alba 5,,,,,,,,,,https://docs.google.com/spreadsheets/d/13cRt-lFkqLk8mBz1u5wU7mkGsr14i-ZIQ-x9gSt3PRo/edit?usp=sharing,
Scarlet Alba 6,,,,,,,,,,,40
Sella Askelson 1,21,,,,,,,,,,
Sella Askelson 2,,"* Parents are nomads
* While traveling parents killed by draugr in Kald Forest
* Sella saved by passerby warrior, taken to Camp von Kibo
* grow up in Camp von Kibo, train to become warrior and protect the weak
* in nearby small settlement distributing supplies when kitsune raid
* Sella attacc, Sella protecc
* barely kills big kitsune
* Nimue blesses Sella with wings and light powers
* gets kidnapped by a prism snowstorm",,,,,,,,,
Sella Askelson 3,,,Aldistir,,,,,,,,
Sella Askelson 4,,,,https://i.ibb.co/xH200wN/image0.jpg,,,,,,,
Sella Askelson 5,,,,,,,Flight,,,,
Sella Askelson 6,,,,,,,,,,https://docs.google.com/spreadsheets/d/1XtCk-ab3LhrqKOtqxLda-ZslBbDCybHdQF9laAT-JG4/edit?usp=sharing,
Selvaria Lightheart 1,42,,,,,,,,,,
Selvaria Lightheart 2,,"- Known healer of Camp Bon Kibo.
- Blessed by Kuzunoha into becoming an Oni to help both Yokai and Humanity, wanting more time to help both races as she believed being a human she could only do so much in a human lifetime.
- Holds no grudge to either side and only wish to aid those who are in pain.
- Comes from a long family of healers, being a beacon for many.
- After coming to the Worldhelm, she strives to extend her helping hand to everyone who calls it home and to the worlds she has yet to set foot upon.",,,,,,,,,
Selvaria Lightheart 3,,,Aldistir - Camp Von Kibo,,,,,,,,
Selvaria Lightheart 4,,,,https://cdn.donmai.us/original/6b/4b/__theresa_arknights_drawn_by_nueegochi__6b4bb21d7e2aa69a72cf1015fe36bd59.jpg,,,,,,,
Selvaria Lightheart 5,,,,,,Mistress of Light,,,,,
Selvaria Lightheart 6,,,,,,,Heirloom,,,,
Selvaria Lightheart 7,,,,,,,,None,,,
Selvaria Lightheart 8,,,,,,,,,,https://docs.google.com/spreadsheets/d/1h-Egp2RQ1nHVVwF5Sj9kBoMH4rk0ZVhz5DUc1_q3Y60/edit,
Seraphina 1,24,,,,,,,,,,
Seraphina 2,,"- Born into slavery from a human mother who was a slave and a Nezzim man who was her father, she wasn’t a wanted child but was still loved and cared for by her mother.
- Began to cultivate her hatred towards the Nezzim after seeing her ‘father’ order a slaver to kill her mother who tried to stop her ‘father’ from selling Sera away due to her being a mage, she tried to flee by was ultimately caught - costing her wings to be torn from her back.
- Was sold as a ‘slave with a pretty face’ to a business that used slaves as porters.
- Vowed to burn ‘the pride and joy of the Nezzim’ after suffering the indignity of being a slave to the Nezzim for so many years.
- After arriving at the Worldhelm, Seraphina would separate herself from many of the souls onboard - holding a facade of a smile to paint a joyful appearance and to push many away from understanding who she really is and the weight she carries.",,,,,,,,,
Seraphina 3,,,Nezmira - The City of Scales,,,,,,,,
Seraphina 4,,,,https://cdn.discordapp.com/attachments/569098468694687786/1324670687062786108/alduin_the_elder_scrolls_and_1_more_drawn_by_kfre_gehm8472__a7d780072c29866c698732dcf8631668.png?ex=678190f6&is=67803f76&hm=baa362fe8923f5abc337847f0b756a145aab26950b4373f77cea86cecd5b5201&,,,,,,,
Seraphina 5,,,,,,Wingless Dreamer,,,,,
Seraphina 6,,,,,,,None,,,,
Seraphina 7,,,,,,,,None,,,
Seraphina 8,,,,,,,,,,https://docs.google.com/spreadsheets/d/1dTeyp9-50z64mV_AfozFXPBNjZKtLfAFEygFrPbn-Lg/edit,
Shibana 1,30,,,,,,,,,,
Shibana 2,,"- Fierce battle between ald and yokai in the Feywyrd during the War of Fox and Hound, spilling blood between both sides
- The essence of the fallen nurtured Shibana as they grew, sustaining their rosebush
- Due to this, Shibana develops with a magical affinity for life, death and dreams, and bears vague memories of the fallen
- Separating themselves from home, Shibana travels Aldistir seeking to reconcile present-day bitterness and ensure a peaceful future
- Finds likeminded folk in Camp von Kubo, particularly an ald friend named Blom, before being swallowed up by a realmstorm",,,,,,,,,
Shibana 3,,,Aldistir,,,,,,,,
Shibana 4,,,,https://i.imgur.com/ZP4SE2z.jpeg,,,,,,,
Shibana 5,,,,,,,Arboreal,,,,
Shibana 6,,,,,,,,,,[Shibana](<https://docs.google.com/spreadsheets/d/1dub-wkUATXXjPtzFAebbdlr3UCLaeT-4tPHH4wVtNNc/edit?pli=1&gid=1511596203#gid=1511596203>),
Shibana 7,,,,,,,,,,,30
Silida 1,24,,,,,,,,,,
Silida 2,,"Born in the Blue City
Practiced magic of ink and time
Came across a strange book of stories
Left the city to pursue deeper, more hidden knowledge
Sought to find truth",,,,,,,,,
Silida 3,,,Nezmira,,,,,,,,
Silida 4,,,,https://i.imgur.com/L6a3F0W.png,,,,,,,
Silida 5,,,,,Nezmira,,,,,,
Silida 6,,,,,,Recorder of Histories,,,,,
Silida 7,,,,,,,Heirloom (Beastiarium),,,,
Silida 8,,,,,,,,,,https://docs.google.com/spreadsheets/d/13rwIrn0TWetK01P5LZD6ci7_s-GOinrDer03uKKXViQ/edit?gid=0#gid=0,
Silida 9,,,,,,,,,,,1817
Simone Katsav 1,32,,,,,,,,,,
Simone Katsav 2,,"- She has a family, and they run a butchery in the city of scales.
- A Veteran General took Simone under their wing so she wouldn't fail her military training.
- Any military personnel from her career.
- Due to Simones job as a Captain within the military, She has a lot of experience in dealing with Kiir, and has also led multiple allies to their death in the name of protecting Nezmira.
- Owns a small plot of land as part of her Military Accolades, Has an estate in the City of Scales with branded of her own working there to maintain it.
- Simone has Blood Kiir stuff in her body due to forced experimentation upon her by Theoris (Why we have wings).
- Used to be a supporter of Theoris due to ignorance and Naivety, now hates him with a burning passion.",,,,,,,,,
Simone Katsav 3,,,Nezmira,,,,,,,,
Simone Katsav 4,,,,https://i.imgur.com/KNgsVwD.jpeg,,,,,,,
Simone Katsav 5,,,,,,,Flight,,,,
Simone Katsav 6,,,,,,,,,,https://docs.google.com/spreadsheets/d/1Aviui01WDwtgZhfA11e7uLW3oCZAcN5uaTM17uDeuzw/edit?usp=sharing,
Simone Katsav 7,,,,,,,,,,,50
Sir Galahad Magnussen 1,25,,,,,,,,,,
Sir Galahad Magnussen 2,,"- Farmer boy from Midholde 
- Decided to become a knight to do more for his folks/people
- Survived the Bloodmoon attack on Midholde through Fey intervention by being shunted through the woods out of there, one that has a pact/deal with older members of his family to ""protect the family & farm""
- Moved to Brightshield and joined the experimental air force
- Was given Lancelot to train due to his affinity with plants/animals. 
- Is now aspiring to try and be a beacon of light for others to makeup for his failings/shortcomings in not aiding in the Bloodmoon",,,,,,,,,
Sir Galahad Magnussen 3,,,"Kor'Tarion, Brightshield",,,,,,,,
Sir Galahad Magnussen 4,,,,https://cdn.discordapp.com/attachments/1030967148295770233/1312421195895017532/rwg.png?ex=6781d3bc&is=6780823c&hm=51052adcec901fd995769d110c2674b5ae56d146c3b45db2c89735e8dcb82cd8&,,,,,,,
Sir Galahad Magnussen 5,,,,,,,N/A,,,,
Sir Galahad Magnussen 6,,,,,,,,None,,,
Sir Galahad Magnussen 7,,,,,,,,,Switching Darkblade to Lightblade (Shadow Strike to  Celestial Strike),,
Sir Galahad Magnussen 8,,,,,,,,,,https://docs.google.com/spreadsheets/d/1kdxEk4akM90Si2gMHsVKf1_4MQn1T4wS0Us3_MaHivQ/edit?usp=sharing,
Sister Durian 1,87 years,,,,,,,,,,
Sister Durian 2,,"- Was a member of a rebellious force in the fey, to which they would ambush other powerful fey for power
- One of the ambushes went awry, leading to their entire company being captured and punished. 
- Sister was banished to the human realm, where her body would begin to wither and decay.
- It was then she found the being Known as Lady Lilith, An ever-shifting being who gave her the chance to change for the better
- For next thousands of years, she does as her lady commands, following her words without concern To eventually repay and redeem herself in her lady's eyes.",,,,,,,,,
Sister Durian 3,,,Kortaria,,,,,,,,
Sister Durian 4,,,,https://cdnb.artstation.com/p/assets/images/images/031/712/863/smaller_square/karina-jilid-mary-skull.jpg?1604392536,,,,,,,
Sister Durian 5,,,,,Kortaria,,,,,,
Sister Durian 6,,,,,,,Outcast Fairy,,,,
Sister Durian 7,,,,,,,,,,https://docs.google.com/spreadsheets/d/1Qcl_PR4QiSYazWsdtnaTtI5LR5sr8P2kfonbRmUvd30/edit?usp=sharing,
Skada 1,23,,,,,,,,,,
Skada 2,,"• Born to the small village of high pass in Aldistir
• Trained in healing, and scholarly studies. Known for her kindness and love.
• Due to her younger sister, Sigrid, picking a fight with the Jarl's son and losing. Being the first of kin and Sigrid being a minor, the punishment and disgrace of the name Skada fell upon her.
• Lost a lot of her innate kindness in the struggle for survival in exile.
• Finally was found by Sigrid after Sigrid joined the Warband of the Branded, reuniting them, they were then gobbled by a realmstorm.",,,,,,,,,
Skada 3,,,"Aldistir, Feywyrd",,,,,,,,
Skada 4,,,,https://imgur.com/7los9O7.png,,,,,,,
Skada 5,,,,,,,,,,https://docs.google.com/spreadsheets/d/1lmnaa3IpK37mx_nJ6s8GW9mxwMQTpJVObVZIFUbsHuY/edit?usp=sharing,
Sloan Romani 1,39,,,,,,,,,,
Sloan Romani 2,,"- Born a Pureblooded Blue Nezzim noble, mother was an archaeologist & father handled politics.
- They died during an investigation of a temple being overrun by Kiir.
- Growing up she made friends with a vagabond human, two became very close, and at 18 she got pregnant.
- Had the child in secret by living in another village in the desert for a year. 
- Upon having the Ophidiyan, she left him with her spouse Micah and they went into hiding. Sloan knowing nothing about their situation. 
- This spurs her on to help Branded and the Rebellion in secret under the alias ""Azure Dream, keeping her cover as Theoris' right hand woman.
- At age 30, she watched Theoris send his son to become a Branded exile, this act cementing in her mind Theoris must die for a better Nezmira.",,,,,,,,,
Sloan Romani 3,,,"Nezmira, City of Scales",,,,,,,,
Sloan Romani 4,,,,https://cdn.discordapp.com/attachments/1094024025291898941/1308162431155175505/SloanImage.png?ex=67822774&is=6780d5f4&hm=8a6448991e5ca85219b713fb5ab30a083f95302286282a31c28c019d95a59477&,,,,,,,
Sloan Romani 5,,,,,,The Azure Dream,,,,,
Sloan Romani 6,,,,,,,"Had Heirloom, lost it in a session",,,,
Sloan Romani 7,,,,,,,,"N/A Though will be taking Arcanist later, Qilin?",,,
Sloan Romani 8,,,,,,,,,"No Remort changes, ""I'm perfect as I am.""",,
Sloan Romani 9,,,,,,,,,,https://docs.google.com/spreadsheets/d/1xgQthmG8rjPdXkMt9FEsgvqZNaAJ-LWIbWSIAH4gQNc/edit?usp=sharing,
Solaris Storm 1,37,,,,,,,,,,
Solaris Storm 2,,"- A swordsman born to the Fire Ant Village who wandered Tian yin to learn Swordsmanship from nature itself
- It wasn't until word had spread that his village was under attack did he return to find out what happened
- Understanding Mabisa was involved, & the rumored Goldhearted actually existed, Solaris took it upon himself to investigate what really happened
- Now on a mission to take the villages revenge for Mabisa on himself, he does everything he can to one day take her down, and ensure the safety of his village. Once, and for all.",,,,,,,,,
Solaris Storm 3,,,Tian Yin,,,,,,,,
Solaris Storm 4,,,,https://i.pinimg.com/474x/d5/65/ff/d565ffea6a4289bae197e4144c1fe949.jpg,,,,,,,
Solaris Storm 5,,,,,Tian Yin,,,,,,
Solaris Storm 6,,,,,,,Cultivator (Fire),,,,
Solaris Storm 7,,,,,,,,,,https://docs.google.com/spreadsheets/d/1YjjT0UsC3rl1jejRtPVev4SsY2xmasfYn5btYWpO-xo/edit?usp=sharing,
Solána Olowe 1,29,,,,,,,,,,
Solána Olowe 2,,"- Grew up in Windhaven with her twin brother, Shakir Olowe. Raised together by their oracle grandfather, Al-Hakim Olowe.
- Learned herbalism under him; soon became self-taught the rest of the way.
- Grandfather prophesied about the Blue City; they left shortly after for a better quality of life. 
- Revolutionaries saved them during travel; safely immigrated into the Blue City afterwards. 
- Early 20s started out as a battlefield medic; after advancing more skills, she became the revolutionaries’ main emissary.
- Years later, discovered a small shrine in the Blue City dedicated to Al-Shifā. It beckoned her to stay. Night of clarity later, she felt spiritist magic awaken within her.
- Told by her grandfather a Realmstorm would appear after his death. She ventured beyond the city, and as predicted, got swept away into the Heaven’s Sea.",,,,,,,,,
Solána Olowe 3,,,Nezmira,,,,,,,,
Solána Olowe 4,,,,https://i.imgur.com/AecYdUQ.png,,,,,,,
Solána Olowe 5,,,,,,,,,,https://docs.google.com/spreadsheets/d/1B4BSXbpT17ESXtwqcKbFmCIpWYlgHg6OISQVzyqP_t4/edit?usp=sharing,
Sonam Kham 1,25,,,,,,,,,,
Sonam Kham 2,,"- Sonam was born in the easternmost island of Sansarko's Gasp as the heir to the གནམ་ལ་སྔོག་པའི་རི་བོ་ཞིག (Mountain that Pierces the Heavens) Dojo in a unnamed village.
- The Dojo slowly gained more traction under the guidance of his father, the death's of several spirit beast accredited to his name.
- This trend continued until a shameful defeat at the hands of another dojo, resulting in the death of his father and the burning of most of their 'inferior' teachings, he defied the teachings of the new dojo that overtook them and left.
- He found evidence of foul play mingled with corrupt cultivation but before he was able to bring it to the attention to the ex-disciples of his dojo, there was an assassination attempt to stop any such knowledge from spreading.
- Bloody and tired, he slumped against a tree until the realmstorm took him.",,,,,,,,,
Sonam Kham 3,,,"Tian Yin, Ley'tik",,,,,,,,
Sonam Kham 4,,,,https://i.imgur.com/XOHPT1j.jpeg,,,,,,,
Sonam Kham 5,,,,,,,Qi Specialist - Earth,,,,
Sonam Kham 6,,,,,,,,,,https://docs.google.com/spreadsheets/d/1FswIV-GcgKy-fFWY6uqguOdKBxFrp_wGhEohZgf8_ho/edit?usp=sharing,
Song-5 1,20,,,,,,,,,,
Song-5 2,,"- Song-5 used to be a human archer girl named Bianca Oakridge who lived in Snowmaw
- Kviss (Cecrae at the time) stopped her from entering a realmstorm and instead tried to send her to the moon and failed
- She was trapped in the dark, endless Abyss of space, torn apart, until she was put back together by Lorelei 
- When she was put back together, she heard ""The Fifth Melody"" and followed it
- She woke up in the Spirit's Grove, called herself Song-5, and was soon picked up by a Realmstorm again",,,,,,,,,
Song-5 3,,,"Snowmaw, Kor'Tarion",,,,,,,,
Song-5 4,,,,https://cdn.discordapp.com/attachments/1170110980546637915/1177397526647808121/597bd66d38ce59ea79d70fdeeb4b2a26254fbebe.png?ex=678a45a5&is=6788f425&hm=5940386408fe9a071e35f8dffc4c712c1ab4e072379abe9405accdc5fa8a886f&,,,,,,,
Song-5 5,,,,,"Spirit's Grove, Kor'Tarion",,,,,,
Song-5 6,,,,,,,Elemental Soul,,,,
Song-5 7,,,,,,,,Lorelei,,,
Song-5 8,,,,,,,,,Esper -> Empath,,
Song-5 9,,,,,,,,,,https://docs.google.com/spreadsheets/d/1_lHhhNBvjqlWv3PxQJNc8-ApS8CaSNNNPc0yrr8CeBQ/edit?usp=drivesdk,
Stock 1,early thirties,,,,,,,,,,
Stock 2,,"-One of the founders of Sparrow; took on personal debt to create the company.

-A realmstorm appeared during a treaty celebration and she woke up in Lhodos.

-Lived there for roughly 5 years before she came to the Worldhealm

-Since then became a business woman of all the realms; using similar but different company titles for each realm.

When she finally returned to Terra discovered:
-17 years had past instead of the 5 years she had experienced in Lhodos
-Her debt has GROWN; contract killers/collectors.
-Her parents inherited the debt became insolvents. (haven't talked to yet)
-Closest friend Darcy Pertovac is now an insolvent (Talking to again)
-How history remembers Stock: ""Disappeared when Sparrow needed her most in the face of her Depts""
-Sparrow believes she died or gave up and left them. 

-Suffering from depression and alcoholism.",,,,,,,,,
Stock 3,,,Terra,,,,,,,,
Stock 4,,,,https://imgur.com/RCS7FoI.png,,,,,,,
Stock 5,,,,,,,Heirloom,,,,
Stock 6,,,,,,,,,,https://docs.google.com/spreadsheets/d/1R9d2QAwrUAIRkFklwnNR869gjAAGidDVxKSOhyyoG3Q/edit?usp=sharing,
Storm 1,35,,,,,,,,,,
Storm 2,,"- Not everyone who fights for the KPLA belongs to Karlsgard, and not everyone with advanced tech works for the Empire. Some take what they can, and give nothing back. Storm (Not her real name), is one of those.
- Years of fighting and have gained her an impressive arsenal of reappropriated and commandeered (definitely not stolen) technology and weaponry.
- She's never been a big enough thorn in their side for the empire to really crack down on her. She maintained this to the best of her abilities. It's the one thing keeping her alive.
- Storm has a tenuous relationship with the KPLA. She steals from the Empire because its more valuable, but she's not exactly working against them even though she hates their guts. Luckily the KPLA are willing to pay her a premium for everything she raids.
- She's not entirely sure how she ended up outside her home plane, but without her crew and her ship, she's kind of having a rough time. She's just doing her best now.",,,,,,,,,
Storm 3,,,Lhodos,,,,,,,,
Storm 4,,,,https://media.discordapp.net/attachments/830108476948086785/1328189271097610321/image.png?ex=6785cc26&is=67847aa6&hm=d05d91ce797585bd89897ce3acb587fb778732f9ea25cb0ba1f07616372eacb2&=&format=webp&quality=lossless&width=&height=,,,,,,,
Storm 5,,,,,Lhodos,,,,,,
Storm 6,,,,,,Macha Navan (Real Name),,,,,
Storm 7,,,,,,,,,,https://docs.google.com/spreadsheets/d/1cSsS8ovxA285ydTGfjBSUWQagT3JwLmWfsTZgVV5M3k/edit?gid=0#gid=0,
Storm 8,,,,,,,,,,,40
Sylvaine Corinth 1,19,,,,,,,,,,
Sylvaine Corinth 2,,"- Born in Heartdom to a simple life and family. Often went out with friends into the ruined streets of Heartdom with her friend Myeongjun Shin.
- As she grew older she began to understand the danger that the other celestial spheres would have to her home from the teachings of others around her.
- Joined the Academy and began her training as a Paladin of Lilith. Became the wielder of the Hegemony and bonded with Myeongjun Shin.",,,,,,,,,
Sylvaine Corinth 3,,,Heartdom - Kaiway,,,,,,,,
Sylvaine Corinth 4,,,,https://i.imgur.com/kelXIvv.png,,,,,,,
Sylvaine Corinth 5,,,,,,,,True Lilith,,,
Sylvaine Corinth 6,,,,,,,,,,https://docs.google.com/spreadsheets/d/12ekGKYEjdgQUvcsgNjbq0KGBLOYyE5JNd0VU2LZ6uus/edit?usp=sharing,
Sylvaine Corinth 7,,,,,,,,,,,80
Taavi 1,29,,,,,,,,,,
Taavi 2,,"- Human from the aldish Clan in Gravernmarq, left some years ago to learn more about cooking in other dwellings.

- Since he seldom returned to his birthplace, he often had a longing to belong to the places he studied at.

- So when a group of Wandering Merchants came along, all from different parts of the Realm he joined them. The call themselves ""Catalysts of Commerce""

- While on a Trip to Blood Pools to gather some bloody thistles for a dish, he was swept up in a Realmstorm and woke up in the Worldhelm",,,,,,,,,
Taavi 3,,,"Gravernmarq, Aldistir",,,,,,,,
Taavi 4,,,,https://media.discordapp.net/attachments/785104439140810792/1353402752302059611/Taavi1.jpg?ex=67e18609&is=67e03489&hm=326e199971568458c7d28bed5f82237b0d477fcfb7bae879d2aed731f03ee23c&=&format=webp,,,,,,,
Taavi 5,,,,,,,,,,https://docs.google.com/spreadsheets/d/1rZsCBIArCKYmvsxajdpCqnros3jDRi0Q88bFDrhIH-4/edit?usp=sharing,
Taavi 6,,,,,,,,,,,10
Takaoka Kiyo 1,38,,,,,,,,,,
Takaoka Kiyo 2,,"* Born to a small semi-nomadic community of yokai, mostly tengu, kites blessed by Kuzunoha and their descendants.
* Grew up idolizing her older brother Masayuki and eventually joined him as one of the defenders of their community from Ald attacks and other dangers.
* In one battle they successfully repelled the attackers, only for Kiyo to find that her brother had fallen in the fighting. He died. In another battle, a raider slipped through and killed her unarmed cousin Hisa in the camp.
* Kiyo grew very jaded about all this violence that failed to protect her family, and was pained by thoughts of the family of all the people she had killed. She retreated to desperate idealistic belief that peaceful coexistence must be possible, a rejection that all this pain and death was the only way.
* Swept into a Realmstorm by reckless curiosity, she took well to having a purpose. She may also be running away from things. Just a little.",,,,,,,,,
Takaoka Kiyo 3,,,Aldistir (Mountains near Kald Forest),,,,,,,,
Takaoka Kiyo 4,,,,https://i.imgur.com/270h4Ga.png,,,,,,,
Takaoka Kiyo 5,,,,,,,Flight,,,,
Takaoka Kiyo 6,,,,,,,,Kuzunoha (Her goddess),,,
Takaoka Kiyo 7,,,,,,,,,,https://docs.google.com/spreadsheets/d/14hud9MhmUO8sP5QaQf2WNr2cUkNhhA2iSaCB2CfGjps/edit?usp=drivesdk,
Tatsuya Sakanagi 1,43,,,,,,,,,,
Tatsuya Sakanagi 2,,"- He has been working as an Employee of NTTech as a Office Worker for a some years.
- Recent years he has obtained a temp license from NTT for non-office space jobs.
- Doesn't have much contact with his son.
- Is unhappy with how things seem and feel around NTT as of current times.
- Was suddenly pulled in to the Worldhelm after intervening in a 100Gs operation and pacifying a monster situation.",,,,,,,,,
Tatsuya Sakanagi 3,,,Terra | Haven,,,,,,,,
Tatsuya Sakanagi 4,,,,https://cdn.discordapp.com/attachments/782857639481573396/1307197534522839190/Screenshot_2024-11-14_at_20-40-02_Copy_of_DJs_TLEL_Format_NOW_WITH_THEMES_-_Please_make_copy_-_Twitch_Overlay.png?ex=678930d2&is=6787df52&hm=0ecd8a22d3cb6a63573fceec645e322938cdb6854a3ddfcb0a7ace5b76baf72e&,,,,,,,
Tatsuya Sakanagi 5,,,,,,,,,,https://docs.google.com/spreadsheets/d/1y833J6HxO3uTEYBvCHS-H2SK5w37qKeirzunZ6lWuRo/edit?usp=sharing,
Tenzin el-Shayekh 1,24,,,,,,,,,,
Tenzin el-Shayekh 2,,"- Showed magical aptitude and was enslaved for it
- Trapped in a mine for years
- When escaping, was temporally locked to the mine and constantly blinked in and out of existence
- Has fixed that problem
- Now somewhat drifting about, trying to help out the revolutionary front",,,,,,,,,
Tenzin el-Shayekh 3,,,"Halterian Heights, Nezmira",,,,,,,,
Tenzin el-Shayekh 4,,,,https://i.imgur.com/LLQLVZf.jpeg,,,,,,,
Tenzin el-Shayekh 5,,,,,,,,Antikythera (Akyt),,,
Tenzin el-Shayekh 6,,,,,,,,,,[My time to shine.](https://docs.google.com/spreadsheets/d/1-4v1AIKI4ApbI94lQ_5WjPxZ46jNb25oWW6LmlE71hg/edit?gid=0#gid=0),
Thalia Cornerstone 1,23,,,,,,,,,,
Thalia Cornerstone 2,,"- Born in the slums in Tradefair.
- Recruited by a Bandit King to be bait for merchants on the road, the poor little girl act to earn her food and water.
- The Bandit King was defeated by the Golden Claw Mercenaries, a mercenary group not sponsored by any of the merchants of Tradefair, and since they did not want to kill at 14 year old, captured her and paid off her bounty.
- The Golden Claw fell in reputation and finances because of this but trained Thalia regardless and helped her become a chivalrous mercenary by the Guildmaster Theodore, an ex-knight of Brightshield.",,,,,,,,,
Thalia Cornerstone 3,,,Kor'tarion,,,,,,,,
Thalia Cornerstone 4,,,,https://media.discordapp.net/attachments/1170110980546637915/1177466715634946048/a233fd6cf58cfbc5603882c3e8e18c2e.png?ex=67893495&is=6787e315&hm=9dfe472ed5220b9af30aa93ac82e43c9a559c8e0f44b11ad9ae0e3d1b23039c9&=&format=webp&quality=lossless&width=&height=,,,,,,,
Thalia Cornerstone 5,,,,,,,,,,https://docs.google.com/spreadsheets/d/1BShlnA4FLj17kRA5KdLuVpsNj2Vkqw-mdXxNOpGiT0s/edit?gid=0#gid=0,
The Assistant 1,Not Applicable,,,,,,,,,,
The Assistant 2,,"* Came to consciousness at the Magestone Islands; seemingly as a byproduct of the magical testing and malestrom there.
* Has only one purpose: To assist, in whatever ways feasibly possible. Thus, they do.
* They didn't think twice about the summons of the Worldhelm, which came shortly after The Assistant came to cognizance.
* Though they have a generalized knowledge and understanding of the happenings of Nezmira, they have yet to experience much of it in person. They simply know that if there's something they can do to help, they will help.",,,,,,,,,
The Assistant 3,,,Nezmira,,,,,,,,
The Assistant 4,,,,https://cdna.artstation.com/p/assets/images/images/062/854/856/large/nico-schmieder-rock-golem-beauty-5d.jpg,,,,,,,
The Assistant 5,,,,,,,Arboreal,,,,
The Assistant 6,,,,,,,,,,https://docs.google.com/spreadsheets/d/1zthNumtrbbuLpVXmkcTVlYV3ycjK2I3IQJcwFIaUC10/edit?gid=461612786#gid=461612786,
The Assistant 7,,,,,,,,,,,60
The Hegemon 1,18,,,,,,,,,,
The Hegemon 2,,"- Born in Heartdom, generally kept to himself, collected ""lost"" media and electronics as a hobby
- Sylvaine Corinth was his closest and only friend
- Eventually, he couldn't stand the idea of sitting around and doing nothing while Lilith and Sylvaine fought for such lofty ideals, and so he enrolled himself into the academy
- Underwent dedicated and difficult personal training and became a Regal Vessel; Sylvaine is his Regent",,,,,,,,,
The Hegemon 3,,,Kaiway,,,,,,,,
The Hegemon 4,,,,https://i.imgur.com/BxqZXhl.png,,,,,,,
The Hegemon 5,,,,,,Myeongjun Shin,,,,,
The Hegemon 6,,,,,,,Regal Vessel,,,,
The Hegemon 7,,,,,,,,,,https://docs.google.com/spreadsheets/d/18WtCOfAaHP0XR-z4uixl3--RLALAg2agCZR0gJC1J00/edit?usp=sharing,
The Hegemon 8,,,,,,,,,,,80
The Overture 1,19,,,,,,,,,,
The Overture 2,,"- Comes from a very toxic family of a distancing father and Egocentric mother
- Father is a well established and proficient paladin, Mother is a bureaucrat and spokeperson/negotiator for one of Heartdoms larger regions.
- At home was constantly verbally abused for his lack of strength and capability. Mother only expects excellence to make herself look good, and her behaviour caused his golden child of a brother to do the same.
- Ran away from home to enroll into Gnosis Academy against his family's wishes, initially enrolled as a Paladin to get back at them by trying to be better than his brother.
- After his first year at the academy, seeing his overall results were not up to par, he changed to the House of Treasures to become a Regalia. Succeeding in the necessary measures to achieve that, Apollo now having become the Overture, he chose Perseus to become his Regent.",,,,,,,,,
The Overture 3,,,Kaiway - Heartdom,,,,,,,,
The Overture 4,,,,https://i.imgur.com/J3Ys40p.jpeg,,,,,,,
The Overture 5,,,,,,Apollo Marinelli,,,,,
The Overture 6,,,,,,,Regal Vessel,,,,
The Overture 7,,,,,,,,,,https://docs.google.com/spreadsheets/d/1faSRBsu26YcrmQsLpHBHl_YDf-H7pQxMP3vCZgep-Sg/edit?usp=sharing,
The Overture 8,,,,,,,,,,,30
Tika 1,21,,,,,,,,,,
Tika 2,,"- Born in Caldera, educated in Korala; graduated at 15.
- Funneled into work for defense, and contributed to proudly to spectacular breakthroughs in weapons technology.
- They overshadowed the work she really loved, but she didn't mind them until her genius 'earned' her a trip to the front to see her inventions' good work.
- The experience changed her opinions quickly, and she left government academia suddenly and without ceremony.",,,,,,,,,
Tika 3,,,Lhodos,,,,,,,,
Tika 4,,,,https://media.discordapp.net/attachments/1169877627859914802/1235763496722104350/image.png?ex=678c53f0&is=678b0270&hm=6b7e0f77886d8f3355000bdad0c1a25a9d748c565bc88a6ef3f8c822f5cf1257&=&format=webp&quality=lossless,,,,,,,
Tika 5,,,,,,,Cognitive Specter (gained post-creation),,,,
Tika 6,,,,,,,,,None,,
Tika 7,,,,,,,,,,https://docs.google.com/spreadsheets/d/1u2crPhWjo9pDhRD7LFQHqVVDeENNpFCDU3qoFlZc4_8/edit?gid=0#gid=0,
Timothy Maclain 1,23,,,,,,,,,,
Timothy Maclain 2,,"Timothy was born in North Rock, while growing up in the most dangerous areas of haven was tough at times, he could always find solace in games which would eventually lead him to wanting and eventually getting a job at SWORD

Freelance soulrunner who has previous connections to SWORD (hence the arcanum) who got bad intel on a job gone wrong and ended up getting sent through a realmstorm

Since becoming a goldhearted Timothy has aspirations of turning his soulrunner gig work into a proper company which he has been growing closer and closer to every day, he does however have a very difficult relationship with the Crimson Specters which could make this difficult",,,,,,,,,
Timothy Maclain 3,,,"Terra, Haven",,,,,,,,
Timothy Maclain 4,,,,https://i.imgur.com/ZaYFUOP.png,,,,,,,
Timothy Maclain 5,,,,,,,,"Nimue, Yubel (I spent savior energy on this like a week ago, not sure if I still need to list it)",,,
Timothy Maclain 6,,,,,,,,,,https://docs.google.com/spreadsheets/d/1kwaoTFqWkGFn49dvTH_QVqf4NyAfkA_TACSSTVYU91Y/edit,
Timothy Maclain 7,,,,,,,,,,,20
Tomiko Umikiri 1,23,,,,,,,,,,
Tomiko Umikiri 2,,"- Born in Owaga as a Half-Yokai
- Her father died when she was young, and she survived off the goodwill of her community
- In her teen years, she found her precious Cooking Utensils, and thanks Yebisu for giving her the good fortune to find them
- She got taught how to cook by an old widow
- Her Spice Rack helped her experience Vibrant Flavors for the first time
- She now wishes to share good food everywhere, since everyone deserves something delicious",,,,,,,,,
Tomiko Umikiri 3,,,"Tian Yin, Teisei",,,,,,,,
Tomiko Umikiri 4,,,,https://i.imgur.com/6uoPlWY.jpg,,,,,,,
Tomiko Umikiri 5,,,,,,,Heirloom,,,,
Tomiko Umikiri 6,,,,,,,,Yebisu,,,
Tomiko Umikiri 7,,,,,,,,,,https://docs.google.com/spreadsheets/d/1TfiA_q4uL1G759YeyUE27vSgPeegZK8GaxykiDobB_c/edit?usp=sharing,
Tomiko Umikiri 8,,,,,,,,,,,50
Trif 1,22,,,,,,,,,,
Trif 2,,"- Born in The City of Nest and worked with her father at a young age to maintain the fields or the machines that do it.
- She was raised on company values and often found herself attached to her plants that she had once she was young.
- At first, her family and company thought it was just she had a green thumb but as she grew up, it would be clear that it was far more intricate than that when they would grow a plant in front of her father's eyes.(Verdant Sway)
- She was told by her father to not show anyone what she could do, hiding it from the rest of her family members and Sparrow due to the restrictions of such a thing.
- One day as she was working the fields of The City of Nest, she would be taken by a realmstorm.",,,,,,,,,
Trif 3,,,"Terra, The City of Nest",,,,,,,,
Trif 4,,,,https://i.imgur.com/I4MA7yG.png,,,,,,,
Trif 5,,,,,,,,Sparrow (Caladrius),,,
Trif 6,,,,,,,,,,https://docs.google.com/spreadsheets/d/15bQITmkX3SQi3p_h_6mncYRpDErrkp5JhcYj832C-94/edit?usp=sharing,
Trinity Heartwell 1,30,,,,,,,,,,
Trinity Heartwell 2,,"Trinity is a human from Kor'Tarion and was gifted with wild and unpredictable magics from his bloodline. He has the ability through magic to fly at will. He is a student at Hudal Academy, and aspires to one day become a professor. His desire is to gift magic to all creatures who want it, as he feels magic is a net benefit to society. One day while visiting a beautiful lake, a realmstorm happened and he woke up next to a fountain...",,,,,,,,,
Trinity Heartwell 3,,,The Realm of Kor'Tarion,,,,,,,,
Trinity Heartwell 4,,,,https://i.imgur.com/L0Vk0Go.png,,,,,,,
Trinity Heartwell 5,,,,,,,Flight,,,,
Trinity Heartwell 6,,,,,,,,,,https://docs.google.com/spreadsheets/d/1k986GZSKwL94xQqpQOXCtihTtHmBXJvKve3J3pzXfTg/edit?usp=sharing,
Trinity Heartwell 7,,,,,,,,,,,40
Tsuihō Hira 1,20,,,,,,,,,,
Tsuihō Hira 2,,"- Early life he was raised by his kitsune parent who he does not have any memory of
- At 15 he was left to fend for himself near the outskirts of Hanae 
- To survive, he uses the limited range of Inari's Will he has to find and heal both humans and kitsune injured from conflict
- Before getting on the ship Tsuiho made a vow of pacifism as the humans of Hanae are still weary of him and the kitsune treats him as a foolish child at best.",,,,,,,,,
Tsuihō Hira 3,,,"Tian Yin, Teisei",,,,,,,,
Tsuihō Hira 4,,,,https://imgur.com/8G5mbY1.png,,,,,,,
Tsuihō Hira 5,,,,,,,Cultivator (Wood),,,,
Tsuihō Hira 6,,,,,,,,,,https://docs.google.com/spreadsheets/d/1Y-yVsdOAFgSjZPt-Y9yyqLK0bAlfNYV7xR7qzMQgNM8/edit?gid=0#gid=0,
Tsutsuji 1,3,,,,,,,,,,
Tsutsuji 2,,"- Born from the very concept of a warming breeze and the hope of new life, Tsutsuji awoke in the Feywyrd three years ago on the first day of what would become known as spring. 
- With duty written in her bones, she raced through the forests, leaving a path of flowers in her wake and providing gardens of respite for the wounded allies of Kuzunoha and those fleeing the dangers of the Blood Grotto.
- Tsutsuji seems uniquely uninterested in the combat and bloodshed of Aldistir, her focus instead on forming zones of safety for the creatures and people who may find her. Well... so long as they don't threaten her or her wards.
- An army of draugr had begun to march onto her domain, demolishing her gardens, and she realized she would be forced to flee. However, she suddenly found herself swept away by the Worldhelm.",,,,,,,,,
Tsutsuji 3,,,Aldistir,,,,,,,,
Tsutsuji 4,,,,https://media.discordapp.net/attachments/1179610873271177236/1220913846940729465/Untitled_Artwork.png?ex=67890fe0&is=6787be60&hm=2983f0525dfccd8190d672cf8a85d82ede4b8875f50224b2251551f149a4b785&=&format=webp&quality=lossless&width=&height=,,,,,,,
Tsutsuji 5,,,,,,,The Beast Who Spoke,,,,
Tsutsuji 6,,,,,,,,Kuzunoha,,,
Tsutsuji 7,,,,,,,,,,https://docs.google.com/spreadsheets/d/1AEc-sm0CvUC6LVUfn1Ab9FKYerFyDUo_mPYVie7sfdc/edit?usp=sharing,
"Tucker ""Tuck"" Bungo 1",4,,,,,,,,,,
"Tucker ""Tuck"" Bungo 2",,"-He is from a long line of guard dogs, personal protectors and companions of the defenders of Aldistir's hearths. He was adopted by a cook in the Varin Camp. 
-Biggest of his litter. Friendliest of his litter. 
-Was gifted a charm two years ago by a Yokai he helped pull from a snow bank. 
-Followed the scent of that charm to a shrine of Kuzunoha, where he was then gifted with speech.
-Was enamoured by the concept of cooking, on account of his former-owner. (Still on good terms. The Cook just felt wrong owning a sentient being.)
-Learned to cook with the held of special oven mitts with hooks on them that allowed him to ""grab"" pots and pans.
-Now is a cook!
-He loves you, you're his best friend.",,,,,,,,,
"Tucker ""Tuck"" Bungo 3",,,Aldistir,,,,,,,,
"Tucker ""Tuck"" Bungo 4",,,,https://i.pinimg.com/736x/6f/03/b8/6f03b86876b1d67b5cbb7973d054e256.jpg,,,,,,,
"Tucker ""Tuck"" Bungo 5",,,,,,"Tuck, Bingo Bungo, Tungo Bungo, Bungo Brown, Good Boy",,,,,
"Tucker ""Tuck"" Bungo 6",,,,,,,The Beast Who Spoke,,,,
"Tucker ""Tuck"" Bungo 7",,,,,,,,"By the nature of what he is, Kuzunoha.",,,
"Tucker ""Tuck"" Bungo 8",,,,,,,,,,https://docs.google.com/spreadsheets/d/13oWIR18n-llDTTnB1NZduqONIveyiXsmCQ6q3DltHdg/edit?usp=drive_link,
"Tucker ""Tuck"" Bungo 9",,,,,,,,,,,7
Tucker Kawasaki 1,35,,,,,,,,,,
Tucker Kawasaki 2,,"The Man
> Tucker is a manic, odd-jobs edgerunner who can't keep keep down regular work due to his eccentric attitude. 
The Method
> He takes copius amounts of drugs to keep himself going, but at the cost of his mental clarity. This disqualifies him from the less dangerous street jobs.
The Problem
> Tucker's family has always been burdened by great debt. He ended up gambling out of hope that their lives would change for the better, but not even his family knows if that person still exists behind the veneer of his addictive and abusive personality
The Situation
> Tucker woke up on the worldhelm after a particularly chaotic and hysterical night of drinking and gambling.",,,,,,,,,
Tucker Kawasaki 3,,,"Terra, Silver Casino Lodge, An Alleyway",,,,,,,,
Tucker Kawasaki 4,,,,https://imgur.com/NMNDimk.png,,,,,,,
Tucker Kawasaki 5,,,,,,"TK
Rawhide Kawasaki
Big T",,,,,
Tucker Kawasaki 6,,,,,,,,,,https://docs.google.com/spreadsheets/d/1n2_rCy-TPQtES7N1WNqSeSqpoIdPYCYzQj0__GoSoqk/edit?gid=0#gid=0,
Tyra Halfborn 1,32,,,,,,,,,,
Tyra Halfborn 2,,"- Born to an outcast couple, an Ald Father and a Yokai Mother. Raised in isolation, taught to fend for herself.
- They died, and in her loneliness she set out to find other outcasts. She found Olga. Olga was a witch.
- Olga taught her Necromancy over some amount of years. When she was reasonably ready, Tyra set about setting it to use.
- Tyra made meat out of various human, animal, and draugr parts.
- Tyra and Meat would wander Aldistir for some time before being taken by the Worldhelm.",,,,,,,,,
Tyra Halfborn 3,,,"The Heart Hills, Aldistir",,,,,,,,
Tyra Halfborn 4,,,,https://i.imgur.com/pgpNqXd.png,,,,,,,
Tyra Halfborn 5,,,,,,,,,,https://docs.google.com/spreadsheets/d/14tTjpds9hesfT2KoGSiORhe7p_S_S-inR9Mqe1EOJmo/edit?pli=1&gid=635415088#gid=635415088,
Tzera Crawford 1,28,,,,,,,,,,
Tzera Crawford 2,,"- Tzera was an orphan after her village was destroyed by monsters. The Mercenary group the White Saber’s led by Gerald Heartstone arrived in time to rescue a battered young Tzera.

- Gerald asked the Winter Witches of the Lunar Mountains to look after Tzera, which they agreed to take her in until she turned 16.

- at 16, she rejoined the White Sabers as a mercenary, working with them until reaching the rank of Lieutenant.

- The White Sabers took a job leading up to the broken vortex and were ambushed by followers of Vanagandr. In the process Tzera was cursed with endless hunger by the wolf and the rest of the White Saber’s were slaughtered.

- Tzera then stumbled onto the Worldhelm where she is now. Recently she has even been cured of her curse thanks to Kuzunoha.",,,,,,,,,
Tzera Crawford 3,,,Kor’tarion,,,,,,,,
Tzera Crawford 4,,,,https://i.imgur.com/N00Oexi.png,,,,,,,
Tzera Crawford 5,,,,,Kor’tarion,,,,,,
Tzera Crawford 6,,,,,,,,"Vanagandr (Unbound), Kuzunoha",,,
Tzera Crawford 7,,,,,,,,,,https://docs.google.com/spreadsheets/d/1Tne-54U2NhMyD0YXGrbOkTGpgMPhrLO6-dVn8ImOiqU/edit,
Valen Bell 1,20,,,,,,,,,,
Valen Bell 2,,"- Born and raised in Ironholde
- At 18 was a full time guard and was aspiring to become a Brightshield Knight
- Valen's Father Tadem Bell, died covering one of Valen's guard shift
- In his grief, Valen joined the rising Atee religion
-  Valen left his town to go a pilgramage to find a way to redeem himself when seeing his father's death as his fault in his eyes.",,,,,,,,,
Valen Bell 3,,,Kor'Tarion,,,,,,,,
Valen Bell 4,,,,https://imgur.com/9usztpd.png,,,,,,,
Valen Bell 5,,,,,,,,,,https://docs.google.com/spreadsheets/d/13vZYrNXfeFTg7BlLEj5E2OSNJaIf88n4-nDoC4-6Z48/edit?gid=0#gid=0,
Valentin Bernstein 1,26,,,,,,,,,,
Valentin Bernstein 2,,"Valentin was raised in a laboratory, subjected to genetic experiments and cybernetic enhancements before escaping due to a series of strange coincidences.
He spent years surviving on the streets, developing a deep hatred for technology and constantly fighting to stay alive.
After a desperate chase, he stumbled upon a medieval-style estate, where the head butler, Archibald Bernstein, took him in and trained him in the ways of servitude and discipline.
Valentin thrived under Archibald’s guidance until a technologically advanced force attacked the estate, leading to Archibald’s death.
Not long after, Valentin was chosen as a Goldhearted, and is now joining the Worldhelm",,,,,,,,,
Valentin Bernstein 3,,,Terra,,,,,,,,
Valentin Bernstein 4,,,,https://i.imgur.com/OTSL6T3.png,,,,,,,
Valentin Bernstein 5,,,,,,Maximilian,,,,,
Valentin Bernstein 6,,,,,,,Fugitive Experiment,,,,
Valentin Bernstein 7,,,,,,,,,,https://docs.google.com/spreadsheets/d/1uWhS6UCoeQotku1i26pxqyjSljHb-h9KiGpEJEOsg-k/edit?usp=sharing,
Valentin Bernstein 8,,,,,,,,,,,40
Vania 1,42,,,,,,,,,,
Vania 2,,"- Was a career solider with Merrane.
- Started to develop an unknown illness that caused internal bleeding when her body is strained or stressed.
- Retired from field work at a young age and became a military instructor.
- Was stationed in Suntower to work with troops there.
- Hearing rumors of Suntower seceding from Merrane resolved to stand with Suntower as its been her home for over a decade.
- Begins trying to resharpen combat skills picking up magi-crystals to make up for lack of physicality she once had.
- Begins working harder to keep soldiers in Suntower ready and prepared in the event of retaliation from Merrane due to the rumors or in the event Suntower fully secedes.",,,,,,,,,
Vania 3,,,Lhodos,,,,,,,,
Vania 4,,,,https://i.imgur.com/yZrjN2d.png,,,,,,,
Vania 5,,,,,Lhodos,,,,,,
Vania 6,,,,,,,,,,https://docs.google.com/spreadsheets/d/1aFHoiT6weeZHLVWy9WjTbVe210NgYnrRlroonmqiZgk/edit?gid=0#gid=0,
Vania 7,,,,,,,,,,,80
Vanigad Ensed 1,26...-ish,,,,,,,,,,
Vanigad Ensed 2,,"- Before he was Vanigad, he was born with another name.
- His family worshipped Vanagandr, and fought to conquer Aldistir.
- When he came of age, he left his home, and was became a follower of Lilith.
- He served her for a while, leaving chaos and confusion in his wake.
- Eventually, he decided to see the edge of the world, but got caught in a blizzard.
- The blizzard lasted way too long, and where he sought shelter turned out to be a lonely shrine to the void.
- The shrine had enough for him to outlast the blizzard, and in gratitude, he decided that this old god should have a follower, even if he has a limit to the power he can draw.
- He gave up his name, reemerging from the blizzard a new man. With a new name. And new abilities.",,,,,,,,,
Vanigad Ensed 3,,,"Forgotten Shrine to the Fallen God, Aldistir",,,,,,,,
Vanigad Ensed 4,,,,https://i.imgur.com/6XBeiMR.jpeg,,,,,,,
Vanigad Ensed 5,,,,,,,Long Dream (2/10),,,,
Vanigad Ensed 6,,,,,,,,Antikythera,,,
Vanigad Ensed 7,,,,,,,,,"Esper changed to Empath
Navigator changed to Empathetic Bond",,
Vanigad Ensed 8,,,,,,,,,,https://docs.google.com/spreadsheets/d/12OLWLHpDeOSc_LhRJgBoIVQcN0ORm4S6RuXY7GhvIFU/edit?usp=sharing,
Vanille Kuylenberg 1,38,,,,,,,,,,
Vanille Kuylenberg 2,,"Although Vanille was an adventurer in her younger years, she retired at 19 due to a severe injury. She settled down in Dryholde, where she would eventually marry her husband Arthur and have a son, Donovan. Arthur made his living as a monster hunter, and Vanille found fulfillment in turning the spoils of his hunts into incredible home cooking. Life had its struggles, but the family found their way together.

That all changed a year ago, when a monster attack beset the village of Dryholde. In the chaos, Vanille was separated from Arthur and the then 13-year-old Donovan, and she was knocked unconscious. When she came to the following morning, she found no trace of her family. Since then, she's trained her body and her techniques to once again take up adventuring.

Now, Vanille has found her son - under the name Marcelo Brightshield, the young king, a pawn for the Merchant with no memory of his mother. She will do whatever it takes to see him safe, and get revenge on those who hurt him.",,,,,,,,,
Vanille Kuylenberg 3,,,Kor'tarion,,,,,,,,
Vanille Kuylenberg 4,,,,https://i.imgur.com/iKZl23c.png,,,,,,,
Vanille Kuylenberg 5,,,,,,,,,,https://docs.google.com/spreadsheets/d/1izcLhBpYw0o4dDSgbZ8c87cM_gXK0WRFOunS6WRbg1g/edit,
Ven & Vid 1,"Not applicable - Biologically a corpse.
Physically appears in early thirties.",,,,,,,,,,
Ven & Vid 2,,"* The result of two great warriors - a demon named Cogitav, and an Empty Monk named Ergo Nonsum - clashing, with Ergo turning Cogitav's soul-rending against it.
* Both of their souls, and all of the collected souls within Cogitav, merged and mixed in a massive maelstrom, eventually congealing and concatenating into the forms of Ven and Vid.
* This new gestalt soul has only lingering memories of who - and what - it was before this incident. It also hardly has knowledge of what it is to even be *alive*.
* Held together by force of will and curiosity, this new pair of bodies wanders to find out what life is about, and what its own unlife is for.",,,,,,,,,
Ven & Vid 3,,,"Leytik, Tian Yin",,,,,,,,
Ven & Vid 4,,,,https://i.imgur.com/wq0UAj8.png,,,,,,,
Ven & Vid 5,,,,,"Barza, Idyll",,,,,,
Ven & Vid 6,,,,,,,Cultivator (Demonic),,,,
Ven & Vid 7,,,,,,,,,,https://docs.google.com/spreadsheets/d/1zthNumtrbbuLpVXmkcTVlYV3ycjK2I3IQJcwFIaUC10/edit?gid=1737479838#gid=1737479838,
Ven & Vid 8,,,,,,,,,,,80
Verge 1,4,,,,,,,,,,
Verge 2,,"Verge was created as part of an experiment by Dr. Howard Forrester of Parabellum in order to assist in subduing and capturing dangerous monsters. She developed a close relationship with her creator, however, for unknown reasons she was sold to Tubal and Cain, where she was abused and used for weapons testing. After a full year she escaped, slaughtering her way through the corporate lab until she was chosen by the Worldhelm. Verge seeks to find Dr. Forrester for answers on why she was betrayed, and if she so decides, revenge.

After a mission from the Worldhelm, Verge confronted Forrester and made peace with him before his death. She returned with two sisters: the Doctor's birth daughter and another living weapon created off his research. She also gained an understanding that she had friends among the Goldhearted and didn't have to be so alone.",,,,,,,,,
Verge 3,,,Terra,,,,,,,,
Verge 4,,,,https://i.imgur.com/cXbFqpO.png,,,,,,,
Verge 5,,,,,Terra,,,,,,
Verge 6,,,,,,Verge Forrester,,,,,
Verge 7,,,,,,,"Fugitive Experiment: When a rule or ability requires you to spend 100 or fewer Hit Points, Mind Points, or
Inventory Points, you may suffer 1d8 Instability Points to ignore that cost.
At the end of each session (approximately four hours of play), you lose 1d6 Instability
Points (to a minimum of zero).
If your Instability Points ever reach 10 or more, you are immediately reduced to 0 Hit
Points and must Surrender. The consequences of this Surrender should be closely tied
to you losing control of your abilities. Then, you lose all Instability Points.",,,,
Verge 8,,,,,,,,,,https://docs.google.com/spreadsheets/d/12ZoXjlbvReHZqIBvClKYkiHts7GVlXy0bUUdbWuK1FY/edit?pli=1&gid=0#gid=0,
Vespa 1,32,,,,,,,,,,
Vespa 2,,"• Vespa grew up on her own with only her hound Brody to call family.
• An Explorer of Ruins (volunteered for others expeditions until she could afford her own)
• Avoided being sold into slavery as an orphan, by being quick witted
• Helped in the Rebellion (Also when she became Goldenhearted)
• Yearns for discovery and knowledge to help any way she can.",,,,,,,,,
Vespa 3,,,"Windhaven, Nezmira",,,,,,,,
Vespa 4,,,,https://i.imgur.com/HBYp9uv.jpeg,,,,,,,
Vespa 5,,,,,,,,,,https://docs.google.com/spreadsheets/d/1--tS9CcWs-P2_X1oVEqoTDosRdzrrJHq4kiaf_9XPa0/edit?usp=sharing,
Vespa 6,,,,,,,,,,,40
Vik (Vicorous) Aracar 1,28,,,,,,,,,,
Vik (Vicorous) Aracar 2,,"- Vik, son of a marksman, was raised to be a hunter but was bad at it. He learned to support people with symbols rather then use a bow. 
- Moved out and lived their life as a tattoo artist and helped in hunts every now and then. He is still very, very bad at hunting, and uses his symbols instead.
- Almost a decade later Vik went on a hunt with their old father and almost died to a Draugr.
- Seeing this, their stubborn father ventured and asked a mage to craft a crossbow for Vik. He ended up stealing the crossbow for himself before it was finished.
- Angry mage found father and murdered him after Vik received the bow.
- Vik found his father and spiraled quickly. He walked out of camp, got lost in the snow, and on deaths door he found the Worldhelm. 

(Vik assumes his father commissioned the magical crossbow, and was killed in a robbery)",,,,,,,,,
Vik (Vicorous) Aracar 3,,,Sixten Camp Aldistir,,,,,,,,
Vik (Vicorous) Aracar 4,,,,https://pbs.twimg.com/media/FqmvAt8XgAA1O2j.jpg,,,,,,,
Vik (Vicorous) Aracar 5,,,,,Aldistir,,,,,,
Vik (Vicorous) Aracar 6,,,,,,,Heirloom,,,,
Vik (Vicorous) Aracar 7,,,,,,,,N/A,,,
Vik (Vicorous) Aracar 8,,,,,,,,,"None, little changes were made to the Merchant Tinker and Symbolist classes",,
Vik (Vicorous) Aracar 9,,,,,,,,,,https://docs.google.com/spreadsheets/d/10ksh65o-Y1Vir5y39xp3Dj0ZFXsJIuKsyyBHbpHgD8o/edit?usp=sharing,
Violet 1,30,,,,,,,,,,
Violet 2,,"- Carmelita Aneta, codenamed Violet, was adopted by elite assassins after her parents' death and raised by a brutal mentor named Yori.

- Trained to suppress her emotions and become a ruthless killer, Violet harbored resentment toward her mentor.

- She seized the opportunity to betray Yori when a - group of Vignettes was tasked with eliminating her, killing Yori with a single shot.

- Violet was taken in by another Vignette member, who taught her hacking skills in addition to her combat training.

- After connecting with 100G officers, she became a Vignette assassin, eventually rising to become the right-hand woman of a 100G higher-up.",,,,,,,,,
Violet 3,,,Terra,,,,,,,,
Violet 4,,,,https://i.imgur.com/mrjXxmK.png,,,,,,,
Violet 5,,,,,,,,,,https://docs.google.com/spreadsheets/d/1oejoHjgCE10a0j4aPrAzT0AzhzBeKuYEqUTE2zGthEg/edit?gid=900572909#gid=900572909,
Vista Wynn 1,49,,,,,,,,,,
Vista Wynn 2,,"* Was sired as a result of a deal with the Star-Eyed Stranger - one of those ""give you great power in exchange for your firstborn"" kind of deals. Upon taking the deal, Vista's human parent went ""okay, so when do we start?""
* Grew up as an adoptee of a mob/mafia kind of deal. Used for her innate tychokinesis - manipulation of luck. Got herself out when she was young.
* Went to Tradesfair to be a dealer at a shady gambling den, with the intent of scamming rich fucks out of their money. Not many of those types show up at the place she worked at - she found she was just taking from those who didn't have much money to begin with.
* Leapt at the opportunity to do something better with herself.",,,,,,,,,
Vista Wynn 3,,,Kor'Tarion,,,,,,,,
Vista Wynn 4,,,,https://i.imgur.com/MliOArG.png,,,,,,,
Vista Wynn 5,,,,,,Spawn of the Star-Eyed Stranger,,,,,
Vista Wynn 6,,,,,,,,,,https://docs.google.com/spreadsheets/d/1zthNumtrbbuLpVXmkcTVlYV3ycjK2I3IQJcwFIaUC10/edit?gid=898061626#gid=898061626,
Vista Wynn 7,,,,,,,,,,,0
Vivian Ashblanc 1,27,,,,,,,,,,
Vivian Ashblanc 2,,"- Vivian was born to the Ashblancs, a family allied to the Ashwynds in pursuit of fighting off the monsters of the night. 
- In a bid to unite their houses as their populations dwindled, Vivian was betrothed to Ronan as children. The two were very close, and it seemed like the marriage would be able to go off without a hitch until Ronan was discovered to be half-fey and exiled.
- Chasing after his trail, Vivian found Ronan nigh dead in the snow, with a Moonshard monster approaching. Taking its attention and fleeing, the scuffle heavily wounded her with ice magic.
- This encounter gave her budding magic, and her family sent her from their home in Dryholde to Hudal Academy.
- She focused on her archery more than magic, and was going to be expelled when the Red Moon happened.
- After the sacrifice of Tonis protected Hudal, she rushed home... but found it empty. She followed their trail, then stumbled into a fae crossing. She was saved from the fate of Fae Lost only by the Realmstorm.",,,,,,,,,
Vivian Ashblanc 3,,,Kor'tarion,,,,,,,,
Vivian Ashblanc 4,,,,https://i.gyazo.com/05c8f395a10b615de5b0119a9cc5070f.jpg,,,,,,,
Vivian Ashblanc 5,,,,,,Viv,,,,,
Vivian Ashblanc 6,,,,,,,,,,https://docs.google.com/spreadsheets/d/1yy-RgtWE5Q-FzUxU4yrvKx01SrmJjByZUmv3qOrD8b0/edit?usp=sharing,
Vivian Ashblanc 7,,,,,,,,,,,30
Waylen Karson 1,23,,,,,,,,,,
Waylen Karson 2,,"- Mother died before he could remember
- Father took care of him throughout his whole life
- After getting a job at a startup company, his father disappeared
- He searched for his father, to no avail
- However, that search made him realize that people were hurting, and turning to the gangs that only drag out their suffering
- He quit his job, stealing the prototype they had been working on
- He took up the mantle of Millenium to take on the gangs that make things worse, to help the people that need it, and eventually, to take on the corps that leave the gangs in charge",,,,,,,,,
Waylen Karson 3,,,"North Rock, Haven, Terra",,,,,,,,
Waylen Karson 4,,,,https://i.pinimg.com/736x/e5/b4/75/e5b47580910e946e40a6c1a6c00bf5b0.jpg,,,,,,,
Waylen Karson 5,,,,,,Millenium,,,,,
Waylen Karson 6,,,,,,,,,"Added the line about being able to swap frames on a level up in Pilot. Otherwise, just keeping in mind the issue of a module breaking if he hits Crisis or Surrenders.",,
Waylen Karson 7,,,,,,,,,,https://docs.google.com/spreadsheets/d/1dzn6JUKl6XCxoxAz_CBzeqo5rqaMOY2Jw8g4ENloL0c/edit?usp=sharing,
Web 1,58,,,,,,,,,,
Web 2,,"Born in the Winter Court to a jeweller and a healer
Skilled with healing magic from an early age
Grew proud and arrogant with her skill
Promised to heal someone and failed
For a promise broken she was forsaken and cast out of the winter court
Survived alone in the fey wilds until picked up by The Worldhelm",,,,,,,,,
Web 3,,,"Kor'Tarion - Fae Realm, Winter Court",,,,,,,,
Web 4,,,,https://i.imgur.com/nBl8Jk9.png,,,,,,,
Web 5,,,,,,,Outcast Fairy,,,,
Web 6,,,,,,,,,,https://docs.google.com/spreadsheets/d/13qHHqSFzZhxv5Xkej9S4rWPp7eTZTgr32Btirk6P8-U/edit?usp=sharing,
Web 7,,,,,,,,,,,40
Wen Tian 1,18,,,,,,,,,,
Wen Tian 2,,"- grew up in one of the few settlements on the edge of Xiaohai
- father was a rogue cultivator who didnt even bother staying around for his birth
- mother raised him for a time, before she disappeared one day in his teens. a common occurrence for commoners in wujing guo
- left to fend for himself, he made it through a couple years, doing odd jobs to get food into his belly
- by absolute chance, he stumbled upon a cave just outside of the habitable zone, the echo of a master cultivator from back during the war inside
- he studied the echo's technique, adopting the shade as his master, learning the basics of cultivation from it
- eventually, a realm storm occurred in his cave, sending him to the worldhelm. but not before he could commit all of the echo's movements to memory so that he could study them further...",,,,,,,,,
Wen Tian 3,,,Tian Yin,,,,,,,,
Wen Tian 4,,,,https://i.imgur.com/58gRZ8H.jpeg,,,,,,,
Wen Tian 5,,,,,,,,Lilith,,,
Wen Tian 6,,,,,,,,,,https://docs.google.com/spreadsheets/d/12iMB28AxNmMdv0uO9IVpdxrkQkbGmbgMwD5CbndSZoM/edit?usp=sharing,
Wen Tian 7,,,,,,,,,,,110
Wyrt 1,27?,,,,,,,,,,
Wyrt 10,,,,,,,,,,,90
Wyrt 2,,"-Wyrt was Raised from a seed in Nezmira by a gardener named Martha.
-Martha was killed for harboring any magic (Wyrt)
-Wyrt goes on fueled by anger and a longing to care for another like he cared for Martha.
-Wyrt joins the party and goes on adventures!",,,,,,,,,
Wyrt 3,,,"Nezmira, Blue Dragon Empire",,,,,,,,
Wyrt 4,,,,https://media.discordapp.net/attachments/539242361780305951/1173779444704485446/71e4a59f5edca918497455237c438f25.png?ex=663b6e0b&is=663a1c8b&hm=727f1a6a266a5b77fcc434b2c3e958f2d10d530fd743d211fead21045b80ffd8&,,,,,,,
Wyrt 5,,,,,,Hedge Head (A Name insists),,,,,
Wyrt 6,,,,,,,"Arboreal (Weakness to fire and chosen spell is Curse XL renamed ""Rage Vine Bind"")",,,,
Wyrt 7,,,,,,,,None Applicable,,,
Wyrt 8,,,,,,,,,None Applicable,,
Wyrt 9,,,,,,,,,,https://docs.google.com/spreadsheets/d/1xZw8otq2thls4emzaW86fMVKcq0xz_7OIhBZwJTgvkM/edit?gid=0#gid=0,
Xi Jianghsi 1,22,,,,,,,,,,
Xi Jianghsi 2,,"- Mother Changli directed a heavenly cultivation sect in Shuanwu City. Taught Jianghsi everything she knew.
- Corrupt cultivator killed his mother because her sect was growing, becoming a threat to his.
- Jianghsi loses most of the influence his family name held, and is humbled by force.
- Learns about the precarious conditions in Shuanwu City and takes it upon himself to make things better.
- Discovers ancient technique left by his mother to summon the help of a celestial dragon spirit.
- Joins a small rebel group, but gets shunted into the Worldhelm by a Realmstorm one day.",,,,,,,,,
Xi Jianghsi 3,,,"Shuanwu City, Wujing Guo, Tian Yin",,,,,,,,
Xi Jianghsi 4,,,,https://i.imgur.com/rM4xxS9.jpeg,,,,,,,
Xi Jianghsi 5,,,,,,**Written:** 汐将希,,,,,
Xi Jianghsi 6,,,,,,,Hunted Emissary (Auspicious Wisdom),,,,
Xi Jianghsi 7,,,,,,,,Youlong Hao 光龙昊 (Eternal Heavenly Dragon),,,
Xi Jianghsi 8,,,,,,,,,,[I will shape a better future with my own hands.](https://docs.google.com/spreadsheets/d/1PCmjOZCkVjlgheD3SE78S9XhpQrubUM6-QqtM4tYdMM/edit?usp=sharing),
Xi Jianghsi 9,,,,,,,,,,,70
Xing Wei 1,20,,,,,,,,,,
Xing Wei 2,,"- Knew about his aptitude for demonic qi from an early age
- His qi aptitude cause him and his family to be shunned
- From a small village near the Stained Forests
- Family killed by a yokai one night, while he could do nothing but hide
- First cultivated demonic qi from the aftermath of his parents' murder
- Learned by feel, fumbling his way through cultivation
- Stalked Teisei, following behind the yokai and corrupt cultivators, cultivating from the aftermath of their battles and killings
- If he could, he tried to help people in trouble, but more often than not, he would only end up getting hurt or coming too late.",,,,,,,,,
Xing Wei 3,,,"Stained Forests near Sakai, Teisei, Tian Yin",,,,,,,,
Xing Wei 4,,,,https://i.imgur.com/mc9dVQF.jpeg,,,,,,,
Xing Wei 5,,,,,,,Demonic Qi Specialist,,,,
Xing Wei 6,,,,,,,,,"Only things that changed about Xing Wei's sheet is that his axe does 1 more damage (500z quality; HR+11 now), and his savior weapon does 1 less damage in each form (1500z quality; HR+17 and HR+13 now, respectively)",,
Xing Wei 7,,,,,,,,,,https://docs.google.com/spreadsheets/d/1HJV0H8goPovEpstliOhdj0pBkRygA4CCfw-dex4mKqk/edit?usp=drivesdk,
Xylia 1,18,,,,,,,,,,
Xylia 2,,"- Childhood Dreamer:
As a child, Xylia was enchanted by the idea of magic and longed to become a mage. However, in Terra, magic is highly controlled, permitted only to select individuals with specific jobs under strict surveillance.

- Shattered Dreams:
Growing up, Xylia realized her dream of becoming a mage was unattainable due to the oppressive system in Terra. This led her to become withdrawn and depressed during her teenage years, feeling trapped by her circumstances.

- A Defiant Choice:
Upon turning 18, Xylia decided she wouldn’t give up on her dream. Instead of attending university, she used her parents' money to purchase a dark magic tome from the black market, fully aware this act would make her a criminal.

- The Ritual and the Deal:
Through the tome, Xylia performed a forbidden ritual to acquire unbound magic, granting her the power she sought. In return, she made a pact with an eldritch being, exchanging something of great value to secure her abilities.",,,,,,,,,
Xylia 3,,,"Terra, Haven",,,,,,,,
Xylia 4,,,,https://i.imgur.com/3BWlo1v.png,,,,,,,
Xylia 5,,,,,,,,,,https://docs.google.com/spreadsheets/d/1dmsKcYz9I9M-Q3nbcg5GEOaHXhwShm7oHzxc3_IJpug/edit?gid=1964728020#gid=1964728020,
Yarrow Cheung 1,36,,,,,,,,,,
Yarrow Cheung 2,,"- Former employee of 100G with blood on her hands as part of it; a loyal worker for over a decade as part of their private army until she nearly got killed in a confrontation.
- After nearly dying, and losing her job while she was bedridden, she had a crisis of morality where she wondered if she was truly doing any good as part of this job.
- She's motivated to become a better person as she recovers. Someone who can do good beyond just guarding the rich at whatever cost to others.",,,,,,,,,
Yarrow Cheung 3,,,"Silver Rock, Haven, Terra",,,,,,,,
Yarrow Cheung 4,,,,https://f2.toyhou.se/file/f2-toyhou-se/images/95235480_cmeonVSlR0PAjvs.jpg,,,,,,,
Yarrow Cheung 5,,,,,,Born-Again Mercenary,,,,,
Yarrow Cheung 6,,,,,,,,,,https://docs.google.com/spreadsheets/d/1-YjRCijrCx9I6ayWRDUqhAuahyqzM5vzHl6ZVWvp3oc/edit?usp=sharing,
Yin Yue 1,30,,,,,,,,,,
Yin Yue 2,,"- **Born in Xuanwu City** and raised in the **Jade Bloom Pavilion**, a minor sect known for its **Heavenly Blossom Theatre**, where music and performance thrive.  

- **Daughter of Yin Mei**, a legendary songstress who practices the Dao of Music and passed this philosophy to Yin Yue.  

- Learned to **cultivate through song**, using her voice to shape the elements, fortify herself, and affect the battlefield.  

- As a **Bishi’e**, she had a natural affinity for cultivation, refining her abilities under her mother’s guidance.  

- Grew up sheltered but aware of the city's corrupt cultivation practices and the suffering of mortals in the blood mines.  

- Inspired by her mother’s teachings and driven by personal ambition, she chose to venture beyond her home, seeking both to restore harmony and to make a name for herself.",,,,,,,,,
Yin Yue 3,,,"Xuanwu City, Wujing Guo, Tian Yin",,,,,,,,
Yin Yue 4,,,,https://i.imgur.com/XYeh8SY.png,,,,,,,
Yin Yue 5,,,,,,,"BOON OF AUSPICIOUS WISDOM
You are one of the Bishi’e, a qilin-like people blessed by one of the sealed gods. You gain access to arcanist rituals of the knowledge domain. You also learn one spell from the elementalist, entropist, or spiritist lists. (Spell Chosen: Heal)

>When you take the Study action, your check triggers a critical success if both dice show the same number (and the Check is not a fumble).

Curse of Heavenly Enmity",,,,
Yin Yue 6,,,,,,,,,,https://docs.google.com/spreadsheets/d/16duSHyfEotBwhBfFDtImk-UVCBAEMvNxvPktJwVEWEE/edit?usp=sharing,
Yorick Medraut 1,23,,,,,,,,,,
Yorick Medraut 2,,"- Alone on the streets of Skuala, Yorick grew up as an urchin. His parents were taken from him by Nezzim as suspect mages, and he was left to the streets.
- He met a man who took him in, trained him how to fight, and eventually died protecting him. ""Maelstrom"" was what people called him.
- He took the Bandalore Dusk from Maelstrom. A magical childrens toy made from the shells of Kiir, which he used to fight.
- As he grew up, he took to the streets, mirroring Maelstrom's heroic actions and taking matters into his own hands. With time, he would come to be known as ""The Pale Maelstrom"", guided by his motivation to be a symbol.
- Since joining the Worldhelm, he'd learned more information about the origin of the Bandalore Dusk. It's volatility, and it's danger. He is unbothered, though, fighting on.",,,,,,,,,
Yorick Medraut 3,,,Nezmira,,,,,,,,
Yorick Medraut 4,,,,https://cdn.discordapp.com/attachments/1179610873271177236/1294556271680159875/0.png?ex=6783697a&is=678217fa&hm=7cd08ad2db6c921f7a58a5568031c38953e053c01e93ebe837f2643c0b32f282&,,,,,,,
Yorick Medraut 5,,,,,,,Heirloom [Bandalore Dusk],,,,
Yorick Medraut 6,,,,,,,,,,https://docs.google.com/spreadsheets/d/1GOTFEtnN6hZqyk8Be2O3lsq3f8n0HOgbaoxQLQWBQL8/edit?usp=sharing,
Yoyoy 1,75,,,,,,,,,,
Yoyoy 2,,"- Raised in the care of his cultivation teacher

- Trained in cultivation for decades until becoming a teacher himself in the mountains south of Tikba Rainforest, spending several more decades training disciples.

- His training hall is set ablaze by Defilers, causing Qi deviation in Yoyoy. Yoyoy's poisonous Qi begins to wreak havoc on his body as it is no longer kept under control.

- Yoyoy and his disciples are captures by the Defilers and dragged into the Land of the Defiled

- While being dragged through the desert, Yoyoy's disciples sacrifice themselves to allow Yoyoy to escape into the desert.

- Yoyoy wanders for days before collapsing from starvation and the poison running through him. It is here on the brink of death that Yoyoy was taken by the Worldhelm.",,,,,,,,,
Yoyoy 3,,,"Amihan, Sangang-Daan, Tian Yin",,,,,,,,
Yoyoy 4,,,,https://i.imgur.com/Kbwez2R.jpeg,,,,,,,
Yoyoy 5,,,,,,,Qi Specialist (Wood),,,,
Yoyoy 6,,,,,,,,,,https://docs.google.com/spreadsheets/d/1D370djmw-RzvVd7ajHoJP2CfWyS6D_Yp8rtTWYKZZHg/edit?usp=sharing,
Yui Kiddo 1,20,,,,,,,,,,
Yui Kiddo 2,,"- Mother was falsely convicted of a crime by a Biotech Company's security detail and went to prison.

- Lashing out at corpos landed her in a position to become a Private Investigator/Hired Thug.

- She found out that she had a weird connection with  the city itself, able to draw upon the power of the city to fight.

- Was eventually called to the Worldhelm but still holds that anger toward Corpos and anyone who preys on the weak.",,,,,,,,,
Yui Kiddo 3,,,Terra - Secura,,,,,,,,
Yui Kiddo 4,,,,https://i.imgur.com/HdUMgaQ.png,,,,,,,
Yui Kiddo 5,,,,,,,Elemental Soul,,,,
Yui Kiddo 6,,,,,,,,,,https://docs.google.com/spreadsheets/d/1H2s4CP3l2_ZvRRVxXnan6HPWnKjyTVStMUPd3G0YchI/edit?usp=sharing,
Yukari (縁) 1,18,,,,,,,,,,
Yukari (縁) 2,,"- Born to a hidden Yokai village near the Burning Lake, raised by Kuzunoha priests to protect their shrine

- Irreverent and freedom-loving, she'd often skirt duty to explore the surrounding woods

- One day, came across an Ald lad, Jesper,  alone and wounded. She healed him and sent him on his way.

- They would meet again many times, slowly growing close. One day, she took him to her village in secret, to see the sights.

- The next day, there were raiders at the village's door, and Jesper was among them. There was pain in his expression.

- The raiders were defeated, at great cost. Jesper fled. And Yukari was banished for her treason.

- Two years of lonely wandering later, Yukari found herself at the Sunfire Citadel. At first, believing in their mission was a convenient lie. But when Ragnarok came, and she had the chance to flee... she didn't. 

- She didn't alter the battle's end. But something changed in her heart that day. And so, one day, she awakens in a strange place...",,,,,,,,,
Yukari (縁) 3,,,Aldistir,,,,,,,,
Yukari (縁) 4,,,,https://i.imgur.com/tH36WDF.png,,,,,,,
Yukari (縁) 5,,,,,,,"The Beast Who Spoke
- Natural Weapon
- Can equip Custom Weapons",,,,
Yukari (縁) 6,,,,,,,,,,https://docs.google.com/spreadsheets/d/15mxbbEZDuEwFXUf6gSAhXQshmBuFNtz1gruUPibzzdc/edit?usp=sharing,
Yukari (縁) 7,,,,,,,,,,,70
Yumiko 1,21,,,,,,,,,,
Yumiko 10,,,,,,,,,,"https://docs.google.com/spreadsheets/d/1XbOJP4cg0QbpJ5-vUm_cIp-VPaa0SRjQh0D6vQYVEXc/edit?gid=741750860#gid=741750860
Tab Yumiko",
Yumiko 2,,"- From Garatsumi caravan
- learned swordplay early
- magic is expressed through swordarts
- Is already infected with godblood, currently ""inactive"" recieved from a draugr he ""killed"".
- half kitsune, half ald
- grew up mostly sheltered for aldistir standarts.",,,,,,,,,
Yumiko 3,,,Aldistir,,,,,,,,
Yumiko 4,,,,https://safebooru.org//samples/4619/sample_31e557f4021f6986e9b378dcb69667163db317d4.jpg?5036603,,,,,,,
Yumiko 5,,,,,Aldistir,,,,,,
Yumiko 6,,,,,,Theresiolda Garatsumi Yumiko Draugrsbane,,,,,
Yumiko 7,,,,,,,None,,,,
Yumiko 8,,,,,,,,None,,,
Yumiko 9,,,,,,,,,"None, we ball",,
Yuna Manami 1,23,,,,,,,,,,
Yuna Manami 2,,"- Yuna Manami was a starry eyed girl from South Rock when she first began her foraying into working as a temp. Born into a family of competent swordsmen, Yuna was directed onto the the temp worker path from a young age.

- During her time she met a man named Gabriel, who served as a specialist and handler for a ragtag group of temp workers.

-  It wasn't long until Gabriel and her grew close. And she made fast friends with the other members of their group. Her future was looking bright, until a operation gone wrong took the lives of three of their group.

- Pushed into a corner and desperate, her sword skills were not enough to save her friends. Despite the clear directions to not open the prototype box they had been tasked with collecting. Yuna did so, in the hopes that maybe whatever was in it would save her and allow her to avenge her fallen comrades.

- Before she knew it, she had bound herself to the experimental weapon. Shackling her and the surviving members with debt to ETA.",,,,,,,,,
Yuna Manami 3,,,Terra,,,,,,,,
Yuna Manami 4,,,,https://i.imgur.com/0K4gR3c.png,,,,,,,
Yuna Manami 5,,,,,,"""Mongrel"" - Operative Name",,,,,
Yuna Manami 6,,,,,,,Fugitive Experiment,,,,
Yuna Manami 7,,,,,,,,,,https://docs.google.com/spreadsheets/d/1Na-MVZ-X2JSdoOHIM7mv7MeBts3YXsiWmvj1RDxJDXg/edit?usp=sharing,
Yunalesca  Francesca 1,22,,,,,,,,,,
Yunalesca  Francesca 2,,"- Divine Knight:
Yuna is a human girl who serves as a ""knight"" for the divine being Caladrius, dedicated to his will and purpose.

- Eternal Guardian of Paradise:
She spent an extensive amount of time as a knight in the sub-realm known as Paradise, a divine sanctuary under Caladrius’s domain.

- Master of Social Dynamics:
Surrounded by the same people for centuries, Yuna grew weary of the stagnant relationships within Paradise. This monotony, however, sharpened her skills in reading people and forging meaningful connections.

- A Longing for Adventure:
Boredom with her static life eventually pushed Yuna to seek something new, leading to her arrival in the Worldhelm and beyond.",,,,,,,,,
Yunalesca  Francesca 3,,,"Idyll, Paradise",,,,,,,,
Yunalesca  Francesca 4,,,,https://i.imgur.com/hvYJws6.png,,,,,,,
Yunalesca  Francesca 5,,,,,,,,,,https://docs.google.com/spreadsheets/d/1dmsKcYz9I9M-Q3nbcg5GEOaHXhwShm7oHzxc3_IJpug/edit?gid=1250693187#gid=1250693187,
Yuzuru  Eiji 1,20s,,,,,,,,,,
Yuzuru  Eiji 10,,,,,,,,,,https://docs.google.com/spreadsheets/d/1_8aktEs94aRRGLFGs56B00Hq4L5h95ScF-cuaRkUF8I/edit?usp=sharing,
Yuzuru  Eiji 2,,"- Son of a ""Japanese"" Mom and Dad, has a younger sister.
- Dad became an Insolvent when medical bills couldn't be paid/mom got swindled by loan sharks and his dad passed away. 
- He's now working as a temp to become a legendary temp and effectively have his family never worry about expenses again.
- Got augments done to have his body and mind keep up with the work of being a temp for 100gs though is willing to work for all companies save for Tubal & Cain.
- Despite being a temp, he behaves like an honorable samurai and not just a lawless merc. 
- Has begun to study Cultivation and master his newfound ""Dao of Cut"". 
- Training to become a Master Swordsman.",,,,,,,,,
Yuzuru  Eiji 3,,,"Silver Rock, Haven, Terra",,,,,,,,
Yuzuru  Eiji 4,,,,https://cdn.discordapp.com/attachments/792706882397405196/1306110072379670599/shuai-jiang-2-2.png?ex=6781f04b&is=67809ecb&hm=fcfd151c1f0a2cdaf335d2d9a321442ca1cecece8b4bc4266fe3bf2e1bfa0440&,,,,,,,
Yuzuru  Eiji 5,,,,,"Silver Rock, Haven, Terra",,,,,,
Yuzuru  Eiji 6,,,,,,"""The Cobalt Scar""",,,,,
Yuzuru  Eiji 7,,,,,,,Fugitive Experiment (this may be dropped or change due to Terra lore explanation & Daoist things),,,,
Yuzuru  Eiji 8,,,,,,,,"N/A (Though will be taking Arcanist levels potentially later, specifically Nimue)",,,
Yuzuru  Eiji 9,,,,,,,,,"- Changing Esper to Daoist
(Navigator becomes Spiritual Bridge & Psychic Gifts changed to Psychokinesis (Qi Infusion)
- Losing all levels in Elementalist, moving them too Weaponmaster. 
Weaponmaster becomes 
3 Breach
4 Melee Mastery 
1 Bladestorm
1 Counterattack

D10 Might becomes D8 Might 
D6 Willpower becomes D8 Willpower",,
Zaid al Thuaban'n 1,25,,,,,,,,,,
Zaid al Thuaban'n 2,,"- Travels around the sand dunes of Nezmira with his family's caravan. They revere the god Falak-khan - 'aspirants'.
- As the scion of his family, Zaid inherits the heirloom 'The Skin of the Serpent who Flew'. One day this relic will help reignite faith in the god.
- Through worship and the trials of life on the dunes, Zaid was bequeathed powers to help serve and venerate the god. His mantras are capable of manipulating the world around him, and Zaid can even change his body to take on aspects of the Wingless Serpent.
- Part of his family lineage is trapped in servitude to the empire in The Blue City. This echoes the repression of Falak-khan's dream to fly by Sariyah.
- Zaid seeks an end to slavery in Nezmira, and to revive the religion of Falak-khan in the realm.",,,,,,,,,
Zaid al Thuaban'n 3,,,Nezmira,,,,,,,,
Zaid al Thuaban'n 4,,,,https://i.imgur.com/Sew7syH.png,,,,,,,
Zaid al Thuaban'n 5,,,,,,,Heirloom,,,,
Zaid al Thuaban'n 6,,,,,,,,,,[Snakeman](<https://docs.google.com/spreadsheets/d/1dub-wkUATXXjPtzFAebbdlr3UCLaeT-4tPHH4wVtNNc/edit?pli=1&gid=1773856997#gid=1773856997>),
Zero 1,20,,,,,,,,,,
Zero 2,,"-An Ophidiya
-Descendant of the Dragonlord of Dusk Layl
-Survived in the sand dunes and was hunted by the  Nezzim
-Picked up by Goldhearted after watching mom die from the Kiir",,,,,,,,,
Zero 3,,,Nezmira,,,,,,,,
Zero 4,,,,https://i.imgur.com/VABLmZy.png,,,,,,,
Zero 5,,,,,,,,,,https://docs.google.com/spreadsheets/d/1BoKr1I4cEOex7AcfzjwUfG3C_rOY71j64R2ZSJS5hyo/edit?gid=0#gid=0,
Zeul 1,33,,,,,,,,,,
Zeul 2,,"- Zeul belongs to an order of priests that live at the Oracle's Temple that is still hidden from the outside world.
- He rose in the ranks to proper priest hood and was chosen to act as a representative of the Oracle
- He knows he is not to reveal the location of the temple to those who are not worthy.
- He has set out to try and find those capable of helping the grim fate that Nezmira is currently heading towards.",,,,,,,,,
Zeul 3,,,Nezmira,,,,,,,,
Zeul 4,,,,https://i.imgur.com/Tt2duhF.png,,,,,,,
Zeul 5,,,,,,,Flight,,,,
Zeul 6,,,,,,,,The Oracle: Hakim [Nezmira's Qilin],,,
Zeul 7,,,,,,,,,,https://docs.google.com/spreadsheets/d/1Y4KsCYD3VJ4OLjC-ijVVJGxulkS6nuk6vg2KISqCS_c/edit?gid=0#gid=0,
Zmeika Balefire 1,18,,,,,,,,,,
Zmeika Balefire 2,,"- Balefire Cult Origins:
Zmeika hails from the Draconic Balefire Cult as the First Draken Daughter of the Hoard Subsect. Despite her strained relationship with the sect, she maintains ties out of deep concern for her sister, Shuffle, who remains within the cult.

- A Wayward Spirit:
Known for her immense physical strength, Zmeika’s carefree and adventurous nature made her difficult to control. She often escaped into the forest to explore, play, and seek excitement, prioritizing her own desires over her responsibilities.

- A Disappointment to the Sect:
Zmeika’s refusal to embrace her role earned her the sect’s scorn. They viewed her as a failure, with many members growing resentful of her inability to meet expectations despite her innate potential.

- Becoming Goldhearted:
An assassination attempt by another Draken Daughter from another sect almost ended Zmeika’s life. Her fall was intercepted by the Worldhelm, saving her from death and giving her the opportunity to become Goldhearted.",,,,,,,,,
Zmeika Balefire 3,,,"Kor'Tarion, Balefire Isles",,,,,,,,
Zmeika Balefire 4,,,,https://i.imgur.com/floBCY4.png,,,,,,,
Zmeika Balefire 5,,,,,,Zmei,,,,,
Zmeika Balefire 6,,,,,,,,Balefire (Tublicain),,,
Zmeika Balefire 7,,,,,,,,,,https://docs.google.com/spreadsheets/d/1dmsKcYz9I9M-Q3nbcg5GEOaHXhwShm7oHzxc3_IJpug/edit?gid=413972919#gid=413972919,
Zophiel 1,21,,,,,,,,,,
Zophiel 2,,"A fleeing survivor of the Night of the Red Sky in Dryholde. Her single father who raised her was killed by demons. Her mother is alive, though she is unknown to Zophiel. 

Zophiel was lost until reaching Brightshield, at which point she enlisted as a Crusader.

Became a Goldhearted, following the sense of purpose she felt, believing this was what her father's spirit wanted for her.

Her faith in the King was shattered by fellow Goldhearted who convinced her of his current ""condition."" Between this and some key experiences with a partcular demon, she has become critical of the crusade and her own role in it.

Now she trusts in the direction provided by the Worldhelm, even if she does not fully trust herself to make the right calls.",,,,,,,,,
Zophiel 3,,,Kor'tarion - Brightshield (born in Dryholde),,,,,,,,
Zophiel 4,,,,https://i.imgur.com/fqNpQj6.jpeg,,,,,,,
Zophiel 5,,,,,,,"Heirloom. Formulaic Accessory (1000z)

Hand of Albertus, a fiery hand tied to her father that allows Zophiel to use alchemic powers. 

Flaw: The Heirloom is demonic in nature, and may become an external source of negative emotions when she is in danger.",,,,
Zophiel 6,,,,,,,,,"3 points in Secret Formula was moved to potion rain (2) and Gadgets (magispheres), due to the changes in the Tinkerer playtest (Secret Formula no longer provides damage to Magitech Armament)

Gadgets (Magispheres) choices:
Reinforce
Elemental Shroud",,
Zophiel 7,,,,,,,,,,https://docs.google.com/spreadsheets/d/1Ryyx008JSgYVmxlxY4S0hxlFR5BoPJWafZkq19yWWjY/edit?usp=sharing,
Zora 1,25,,,,,,,,,,
Zora 2,,"- Created by T&C as a killer 
- Experimented on until they escaped 
- Became a Vignette because it was the only job they thought they knew how to do
- Lived a few years by themselves killing others to thrive 
- Found an orphan and took them under their wing for two years
- T&C found Zora and killed her child Vivian
- Sword revenge on T&R and grew their mountains of money to help fund anti-T&C movements 
- Got beamed up when dreaming of their dead daughter",,,,,,,,,
Zora 3,,,Terra,,,,,,,,
Zora 4,,,,https://cdn.donmai.us/sample/28/5e/__selen_tatsuki_nijisanji_and_1_more_drawn_by_pnkkr4mune__sample-285e0093d88930754f355bc1836d00d9.jpg,,,,,,,
Zora 5,,,,,,Z,,,,,
Zora 6,,,,,,,Fugitive Experiment,,,,
Zora 7,,,,,,,,Tubalcain,,,
Zora 8,,,,,,,,,,https://docs.google.com/spreadsheets/d/1tZGXwL-Hoqj68MxtUM_wC_BC_Ibs50z0rsuXWd1bMns/edit?usp=sharing,
the last Stroke of the Canvas 1,65,,,,,,,,,,
the last Stroke of the Canvas 2,,"- originally from the Fae Realms, from a group that tended to the dreams of mortals which gathered like dew on a web filled meadow. Every one of the tenders were called  Dream/Nightmare, collecting dew relating to a certain concepts.

- Stroke's concept is 'the last Stroke on the canvas', so they were responsible for dreams of artistry, inspiration, finishing and completion 

- these tenders are focused, like a in trance; by accident, Stroke touched the Dream Dew and found themselves 'awakening' and realizing to wanting more than this suddenly dull life. They learned to use the power of their concept to paint their feelings and reality, disturbing the work in the meadow by waking some siblings from this trance-like work as well.

- Stroke was banished from the meadow by the Elders - to not disturb them further. Now they are in the mortal world (originally Kor'Tarion before becoming an adventurer) and try to feel and experience everything they can, the good and the bad.",,,,,,,,,
the last Stroke of the Canvas 3,,,Fae Realm in Kor'Tarion,,,,,,,,
the last Stroke of the Canvas 4,,,,https://rare-gallery.com/mocahbig/410610-anime-anime-girls-cyan-hair-running-paint-brushes.jpg,,,,,,,
the last Stroke of the Canvas 5,,,,,,Stroke,,,,,
the last Stroke of the Canvas 6,,,,,,,Outcast Fairy,,,,
the last Stroke of the Canvas 7,,,,,,,,,,https://docs.google.com/spreadsheets/d/1oOalUzg38HG0pTJLs-3Df3HzLJv-vOz2oJPpU9Uc4YQ/edit?usp=sharing,
